{"type": "FeatureCollection", "features": [{"type": "Feature", "properties": {"nome": "Córrego do Gambá", "area": 2.89, "urb": 2.89, "pct_urb": 100.0, "lx": -56.09004, "ly": -15.61303}, "geometry": {"type": "MultiPolygon", "coordinates": [[[[-56.08573, -15.60172], [-56.08142, -15.60603], [-56.08169, -15.60576], [-56.08277, -15.60711], [-56.0825, -15.60764], [-56.08277, -15.60791], [-56.08277, -15.60899], [-56.08169, -15.61034], [-56.08331, -15.6125], [-56.08331, -15.6133], [-56.08384, -15.61438], [-56.08357, -15.616], [-56.08411, -15.61681], [-56.086, -15.61869], [-56.08681, -15.61842], [-56.08762, -15.61923], [-56.08896, -15.61923], [-56.09085, -15.62085], [-56.09112, -15.62193], [-56.09193, -15.6222], [-56.09462, -15.62112], [-56.09516, -15.62139], [-56.09624, -15.62004], [-56.09732, -15.62004], [-56.0984, -15.6195], [-56.10136, -15.61627], [-56.10028, -15.61573], [-56.10028, -15.61411], [-56.09948, -15.61276], [-56.09948, -15.61223], [-56.09678, -15.6098], [-56.09624, -15.60899], [-56.09516, -15.60872], [-56.09382, -15.60684], [-56.09166, -15.60468], [-56.09058, -15.60549], [-56.0887, -15.60279], [-56.08708, -15.60172], [-56.08627, -15.60225], [-56.08573, -15.60172]]]]}}, {"type": "Feature", "properties": {"nome": "Córrego 8 de Abril", "area": 5.47, "urb": 5.47, "pct_urb": 100.0, "lx": -56.12373, "ly": -15.62651}, "geometry": {"type": "MultiPolygon", "coordinates": [[[[-56.12642, -15.60684], [-56.12265, -15.61061], [-56.12103, -15.61088], [-56.11996, -15.61196], [-56.11915, -15.61142], [-56.11807, -15.6125], [-56.11591, -15.6125], [-56.11538, -15.61196], [-56.11349, -15.6133], [-56.11187, -15.61276], [-56.11079, -15.61411], [-56.11025, -15.61411], [-56.11025, -15.61546], [-56.11052, -15.61573], [-56.10918, -15.61654], [-56.10756, -15.61627], [-56.1081, -15.61681], [-56.10729, -15.61762], [-56.10729, -15.61788], [-56.10972, -15.61923], [-56.11025, -15.61977], [-56.10999, -15.62004], [-56.11079, -15.62085], [-56.11214, -15.62112], [-56.11511, -15.62354], [-56.11484, -15.62489], [-56.11349, -15.62597], [-56.1143, -15.62651], [-56.11484, -15.62651], [-56.11672, -15.62893], [-56.11672, -15.62974], [-56.11484, -15.63109], [-56.11645, -15.63271], [-56.11645, -15.63325], [-56.11942, -15.6354], [-56.11969, -15.63513], [-56.11996, -15.63594], [-56.12103, -15.63702], [-56.12184, -15.63837], [-56.12238, -15.63837], [-56.12265, -15.63891], [-56.12346, -15.6381], [-56.124, -15.6381], [-56.12481, -15.63918], [-56.12535, -15.63891], [-56.12642, -15.63756], [-56.12669, -15.63621], [-56.1275, -15.63594], [-56.12723, -15.63567], [-56.12777, -15.63405], [-56.12939, -15.63271], [-56.12966, -15.63217], [-56.13154, -15.63163], [-56.13154, -15.63109], [-56.13262, -15.63001], [-56.13154, -15.62893], [-56.13128, -15.62759], [-56.13208, -15.62678], [-56.13316, -15.62732], [-56.1337, -15.62651], [-56.1337, -15.6257], [-56.13451, -15.62543], [-56.13505, -15.62462], [-56.13478, -15.62435], [-56.13478, -15.62354], [-56.13208, -15.62058], [-56.13128, -15.62085], [-56.1302, -15.61977], [-56.12912, -15.61977], [-56.12858, -15.62058], [-56.12723, -15.61977], [-56.12723, -15.61896], [-56.12669, -15.61842], [-56.12669, -15.61788], [-56.12993, -15.61465], [-56.12966, -15.61384], [-56.13101, -15.61223], [-56.13047, -15.61115], [-56.12939, -15.61034], [-56.12912, -15.60899], [-56.12777, -15.60764], [-56.12669, -15.60791], [-56.12642, -15.60764], [-56.12642, -15.60684]]]]}}, {"type": "Feature", "properties": {"nome": "Córrego Mané Pinto", "area": 1.02, "urb": 1.02, "pct_urb": 100.0, "lx": -56.12023, "ly": -15.60872}, "geometry": {"type": "MultiPolygon", "coordinates": [[[[-56.10513, -15.60926], [-56.10594, -15.61007], [-56.10594, -15.61115], [-56.10702, -15.6125], [-56.1081, -15.61276], [-56.10918, -15.61384], [-56.10945, -15.61357], [-56.10999, -15.61411], [-56.11079, -15.61384], [-56.11187, -15.6125], [-56.11349, -15.61303], [-56.11538, -15.61169], [-56.11591, -15.61223], [-56.11807, -15.61223], [-56.11942, -15.61115], [-56.11996, -15.61169], [-56.12103, -15.61061], [-56.12265, -15.61034], [-56.12642, -15.60657], [-56.12589, -15.6063], [-56.12535, -15.60684], [-56.12508, -15.60657], [-56.12481, -15.60684], [-56.12454, -15.60657], [-56.12346, -15.60657], [-56.12319, -15.60684], [-56.12238, -15.60603], [-56.11969, -15.6063], [-56.11726, -15.60845], [-56.11672, -15.60818], [-56.11564, -15.60926], [-56.11457, -15.60926], [-56.11376, -15.6098], [-56.11295, -15.60926], [-56.11214, -15.61007], [-56.11106, -15.61007], [-56.10918, -15.60791], [-56.10864, -15.60791], [-56.10621, -15.60576], [-56.10594, -15.60603], [-56.10594, -15.60684], [-56.10621, -15.60711], [-56.10513, -15.60872], [-56.10513, -15.60926]]]]}}, {"type": "Feature", "properties": {"nome": "Córrego Engole Cobra", "area": 4.36, "urb": 4.36, "pct_urb": 100.0, "lx": -56.11295, "ly": -15.59956}, "geometry": {"type": "MultiPolygon", "coordinates": [[[[-56.10136, -15.59228], [-56.1019, -15.59309], [-56.10163, -15.5939], [-56.10298, -15.59525], [-56.10325, -15.59606], [-56.10298, -15.59713], [-56.10244, -15.59767], [-56.10217, -15.59902], [-56.10352, -15.60037], [-56.10352, -15.60118], [-56.10567, -15.60333], [-56.10621, -15.60549], [-56.10864, -15.60764], [-56.10918, -15.60764], [-56.11106, -15.6098], [-56.11214, -15.6098], [-56.11295, -15.60899], [-56.11376, -15.60953], [-56.11457, -15.60899], [-56.11564, -15.60899], [-56.11672, -15.60791], [-56.11726, -15.60818], [-56.11969, -15.60603], [-56.12238, -15.60576], [-56.12319, -15.60657], [-56.12346, -15.6063], [-56.12454, -15.6063], [-56.12481, -15.60657], [-56.12508, -15.6063], [-56.12535, -15.60657], [-56.12589, -15.60603], [-56.12669, -15.6063], [-56.12723, -15.60522], [-56.12669, -15.60522], [-56.12589, -15.60441], [-56.12616, -15.6036], [-56.12562, -15.60279], [-56.12562, -15.60225], [-56.12319, -15.6001], [-56.12211, -15.59983], [-56.12157, -15.59902], [-56.12211, -15.59848], [-56.12346, -15.59794], [-56.12346, -15.59713], [-56.12427, -15.59633], [-56.12238, -15.59444], [-56.12292, -15.59363], [-56.12319, -15.59363], [-56.12292, -15.59309], [-56.1213, -15.59174], [-56.1205, -15.59228], [-56.11807, -15.58959], [-56.11726, -15.58986], [-56.11484, -15.5877], [-56.11322, -15.58716], [-56.11187, -15.58608], [-56.11079, -15.58662], [-56.10999, -15.5877], [-56.11025, -15.58797], [-56.11025, -15.58959], [-56.10945, -15.59067], [-56.10972, -15.59147], [-56.10945, -15.59174], [-56.10837, -15.59067], [-56.10702, -15.5904], [-56.10621, -15.59174], [-56.10567, -15.59174], [-56.10513, -15.59228], [-56.10486, -15.59201], [-56.10379, -15.59201], [-56.10325, -15.59228], [-56.10244, -15.59174], [-56.1019, -15.59174], [-56.10136, -15.59228]]]]}}, {"type": "Feature", "properties": {"nome": "Córrego do Barbado", "area": 2.57, "urb": 2.57, "pct_urb": 100.0, "lx": -56.08654, "ly": -15.62489}, "geometry": {"type": "MultiPolygon", "coordinates": [[[[-56.1019, -15.61788], [-56.10082, -15.61735], [-56.0984, -15.61977], [-56.09732, -15.62031], [-56.09651, -15.62031], [-56.09678, -15.62085], [-56.09624, -15.62166], [-56.09489, -15.62166], [-56.09462, -15.62139], [-56.09193, -15.62247], [-56.09085, -15.62193], [-56.09058, -15.62085], [-56.08896, -15.6195], [-56.08762, -15.6195], [-56.08681, -15.61869], [-56.086, -15.61896], [-56.08384, -15.61654], [-56.08304, -15.61735], [-56.08331, -15.61788], [-56.08277, -15.61842], [-56.08304, -15.61869], [-56.08304, -15.61977], [-56.08196, -15.62085], [-56.08142, -15.62085], [-56.08088, -15.62139], [-56.08061, -15.62247], [-56.07953, -15.62301], [-56.07953, -15.62354], [-56.08115, -15.62462], [-56.08061, -15.62516], [-56.08061, -15.62624], [-56.08007, -15.62678], [-56.08061, -15.62732], [-56.08034, -15.62813], [-56.08115, -15.6292], [-56.08061, -15.63001], [-56.08061, -15.63082], [-56.08169, -15.63082], [-56.08196, -15.63109], [-56.08196, -15.63163], [-56.08088, -15.63244], [-56.08115, -15.63379], [-56.08061, -15.63459], [-56.0798, -15.63379], [-56.0798, -15.63432], [-56.08196, -15.63648], [-56.0825, -15.63648], [-56.08304, -15.63702], [-56.08331, -15.6381], [-56.08277, -15.63864], [-56.08277, -15.63971], [-56.08411, -15.64079], [-56.08411, -15.64133], [-56.08331, -15.64268], [-56.08357, -15.64322], [-56.08492, -15.64187], [-56.08465, -15.64052], [-56.08492, -15.64025], [-56.08492, -15.63864], [-56.08519, -15.63837], [-56.08438, -15.63648], [-56.08277, -15.6354], [-56.08304, -15.63432], [-56.08277, -15.63405], [-56.08331, -15.63379], [-56.08357, -15.63405], [-56.08438, -15.63298], [-56.08465, -15.63352], [-56.08519, -15.63352], [-56.086, -15.63405], [-56.08681, -15.63513], [-56.08762, -15.63513], [-56.08762, -15.63459], [-56.0895, -15.63244], [-56.0895, -15.63082], [-56.08923, -15.63028], [-56.0895, -15.62974], [-56.09112, -15.6284], [-56.09193, -15.62866], [-56.0922, -15.6284], [-56.09139, -15.62732], [-56.09193, -15.62651], [-56.09328, -15.62759], [-56.09328, -15.62786], [-56.09409, -15.62705], [-56.0957, -15.62624], [-56.09651, -15.62489], [-56.10271, -15.61896], [-56.1019, -15.61788]]]]}}, {"type": "Feature", "properties": {"nome": "Córrego Guimitá", "area": 2.17, "urb": 2.17, "pct_urb": 100.0, "lx": -56.02348, "ly": -15.57557}, "geometry": {"type": "MultiPolygon", "coordinates": [[[[-56.01593, -15.56965], [-56.01647, -15.56991], [-56.01674, -15.57045], [-56.0162, -15.57234], [-56.01782, -15.57396], [-56.01728, -15.5753], [-56.01917, -15.57773], [-56.01917, -15.57908], [-56.01863, -15.57989], [-56.01944, -15.58069], [-56.01997, -15.58069], [-56.02132, -15.58231], [-56.02159, -15.58204], [-56.0224, -15.58231], [-56.02402, -15.58069], [-56.02456, -15.58096], [-56.02483, -15.58069], [-56.02536, -15.5815], [-56.02617, -15.58069], [-56.02671, -15.58123], [-56.02806, -15.58123], [-56.02887, -15.58204], [-56.02941, -15.58177], [-56.03021, -15.58204], [-56.03075, -15.58177], [-56.03129, -15.58231], [-56.03156, -15.58204], [-56.03237, -15.58285], [-56.0321, -15.58258], [-56.03237, -15.58177], [-56.03345, -15.58043], [-56.03372, -15.57719], [-56.03345, -15.57692], [-56.0348, -15.57557], [-56.03453, -15.5753], [-56.0348, -15.57504], [-56.0348, -15.57396], [-56.03534, -15.57315], [-56.03453, -15.57234], [-56.03534, -15.57126], [-56.0348, -15.57018], [-56.03453, -15.57018], [-56.03426, -15.57099], [-56.03075, -15.5745], [-56.03048, -15.5745], [-56.02995, -15.57396], [-56.02968, -15.57423], [-56.02752, -15.5718], [-56.02617, -15.57153], [-56.02483, -15.57018], [-56.02483, -15.56938], [-56.02348, -15.56911], [-56.02321, -15.56938], [-56.02132, -15.56803], [-56.02024, -15.56857], [-56.01917, -15.56857], [-56.01836, -15.56803], [-56.01782, -15.56857], [-56.01701, -15.56857], [-56.01593, -15.56965]]]]}}, {"type": "Feature", "properties": {"nome": "Córrego Caju", "area": 2.74, "urb": 2.74, "pct_urb": 100.0, "lx": -56.04315, "ly": -15.5656}, "geometry": {"type": "MultiPolygon", "coordinates": [[[[-56.05339, -15.55563], [-56.05231, -15.55644], [-56.05124, -15.55617], [-56.0507, -15.55644], [-56.048, -15.55563], [-56.04692, -15.55617], [-56.04638, -15.55563], [-56.04477, -15.55725], [-56.04423, -15.55725], [-56.04099, -15.56048], [-56.04046, -15.56075], [-56.03938, -15.5594], [-56.03749, -15.56102], [-56.03641, -15.56237], [-56.0356, -15.56237], [-56.0356, -15.56291], [-56.03614, -15.56345], [-56.0348, -15.5656], [-56.0348, -15.56668], [-56.03534, -15.56749], [-56.0348, -15.56803], [-56.0348, -15.56938], [-56.03507, -15.56965], [-56.0348, -15.56991], [-56.0356, -15.57126], [-56.0348, -15.57234], [-56.03776, -15.5753], [-56.0383, -15.57638], [-56.03911, -15.57584], [-56.03965, -15.57584], [-56.04369, -15.57153], [-56.04423, -15.57153], [-56.04531, -15.57072], [-56.04665, -15.57099], [-56.04746, -15.57045], [-56.04908, -15.57045], [-56.04935, -15.57072], [-56.04854, -15.56965], [-56.0507, -15.56695], [-56.05043, -15.56668], [-56.05097, -15.56587], [-56.05097, -15.56479], [-56.05043, -15.56345], [-56.0507, -15.56264], [-56.05231, -15.56102], [-56.05204, -15.55967], [-56.05124, -15.55833], [-56.05285, -15.55725], [-56.05339, -15.55644], [-56.05339, -15.55563]]]]}}, {"type": "Feature", "properties": {"nome": "Córrego Três Barras", "area": 9.72, "urb": 5.46, "pct_urb": 56.2, "lx": -56.03048, "ly": -15.53488}, "geometry": {"type": "MultiPolygon", "coordinates": [[[[-56.03048, -15.50712], [-56.02995, -15.50712], [-56.02833, -15.50901], [-56.02887, -15.51063], [-56.02833, -15.51143], [-56.02833, -15.51197], [-56.02725, -15.51305], [-56.02752, -15.51332], [-56.02671, -15.51548], [-56.02698, -15.51602], [-56.02429, -15.51898], [-56.02348, -15.51898], [-56.02294, -15.51979], [-56.02321, -15.52033], [-56.02294, -15.5206], [-56.02375, -15.52141], [-56.02348, -15.52221], [-56.02509, -15.52437], [-56.02348, -15.52626], [-56.02213, -15.52626], [-56.02186, -15.5268], [-56.02213, -15.52707], [-56.02024, -15.52922], [-56.02024, -15.52976], [-56.0197, -15.53057], [-56.02024, -15.53165], [-56.01944, -15.53192], [-56.01863, -15.53272], [-56.01782, -15.53272], [-56.01782, -15.5338], [-56.01836, -15.53515], [-56.01782, -15.53758], [-56.0162, -15.53919], [-56.01647, -15.53946], [-56.01566, -15.54054], [-56.01566, -15.54135], [-56.01539, -15.54162], [-56.01674, -15.54323], [-56.01728, -15.5435], [-56.0189, -15.5435], [-56.01944, -15.54404], [-56.01944, -15.54485], [-56.02051, -15.54647], [-56.02294, -15.54782], [-56.0224, -15.54862], [-56.02267, -15.54916], [-56.02213, -15.54997], [-56.02267, -15.55051], [-56.02267, -15.55132], [-56.02456, -15.55348], [-56.02509, -15.55455], [-56.02698, -15.55644], [-56.02914, -15.55482], [-56.02941, -15.55509], [-56.02968, -15.55482], [-56.02941, -15.55455], [-56.03021, -15.55375], [-56.03021, -15.55213], [-56.03048, -15.55186], [-56.03021, -15.55159], [-56.03183, -15.54997], [-56.03156, -15.54943], [-56.03776, -15.5435], [-56.0383, -15.5435], [-56.03992, -15.54189], [-56.04153, -15.54135], [-56.04207, -15.54081], [-56.04261, -15.54081], [-56.04315, -15.54027], [-56.04396, -15.54054], [-56.04423, -15.54027], [-56.04531, -15.54027], [-56.04638, -15.53919], [-56.04719, -15.53973], [-56.04827, -15.53973], [-56.04935, -15.53838], [-56.04935, -15.53758], [-56.04908, -15.53785], [-56.04773, -15.53731], [-56.04638, -15.53596], [-56.04638, -15.53542], [-56.04585, -15.53488], [-56.04585, -15.53434], [-56.04531, -15.53353], [-56.04558, -15.53326], [-56.04423, -15.53326], [-56.04369, -15.53272], [-56.04369, -15.53192], [-56.04423, -15.53111], [-56.04369, -15.53057], [-56.04369, -15.53003], [-56.04261, -15.52922], [-56.04207, -15.52841], [-56.04207, -15.52787], [-56.04288, -15.5276], [-56.04315, -15.52707], [-56.04315, -15.52572], [-56.04288, -15.52545], [-56.04315, -15.52518], [-56.04315, -15.52437], [-56.04423, -15.52329], [-56.04342, -15.52141], [-56.04126, -15.51925], [-56.04073, -15.5179], [-56.03911, -15.51655], [-56.0383, -15.51682], [-56.03453, -15.51305], [-56.03453, -15.51197], [-56.03399, -15.51143], [-56.03345, -15.51009], [-56.03048, -15.50712]]]]}}, {"type": "Feature", "properties": {"nome": "Córrego do Aeroporto", "area": 8.88, "urb": 3.68, "pct_urb": 41.4, "lx": -56.06902, "ly": -15.68849}, "geometry": {"type": "MultiPolygon", "coordinates": [[[[-56.06794, -15.66154], [-56.06821, -15.66289], [-56.06687, -15.66478], [-56.06714, -15.6672], [-56.06794, -15.66747], [-56.06875, -15.66693], [-56.06956, -15.6672], [-56.07172, -15.66963], [-56.0701, -15.67071], [-56.06902, -15.67071], [-56.06848, -15.67178], [-56.06848, -15.67232], [-56.06875, -15.67259], [-56.06956, -15.67259], [-56.07037, -15.67394], [-56.06875, -15.67529], [-56.06848, -15.67583], [-56.06767, -15.67556], [-56.06714, -15.67583], [-56.0666, -15.67556], [-56.06579, -15.67663], [-56.06687, -15.67744], [-56.06687, -15.67879], [-56.06579, -15.67987], [-56.06444, -15.68068], [-56.06255, -15.6831], [-56.06282, -15.68337], [-56.06202, -15.68418], [-56.06228, -15.68472], [-56.06202, -15.68526], [-56.06121, -15.6858], [-56.06067, -15.68688], [-56.0604, -15.68849], [-56.05851, -15.69038], [-56.05932, -15.69146], [-56.06013, -15.69146], [-56.0604, -15.69173], [-56.06067, -15.69307], [-56.06175, -15.69388], [-56.06309, -15.69577], [-56.06363, -15.69577], [-56.06417, -15.69496], [-56.06444, -15.69523], [-56.06552, -15.69523], [-56.06633, -15.69631], [-56.06875, -15.69658], [-56.06929, -15.69712], [-56.07091, -15.69739], [-56.07253, -15.69927], [-56.07306, -15.69954], [-56.07549, -15.69981], [-56.07603, -15.69954], [-56.0763, -15.69873], [-56.07711, -15.69792], [-56.07872, -15.69739], [-56.08034, -15.69577], [-56.0798, -15.69442], [-56.0798, -15.69361], [-56.0825, -15.69119], [-56.0825, -15.69065], [-56.08304, -15.68984], [-56.08465, -15.68822], [-56.086, -15.68903], [-56.08735, -15.68903], [-56.08923, -15.68957], [-56.09031, -15.69038], [-56.09139, -15.69038], [-56.09193, -15.69092], [-56.09355, -15.69092], [-56.09462, -15.69146], [-56.09624, -15.69146], [-56.09759, -15.692], [-56.09786, -15.69173], [-56.09867, -15.69173], [-56.09948, -15.69253], [-56.10001, -15.69253], [-56.10082, -15.692], [-56.1019, -15.69307], [-56.10271, -15.69253], [-56.10325, -15.69307], [-56.1046, -15.6928], [-56.10513, -15.69334], [-56.10675, -15.69334], [-56.10702, -15.69361], [-56.10837, -15.69361], [-56.10918, -15.69307], [-56.10972, -15.69361], [-56.11106, -15.69361], [-56.11187, -15.6928], [-56.1116, -15.692], [-56.11214, -15.69146], [-56.11133, -15.69092], [-56.11079, -15.69011], [-56.11106, -15.6858], [-56.11052, -15.68526], [-56.11079, -15.68499], [-56.10972, -15.68418], [-56.10972, -15.68364], [-56.10864, -15.68229], [-56.10783, -15.68202], [-56.10648, -15.68014], [-56.1054, -15.67933], [-56.1054, -15.67852], [-56.10486, -15.67933], [-56.10406, -15.67879], [-56.10352, -15.67879], [-56.10217, -15.68014], [-56.10163, -15.68014], [-56.09894, -15.6831], [-56.0984, -15.68337], [-56.09759, -15.6831], [-56.09705, -15.68364], [-56.09732, -15.68499], [-56.09651, -15.6858], [-56.0957, -15.68553], [-56.09516, -15.68634], [-56.09462, -15.68634], [-56.09409, -15.68553], [-56.09301, -15.68634], [-56.09166, -15.68634], [-56.09139, -15.68661], [-56.09058, -15.68607], [-56.09031, -15.68526], [-56.0895, -15.68526], [-56.08923, -15.68661], [-56.0887, -15.68715], [-56.08789, -15.6858], [-56.08735, -15.68607], [-56.08573, -15.68553], [-56.086, -15.68526], [-56.086, -15.68445], [-56.08573, -15.68418], [-56.08384, -15.68472], [-56.08331, -15.68553], [-56.0825, -15.68607], [-56.08196, -15.68553], [-56.08223, -15.68526], [-56.07845, -15.68445], [-56.07738, -15.68391], [-56.07684, -15.6831], [-56.0763, -15.68283], [-56.07495, -15.68283], [-56.07199, -15.68014], [-56.07306, -15.67879], [-56.0736, -15.67852], [-56.0736, -15.67771], [-56.07387, -15.67744], [-56.07333, -15.67583], [-56.07333, -15.67475], [-56.07253, -15.67259], [-56.0728, -15.67232], [-56.07387, -15.67232], [-56.07441, -15.67286], [-56.07468, -15.67259], [-56.07684, -15.67232], [-56.07684, -15.67178], [-56.07738, -15.67124], [-56.0798, -15.67071], [-56.08007, -15.66963], [-56.0798, -15.66936], [-56.08115, -15.66801], [-56.08169, -15.66801], [-56.08169, -15.66666], [-56.08034, -15.66559], [-56.0798, -15.66424], [-56.08007, -15.66343], [-56.07926, -15.66316], [-56.07899, -15.661], [-56.07926, -15.66047], [-56.07899, -15.65966], [-56.07926, -15.65939], [-56.07872, -15.65885], [-56.07819, -15.65912], [-56.07657, -15.65804], [-56.07603, -15.65831], [-56.07441, -15.65831], [-56.07333, -15.65912], [-56.0728, -15.65912], [-56.0701, -15.66154], [-56.06983, -15.66127], [-56.06956, -15.66154], [-56.06848, -15.66154], [-56.06821, -15.66127], [-56.06794, -15.66154]]]]}}, {"type": "Feature", "properties": {"nome": "Córrego Traíra", "area": 1.76, "urb": 1.72, "pct_urb": 97.8, "lx": -56.12157, "ly": -15.69227}, "geometry": {"type": "MultiPolygon", "coordinates": [[[[-56.1205, -15.68553], [-56.12023, -15.68553], [-56.11996, -15.68607], [-56.11915, -15.68553], [-56.11726, -15.68688], [-56.11726, -15.68741], [-56.11807, -15.68876], [-56.11564, -15.69146], [-56.11564, -15.69307], [-56.11538, -15.69334], [-56.11457, -15.69334], [-56.11403, -15.6928], [-56.11268, -15.69307], [-56.11241, -15.6928], [-56.11133, -15.69361], [-56.11295, -15.69523], [-56.11322, -15.69712], [-56.1143, -15.69658], [-56.11564, -15.69819], [-56.11591, -15.69792], [-56.11645, -15.69846], [-56.11699, -15.70008], [-56.11618, -15.70143], [-56.11726, -15.70197], [-56.11888, -15.7017], [-56.11942, -15.70116], [-56.12157, -15.70089], [-56.12265, -15.69981], [-56.12292, -15.70008], [-56.12346, -15.69873], [-56.12319, -15.69766], [-56.12508, -15.69631], [-56.12508, -15.69577], [-56.12562, -15.69496], [-56.12669, -15.69442], [-56.12642, -15.69388], [-56.12723, -15.69307], [-56.12723, -15.69173], [-56.12696, -15.69146], [-56.12723, -15.69092], [-56.12373, -15.68715], [-56.12265, -15.68661], [-56.12184, -15.68715], [-56.12157, -15.68634], [-56.1205, -15.68553]]]]}}, {"type": "Feature", "properties": {"nome": "Córrego Figueirinho", "area": 3.53, "urb": 3.51, "pct_urb": 99.7, "lx": -56.02213, "ly": -15.6672}, "geometry": {"type": "MultiPolygon", "coordinates": [[[[-56.01431, -15.65885], [-56.01431, -15.65939], [-56.01485, -15.65993], [-56.01378, -15.66127], [-56.01351, -15.66208], [-56.01485, -15.66316], [-56.01485, -15.66505], [-56.01351, -15.66666], [-56.01297, -15.66666], [-56.01351, -15.66747], [-56.01485, -15.66855], [-56.01512, -15.6699], [-56.01647, -15.67151], [-56.01863, -15.6734], [-56.01836, -15.67421], [-56.01944, -15.67502], [-56.0197, -15.67556], [-56.02051, -15.67502], [-56.02105, -15.67502], [-56.02213, -15.67637], [-56.02402, -15.67717], [-56.02375, -15.67663], [-56.02402, -15.67637], [-56.02375, -15.6761], [-56.02402, -15.67583], [-56.02402, -15.67475], [-56.02375, -15.67448], [-56.02483, -15.67367], [-56.02617, -15.6734], [-56.02752, -15.67502], [-56.0286, -15.67529], [-56.02914, -15.67502], [-56.02941, -15.67529], [-56.02941, -15.67394], [-56.02995, -15.67313], [-56.03102, -15.67313], [-56.03183, -15.67448], [-56.03264, -15.67448], [-56.03318, -15.67502], [-56.03426, -15.67475], [-56.0348, -15.67394], [-56.0356, -15.67448], [-56.03695, -15.67286], [-56.03776, -15.67313], [-56.03911, -15.67232], [-56.03992, -15.67124], [-56.04019, -15.67124], [-56.03992, -15.67017], [-56.03965, -15.67044], [-56.03668, -15.66774], [-56.03668, -15.6672], [-56.03587, -15.66693], [-56.03614, -15.66666], [-56.03534, -15.66612], [-56.03534, -15.66532], [-56.03507, -15.66505], [-56.03534, -15.66478], [-56.03372, -15.66316], [-56.03102, -15.66316], [-56.02968, -15.66235], [-56.02779, -15.66289], [-56.02375, -15.65912], [-56.02321, -15.65993], [-56.02267, -15.6602], [-56.02213, -15.65993], [-56.02132, -15.66047], [-56.02024, -15.66047], [-56.0197, -15.65993], [-56.01944, -15.6602], [-56.01809, -15.6602], [-56.01728, -15.65939], [-56.01593, -15.65993], [-56.01431, -15.65885]]]]}}, {"type": "Feature", "properties": {"nome": "Córrego Tijucal", "area": 2.75, "urb": 2.75, "pct_urb": 100.0, "lx": -56.01566, "ly": -15.63109}, "geometry": {"type": "MultiPolygon", "coordinates": [[[[-56.02213, -15.61196], [-56.02132, -15.61196], [-56.01997, -15.6133], [-56.01674, -15.61223], [-56.01647, -15.61303], [-56.01674, -15.6133], [-56.01674, -15.61438], [-56.01566, -15.61573], [-56.01458, -15.61627], [-56.01351, -15.61788], [-56.01405, -15.61869], [-56.01189, -15.62139], [-56.01378, -15.62301], [-56.01512, -15.6222], [-56.0162, -15.62327], [-56.01512, -15.62435], [-56.01485, -15.62408], [-56.01, -15.6292], [-56.01, -15.63082], [-56.00946, -15.6319], [-56.00973, -15.63217], [-56.00839, -15.63405], [-56.00919, -15.63405], [-56.01027, -15.63567], [-56.01243, -15.63621], [-56.01297, -15.63567], [-56.01378, -15.63648], [-56.01539, -15.63702], [-56.01674, -15.63621], [-56.01728, -15.63648], [-56.01863, -15.63648], [-56.01997, -15.63567], [-56.02105, -15.63567], [-56.0224, -15.63459], [-56.02213, -15.6319], [-56.02078, -15.62974], [-56.02078, -15.62893], [-56.02186, -15.62759], [-56.02132, -15.6257], [-56.02051, -15.62462], [-56.02051, -15.62327], [-56.02132, -15.62274], [-56.02159, -15.6222], [-56.0224, -15.62193], [-56.02213, -15.62139], [-56.0224, -15.62112], [-56.02213, -15.62085], [-56.02294, -15.62031], [-56.02375, -15.61923], [-56.02429, -15.6195], [-56.02456, -15.61869], [-56.0224, -15.61654], [-56.02294, -15.61546], [-56.02213, -15.61465], [-56.02213, -15.61384], [-56.02267, -15.6133], [-56.02267, -15.6125], [-56.02213, -15.61196]]]]}}, {"type": "Feature", "properties": {"nome": "Córrego Santa Isabel", "area": 23.85, "urb": 19.57, "pct_urb": 82.1, "lx": -56.15418, "ly": -15.58474}, "geometry": {"type": "MultiPolygon", "coordinates": [[[[-56.08357, -15.5656], [-56.08492, -15.56722], [-56.08519, -15.56803], [-56.08654, -15.56749], [-56.08762, -15.56803], [-56.08789, -15.56776], [-56.08816, -15.56803], [-56.09031, -15.56803], [-56.09166, -15.56965], [-56.09247, -15.56991], [-56.09274, -15.57045], [-56.09462, -15.56965], [-56.09543, -15.57018], [-56.09624, -15.56938], [-56.09678, -15.56938], [-56.09732, -15.56991], [-56.09813, -15.56965], [-56.10028, -15.56965], [-56.10109, -15.57045], [-56.10244, -15.57045], [-56.10271, -15.57072], [-56.10298, -15.57045], [-56.10352, -15.57099], [-56.10325, -15.57153], [-56.10379, -15.57315], [-56.10352, -15.57369], [-56.10379, -15.5745], [-56.10352, -15.57504], [-56.10433, -15.57611], [-56.10567, -15.57611], [-56.10648, -15.57665], [-56.10729, -15.57665], [-56.1081, -15.57584], [-56.10891, -15.57584], [-56.10918, -15.57504], [-56.11187, -15.57477], [-56.11241, -15.57423], [-56.11295, -15.5745], [-56.11349, -15.57423], [-56.11376, -15.5745], [-56.11349, -15.57477], [-56.11484, -15.57477], [-56.11538, -15.5753], [-56.11672, -15.57584], [-56.11699, -15.57638], [-56.11564, -15.57746], [-56.11511, -15.57746], [-56.11511, -15.578], [-56.11295, -15.57989], [-56.11295, -15.58043], [-56.11214, -15.58096], [-56.1116, -15.58204], [-56.1116, -15.58339], [-56.11106, -15.5842], [-56.11187, -15.58582], [-56.11322, -15.58689], [-56.11484, -15.58743], [-56.11726, -15.58959], [-56.11807, -15.58932], [-56.1205, -15.59201], [-56.1213, -15.59147], [-56.12184, -15.59174], [-56.12454, -15.59498], [-56.12508, -15.59444], [-56.12562, -15.59498], [-56.12589, -15.59471], [-56.1275, -15.59471], [-56.12885, -15.59579], [-56.1302, -15.59579], [-56.13128, -15.59471], [-56.13235, -15.59498], [-56.13262, -15.59552], [-56.13208, -15.59606], [-56.13262, -15.59659], [-56.13235, -15.59686], [-56.13316, -15.59767], [-56.13424, -15.60037], [-56.13397, -15.60118], [-56.13586, -15.60279], [-56.13613, -15.60333], [-56.13586, -15.6036], [-56.1364, -15.60441], [-56.13613, -15.60468], [-56.1364, -15.60495], [-56.1364, -15.60576], [-56.1372, -15.60522], [-56.13909, -15.60737], [-56.13936, -15.60711], [-56.13963, -15.60737], [-56.13963, -15.60791], [-56.14017, -15.60791], [-56.14071, -15.60845], [-56.14125, -15.60818], [-56.14232, -15.60872], [-56.14313, -15.60872], [-56.14367, -15.60926], [-56.14421, -15.60791], [-56.14475, -15.60468], [-56.14529, -15.6036], [-56.14583, -15.60306], [-56.14691, -15.60306], [-56.14718, -15.60333], [-56.14798, -15.60306], [-56.14771, -15.60252], [-56.14637, -15.60225], [-56.14556, -15.60145], [-56.14583, -15.60091], [-56.14556, -15.59767], [-56.14583, -15.5974], [-56.14583, -15.59659], [-56.14475, -15.59552], [-56.14583, -15.59498], [-56.14556, -15.59417], [-56.1461, -15.59363], [-56.1461, -15.59282], [-56.14637, -15.59255], [-56.14718, -15.59309], [-56.14771, -15.59309], [-56.14906, -15.59417], [-56.15176, -15.59471], [-56.15391, -15.59633], [-56.15499, -15.59606], [-56.15553, -15.59552], [-56.16011, -15.59525], [-56.16281, -15.59767], [-56.16335, -15.59767], [-56.16388, -15.59821], [-56.16523, -15.59875], [-56.16631, -15.59875], [-56.16631, -15.5974], [-56.16658, -15.59686], [-56.16631, -15.59659], [-56.16766, -15.59552], [-56.1682, -15.59444], [-56.16954, -15.59498], [-56.1717, -15.59282], [-56.1717, -15.59228], [-56.17116, -15.59174], [-56.17143, -15.59147], [-56.17008, -15.59013], [-56.17008, -15.58959], [-56.16927, -15.58824], [-56.16577, -15.58501], [-56.16577, -15.58447], [-56.16658, -15.58366], [-56.16685, -15.58285], [-56.1655, -15.58177], [-56.16442, -15.5815], [-56.16335, -15.58069], [-56.16388, -15.57908], [-56.16469, -15.578], [-56.1655, -15.578], [-56.16577, -15.57827], [-56.16631, -15.57773], [-56.169, -15.58043], [-56.16874, -15.58096], [-56.16793, -15.58123], [-56.16793, -15.58177], [-56.16874, -15.58258], [-56.17143, -15.58231], [-56.17251, -15.58312], [-56.17278, -15.58366], [-56.17332, -15.58366], [-56.17466, -15.58258], [-56.17547, -15.58258], [-56.17763, -15.58501], [-56.17817, -15.58474], [-56.17844, -15.58393], [-56.17925, -15.5842], [-56.17978, -15.58366], [-56.18032, -15.58366], [-56.18113, -15.5842], [-56.18194, -15.5842], [-56.18221, -15.58393], [-56.18275, -15.58447], [-56.18248, -15.58474], [-56.18248, -15.58555], [-56.1841, -15.58689], [-56.1841, -15.58716], [-56.18464, -15.58716], [-56.1849, -15.5877], [-56.18544, -15.58797], [-56.1849, -15.58959], [-56.18544, -15.5904], [-56.18571, -15.5904], [-56.18625, -15.58959], [-56.18706, -15.5904], [-56.18922, -15.58851], [-56.19353, -15.59282], [-56.19218, -15.59444], [-56.19191, -15.59417], [-56.1911, -15.59471], [-56.19083, -15.59606], [-56.1911, -15.59659], [-56.19083, -15.59686], [-56.1911, -15.5974], [-56.19029, -15.59848], [-56.19056, -15.59902], [-56.18949, -15.60037], [-56.19164, -15.60279], [-56.19164, -15.60414], [-56.19137, -15.60441], [-56.19056, -15.60441], [-56.18841, -15.60657], [-56.18949, -15.60818], [-56.19218, -15.60549], [-56.19191, -15.60441], [-56.19272, -15.6036], [-56.19353, -15.60333], [-56.1938, -15.60252], [-56.19353, -15.60198], [-56.19407, -15.60145], [-56.19676, -15.60279], [-56.19865, -15.60118], [-56.19838, -15.60064], [-56.19919, -15.59956], [-56.19892, -15.59875], [-56.20054, -15.5974], [-56.20054, -15.59686], [-56.19973, -15.59633], [-56.2, -15.59579], [-56.2, -15.59444], [-56.20081, -15.59363], [-56.20161, -15.5939], [-56.20242, -15.59471], [-56.20296, -15.59282], [-56.20431, -15.59309], [-56.20646, -15.5912], [-56.20619, -15.59094], [-56.20593, -15.5912], [-56.20539, -15.59094], [-56.20458, -15.59147], [-56.20269, -15.58986], [-56.20242, -15.59013], [-56.20134, -15.58959], [-56.20054, -15.58959], [-56.19946, -15.5904], [-56.19892, -15.5904], [-56.19703, -15.58878], [-56.19595, -15.58932], [-56.19461, -15.58824], [-56.19326, -15.58824], [-56.19299, -15.58797], [-56.19245, -15.58824], [-56.19164, -15.58932], [-56.19029, -15.58797], [-56.18949, -15.58797], [-56.18922, -15.58851], [-56.18625, -15.58555], [-56.18679, -15.58474], [-56.18517, -15.58285], [-56.18544, -15.58204], [-56.18598, -15.58204], [-56.18625, -15.57989], [-56.18517, -15.58016], [-56.18086, -15.57584], [-56.18113, -15.5745], [-56.18032, -15.57342], [-56.18059, -15.57288], [-56.18032, -15.57261], [-56.18113, -15.57126], [-56.17951, -15.57288], [-56.17844, -15.57315], [-56.1779, -15.57261], [-56.17601, -15.57423], [-56.17547, -15.57504], [-56.17413, -15.57504], [-56.17359, -15.5753], [-56.17197, -15.57746], [-56.169, -15.5753], [-56.169, -15.5745], [-56.1682, -15.57315], [-56.16685, -15.57234], [-56.16685, -15.5718], [-56.16496, -15.56965], [-56.16388, -15.56911], [-56.162, -15.56911], [-56.16038, -15.56965], [-56.1593, -15.57072], [-56.15796, -15.57072], [-56.15688, -15.57153], [-56.15634, -15.57126], [-56.1558, -15.5718], [-56.15472, -15.5718], [-56.15472, -15.57234], [-56.1523, -15.57477], [-56.15095, -15.57369], [-56.1496, -15.57396], [-56.14825, -15.57477], [-56.14798, -15.5753], [-56.14691, -15.5753], [-56.14529, -15.57423], [-56.14421, -15.57423], [-56.14394, -15.5745], [-56.14367, -15.57423], [-56.14179, -15.57584], [-56.14017, -15.57423], [-56.13909, -15.5745], [-56.13882, -15.57504], [-56.13882, -15.57692], [-56.13801, -15.57827], [-56.13613, -15.57638], [-56.13532, -15.57638], [-56.13532, -15.57854], [-56.13343, -15.58016], [-56.13181, -15.57854], [-56.13101, -15.57827], [-56.13047, -15.57854], [-56.12993, -15.57773], [-56.12912, -15.578], [-56.12885, -15.57773], [-56.12804, -15.57854], [-56.1275, -15.57854], [-56.12669, -15.57746], [-56.12508, -15.57773], [-56.12481, -15.57746], [-56.124, -15.57746], [-56.12373, -15.57773], [-56.12292, -15.57746], [-56.12238, -15.57773], [-56.12319, -15.57854], [-56.12265, -15.57908], [-56.12157, -15.57827], [-56.12184, -15.57557], [-56.1213, -15.57477], [-56.12184, -15.57423], [-56.12157, -15.57288], [-56.12184, -15.57261], [-56.12184, -15.57099], [-56.12265, -15.57018], [-56.12265, -15.56965], [-56.12211, -15.56911], [-56.12211, -15.56857], [-56.1213, -15.56722], [-56.12103, -15.56587], [-56.11888, -15.56479], [-56.11753, -15.56479], [-56.11403, -15.56291], [-56.11295, -15.56183], [-56.11295, -15.56075], [-56.11268, -15.56048], [-56.11295, -15.56021], [-56.11295, -15.5594], [-56.11214, -15.55779], [-56.1116, -15.55752], [-56.11106, -15.55779], [-56.10945, -15.55698], [-56.10918, -15.55725], [-56.10864, -15.55671], [-56.1081, -15.55671], [-56.10756, -15.55725], [-56.10621, -15.5559], [-56.10567, -15.5559], [-56.10513, -15.55509], [-56.10379, -15.55617], [-56.10271, -15.55779], [-56.10217, -15.55752], [-56.10055, -15.5586], [-56.09974, -15.55806], [-56.09813, -15.55779], [-56.09705, -15.55644], [-56.09678, -15.55671], [-56.09624, -15.55644], [-56.09516, -15.55752], [-56.09435, -15.55779], [-56.09409, -15.55833], [-56.09355, -15.55833], [-56.09301, -15.55887], [-56.09166, -15.55806], [-56.09247, -15.55914], [-56.09274, -15.55887], [-56.09301, -15.55914], [-56.09301, -15.55967], [-56.09193, -15.56075], [-56.09112, -15.56075], [-56.09085, -15.56129], [-56.08977, -15.56156], [-56.0887, -15.56264], [-56.08816, -15.56264], [-56.08708, -15.56183], [-56.08627, -15.56183], [-56.086, -15.5621], [-56.086, -15.56291], [-56.08546, -15.56345], [-56.08573, -15.56426], [-56.08411, -15.56587], [-56.08357, -15.5656]]]]}}, {"type": "Feature", "properties": {"nome": "Córrego Gambazinho", "area": 1.59, "urb": 1.59, "pct_urb": 100.0, "lx": -56.08142, "ly": -15.59821}, "geometry": {"type": "MultiPolygon", "coordinates": [[[[-56.08088, -15.59067], [-56.07899, -15.59336], [-56.07872, -15.59309], [-56.07792, -15.59309], [-56.07738, -15.59336], [-56.07765, -15.59444], [-56.07657, -15.59552], [-56.07576, -15.59552], [-56.07576, -15.59686], [-56.07414, -15.59821], [-56.07522, -15.59929], [-56.07603, -15.60091], [-56.07603, -15.60172], [-56.08115, -15.60603], [-56.08573, -15.60145], [-56.08627, -15.60198], [-56.08708, -15.60145], [-56.0887, -15.60252], [-56.0887, -15.60064], [-56.08896, -15.60037], [-56.0887, -15.6001], [-56.08977, -15.59902], [-56.08789, -15.59686], [-56.08708, -15.59552], [-56.08735, -15.59525], [-56.08627, -15.59444], [-56.08546, -15.59336], [-56.08465, -15.59336], [-56.08438, -15.59309], [-56.08357, -15.59363], [-56.08304, -15.59336], [-56.08223, -15.59201], [-56.08088, -15.59067]]]]}}, {"type": "Feature", "properties": {"nome": "Córrego do Caixão", "area": 0.56, "urb": 0.56, "pct_urb": 100.0, "lx": -56.10163, "ly": -15.58743}, "geometry": {"type": "MultiPolygon", "coordinates": [[[[-56.09732, -15.58635], [-56.09948, -15.58878], [-56.09921, -15.58932], [-56.09948, -15.59013], [-56.10082, -15.59228], [-56.1019, -15.59147], [-56.10244, -15.59147], [-56.10325, -15.59201], [-56.10486, -15.59174], [-56.10513, -15.59201], [-56.10567, -15.59147], [-56.10621, -15.59147], [-56.10675, -15.59067], [-56.10648, -15.59013], [-56.1054, -15.58932], [-56.1046, -15.58905], [-56.10433, -15.58797], [-56.10486, -15.58743], [-56.10379, -15.58608], [-56.10406, -15.58555], [-56.10298, -15.58447], [-56.10325, -15.5842], [-56.10298, -15.58447], [-56.10217, -15.58366], [-56.10136, -15.58447], [-56.10055, -15.58474], [-56.09974, -15.58447], [-56.09732, -15.58635]]]]}}, {"type": "Feature", "properties": {"nome": "Córrego da Prainha", "area": 0.18, "urb": 0.18, "pct_urb": 100.0, "lx": -56.10486, "ly": -15.616}, "geometry": {"type": "MultiPolygon", "coordinates": [[[[-56.10729, -15.61519], [-56.10567, -15.61492], [-56.10433, -15.61411], [-56.10325, -15.61546], [-56.10298, -15.61681], [-56.10325, -15.61708], [-56.10244, -15.61788], [-56.10217, -15.61762], [-56.10217, -15.61788], [-56.10325, -15.61869], [-56.10406, -15.61788], [-56.1054, -15.61735], [-56.10567, -15.61762], [-56.10702, -15.61762], [-56.10783, -15.61681], [-56.10702, -15.61546], [-56.10729, -15.61519]]]]}}, {"type": "Feature", "properties": {"nome": "Córrego Ouro Fino", "area": 3.41, "urb": 3.41, "pct_urb": 100.0, "lx": -56.0445, "ly": -15.54836}, "geometry": {"type": "MultiPolygon", "coordinates": [[[[-56.05716, -15.54566], [-56.05582, -15.54701], [-56.05447, -15.54701], [-56.05366, -15.5462], [-56.05312, -15.54458], [-56.05177, -15.5435], [-56.04881, -15.54], [-56.04719, -15.54], [-56.04638, -15.53946], [-56.04531, -15.54054], [-56.04423, -15.54054], [-56.04396, -15.54081], [-56.04315, -15.54054], [-56.04046, -15.54216], [-56.03992, -15.54216], [-56.0383, -15.54377], [-56.03776, -15.54377], [-56.03749, -15.54431], [-56.03803, -15.54485], [-56.03641, -15.54647], [-56.03668, -15.54728], [-56.03291, -15.55132], [-56.03372, -15.5524], [-56.03345, -15.55294], [-56.03695, -15.55644], [-56.03803, -15.55725], [-56.0383, -15.55698], [-56.03911, -15.55779], [-56.03965, -15.55725], [-56.03992, -15.55752], [-56.04099, -15.55644], [-56.04261, -15.55671], [-56.04315, -15.55725], [-56.04477, -15.55698], [-56.04638, -15.55536], [-56.04692, -15.5559], [-56.048, -15.55536], [-56.0507, -15.55617], [-56.05151, -15.5559], [-56.05231, -15.55617], [-56.05339, -15.55536], [-56.05366, -15.55267], [-56.05636, -15.55024], [-56.05689, -15.55078], [-56.05689, -15.54943], [-56.05743, -15.54836], [-56.05663, -15.54701], [-56.05716, -15.5462], [-56.05716, -15.54566]]]]}}, {"type": "Feature", "properties": {"nome": "Córrego Ouro Fino", "area": 4.62, "urb": 4.23, "pct_urb": 91.7, "lx": -56.08304, "ly": -15.54782}, "geometry": {"type": "MultiPolygon", "coordinates": [[[[-56.06983, -15.52976], [-56.06902, -15.53111], [-56.07037, -15.53246], [-56.07064, -15.53299], [-56.07037, -15.53326], [-56.07091, -15.53407], [-56.06929, -15.53569], [-56.06956, -15.5365], [-56.0701, -15.5365], [-56.07118, -15.53758], [-56.07199, -15.53731], [-56.07226, -15.53758], [-56.07333, -15.53758], [-56.0736, -15.53731], [-56.07522, -15.53731], [-56.07684, -15.53623], [-56.07953, -15.53811], [-56.07872, -15.53838], [-56.07792, -15.53919], [-56.07819, -15.53946], [-56.07738, -15.54027], [-56.07872, -15.54216], [-56.07819, -15.54297], [-56.07845, -15.54485], [-56.07819, -15.54512], [-56.07845, -15.54539], [-56.07792, -15.54593], [-56.07819, -15.5462], [-56.07684, -15.54701], [-56.07576, -15.54809], [-56.07549, -15.54889], [-56.07441, -15.55024], [-56.07522, -15.55024], [-56.07576, -15.55078], [-56.07657, -15.55078], [-56.07738, -15.55159], [-56.07872, -15.55186], [-56.07899, -15.55159], [-56.08007, -15.55267], [-56.08142, -15.55267], [-56.08304, -15.55348], [-56.08384, -15.55348], [-56.08438, -15.55401], [-56.08546, -15.55294], [-56.08816, -15.55348], [-56.0895, -15.55482], [-56.09004, -15.5559], [-56.09301, -15.5586], [-56.09355, -15.55806], [-56.09409, -15.55806], [-56.09435, -15.55752], [-56.09516, -15.55725], [-56.09624, -15.55617], [-56.09678, -15.55644], [-56.09705, -15.55617], [-56.09813, -15.55752], [-56.09974, -15.55779], [-56.10055, -15.55833], [-56.09921, -15.55698], [-56.0984, -15.55698], [-56.09543, -15.55401], [-56.09624, -15.55294], [-56.09651, -15.55105], [-56.09813, -15.54943], [-56.09732, -15.54836], [-56.09732, -15.54755], [-56.09813, -15.5462], [-56.09894, -15.5462], [-56.09921, -15.54593], [-56.09894, -15.5427], [-56.09813, -15.54323], [-56.09705, -15.54323], [-56.09651, -15.5427], [-56.09516, -15.5427], [-56.09382, -15.54377], [-56.0922, -15.54404], [-56.09058, -15.54566], [-56.08923, -15.54512], [-56.08816, -15.5462], [-56.08762, -15.54539], [-56.08789, -15.54297], [-56.08735, -15.54323], [-56.08654, -15.5427], [-56.08546, -15.54135], [-56.08438, -15.54108], [-56.08411, -15.54054], [-56.0825, -15.53973], [-56.08142, -15.53838], [-56.0825, -15.53731], [-56.08277, -15.5365], [-56.0825, -15.53569], [-56.08169, -15.53488], [-56.08223, -15.53434], [-56.08277, -15.53246], [-56.0825, -15.53219], [-56.08223, -15.52976], [-56.08196, -15.52949], [-56.08223, -15.52922], [-56.08196, -15.52895], [-56.08196, -15.52787], [-56.08223, -15.5276], [-56.08142, -15.5268], [-56.08115, -15.52518], [-56.08061, -15.52464], [-56.0763, -15.52868], [-56.07414, -15.52922], [-56.07333, -15.53003], [-56.07199, -15.52895], [-56.07118, -15.52868], [-56.06983, -15.52976]]]]}}, {"type": "Feature", "properties": {"nome": "Córrego Faval", "area": 6.7, "urb": 6.7, "pct_urb": 100.0, "lx": -56.02483, "ly": -15.64726}, "geometry": {"type": "MultiPolygon", "coordinates": [[[[-56.00731, -15.63459], [-56.00731, -15.63567], [-56.00515, -15.63756], [-56.00569, -15.63837], [-56.00569, -15.63918], [-56.00515, -15.63971], [-56.00542, -15.63998], [-56.00515, -15.64052], [-56.00569, -15.64133], [-56.00542, -15.64187], [-56.00569, -15.64214], [-56.00515, -15.64268], [-56.00569, -15.64322], [-56.00569, -15.64376], [-56.00515, -15.64403], [-56.00542, -15.6443], [-56.00542, -15.64726], [-56.0065, -15.6478], [-56.0065, -15.64699], [-56.00731, -15.64645], [-56.00839, -15.64645], [-56.00919, -15.64699], [-56.00892, -15.64672], [-56.00946, -15.64618], [-56.01054, -15.64672], [-56.01135, -15.64591], [-56.01351, -15.6478], [-56.01378, -15.64915], [-56.01431, -15.64969], [-56.01512, -15.64969], [-56.01539, -15.64942], [-56.01701, -15.65076], [-56.01728, -15.6513], [-56.01647, -15.65211], [-56.01674, -15.65292], [-56.01593, -15.654], [-56.01647, -15.65454], [-56.01647, -15.65588], [-56.01566, -15.65723], [-56.01431, -15.65858], [-56.01593, -15.65966], [-56.01728, -15.65912], [-56.01809, -15.65993], [-56.01944, -15.65993], [-56.0197, -15.65966], [-56.02024, -15.6602], [-56.02132, -15.6602], [-56.02213, -15.65966], [-56.02267, -15.65993], [-56.02348, -15.65939], [-56.02375, -15.65885], [-56.02725, -15.66235], [-56.02806, -15.66262], [-56.02968, -15.66208], [-56.02995, -15.66235], [-56.03102, -15.661], [-56.03102, -15.65966], [-56.03156, -15.65912], [-56.03156, -15.65831], [-56.03291, -15.65642], [-56.03264, -15.65508], [-56.03183, -15.654], [-56.0321, -15.65292], [-56.03183, -15.65265], [-56.03237, -15.65211], [-56.03534, -15.65211], [-56.03587, -15.65157], [-56.03641, -15.65157], [-56.03776, -15.64969], [-56.03776, -15.64915], [-56.03668, -15.64807], [-56.03668, -15.64753], [-56.03614, -15.64699], [-56.03614, -15.64645], [-56.03668, -15.64591], [-56.03641, -15.6451], [-56.03722, -15.64376], [-56.03695, -15.64349], [-56.03776, -15.64295], [-56.03749, -15.6416], [-56.03803, -15.64079], [-56.03803, -15.64025], [-56.03938, -15.63918], [-56.04019, -15.63918], [-56.03992, -15.63864], [-56.03911, -15.6381], [-56.03938, -15.63891], [-56.03776, -15.64025], [-56.0356, -15.64025], [-56.0348, -15.63998], [-56.03318, -15.64079], [-56.03183, -15.64079], [-56.03156, -15.64106], [-56.03102, -15.64052], [-56.03048, -15.64052], [-56.02887, -15.63864], [-56.02833, -15.63864], [-56.02671, -15.63729], [-56.02509, -15.63675], [-56.02321, -15.63702], [-56.02159, -15.6354], [-56.02105, -15.63594], [-56.01997, -15.63594], [-56.01863, -15.63675], [-56.01728, -15.63675], [-56.01674, -15.63648], [-56.01539, -15.63729], [-56.01378, -15.63675], [-56.01297, -15.63594], [-56.01243, -15.63648], [-56.01027, -15.63594], [-56.00946, -15.63513], [-56.00919, -15.63432], [-56.00785, -15.63432], [-56.00731, -15.63459]]]]}}, {"type": "Feature", "properties": {"nome": "Córrego Pequizal", "area": 1.82, "urb": 1.82, "pct_urb": 100.0, "lx": -56.04234, "ly": -15.64349}, "geometry": {"type": "MultiPolygon", "coordinates": [[[[-56.03641, -15.64645], [-56.03695, -15.64807], [-56.03803, -15.64915], [-56.03776, -15.64995], [-56.03803, -15.65022], [-56.03992, -15.64834], [-56.04099, -15.64915], [-56.04207, -15.64861], [-56.04342, -15.64861], [-56.04638, -15.64591], [-56.04719, -15.64726], [-56.04638, -15.6478], [-56.04638, -15.64807], [-56.048, -15.64861], [-56.04935, -15.64969], [-56.05016, -15.64942], [-56.05097, -15.64969], [-56.05124, -15.64942], [-56.05151, -15.64995], [-56.05204, -15.65022], [-56.05312, -15.65022], [-56.05339, -15.64995], [-56.05339, -15.64915], [-56.05393, -15.64861], [-56.05501, -15.64861], [-56.05609, -15.64726], [-56.05555, -15.64618], [-56.05743, -15.6443], [-56.05716, -15.64376], [-56.05582, -15.64403], [-56.05501, -15.64349], [-56.05312, -15.64376], [-56.05231, -15.64295], [-56.05097, -15.64322], [-56.05016, -15.64241], [-56.05016, -15.64187], [-56.04908, -15.64187], [-56.04827, -15.64106], [-56.04773, -15.64106], [-56.04612, -15.63944], [-56.04504, -15.63918], [-56.04342, -15.63783], [-56.0418, -15.63944], [-56.04046, -15.63918], [-56.04019, -15.63944], [-56.03938, -15.63944], [-56.0383, -15.64025], [-56.0383, -15.64079], [-56.03776, -15.6416], [-56.03803, -15.64214], [-56.03803, -15.64349], [-56.03668, -15.6451], [-56.03695, -15.64591], [-56.03641, -15.64645]]]]}}, {"type": "Feature", "properties": {"nome": "Córrego Lavrinha", "area": 2.26, "urb": 2.26, "pct_urb": 100.0, "lx": -56.07495, "ly": -15.65211}, "geometry": {"type": "MultiPolygon", "coordinates": [[[[-56.08331, -15.64295], [-56.08223, -15.64214], [-56.08196, -15.64241], [-56.08115, -15.64241], [-56.07792, -15.64537], [-56.07765, -15.64591], [-56.07738, -15.64564], [-56.07711, -15.64591], [-56.0763, -15.64591], [-56.07576, -15.64645], [-56.07441, -15.64591], [-56.07414, -15.64618], [-56.0728, -15.64618], [-56.07253, -15.64672], [-56.07172, -15.64672], [-56.07145, -15.64726], [-56.07091, -15.64753], [-56.07064, -15.64726], [-56.06848, -15.64915], [-56.06821, -15.64969], [-56.06875, -15.65022], [-56.06902, -15.65669], [-56.06929, -15.65696], [-56.06875, -15.65804], [-56.06956, -15.65912], [-56.06956, -15.65993], [-56.0701, -15.65939], [-56.07118, -15.66047], [-56.0728, -15.65885], [-56.07387, -15.65858], [-56.07441, -15.65804], [-56.07603, -15.65804], [-56.0763, -15.65777], [-56.07765, -15.65831], [-56.07819, -15.65885], [-56.07872, -15.65858], [-56.07953, -15.65939], [-56.08088, -15.65858], [-56.08196, -15.65723], [-56.0825, -15.65696], [-56.08223, -15.65642], [-56.08115, -15.65615], [-56.08061, -15.65561], [-56.08061, -15.65508], [-56.08115, -15.65454], [-56.08169, -15.65454], [-56.0825, -15.654], [-56.08223, -15.65373], [-56.0825, -15.65346], [-56.0825, -15.65184], [-56.08304, -15.65157], [-56.08357, -15.65184], [-56.08384, -15.6513], [-56.08384, -15.64942], [-56.08223, -15.64807], [-56.08357, -15.64645], [-56.08331, -15.64618], [-56.08411, -15.6451], [-56.08331, -15.64376], [-56.08357, -15.64349], [-56.08331, -15.64295]]]]}}, {"type": "Feature", "properties": {"nome": "Córrego Fortaleza", "area": 126.16, "urb": 10.54, "pct_urb": 8.4, "lx": -55.97443, "ly": -15.47209}, "geometry": {"type": "MultiPolygon", "coordinates": [[[[-55.82756, -15.32467], [-55.82917, -15.3271], [-55.82944, -15.3298], [-55.8289, -15.33114], [-55.8289, -15.33195], [-55.82998, -15.33303], [-55.83079, -15.33276], [-55.83106, -15.33303], [-55.83214, -15.33303], [-55.83402, -15.33492], [-55.83402, -15.33626], [-55.83321, -15.33788], [-55.83402, -15.33869], [-55.83429, -15.34004], [-55.83564, -15.34084], [-55.83618, -15.34165], [-55.83402, -15.34381], [-55.83456, -15.34462], [-55.83402, -15.34516], [-55.83699, -15.34785], [-55.8378, -15.34758], [-55.83995, -15.34866], [-55.84103, -15.34785], [-55.84157, -15.34812], [-55.8448, -15.34812], [-55.84507, -15.34839], [-55.84642, -15.34731], [-55.84804, -15.34893], [-55.84777, -15.34947], [-55.84831, -15.35001], [-55.84804, -15.35028], [-55.84858, -15.35028], [-55.84911, -15.35082], [-55.84965, -15.35055], [-55.85208, -15.35055], [-55.85262, -15.35001], [-55.8545, -15.35082], [-55.85558, -15.34974], [-55.85882, -15.34974], [-55.85962, -15.35055], [-55.86205, -15.35055], [-55.86259, -15.35109], [-55.86367, -15.35109], [-55.86475, -15.35189], [-55.86448, -15.35216], [-55.86555, -15.35324], [-55.86555, -15.35432], [-55.86582, -15.35459], [-55.86798, -15.35324], [-55.87067, -15.35594], [-55.87014, -15.35674], [-55.8704, -15.35701], [-55.87121, -15.35701], [-55.8731, -15.35486], [-55.87364, -15.3554], [-55.87553, -15.35486], [-55.87633, -15.35486], [-55.8766, -15.35513], [-55.87822, -15.35378], [-55.88011, -15.35567], [-55.88199, -15.35863], [-55.88307, -15.35917], [-55.88415, -15.35782], [-55.88604, -15.35863], [-55.88684, -15.35863], [-55.88954, -15.36052], [-55.89035, -15.36052], [-55.89169, -15.3589], [-55.89412, -15.3589], [-55.89412, -15.35755], [-55.89466, -15.35701], [-55.89439, -15.35674], [-55.89601, -15.3554], [-55.89735, -15.3554], [-55.8987, -15.35674], [-55.90086, -15.35674], [-55.90221, -15.35567], [-55.90463, -15.35728], [-55.90463, -15.35809], [-55.90571, -15.35944], [-55.90571, -15.36079], [-55.90517, -15.36133], [-55.90517, -15.36213], [-55.90409, -15.36294], [-55.90409, -15.36429], [-55.90382, -15.36456], [-55.90221, -15.36483], [-55.90194, -15.36456], [-55.90032, -15.36618], [-55.89951, -15.36645], [-55.89924, -15.36618], [-55.89843, -15.36699], [-55.89708, -15.36672], [-55.89601, -15.36564], [-55.89601, -15.3651], [-55.89547, -15.36483], [-55.89439, -15.36537], [-55.89358, -15.36537], [-55.89143, -15.36699], [-55.89062, -15.36645], [-55.89008, -15.36645], [-55.88927, -15.36725], [-55.88846, -15.36725], [-55.88792, -15.36672], [-55.88738, -15.36725], [-55.88765, -15.36752], [-55.88738, -15.36779], [-55.88738, -15.3686], [-55.88496, -15.3713], [-55.88523, -15.37211], [-55.88415, -15.37291], [-55.88172, -15.37291], [-55.88145, -15.37345], [-55.88172, -15.37372], [-55.88172, -15.37507], [-55.88118, -15.37561], [-55.88145, -15.37669], [-55.88118, -15.37696], [-55.88118, -15.3783], [-55.88038, -15.37965], [-55.88038, -15.38073], [-55.8793, -15.38181], [-55.87876, -15.38181], [-55.87768, -15.38504], [-55.87418, -15.38801], [-55.87283, -15.3872], [-55.87229, -15.38801], [-55.87175, -15.38828], [-55.86987, -15.38828], [-55.86852, -15.38774], [-55.86744, -15.38774], [-55.8669, -15.38828], [-55.86528, -15.38828], [-55.86421, -15.38881], [-55.8634, -15.38881], [-55.86016, -15.38774], [-55.85882, -15.38639], [-55.85747, -15.38639], [-55.85585, -15.38828], [-55.85639, -15.38828], [-55.85801, -15.39016], [-55.85936, -15.39313], [-55.8607, -15.39447], [-55.86097, -15.39555], [-55.86151, -15.39609], [-55.86124, -15.39636], [-55.86151, -15.39663], [-55.85936, -15.39879], [-55.85747, -15.3969], [-55.85774, -15.39663], [-55.8572, -15.39609], [-55.85612, -15.39609], [-55.85585, -15.39636], [-55.85289, -15.39528], [-55.85127, -15.39501], [-55.84723, -15.39205], [-55.84561, -15.39178], [-55.84399, -15.39367], [-55.84399, -15.39447], [-55.84426, -15.39474], [-55.84399, -15.39528], [-55.84507, -15.39663], [-55.8448, -15.39717], [-55.84534, -15.39798], [-55.84534, -15.39852], [-55.84507, -15.39879], [-55.84184, -15.39906], [-55.84022, -15.39959], [-55.83833, -15.40121], [-55.83645, -15.40121], [-55.8351, -15.4004], [-55.83294, -15.40067], [-55.83214, -15.4004], [-55.83133, -15.40121], [-55.83025, -15.40121], [-55.82998, -15.40067], [-55.83025, -15.4004], [-55.82809, -15.39798], [-55.82836, -15.39744], [-55.82809, -15.39663], [-55.82621, -15.39501], [-55.82621, -15.39313], [-55.82648, -15.39286], [-55.82324, -15.39151], [-55.8219, -15.39151], [-55.82082, -15.39232], [-55.81974, -15.39232], [-55.81947, -15.39205], [-55.82001, -15.39286], [-55.81974, -15.39313], [-55.81974, -15.39555], [-55.81624, -15.39906], [-55.81704, -15.39986], [-55.81435, -15.40256], [-55.81273, -15.40283], [-55.81219, -15.40256], [-55.81165, -15.4031], [-55.81112, -15.4031], [-55.81031, -15.40364], [-55.80761, -15.40418], [-55.80707, -15.40364], [-55.80707, -15.4031], [-55.80222, -15.39825], [-55.80114, -15.39798], [-55.80707, -15.40418], [-55.806, -15.40525], [-55.80546, -15.40525], [-55.80114, -15.40984], [-55.80141, -15.4101], [-55.80141, -15.41118], [-55.80114, -15.41145], [-55.80168, -15.41226], [-55.80034, -15.41415], [-55.80034, -15.41469], [-55.80114, -15.41549], [-55.80088, -15.4163], [-55.80141, -15.41711], [-55.80114, -15.41765], [-55.80141, -15.41792], [-55.80114, -15.41846], [-55.80222, -15.41954], [-55.80061, -15.42142], [-55.80088, -15.42196], [-55.79387, -15.42897], [-55.79252, -15.42978], [-55.78983, -15.42951], [-55.78794, -15.43059], [-55.78713, -15.43139], [-55.78605, -15.43113], [-55.78524, -15.43139], [-55.78471, -15.43113], [-55.78417, -15.43166], [-55.78632, -15.43382], [-55.78659, -15.43463], [-55.78794, -15.43625], [-55.78956, -15.43598], [-55.7901, -15.43517], [-55.79144, -15.43652], [-55.79198, -15.43813], [-55.79333, -15.43678], [-55.79656, -15.44029], [-55.79791, -15.43894], [-55.79764, -15.4384], [-55.79845, -15.43759], [-55.79899, -15.43598], [-55.80114, -15.43382], [-55.80249, -15.43517], [-55.80276, -15.4349], [-55.806, -15.43759], [-55.8068, -15.43732], [-55.80842, -15.43867], [-55.80815, -15.44083], [-55.80842, -15.44164], [-55.8095, -15.44271], [-55.80923, -15.44298], [-55.81085, -15.4446], [-55.81273, -15.44244], [-55.81327, -15.44217], [-55.81354, -15.44056], [-55.81273, -15.43921], [-55.81273, -15.43732], [-55.81327, -15.43678], [-55.81273, -15.43517], [-55.81273, -15.43409], [-55.81192, -15.43274], [-55.81192, -15.43113], [-55.81219, -15.43059], [-55.81085, -15.42924], [-55.81139, -15.42762], [-55.81085, -15.42654], [-55.81112, -15.426], [-55.81031, -15.4252], [-55.81192, -15.42358], [-55.81165, -15.42304], [-55.81219, -15.4225], [-55.81192, -15.42223], [-55.81273, -15.42061], [-55.81273, -15.41981], [-55.81327, -15.41927], [-55.81219, -15.41819], [-55.813, -15.41684], [-55.81273, -15.41576], [-55.81165, -15.41496], [-55.81165, -15.41469], [-55.81246, -15.41388], [-55.81273, -15.41253], [-55.81651, -15.40876], [-55.81678, -15.40795], [-55.81866, -15.40741], [-55.81893, -15.40768], [-55.81974, -15.40714], [-55.82028, -15.40714], [-55.8219, -15.40822], [-55.82243, -15.40768], [-55.82351, -15.40903], [-55.82432, -15.41145], [-55.82513, -15.41226], [-55.82513, -15.41307], [-55.82378, -15.41469], [-55.82459, -15.4163], [-55.82432, -15.41657], [-55.82432, -15.41846], [-55.82594, -15.42008], [-55.82648, -15.42223], [-55.82702, -15.42304], [-55.82756, -15.42331], [-55.82756, -15.42412], [-55.82782, -15.42439], [-55.82756, -15.42493], [-55.82917, -15.42681], [-55.82863, -15.42735], [-55.82863, -15.42843], [-55.82971, -15.42735], [-55.82998, -15.42627], [-55.83052, -15.42574], [-55.83133, -15.42547], [-55.83321, -15.42358], [-55.83456, -15.42277], [-55.83456, -15.42142], [-55.83402, -15.42088], [-55.83402, -15.41927], [-55.83321, -15.41846], [-55.8351, -15.41711], [-55.83483, -15.41523], [-55.83564, -15.41442], [-55.83645, -15.41415], [-55.83726, -15.41442], [-55.83753, -15.41415], [-55.83807, -15.41442], [-55.8386, -15.41415], [-55.83887, -15.41442], [-55.83914, -15.41415], [-55.83941, -15.41442], [-55.84049, -15.41442], [-55.84184, -15.41388], [-55.84265, -15.4128], [-55.84292, -15.4128], [-55.84292, -15.41199], [-55.84319, -15.41172], [-55.84319, -15.41064], [-55.84238, -15.4101], [-55.84238, -15.40984], [-55.84507, -15.40741], [-55.84588, -15.40795], [-55.84696, -15.40687], [-55.851, -15.41091], [-55.85154, -15.41064], [-55.85262, -15.41145], [-55.85397, -15.41172], [-55.85504, -15.41253], [-55.85477, -15.41226], [-55.85477, -15.41118], [-55.85531, -15.41064], [-55.85639, -15.41064], [-55.85666, -15.41037], [-55.85585, -15.4093], [-55.85693, -15.40822], [-55.85747, -15.4066], [-55.85774, -15.40687], [-55.8607, -15.40445], [-55.86448, -15.40471], [-55.86501, -15.40364], [-55.86663, -15.40202], [-55.86798, -15.40175], [-55.86825, -15.40202], [-55.86906, -15.40121], [-55.87067, -15.4004], [-55.87202, -15.40175], [-55.87229, -15.40256], [-55.87364, -15.40283], [-55.87553, -15.40471], [-55.87606, -15.40471], [-55.87822, -15.40714], [-55.88065, -15.4093], [-55.88038, -15.40903], [-55.88172, -15.40687], [-55.88226, -15.40525], [-55.88199, -15.40364], [-55.88334, -15.40202], [-55.88307, -15.4004], [-55.88334, -15.39959], [-55.8828, -15.39906], [-55.8828, -15.39852], [-55.88334, -15.39798], [-55.88307, -15.39771], [-55.88442, -15.3969], [-55.88523, -15.39744], [-55.88738, -15.39528], [-55.88711, -15.39474], [-55.88819, -15.39367], [-55.89089, -15.3934], [-55.89089, -15.39205], [-55.89143, -15.39124], [-55.89116, -15.38935], [-55.89196, -15.38801], [-55.89304, -15.38477], [-55.89304, -15.38396], [-55.89385, -15.38208], [-55.89331, -15.38154], [-55.89547, -15.37992], [-55.89682, -15.38154], [-55.89762, -15.38127], [-55.89789, -15.38154], [-55.89816, -15.38127], [-55.8987, -15.38181], [-55.8987, -15.38289], [-55.89978, -15.38423], [-55.89978, -15.38585], [-55.89897, -15.38747], [-55.90301, -15.39178], [-55.90355, -15.39178], [-55.90544, -15.39367], [-55.90544, -15.39447], [-55.90571, -15.39474], [-55.90544, -15.39501], [-55.90813, -15.39232], [-55.90894, -15.39097], [-55.9084, -15.38774], [-55.90813, -15.38747], [-55.90813, -15.38531], [-55.90948, -15.38316], [-55.90921, -15.38235], [-55.90948, -15.38208], [-55.90948, -15.381], [-55.91056, -15.37992], [-55.91056, -15.37911], [-55.91029, -15.37884], [-55.91029, -15.37561], [-55.91137, -15.37426], [-55.91245, -15.37345], [-55.91245, -15.3713], [-55.91272, -15.37049], [-55.91325, -15.36995], [-55.91406, -15.36995], [-55.91595, -15.36833], [-55.9173, -15.36672], [-55.9173, -15.36591], [-55.91784, -15.36537], [-55.91837, -15.36564], [-55.91945, -15.36483], [-55.91999, -15.36483], [-55.92107, -15.36591], [-55.92269, -15.36564], [-55.9243, -15.36752], [-55.92511, -15.36779], [-55.92592, -15.36591], [-55.92565, -15.3651], [-55.92727, -15.36375], [-55.92781, -15.36294], [-55.92969, -15.36267], [-55.93131, -15.36133], [-55.93266, -15.36106], [-55.93293, -15.36133], [-55.93454, -15.35998], [-55.93562, -15.36106], [-55.93589, -15.36079], [-55.93643, -15.36133], [-55.93454, -15.36294], [-55.93454, -15.36672], [-55.93401, -15.36725], [-55.93427, -15.36752], [-55.93427, -15.36941], [-55.93508, -15.3713], [-55.93481, -15.37399], [-55.93643, -15.37426], [-55.93751, -15.37372], [-55.93913, -15.37184], [-55.94047, -15.37103], [-55.94101, -15.37103], [-55.94155, -15.37157], [-55.94236, -15.37157], [-55.94263, -15.37184], [-55.9429, -15.37157], [-55.94425, -15.37157], [-55.94694, -15.3686], [-55.94721, -15.36887], [-55.95018, -15.36672], [-55.95071, -15.36725], [-55.95071, -15.36806], [-55.95044, -15.36833], [-55.95071, -15.36914], [-55.95044, -15.36941], [-55.95098, -15.37022], [-55.95044, -15.3713], [-55.95044, -15.37291], [-55.95018, -15.37318], [-55.95287, -15.37561], [-55.95449, -15.37507], [-55.95556, -15.37507], [-55.95664, -15.37426], [-55.95772, -15.37507], [-55.9588, -15.37507], [-55.96069, -15.37345], [-55.96149, -15.37426], [-55.96069, -15.37561], [-55.96069, -15.37615], [-55.96122, -15.37669], [-55.96069, -15.37723], [-55.96015, -15.37723], [-55.95988, -15.37777], [-55.95934, -15.37777], [-55.95637, -15.38073], [-55.9561, -15.38235], [-55.9553, -15.38316], [-55.9561, -15.38504], [-55.95772, -15.3845], [-55.9588, -15.38369], [-55.95934, -15.38423], [-55.96095, -15.38477], [-55.96176, -15.38558], [-55.96257, -15.38558], [-55.96446, -15.38396], [-55.965, -15.38316], [-55.96554, -15.38316], [-55.96742, -15.3845], [-55.96904, -15.38423], [-55.97039, -15.38531], [-55.97066, -15.38612], [-55.97147, -15.38693], [-55.97389, -15.38774], [-55.97551, -15.38962], [-55.97766, -15.38962], [-55.97847, -15.39016], [-55.97874, -15.3907], [-55.9782, -15.39151], [-55.97847, -15.39205], [-55.97578, -15.39447], [-55.97524, -15.3942], [-55.97659, -15.39528], [-55.97578, -15.39609], [-55.97578, -15.39717], [-55.97793, -15.39986], [-55.97847, -15.40013], [-55.98063, -15.40013], [-55.9809, -15.39986], [-55.98224, -15.40067], [-55.98063, -15.40229], [-55.9809, -15.40418], [-55.98144, -15.40471], [-55.98117, -15.40552], [-55.98198, -15.40579], [-55.98386, -15.40795], [-55.98413, -15.40957], [-55.98332, -15.41118], [-55.98278, -15.41145], [-55.98359, -15.41172], [-55.98548, -15.41361], [-55.98467, -15.41442], [-55.9844, -15.41523], [-55.98359, -15.41523], [-55.98332, -15.41496], [-55.98198, -15.4163], [-55.98198, -15.41738], [-55.98171, -15.41765], [-55.98251, -15.41873], [-55.98278, -15.41846], [-55.98359, -15.41927], [-55.98413, -15.41927], [-55.9844, -15.41954], [-55.9844, -15.42035], [-55.98548, -15.42115], [-55.98413, -15.42277], [-55.98359, -15.42223], [-55.98198, -15.42412], [-55.98224, -15.42574], [-55.98359, -15.42735], [-55.98386, -15.4287], [-55.98332, -15.42924], [-55.98332, -15.43113], [-55.9844, -15.43328], [-55.98278, -15.43463], [-55.98332, -15.43544], [-55.98144, -15.43732], [-55.9809, -15.43732], [-55.98036, -15.43813], [-55.98036, -15.43894], [-55.9809, -15.44002], [-55.98332, -15.44217], [-55.98251, -15.44352], [-55.98305, -15.44514], [-55.98198, -15.44703], [-55.98063, -15.44703], [-55.98036, -15.44676], [-55.98063, -15.44783], [-55.97982, -15.44891], [-55.98009, -15.44945], [-55.97928, -15.45053], [-55.97901, -15.45215], [-55.97766, -15.45322], [-55.97659, -15.45242], [-55.97632, -15.45295], [-55.97551, -15.45322], [-55.97416, -15.45457], [-55.97443, -15.45538], [-55.97416, -15.45592], [-55.97254, -15.457], [-55.97066, -15.45888], [-55.96931, -15.45861], [-55.9685, -15.45781], [-55.9685, -15.45376], [-55.96796, -15.45268], [-55.96661, -15.45268], [-55.96554, -15.45322], [-55.96446, -15.45215], [-55.96473, -15.45242], [-55.96392, -15.45322], [-55.96419, -15.45349], [-55.96419, -15.45484], [-55.96365, -15.45538], [-55.96392, -15.45592], [-55.96338, -15.457], [-55.96338, -15.45861], [-55.96284, -15.45942], [-55.96284, -15.45996], [-55.96257, -15.46023], [-55.96176, -15.46023], [-55.96069, -15.45969], [-55.95961, -15.46077], [-55.9588, -15.4632], [-55.9588, -15.46454], [-55.95637, -15.46724], [-55.95583, -15.4667], [-55.9561, -15.46589], [-55.95556, -15.46508], [-55.95503, -15.46481], [-55.95422, -15.46508], [-55.95341, -15.46481], [-55.95233, -15.46589], [-55.95125, -15.46589], [-55.95098, -15.46562], [-55.95071, -15.46589], [-55.94937, -15.46535], [-55.94667, -15.4667], [-55.94586, -15.4667], [-55.94479, -15.46589], [-55.94371, -15.46697], [-55.94371, -15.46805], [-55.94263, -15.46966], [-55.9429, -15.46993], [-55.9429, -15.47074], [-55.94371, -15.47155], [-55.94479, -15.47397], [-55.94398, -15.47478], [-55.94425, -15.47586], [-55.94479, -15.4764], [-55.94559, -15.47613], [-55.9464, -15.47694], [-55.94748, -15.4791], [-55.94802, -15.47936], [-55.94991, -15.47775], [-55.94964, -15.47748], [-55.94964, -15.4764], [-55.95125, -15.47532], [-55.95098, -15.47505], [-55.95152, -15.47451], [-55.95206, -15.47451], [-55.9526, -15.47397], [-55.95314, -15.47478], [-55.95395, -15.47532], [-55.95583, -15.47883], [-55.95637, -15.47829], [-55.95907, -15.48071], [-55.95934, -15.48125], [-55.96042, -15.48044], [-55.96203, -15.48098], [-55.96257, -15.48152], [-55.96365, -15.48152], [-55.96446, -15.48287], [-55.96527, -15.48287], [-55.96608, -15.48368], [-55.96688, -15.48502], [-55.96688, -15.48583], [-55.965, -15.48745], [-55.96527, -15.48799], [-55.96608, -15.48853], [-55.96581, -15.4888], [-55.96608, -15.48907], [-55.96608, -15.48988], [-55.96581, -15.49014], [-55.96661, -15.49014], [-55.96688, -15.49068], [-55.96742, -15.49095], [-55.96715, -15.49149], [-55.96796, -15.49284], [-55.96796, -15.49365], [-55.9685, -15.49446], [-55.9685, -15.495], [-55.97093, -15.49715], [-55.97039, -15.49769], [-55.97066, -15.4985], [-55.9712, -15.4985], [-55.97254, -15.49985], [-55.97173, -15.50065], [-55.97254, -15.50173], [-55.97254, -15.50254], [-55.97173, -15.50308], [-55.97173, -15.50443], [-55.972, -15.50497], [-55.97012, -15.50739], [-55.96931, -15.50793], [-55.96688, -15.50793], [-55.96661, -15.5082], [-55.96392, -15.50551], [-55.96257, -15.50658], [-55.96203, -15.50631], [-55.96069, -15.50739], [-55.96015, -15.50685], [-55.9588, -15.50793], [-55.9588, -15.50874], [-55.9561, -15.51117], [-55.9588, -15.51359], [-55.95961, -15.51467], [-55.96069, -15.51494], [-55.96122, -15.51467], [-55.96176, -15.51521], [-55.96149, -15.51548], [-55.96176, -15.51602], [-55.96311, -15.51736], [-55.96365, -15.51925], [-55.96473, -15.5206], [-55.96581, -15.52006], [-55.96661, -15.52087], [-55.96769, -15.52087], [-55.96823, -15.52141], [-55.96796, -15.52168], [-55.96823, -15.52194], [-55.96823, -15.52302], [-55.96796, -15.52356], [-55.9685, -15.52518], [-55.96769, -15.52572], [-55.96823, -15.52626], [-55.96823, -15.52707], [-55.96877, -15.5276], [-55.96985, -15.52733], [-55.97012, -15.5276], [-55.97066, -15.52707], [-55.97093, -15.52733], [-55.972, -15.52733], [-55.97335, -15.52922], [-55.97389, -15.52949], [-55.97443, -15.53138], [-55.97497, -15.53165], [-55.97416, -15.53272], [-55.97308, -15.53326], [-55.97308, -15.53434], [-55.97093, -15.53623], [-55.97039, -15.53623], [-55.96985, -15.53704], [-55.96931, -15.53677], [-55.96931, -15.53596], [-55.96904, -15.53569], [-55.96877, -15.53596], [-55.96796, -15.53596], [-55.96715, -15.53542], [-55.96688, -15.53569], [-55.96796, -15.53677], [-55.96796, -15.53785], [-55.9685, -15.53785], [-55.96904, -15.53838], [-55.96904, -15.53892], [-55.96796, -15.53973], [-55.96823, -15.54027], [-55.96931, -15.54108], [-55.96958, -15.54081], [-55.97012, -15.54135], [-55.97147, -15.54162], [-55.97173, -15.54135], [-55.97362, -15.54404], [-55.9747, -15.54431], [-55.97766, -15.54728], [-55.97686, -15.54809], [-55.97578, -15.54701], [-55.97443, -15.54782], [-55.97254, -15.54755], [-55.97254, -15.54836], [-55.972, -15.54889], [-55.97227, -15.54943], [-55.9712, -15.55024], [-55.97066, -15.54997], [-55.97039, -15.55024], [-55.96931, -15.55024], [-55.9685, -15.5497], [-55.96688, -15.5497], [-55.96608, -15.55024], [-55.96554, -15.54997], [-55.96338, -15.55213], [-55.965, -15.55482], [-55.96823, -15.55833], [-55.96904, -15.55833], [-55.96985, -15.55752], [-55.97066, -15.55725], [-55.9747, -15.56102], [-55.97524, -15.56183], [-55.97497, -15.5621], [-55.97605, -15.56345], [-55.97578, -15.56453], [-55.97686, -15.56614], [-55.97739, -15.56776], [-55.97874, -15.56857], [-55.9782, -15.56911], [-55.97901, -15.57018], [-55.97847, -15.57072], [-55.97928, -15.57288], [-55.98117, -15.5745], [-55.98117, -15.57504], [-55.98171, -15.57557], [-55.9809, -15.57665], [-55.97955, -15.57584], [-55.97874, -15.57584], [-55.97793, -15.57692], [-55.97712, -15.57665], [-55.97686, -15.57692], [-55.97497, -15.57692], [-55.97416, -15.57611], [-55.97362, -15.57611], [-55.97497, -15.578], [-55.97497, -15.57908], [-55.97605, -15.58016], [-55.97659, -15.58123], [-55.97659, -15.58258], [-55.97766, -15.58474], [-55.97874, -15.58501], [-55.97928, -15.58608], [-55.97982, -15.58582], [-55.98171, -15.5877], [-55.98251, -15.5877], [-55.98278, -15.58797], [-55.98278, -15.58878], [-55.9844, -15.58878], [-55.98494, -15.59013], [-55.98467, -15.59094], [-55.98494, -15.5912], [-55.98386, -15.59174], [-55.98413, -15.59201], [-55.98386, -15.59255], [-55.98278, -15.59363], [-55.98332, -15.59444], [-55.98117, -15.59659], [-55.98117, -15.5974], [-55.97901, -15.59956], [-55.97793, -15.6001], [-55.97712, -15.60118], [-55.97712, -15.60172], [-55.97766, -15.60279], [-55.97874, -15.60333], [-55.97982, -15.60441], [-55.98036, -15.6036], [-55.98198, -15.60252], [-55.98224, -15.60198], [-55.98251, -15.60225], [-55.98386, -15.60225], [-55.9844, -15.60252], [-55.98548, -15.60145], [-55.98629, -15.60198], [-55.99114, -15.59767], [-55.99302, -15.59767], [-55.99383, -15.59686], [-55.99437, -15.59686], [-55.99518, -15.59767], [-55.99626, -15.59767], [-55.99653, -15.5974], [-55.99734, -15.59821], [-55.99815, -15.59848], [-55.99868, -15.59767], [-55.99895, -15.59767], [-56.0003, -15.59929], [-56.00084, -15.59956], [-55.99922, -15.60064], [-55.99895, -15.60145], [-55.99949, -15.60225], [-55.99949, -15.60387], [-56.0003, -15.60495], [-55.99895, -15.60576], [-55.99707, -15.60764], [-55.99626, -15.60818], [-55.99599, -15.60791], [-55.99383, -15.61007], [-55.99356, -15.61115], [-55.9941, -15.61303], [-55.99356, -15.61384], [-55.99437, -15.61546], [-55.99518, -15.616], [-55.99599, -15.61492], [-55.9968, -15.61492], [-55.99707, -15.61438], [-55.99761, -15.61411], [-56.00003, -15.61411], [-56.0003, -15.61384], [-56.00057, -15.61411], [-56.00165, -15.61303], [-56.00219, -15.6133], [-56.0038, -15.6133], [-56.00461, -15.61303], [-56.00596, -15.61411], [-56.00758, -15.61411], [-56.00866, -15.61519], [-56.01, -15.61519], [-56.01054, -15.61573], [-56.01135, -15.61573], [-56.01162, -15.616], [-56.01189, -15.61708], [-56.0127, -15.61762], [-56.01216, -15.61815], [-56.01216, -15.61896], [-56.01027, -15.62112], [-56.01054, -15.62085], [-56.01081, -15.62112], [-56.01189, -15.62112], [-56.01378, -15.61869], [-56.01324, -15.61788], [-56.01458, -15.616], [-56.01593, -15.61519], [-56.01647, -15.61438], [-56.01647, -15.6133], [-56.01593, -15.61223], [-56.01324, -15.61007], [-56.01539, -15.60818], [-56.01539, -15.60603], [-56.0162, -15.60522], [-56.01728, -15.60495], [-56.01836, -15.6036], [-56.01863, -15.6036], [-56.01863, -15.60252], [-56.01782, -15.60225], [-56.01647, -15.60064], [-56.01485, -15.60037], [-56.01216, -15.59794], [-56.01405, -15.59606], [-56.01431, -15.59525], [-56.0127, -15.59363], [-56.0127, -15.59309], [-56.01189, -15.59336], [-56.01216, -15.5939], [-56.01027, -15.59579], [-56.01, -15.59659], [-56.01027, -15.59686], [-56.01027, -15.59767], [-56.00758, -15.59902], [-56.00731, -15.59875], [-56.00704, -15.59902], [-56.00596, -15.59902], [-56.00569, -15.59875], [-56.00515, -15.59956], [-56.0038, -15.59848], [-56.0038, -15.5974], [-56.00246, -15.59686], [-56.00192, -15.59633], [-56.00138, -15.59633], [-56.00084, -15.59579], [-56.00057, -15.59498], [-56.00111, -15.59471], [-55.99976, -15.59309], [-55.99949, -15.59147], [-55.99895, -15.59094], [-55.99761, -15.5904], [-55.99815, -15.58851], [-55.99761, -15.58851], [-55.99653, -15.58743], [-55.99626, -15.58635], [-55.99464, -15.58447], [-55.99356, -15.58366], [-55.99383, -15.58339], [-55.99356, -15.58285], [-55.99222, -15.5815], [-55.99168, -15.57854], [-55.99087, -15.57773], [-55.99114, -15.57692], [-55.99033, -15.57611], [-55.9906, -15.57315], [-55.99033, -15.57288], [-55.99114, -15.57153], [-55.98871, -15.56938], [-55.98898, -15.56911], [-55.98898, -15.5683], [-55.98871, -15.56803], [-55.98656, -15.56803], [-55.98494, -15.56749], [-55.98413, -15.56641], [-55.98413, -15.56587], [-55.98359, -15.5656], [-55.98413, -15.56506], [-55.98467, -15.56533], [-55.98548, -15.56453], [-55.98602, -15.56453], [-55.98683, -15.56506], [-55.98817, -15.56426], [-55.98898, -15.56453], [-55.98979, -15.56345], [-55.9879, -15.56345], [-55.98602, -15.5621], [-55.98494, -15.5621], [-55.98467, -15.56237], [-55.98467, -15.56318], [-55.98413, -15.56372], [-55.98224, -15.56183], [-55.98278, -15.55994], [-55.98224, -15.5594], [-55.98251, -15.5586], [-55.98224, -15.55806], [-55.98413, -15.55671], [-55.98521, -15.55698], [-55.98656, -15.55536], [-55.98737, -15.55509], [-55.98683, -15.55401], [-55.9879, -15.55294], [-55.98817, -15.55186], [-55.98871, -15.55132], [-55.98898, -15.54997], [-55.98817, -15.5497], [-55.98737, -15.55051], [-55.98629, -15.55078], [-55.98494, -15.54943], [-55.9844, -15.5497], [-55.9844, -15.55051], [-55.98224, -15.5524], [-55.98171, -15.5524], [-55.98063, -15.55132], [-55.98117, -15.55078], [-55.9809, -15.55051], [-55.98171, -15.54997], [-55.98305, -15.54997], [-55.98332, -15.54916], [-55.98224, -15.54836], [-55.98224, -15.54755], [-55.98305, -15.54647], [-55.98305, -15.54512], [-55.98278, -15.54458], [-55.98117, -15.54485], [-55.98063, -15.54377], [-55.9809, -15.54297], [-55.98278, -15.54135], [-55.98278, -15.54081], [-55.98332, -15.54027], [-55.98386, -15.54027], [-55.98332, -15.53919], [-55.98251, -15.53946], [-55.98198, -15.53892], [-55.98144, -15.53758], [-55.98251, -15.53677], [-55.98278, -15.53623], [-55.98359, -15.53596], [-55.98386, -15.53623], [-55.98629, -15.53353], [-55.98737, -15.53299], [-55.98871, -15.53326], [-55.98925, -15.5338], [-55.98898, -15.53353], [-55.98898, -15.53272], [-55.98925, -15.53246], [-55.98925, -15.53138], [-55.99033, -15.5303], [-55.99006, -15.52922], [-55.99114, -15.52787], [-55.99114, -15.52707], [-55.98925, -15.52491], [-55.98817, -15.52518], [-55.9879, -15.52491], [-55.98629, -15.52545], [-55.98494, -15.52464], [-55.98521, -15.52599], [-55.98575, -15.52653], [-55.9844, -15.5276], [-55.9844, -15.52976], [-55.98386, -15.5303], [-55.98251, -15.53003], [-55.98198, -15.5303], [-55.98171, -15.53003], [-55.97982, -15.53219], [-55.97928, -15.53219], [-55.97901, -15.53165], [-55.97928, -15.53084], [-55.9782, -15.53057], [-55.97793, -15.53084], [-55.97659, -15.52949], [-55.97739, -15.5276], [-55.97632, -15.52653], [-55.97632, -15.52491], [-55.97524, -15.52491], [-55.9747, -15.52653], [-55.97335, -15.52545], [-55.97335, -15.52464], [-55.97254, -15.52356], [-55.97281, -15.52302], [-55.97254, -15.52275], [-55.97254, -15.52194], [-55.97173, -15.52141], [-55.97173, -15.5206], [-55.9712, -15.5206], [-55.97039, -15.51979], [-55.97039, -15.51871], [-55.97066, -15.51844], [-55.97227, -15.51817], [-55.97254, -15.51763], [-55.96823, -15.51332], [-55.97012, -15.51251], [-55.9712, -15.51251], [-55.97173, -15.51143], [-55.9712, -15.5109], [-55.97093, -15.50928], [-55.97147, -15.50874], [-55.97254, -15.50901], [-55.97335, -15.50982], [-55.97416, -15.50955], [-55.97524, -15.50847], [-55.97578, -15.50685], [-55.97632, -15.50631], [-55.97632, -15.50551], [-55.97686, -15.50497], [-55.97901, -15.50389], [-55.98036, -15.50362], [-55.9809, -15.50389], [-55.98117, -15.50308], [-55.98009, -15.502], [-55.98009, -15.50119], [-55.98063, -15.50012], [-55.98036, -15.49958], [-55.98171, -15.4985], [-55.98224, -15.49769], [-55.98278, -15.49823], [-55.98332, -15.49796], [-55.98467, -15.49796], [-55.98548, -15.49877], [-55.98737, -15.49904], [-55.98871, -15.49769], [-55.98925, -15.49769], [-55.99033, -15.49661], [-55.99114, -15.49661], [-55.99276, -15.49553], [-55.99329, -15.49473], [-55.99356, -15.49473], [-55.99356, -15.49419], [-55.9941, -15.49338], [-55.99383, -15.4923], [-55.99087, -15.48961], [-55.99033, -15.48799], [-55.98925, -15.48718], [-55.98925, -15.48664], [-55.98737, -15.48637], [-55.98683, -15.48583], [-55.98656, -15.48475], [-55.98602, -15.48449], [-55.98629, -15.48395], [-55.98763, -15.48287], [-55.98871, -15.48314], [-55.98898, -15.48287], [-55.98979, -15.48287], [-55.99087, -15.48179], [-55.99141, -15.48233], [-55.99329, -15.48287], [-55.99491, -15.48152], [-55.99491, -15.48098], [-55.99437, -15.48044], [-55.99437, -15.47963], [-55.99249, -15.47802], [-55.99195, -15.47802], [-55.99033, -15.47667], [-55.98871, -15.47721], [-55.9879, -15.47613], [-55.98844, -15.47586], [-55.98844, -15.47478], [-55.98952, -15.47371], [-55.98952, -15.47344], [-55.98871, -15.4729], [-55.98925, -15.47236], [-55.98871, -15.46993], [-55.98925, -15.46939], [-55.98925, -15.46805], [-55.99006, -15.46643], [-55.99114, -15.46535], [-55.99087, -15.46508], [-55.99087, -15.464], [-55.99033, -15.4632], [-55.99033, -15.46158], [-55.99114, -15.46077], [-55.99087, -15.45915], [-55.99006, -15.45834], [-55.99006, -15.45754], [-55.99141, -15.45619], [-55.99302, -15.45592], [-55.99329, -15.45619], [-55.99356, -15.45592], [-55.99383, -15.45619], [-55.99491, -15.45619], [-55.99518, -15.45592], [-55.99518, -15.45188], [-55.99545, -15.45161], [-55.99545, -15.45107], [-55.99464, -15.44972], [-55.99276, -15.44756], [-55.99168, -15.44676], [-55.99141, -15.44595], [-55.98979, -15.44406], [-55.99087, -15.44298], [-55.99114, -15.44325], [-55.99222, -15.44244], [-55.99222, -15.44217], [-55.99168, -15.4419], [-55.99033, -15.43921], [-55.9906, -15.43867], [-55.99033, -15.4384], [-55.9906, -15.43813], [-55.98979, -15.43625], [-55.99006, -15.43571], [-55.98979, -15.43544], [-55.99006, -15.43517], [-55.98817, -15.43436], [-55.98737, -15.43328], [-55.98763, -15.43301], [-55.98683, -15.4322], [-55.98737, -15.43139], [-55.9879, -15.43113], [-55.98871, -15.42978], [-55.98844, -15.4287], [-55.98871, -15.42843], [-55.98871, -15.42762], [-55.98817, -15.42627], [-55.98925, -15.42547], [-55.98979, -15.42547], [-55.98979, -15.42493], [-55.98925, -15.42439], [-55.98925, -15.42358], [-55.99033, -15.42196], [-55.99006, -15.42169], [-55.99006, -15.41981], [-55.99383, -15.41603], [-55.99329, -15.41523], [-55.99518, -15.41334], [-55.99518, -15.4128], [-55.99734, -15.41064], [-55.99815, -15.41172], [-55.99895, -15.41199], [-56.00111, -15.4101], [-56.00138, -15.4093], [-56.00192, -15.40903], [-56.00165, -15.40795], [-56.00246, -15.40714], [-56.00246, -15.40633], [-56.00327, -15.40525], [-56.003, -15.40445], [-56.00327, -15.40418], [-56.00327, -15.40337], [-56.00165, -15.40148], [-56.00084, -15.40121], [-55.99976, -15.40013], [-55.99922, -15.40013], [-55.99841, -15.39879], [-55.99707, -15.39771], [-55.99545, -15.39744], [-55.9941, -15.39663], [-55.99302, -15.39636], [-55.99087, -15.39393], [-55.99033, -15.39393], [-55.98979, -15.3934], [-55.98952, -15.39367], [-55.98898, -15.39313], [-55.98898, -15.39232], [-55.99087, -15.3907], [-55.99168, -15.3907], [-55.99276, -15.38908], [-55.99329, -15.38935], [-55.99464, -15.38935], [-55.99626, -15.38801], [-55.99707, -15.38855], [-55.99734, -15.38908], [-55.99922, -15.38908], [-55.99976, -15.38962], [-56.00111, -15.38935], [-56.00138, -15.38962], [-56.00434, -15.38989], [-56.00515, -15.38908], [-56.00515, -15.38881], [-56.00407, -15.38801], [-56.003, -15.38801], [-56.00084, -15.38639], [-56.00003, -15.38612], [-55.99922, -15.38504], [-55.99922, -15.38396], [-56.00003, -15.38369], [-55.99976, -15.38289], [-56.00192, -15.37992], [-56.00192, -15.37911], [-56.00057, -15.37965], [-55.99949, -15.37857], [-55.99976, -15.3783], [-55.99976, -15.37723], [-55.99868, -15.37615], [-55.99976, -15.37507], [-55.99976, -15.37318], [-55.99949, -15.37291], [-55.99949, -15.37157], [-55.99922, -15.37103], [-56.00084, -15.36914], [-56.00003, -15.36779], [-55.99949, -15.36483], [-56.00057, -15.36375], [-56.00111, -15.36375], [-56.00327, -15.3616], [-56.00407, -15.35863], [-56.00461, -15.35809], [-56.0038, -15.35701], [-56.00461, -15.35621], [-56.00488, -15.35486], [-56.00461, -15.35432], [-56.00731, -15.35216], [-56.00785, -15.35216], [-56.01081, -15.3554], [-56.01243, -15.35351], [-56.01243, -15.3527], [-56.01216, -15.35243], [-56.01243, -15.35216], [-56.01243, -15.35055], [-56.0127, -15.35028], [-56.01243, -15.35001], [-56.0127, -15.34974], [-56.01297, -15.34758], [-56.01216, -15.3465], [-56.01216, -15.3457], [-56.01297, -15.34489], [-56.01378, -15.34489], [-56.01485, -15.34435], [-56.01512, -15.34273], [-56.01593, -15.34192], [-56.01701, -15.34246], [-56.01836, -15.34246], [-56.01997, -15.34084], [-56.01755, -15.33788], [-56.01728, -15.33519], [-56.01782, -15.33438], [-56.0162, -15.33249], [-56.01647, -15.33168], [-56.01539, -15.33006], [-56.01351, -15.3298], [-56.01324, -15.32953], [-56.01297, -15.3298], [-56.01162, -15.32818], [-56.01135, -15.32737], [-56.00758, -15.33114], [-56.00677, -15.33114], [-56.00542, -15.33249], [-56.00488, -15.33141], [-56.00407, -15.33141], [-56.00246, -15.33276], [-56.00165, -15.33276], [-56.00138, -15.33303], [-56.00057, -15.33222], [-56.00003, -15.33222], [-55.99841, -15.3306], [-55.99599, -15.33033], [-55.99572, -15.33006], [-55.99545, -15.33033], [-55.99491, -15.33006], [-55.99437, -15.33033], [-55.99356, -15.3298], [-55.99383, -15.33087], [-55.99329, -15.33141], [-55.99329, -15.33276], [-55.99356, -15.33303], [-55.99329, -15.33357], [-55.9941, -15.33599], [-55.99141, -15.33896], [-55.99302, -15.34058], [-55.99276, -15.34165], [-55.99222, -15.34219], [-55.99249, -15.34273], [-55.99222, -15.34327], [-55.9941, -15.34516], [-55.99437, -15.34677], [-55.99545, -15.34866], [-55.99626, -15.34947], [-55.9968, -15.34947], [-55.99815, -15.35082], [-55.99815, -15.35243], [-55.99545, -15.35486], [-55.99491, -15.35378], [-55.99087, -15.35001], [-55.98952, -15.3492], [-55.98817, -15.3492], [-55.98521, -15.3465], [-55.98548, -15.34731], [-55.98359, -15.3492], [-55.98521, -15.35162], [-55.98548, -15.3527], [-55.98521, -15.35324], [-55.98656, -15.35513], [-55.98844, -15.35674], [-55.98871, -15.35728], [-55.98656, -15.36025], [-55.98467, -15.36213], [-55.98494, -15.3624], [-55.98494, -15.36321], [-55.98575, -15.36429], [-55.98629, -15.36618], [-55.98763, -15.36779], [-55.98817, -15.36806], [-55.98898, -15.36968], [-55.98979, -15.37049], [-55.9871, -15.37345], [-55.98817, -15.37534], [-55.98737, -15.37615], [-55.98737, -15.37723], [-55.9871, -15.3775], [-55.98763, -15.37803], [-55.98656, -15.38019], [-55.98737, -15.38127], [-55.98629, -15.38235], [-55.98602, -15.38316], [-55.98629, -15.38369], [-55.98548, -15.3845], [-55.98494, -15.38585], [-55.98386, -15.38693], [-55.98602, -15.38962], [-55.98548, -15.39016], [-55.98548, -15.39097], [-55.98494, -15.39151], [-55.9844, -15.39097], [-55.98278, -15.39232], [-55.9809, -15.3907], [-55.98009, -15.39097], [-55.97901, -15.38962], [-55.97928, -15.38935], [-55.97928, -15.38828], [-55.97874, -15.38747], [-55.97901, -15.3872], [-55.97793, -15.38531], [-55.9782, -15.38504], [-55.97766, -15.38504], [-55.97686, -15.38423], [-55.97605, -15.38235], [-55.97605, -15.38154], [-55.97551, -15.381], [-55.97578, -15.38019], [-55.97524, -15.37911], [-55.97551, -15.37884], [-55.97497, -15.37723], [-55.97524, -15.37642], [-55.97497, -15.37561], [-55.97362, -15.37534], [-55.97227, -15.37453], [-55.96985, -15.37507], [-55.96958, -15.37453], [-55.96931, -15.3748], [-55.96877, -15.37426], [-55.97012, -15.37264], [-55.97093, -15.37291], [-55.97173, -15.37238], [-55.97335, -15.37049], [-55.97281, -15.36995], [-55.97308, -15.36968], [-55.97147, -15.36887], [-55.96904, -15.36645], [-55.96634, -15.36483], [-55.96608, -15.36321], [-55.965, -15.36187], [-55.96581, -15.36079], [-55.96634, -15.36052], [-55.96661, -15.35944], [-55.96904, -15.35648], [-55.96958, -15.35648], [-55.96904, -15.35459], [-55.9685, -15.35378], [-55.96877, -15.35351], [-55.96796, -15.3527], [-55.96634, -15.35324], [-55.96554, -15.35405], [-55.96554, -15.35486], [-55.96527, -15.35513], [-55.96392, -15.35378], [-55.96338, -15.35405], [-55.96149, -15.35243], [-55.96015, -15.35055], [-55.96015, -15.34947], [-55.96095, -15.34866], [-55.96095, -15.34731], [-55.96149, -15.3457], [-55.96122, -15.34543], [-55.96149, -15.34516], [-55.96149, -15.34408], [-55.96365, -15.34165], [-55.96392, -15.34058], [-55.96473, -15.33977], [-55.96527, -15.34004], [-55.96608, -15.3395], [-55.96634, -15.33977], [-55.96715, -15.33896], [-55.96796, -15.33869], [-55.96823, -15.33896], [-55.96904, -15.33815], [-55.96985, -15.33788], [-55.97605, -15.33141], [-55.97578, -15.33114], [-55.97578, -15.32953], [-55.97551, -15.32899], [-55.97497, -15.32872], [-55.97389, -15.32953], [-55.97362, -15.32899], [-55.97308, -15.32872], [-55.972, -15.32899], [-55.97012, -15.33033], [-55.9685, -15.33033], [-55.96661, -15.33195], [-55.96581, -15.33195], [-55.96554, -15.33168], [-55.96473, -15.33249], [-55.96419, -15.33249], [-55.96257, -15.33357], [-55.96095, -15.3333], [-55.95853, -15.33438], [-55.95772, -15.3333], [-55.95691, -15.3333], [-55.9561, -15.33276], [-55.95556, -15.33303], [-55.95341, -15.33087], [-55.95368, -15.32926], [-55.95287, -15.32845], [-55.95287, -15.32764], [-55.95179, -15.32629], [-55.95179, -15.32521], [-55.95018, -15.32387], [-55.94991, -15.32279], [-55.94829, -15.32198], [-55.94748, -15.32198], [-55.94694, -15.32144], [-55.94613, -15.32144], [-55.9429, -15.31902], [-55.94209, -15.31875], [-55.94047, -15.31686], [-55.9394, -15.31767], [-55.9394, -15.31902], [-55.93913, -15.31928], [-55.9394, -15.3209], [-55.93913, -15.32117], [-55.93966, -15.32171], [-55.93993, -15.32387], [-55.93724, -15.32683], [-55.93751, -15.32845], [-55.93724, -15.32899], [-55.93778, -15.32926], [-55.93751, -15.32953], [-55.93778, -15.3298], [-55.93724, -15.33033], [-55.93697, -15.33006], [-55.93643, -15.3306], [-55.93589, -15.33006], [-55.93481, -15.33006], [-55.93347, -15.32899], [-55.93212, -15.32953], [-55.93131, -15.32953], [-55.92915, -15.3271], [-55.92781, -15.32602], [-55.92727, -15.32602], [-55.92862, -15.32764], [-55.92889, -15.32926], [-55.92942, -15.33006], [-55.9305, -15.33087], [-55.9305, -15.33249], [-55.93131, -15.3333], [-55.93131, -15.33519], [-55.93185, -15.33545], [-55.93185, -15.33599], [-55.93293, -15.3368], [-55.93454, -15.33545], [-55.93562, -15.33519], [-55.9367, -15.33599], [-55.93724, -15.3368], [-55.93859, -15.33734], [-55.93993, -15.33653], [-55.94128, -15.33788], [-55.94236, -15.33734], [-55.94371, -15.33734], [-55.94398, -15.33707], [-55.94505, -15.33815], [-55.94505, -15.33896], [-55.94559, -15.33977], [-55.94883, -15.34273], [-55.94883, -15.343], [-55.94937, -15.34246], [-55.95018, -15.34327], [-55.95018, -15.34381], [-55.95098, -15.34516], [-55.95233, -15.3465], [-55.9526, -15.34731], [-55.95341, -15.34785], [-55.95314, -15.34866], [-55.95368, -15.34947], [-55.95476, -15.34947], [-55.9553, -15.34893], [-55.95556, -15.34947], [-55.95637, -15.34974], [-55.95664, -15.35028], [-55.95664, -15.35162], [-55.95718, -15.35243], [-55.95664, -15.35378], [-55.95691, -15.35567], [-55.95503, -15.35755], [-55.95503, -15.35809], [-55.95314, -15.35971], [-55.95314, -15.36025], [-55.95368, -15.36052], [-55.95395, -15.36106], [-55.95341, -15.3616], [-55.95368, -15.36187], [-55.95314, -15.36267], [-55.95044, -15.36483], [-55.94748, -15.3624], [-55.94694, -15.36106], [-55.94586, -15.36025], [-55.94532, -15.36025], [-55.94505, -15.36133], [-55.94344, -15.36294], [-55.94263, -15.36321], [-55.94209, -15.36267], [-55.94182, -15.36294], [-55.93859, -15.35971], [-55.93832, -15.35998], [-55.93697, -15.35863], [-55.93724, -15.35809], [-55.93643, -15.35728], [-55.93643, -15.35648], [-55.93374, -15.35459], [-55.93266, -15.35486], [-55.93185, -15.35567], [-55.93158, -15.3554], [-55.92808, -15.35513], [-55.92754, -15.35324], [-55.92781, -15.35297], [-55.92754, -15.35055], [-55.92781, -15.35001], [-55.92673, -15.3492], [-55.927, -15.34785], [-55.92646, -15.34731], [-55.92673, -15.3465], [-55.92781, -15.34516], [-55.92727, -15.34462], [-55.92646, -15.34516], [-55.92592, -15.34516], [-55.92538, -15.34462], [-55.92376, -15.34435], [-55.92161, -15.34219], [-55.92134, -15.34138], [-55.92053, -15.34084], [-55.91972, -15.34084], [-55.91891, -15.34165], [-55.91891, -15.34219], [-55.91676, -15.34408], [-55.91757, -15.34516], [-55.9173, -15.34623], [-55.91757, -15.34677], [-55.91676, -15.34758], [-55.91622, -15.34704], [-55.9146, -15.34758], [-55.91352, -15.34839], [-55.91272, -15.34974], [-55.91191, -15.35028], [-55.91029, -15.34866], [-55.91002, -15.34758], [-55.90786, -15.3457], [-55.90813, -15.34462], [-55.90733, -15.34327], [-55.90571, -15.34219], [-55.90544, -15.34165], [-55.90436, -15.34165], [-55.90167, -15.34031], [-55.90194, -15.34004], [-55.90194, -15.33923], [-55.90032, -15.33734], [-55.90059, -15.33653], [-55.90032, -15.33599], [-55.90113, -15.33438], [-55.90113, -15.33168], [-55.90221, -15.3306], [-55.89978, -15.32926], [-55.89924, -15.32926], [-55.89789, -15.32791], [-55.89628, -15.32683], [-55.89439, -15.32467], [-55.89277, -15.32414], [-55.89116, -15.32306], [-55.88873, -15.32225], [-55.88819, -15.32252], [-55.88792, -15.32225], [-55.88604, -15.32225], [-55.88577, -15.32198], [-55.8855, -15.32225], [-55.88442, -15.32171], [-55.88361, -15.32171], [-55.88334, -15.32198], [-55.8828, -15.32144], [-55.88253, -15.32171], [-55.88065, -15.3209], [-55.88038, -15.32117], [-55.87957, -15.32117], [-55.87795, -15.32009], [-55.87714, -15.32009], [-55.87553, -15.32144], [-55.87687, -15.32279], [-55.8766, -15.3236], [-55.87687, -15.32441], [-55.87849, -15.3271], [-55.87822, -15.32737], [-55.87849, -15.32764], [-55.87849, -15.33114], [-55.87876, -15.33168], [-55.87768, -15.33357], [-55.87768, -15.33411], [-55.87687, -15.33438], [-55.87499, -15.33357], [-55.87256, -15.33572], [-55.87148, -15.33599], [-55.8704, -15.3368], [-55.87014, -15.33653], [-55.86987, -15.3368], [-55.86825, -15.3368], [-55.86636, -15.33761], [-55.86421, -15.33788], [-55.86178, -15.33923], [-55.8607, -15.34031], [-55.85989, -15.34004], [-55.85666, -15.34327], [-55.85531, -15.34327], [-55.85262, -15.34596], [-55.85127, -15.34516], [-55.84992, -15.34381], [-55.84911, -15.34435], [-55.84723, -15.34219], [-55.8475, -15.34192], [-55.84723, -15.34111], [-55.8475, -15.34031], [-55.84696, -15.33977], [-55.84426, -15.33923], [-55.84346, -15.33842], [-55.84292, -15.33869], [-55.8413, -15.33761], [-55.84022, -15.33653], [-55.83968, -15.33465], [-55.8378, -15.33303], [-55.83753, -15.33195], [-55.83294, -15.32737], [-55.83187, -15.3271], [-55.83079, -15.32602], [-55.82998, -15.32602], [-55.82944, -15.32548], [-55.82809, -15.32521], [-55.82756, -15.32467]]]]}}, {"type": "Feature", "properties": {"nome": "Córrego Caité", "area": 12.8, "urb": 1.84, "pct_urb": 14.4, "lx": -56.02509, "ly": -15.72191}, "geometry": {"type": "MultiPolygon", "coordinates": [[[[-56.05097, -15.72191], [-56.04935, -15.72056], [-56.04665, -15.72056], [-56.04126, -15.71517], [-56.04073, -15.71571], [-56.03965, -15.71463], [-56.0383, -15.71436], [-56.03614, -15.71221], [-56.03507, -15.71194], [-56.03372, -15.71113], [-56.0321, -15.70951], [-56.03156, -15.70978], [-56.03129, -15.70951], [-56.03021, -15.70951], [-56.02995, -15.70978], [-56.0286, -15.70897], [-56.02779, -15.70897], [-56.02698, -15.70817], [-56.02456, -15.70736], [-56.02402, -15.70601], [-56.02213, -15.70682], [-56.02105, -15.70628], [-56.01917, -15.7079], [-56.01836, -15.70736], [-56.01458, -15.70763], [-56.01405, -15.70709], [-56.01324, -15.7079], [-56.01324, -15.70924], [-56.0127, -15.70978], [-56.01108, -15.71005], [-56.00973, -15.71167], [-56.01, -15.71248], [-56.00973, -15.71275], [-56.00919, -15.71248], [-56.00866, -15.71275], [-56.00785, -15.71409], [-56.00704, -15.71356], [-56.00731, -15.71329], [-56.00569, -15.7114], [-56.00515, -15.71167], [-56.00461, -15.71113], [-56.003, -15.71086], [-56.00246, -15.7114], [-56.00192, -15.7114], [-56.00219, -15.71302], [-56.00192, -15.71383], [-56.00354, -15.71544], [-56.00354, -15.71733], [-56.003, -15.71814], [-56.00461, -15.71948], [-56.00515, -15.71948], [-56.00569, -15.72002], [-56.00731, -15.72056], [-56.00785, -15.7211], [-56.00839, -15.72083], [-56.01243, -15.72487], [-56.01216, -15.72541], [-56.01297, -15.72622], [-56.01189, -15.72946], [-56.0065, -15.73458], [-56.00677, -15.73512], [-56.00569, -15.73619], [-56.00623, -15.73673], [-56.00569, -15.73727], [-56.01162, -15.74239], [-56.01135, -15.74266], [-56.01189, -15.74374], [-56.0127, -15.74428], [-56.01351, -15.74347], [-56.01405, -15.74347], [-56.01512, -15.74482], [-56.01485, -15.74509], [-56.01512, -15.74482], [-56.01539, -15.74509], [-56.01647, -15.74509], [-56.01701, -15.74428], [-56.01863, -15.74482], [-56.02105, -15.74239], [-56.02186, -15.74212], [-56.02267, -15.74293], [-56.02402, -15.74266], [-56.02429, -15.74293], [-56.02509, -15.74293], [-56.02509, -15.74212], [-56.02402, -15.74104], [-56.02429, -15.73997], [-56.02348, -15.73754], [-56.02429, -15.73673], [-56.02483, -15.73673], [-56.02563, -15.73565], [-56.02671, -15.73538], [-56.02725, -15.73619], [-56.02914, -15.73565], [-56.03021, -15.73619], [-56.03156, -15.73512], [-56.03237, -15.73512], [-56.03345, -15.73431], [-56.03426, -15.73431], [-56.03587, -15.73296], [-56.03641, -15.73215], [-56.03722, -15.73161], [-56.03776, -15.73161], [-56.04019, -15.72973], [-56.0418, -15.73161], [-56.04261, -15.73215], [-56.04315, -15.73215], [-56.04558, -15.72973], [-56.04638, -15.72999], [-56.04665, -15.72973], [-56.04692, -15.72999], [-56.04746, -15.72973], [-56.04773, -15.72892], [-56.04719, -15.72811], [-56.04854, -15.72676], [-56.04881, -15.72514], [-56.0507, -15.72326], [-56.05043, -15.72272], [-56.05097, -15.72191]]]]}}, {"type": "Feature", "properties": {"nome": "Córrego Para-Tudo", "area": 5.45, "urb": 5.45, "pct_urb": 100.0, "lx": -55.97955, "ly": -15.63756}, "geometry": {"type": "MultiPolygon", "coordinates": [[[[-55.99761, -15.6451], [-55.99734, -15.64403], [-55.99653, -15.64322], [-55.9968, -15.64268], [-55.9968, -15.64133], [-55.99653, -15.64106], [-55.99599, -15.64133], [-55.99249, -15.6381], [-55.99222, -15.63837], [-55.9906, -15.63675], [-55.98925, -15.63702], [-55.98602, -15.63298], [-55.98521, -15.63325], [-55.98494, -15.63298], [-55.98494, -15.63136], [-55.98413, -15.63055], [-55.9844, -15.63028], [-55.98386, -15.62974], [-55.98386, -15.6284], [-55.98305, -15.62732], [-55.98251, -15.62705], [-55.98144, -15.62705], [-55.98117, -15.62786], [-55.98198, -15.6284], [-55.98198, -15.6292], [-55.98144, -15.62974], [-55.97955, -15.62947], [-55.97874, -15.63001], [-55.9782, -15.62947], [-55.97793, -15.63028], [-55.97712, -15.63109], [-55.97632, -15.63109], [-55.97524, -15.62974], [-55.97416, -15.63055], [-55.97362, -15.63136], [-55.97254, -15.63055], [-55.97039, -15.63055], [-55.96769, -15.63271], [-55.96715, -15.6319], [-55.96608, -15.63109], [-55.96473, -15.63217], [-55.96392, -15.63163], [-55.96311, -15.63244], [-55.96257, -15.63244], [-55.96149, -15.63352], [-55.96015, -15.63271], [-55.95853, -15.63405], [-55.95745, -15.63352], [-55.95745, -15.63405], [-55.95664, -15.63486], [-55.95799, -15.63648], [-55.95826, -15.63621], [-55.95961, -15.63756], [-55.96042, -15.63756], [-55.96069, -15.6381], [-55.96203, -15.63756], [-55.9623, -15.63702], [-55.96284, -15.63702], [-55.96365, -15.63756], [-55.96608, -15.63729], [-55.96688, -15.6381], [-55.96661, -15.63864], [-55.96877, -15.64106], [-55.96877, -15.64187], [-55.96958, -15.64268], [-55.97066, -15.64268], [-55.97227, -15.64322], [-55.97362, -15.64214], [-55.9747, -15.64295], [-55.97497, -15.64349], [-55.9747, -15.64376], [-55.9747, -15.64483], [-55.97605, -15.6451], [-55.97686, -15.64591], [-55.97739, -15.64537], [-55.9782, -15.64618], [-55.97955, -15.6451], [-55.98036, -15.64591], [-55.98171, -15.64591], [-55.98278, -15.64672], [-55.98332, -15.64672], [-55.98467, -15.64834], [-55.98575, -15.64834], [-55.98683, -15.64942], [-55.98737, -15.64942], [-55.98817, -15.65022], [-55.98979, -15.65076], [-55.99114, -15.65184], [-55.99141, -15.65184], [-55.99222, -15.65049], [-55.99356, -15.65049], [-55.99383, -15.65076], [-55.99383, -15.65022], [-55.99437, -15.64995], [-55.99545, -15.64861], [-55.99545, -15.64699], [-55.99761, -15.6451]]]]}}, {"type": "Feature", "properties": {"nome": "Córrego do Moinho", "area": 11.5, "urb": 11.5, "pct_urb": 100.0, "lx": -56.0348, "ly": -15.62678}, "geometry": {"type": "MultiPolygon", "coordinates": [[[[-56.03803, -15.59471], [-56.03695, -15.59552], [-56.03587, -15.59471], [-56.03587, -15.59525], [-56.03453, -15.59659], [-56.03372, -15.59579], [-56.03291, -15.59579], [-56.03264, -15.59552], [-56.03156, -15.59606], [-56.02914, -15.59525], [-56.02887, -15.59552], [-56.02779, -15.59552], [-56.02671, -15.59659], [-56.02698, -15.59929], [-56.02752, -15.59956], [-56.02779, -15.60145], [-56.02725, -15.60198], [-56.02752, -15.60252], [-56.02671, -15.60333], [-56.02698, -15.6036], [-56.02671, -15.60387], [-56.02698, -15.60441], [-56.02617, -15.60576], [-56.02644, -15.6063], [-56.02483, -15.60818], [-56.02429, -15.60818], [-56.02348, -15.60926], [-56.0224, -15.61007], [-56.02267, -15.61142], [-56.0224, -15.61196], [-56.02294, -15.6125], [-56.02294, -15.6133], [-56.0224, -15.61384], [-56.0224, -15.61465], [-56.02321, -15.61546], [-56.02267, -15.61654], [-56.02483, -15.61869], [-56.02483, -15.61923], [-56.02429, -15.61977], [-56.02375, -15.6195], [-56.02294, -15.62058], [-56.0224, -15.62085], [-56.02267, -15.62112], [-56.0224, -15.62139], [-56.02267, -15.62193], [-56.02078, -15.62327], [-56.02078, -15.62462], [-56.02159, -15.6257], [-56.02213, -15.62759], [-56.02105, -15.62893], [-56.02105, -15.62974], [-56.0224, -15.6319], [-56.0224, -15.63271], [-56.02267, -15.63298], [-56.02267, -15.63459], [-56.02186, -15.6354], [-56.02321, -15.63675], [-56.02509, -15.63648], [-56.02671, -15.63702], [-56.02833, -15.63837], [-56.02887, -15.63837], [-56.03048, -15.64025], [-56.03102, -15.64025], [-56.03156, -15.64079], [-56.03183, -15.64052], [-56.03318, -15.64052], [-56.0348, -15.63971], [-56.0356, -15.63998], [-56.03776, -15.63998], [-56.03911, -15.63891], [-56.03884, -15.6381], [-56.03911, -15.63783], [-56.04019, -15.63864], [-56.04019, -15.63891], [-56.0418, -15.63918], [-56.04342, -15.63756], [-56.04423, -15.63729], [-56.04396, -15.63621], [-56.04423, -15.63594], [-56.04423, -15.63459], [-56.0445, -15.63432], [-56.04585, -15.63432], [-56.04665, -15.63352], [-56.04692, -15.63217], [-56.04665, -15.6319], [-56.04773, -15.63109], [-56.04773, -15.62947], [-56.04854, -15.62866], [-56.048, -15.62705], [-56.04854, -15.62624], [-56.048, -15.62624], [-56.04746, -15.62543], [-56.04692, -15.62516], [-56.04719, -15.62408], [-56.04692, -15.62381], [-56.04719, -15.62354], [-56.04692, -15.62327], [-56.048, -15.62193], [-56.04908, -15.62193], [-56.04962, -15.62112], [-56.04908, -15.61977], [-56.04908, -15.61869], [-56.04854, -15.61896], [-56.04746, -15.61788], [-56.04719, -15.61519], [-56.048, -15.61384], [-56.04612, -15.61115], [-56.04746, -15.60818], [-56.04692, -15.60737], [-56.04692, -15.60603], [-56.04531, -15.60603], [-56.0445, -15.60522], [-56.04585, -15.60387], [-56.04612, -15.60279], [-56.04477, -15.60172], [-56.04342, -15.60306], [-56.04234, -15.60279], [-56.04099, -15.60118], [-56.04046, -15.60091], [-56.04073, -15.60037], [-56.04019, -15.59983], [-56.03938, -15.6001], [-56.03803, -15.59875], [-56.03938, -15.5974], [-56.03965, -15.59767], [-56.04046, -15.59659], [-56.03965, -15.59552], [-56.03884, -15.59552], [-56.03803, -15.59471]]]]}}, {"type": "Feature", "properties": {"nome": "Córrego São José do Sapateiro", "area": 3.61, "urb": 2.77, "pct_urb": 76.6, "lx": -55.98763, "ly": -15.60872}, "geometry": {"type": "MultiPolygon", "coordinates": [[[[-55.99895, -15.59794], [-55.99841, -15.59821], [-55.99815, -15.59875], [-55.99734, -15.59848], [-55.99653, -15.59767], [-55.99626, -15.59794], [-55.99518, -15.59794], [-55.99437, -15.59713], [-55.99383, -15.59713], [-55.99302, -15.59794], [-55.99114, -15.59794], [-55.98629, -15.60225], [-55.98548, -15.60172], [-55.98413, -15.60279], [-55.98224, -15.60225], [-55.98171, -15.60306], [-55.98036, -15.60387], [-55.97982, -15.60468], [-55.97982, -15.60603], [-55.97901, -15.60684], [-55.98009, -15.60684], [-55.98117, -15.60818], [-55.9809, -15.60953], [-55.98171, -15.61088], [-55.98117, -15.61196], [-55.98117, -15.6125], [-55.98171, -15.61303], [-55.98144, -15.6133], [-55.98144, -15.61519], [-55.98198, -15.616], [-55.98171, -15.61627], [-55.98171, -15.61762], [-55.9809, -15.61842], [-55.98171, -15.61923], [-55.98251, -15.6195], [-55.98251, -15.62031], [-55.98224, -15.62058], [-55.98251, -15.62085], [-55.98386, -15.62112], [-55.9844, -15.62031], [-55.98467, -15.62058], [-55.98548, -15.62058], [-55.98737, -15.61923], [-55.98844, -15.62004], [-55.98844, -15.62031], [-55.98898, -15.61977], [-55.98952, -15.61977], [-55.99006, -15.62031], [-55.99222, -15.61815], [-55.99195, -15.61788], [-55.99329, -15.61681], [-55.9941, -15.61708], [-55.99464, -15.616], [-55.99329, -15.61384], [-55.99383, -15.61303], [-55.99329, -15.61061], [-55.99599, -15.60764], [-55.99626, -15.60791], [-55.99707, -15.60737], [-55.99895, -15.60549], [-56.00003, -15.60495], [-55.99922, -15.60387], [-55.99922, -15.60225], [-55.99868, -15.60145], [-55.99922, -15.60037], [-56.00057, -15.59956], [-55.99976, -15.59902], [-55.99895, -15.59794]]]]}}, {"type": "Feature", "properties": {"nome": "Córrego Castelhano", "area": 1.97, "urb": 1.97, "pct_urb": 100.0, "lx": -55.99707, "ly": -15.63432}, "geometry": {"type": "MultiPolygon", "coordinates": [[[[-55.9844, -15.63055], [-55.98521, -15.63136], [-55.98521, -15.63298], [-55.98602, -15.63271], [-55.98925, -15.63675], [-55.9906, -15.63648], [-55.99222, -15.6381], [-55.99249, -15.63783], [-55.99599, -15.64106], [-55.99653, -15.64079], [-55.99707, -15.6416], [-56.00003, -15.63864], [-56.00057, -15.63864], [-56.00327, -15.63594], [-56.00354, -15.63459], [-56.003, -15.63405], [-56.00461, -15.63217], [-56.00273, -15.63001], [-56.00273, -15.62947], [-56.00219, -15.62947], [-56.00138, -15.62866], [-56.00057, -15.6292], [-55.99949, -15.6292], [-55.99868, -15.6284], [-55.99841, -15.62866], [-55.99815, -15.6284], [-55.99653, -15.62893], [-55.99464, -15.62705], [-55.99437, -15.62705], [-55.99383, -15.62786], [-55.99329, -15.62759], [-55.99195, -15.62813], [-55.99168, -15.62786], [-55.99087, -15.62866], [-55.98925, -15.6292], [-55.9879, -15.63055], [-55.9871, -15.63055], [-55.98656, -15.63109], [-55.98629, -15.63082], [-55.98575, -15.63136], [-55.98548, -15.63109], [-55.98521, -15.63136], [-55.9844, -15.63055]]]]}}, {"type": "Feature", "properties": {"nome": "Córrego Bufante", "area": 0.92, "urb": 0.92, "pct_urb": 100.0, "lx": -56.0957, "ly": -15.57989}, "geometry": {"type": "MultiPolygon", "coordinates": [[[[-56.09489, -15.57477], [-56.09409, -15.57584], [-56.09274, -15.57692], [-56.0922, -15.57665], [-56.0922, -15.57719], [-56.09139, -15.578], [-56.09193, -15.57908], [-56.09031, -15.58043], [-56.09031, -15.58096], [-56.08977, -15.5815], [-56.09166, -15.58285], [-56.0922, -15.58258], [-56.09328, -15.58339], [-56.09355, -15.58312], [-56.0957, -15.58555], [-56.09705, -15.58635], [-56.09974, -15.5842], [-56.09894, -15.58204], [-56.10001, -15.58069], [-56.10028, -15.57989], [-56.09974, -15.57935], [-56.09974, -15.57881], [-56.10082, -15.57827], [-56.10109, -15.57854], [-56.10082, -15.57827], [-56.10109, -15.57746], [-56.10028, -15.57692], [-56.09974, -15.57746], [-56.09948, -15.57719], [-56.09921, -15.57746], [-56.09705, -15.5753], [-56.09651, -15.5753], [-56.09597, -15.57477], [-56.09543, -15.57504], [-56.09489, -15.57477]]]]}}, {"type": "Feature", "properties": {"nome": "Córrego da Pinheira", "area": 3.45, "urb": 2.52, "pct_urb": 72.9, "lx": -56.12939, "ly": -15.55806}, "geometry": {"type": "MultiPolygon", "coordinates": [[[[-56.11106, -15.53785], [-56.11241, -15.53973], [-56.11268, -15.54135], [-56.1143, -15.54297], [-56.11403, -15.54377], [-56.11511, -15.54485], [-56.11511, -15.54566], [-56.11564, -15.54674], [-56.11538, -15.54997], [-56.11457, -15.55051], [-56.11403, -15.55051], [-56.11564, -15.5524], [-56.11564, -15.55294], [-56.11645, -15.55428], [-56.11807, -15.55375], [-56.11969, -15.55536], [-56.1213, -15.55644], [-56.12211, -15.55725], [-56.12238, -15.55914], [-56.12346, -15.56021], [-56.124, -15.56021], [-56.12562, -15.56183], [-56.12562, -15.56237], [-56.12589, -15.5621], [-56.12669, -15.5621], [-56.12804, -15.56318], [-56.12993, -15.56345], [-56.13154, -15.56506], [-56.13235, -15.56479], [-56.13289, -15.56533], [-56.13289, -15.56587], [-56.13397, -15.56614], [-56.13451, -15.56668], [-56.13586, -15.56587], [-56.1372, -15.56426], [-56.13801, -15.56479], [-56.13828, -15.5656], [-56.13882, -15.56533], [-56.13936, -15.56587], [-56.1399, -15.56587], [-56.1399, -15.56426], [-56.13963, -15.56372], [-56.13855, -15.56264], [-56.13774, -15.56237], [-56.13801, -15.56129], [-56.13774, -15.56102], [-56.13801, -15.56048], [-56.13774, -15.55994], [-56.13586, -15.55833], [-56.13532, -15.55671], [-56.13451, -15.5559], [-56.13424, -15.55482], [-56.13316, -15.55348], [-56.13262, -15.55401], [-56.13208, -15.55401], [-56.12993, -15.5524], [-56.12966, -15.55267], [-56.12858, -15.55267], [-56.12642, -15.55024], [-56.12319, -15.54782], [-56.12265, -15.54701], [-56.12265, -15.54647], [-56.12157, -15.54539], [-56.12157, -15.54458], [-56.12103, -15.5435], [-56.11888, -15.54135], [-56.11699, -15.54054], [-56.1143, -15.53731], [-56.11349, -15.53731], [-56.11268, -15.5365], [-56.11268, -15.53704], [-56.11214, -15.53758], [-56.11106, -15.53785]]]]}}, {"type": "Feature", "properties": {"nome": "Ribeirão do Lipa", "area": 198.94, "urb": 15.97, "pct_urb": 8.0, "lx": -56.14987, "ly": -15.27805}, "geometry": {"type": "MultiPolygon", "coordinates": [[[[-56.12023, -15.21822], [-56.12103, -15.21984], [-56.12184, -15.22065], [-56.12184, -15.22146], [-56.12265, -15.22227], [-56.12211, -15.22308], [-56.12157, -15.22254], [-56.1213, -15.22361], [-56.12023, -15.22442], [-56.11969, -15.22442], [-56.11915, -15.22523], [-56.11753, -15.22442], [-56.11645, -15.2255], [-56.11699, -15.22658], [-56.11834, -15.22766], [-56.11834, -15.2282], [-56.11888, -15.229], [-56.11969, -15.22927], [-56.1213, -15.23089], [-56.12238, -15.23062], [-56.12319, -15.23116], [-56.12373, -15.23278], [-56.12508, -15.23386], [-56.12535, -15.23359], [-56.12616, -15.23359], [-56.12939, -15.23655], [-56.12939, -15.23763], [-56.12993, -15.23844], [-56.13208, -15.24032], [-56.13128, -15.24113], [-56.13154, -15.24194], [-56.13208, -15.24248], [-56.13343, -15.24275], [-56.13478, -15.2441], [-56.13505, -15.24463], [-56.13505, -15.24625], [-56.1364, -15.24814], [-56.13532, -15.24922], [-56.13424, -15.25164], [-56.13451, -15.2538], [-56.13532, -15.25488], [-56.13478, -15.25568], [-56.13505, -15.2573], [-56.13478, -15.25784], [-56.13424, -15.25811], [-56.13262, -15.26], [-56.13181, -15.26], [-56.13101, -15.26054], [-56.13101, -15.26188], [-56.12912, -15.2635], [-56.12804, -15.26323], [-56.12777, -15.26269], [-56.12669, -15.26269], [-56.12642, -15.26242], [-56.12589, -15.26242], [-56.12454, -15.26377], [-56.12319, -15.26323], [-56.12265, -15.26269], [-56.1213, -15.26296], [-56.12077, -15.2635], [-56.12103, -15.26377], [-56.12103, -15.26458], [-56.11942, -15.26673], [-56.11942, -15.2697], [-56.11915, -15.27024], [-56.11645, -15.27266], [-56.11591, -15.27239], [-56.11511, -15.27293], [-56.11268, -15.26997], [-56.11295, -15.26943], [-56.11241, -15.26889], [-56.11079, -15.26889], [-56.10972, -15.26997], [-56.10837, -15.26997], [-56.10783, -15.27051], [-56.10729, -15.27051], [-56.10621, -15.26943], [-56.10406, -15.26835], [-56.10136, -15.26539], [-56.10055, -15.26512], [-56.09948, -15.26377], [-56.09786, -15.26323], [-56.09732, -15.26242], [-56.09624, -15.26215], [-56.09516, -15.26107], [-56.09543, -15.26054], [-56.09489, -15.25973], [-56.09462, -15.25838], [-56.09301, -15.25622], [-56.09274, -15.2573], [-56.09193, -15.25784], [-56.0922, -15.25838], [-56.09004, -15.26], [-56.08923, -15.25973], [-56.0887, -15.26027], [-56.08789, -15.26027], [-56.08708, -15.25973], [-56.08654, -15.25973], [-56.08492, -15.26107], [-56.08357, -15.2608], [-56.08223, -15.26161], [-56.08142, -15.26107], [-56.08115, -15.26215], [-56.08277, -15.26404], [-56.08331, -15.26377], [-56.08438, -15.26458], [-56.08357, -15.26512], [-56.0825, -15.26646], [-56.08357, -15.26727], [-56.08357, -15.26754], [-56.08438, -15.26781], [-56.08519, -15.26727], [-56.08681, -15.26781], [-56.08735, -15.26754], [-56.0887, -15.26754], [-56.08923, -15.26835], [-56.09112, -15.26943], [-56.09166, -15.27024], [-56.0922, -15.27051], [-56.09247, -15.27131], [-56.09382, -15.27266], [-56.09462, -15.27293], [-56.09435, -15.27374], [-56.09274, -15.27536], [-56.09274, -15.2759], [-56.0922, -15.27644], [-56.09328, -15.27967], [-56.09328, -15.28048], [-56.09435, -15.28183], [-56.09489, -15.28183], [-56.09678, -15.28048], [-56.09948, -15.2767], [-56.10055, -15.27563], [-56.10109, -15.27563], [-56.10271, -15.27374], [-56.10298, -15.27401], [-56.10325, -15.27374], [-56.10406, -15.27482], [-56.10621, -15.27482], [-56.10648, -15.27509], [-56.10675, -15.27482], [-56.10783, -15.27644], [-56.10756, -15.2767], [-56.10756, -15.27778], [-56.10594, -15.2794], [-56.10621, -15.27967], [-56.10621, -15.28075], [-56.10675, -15.28156], [-56.10702, -15.28129], [-56.1081, -15.28129], [-56.10891, -15.28209], [-56.10918, -15.28317], [-56.11025, -15.28425], [-56.10972, -15.28506], [-56.10999, -15.28614], [-56.11322, -15.28991], [-56.11403, -15.29018], [-56.11511, -15.29018], [-56.11726, -15.28775], [-56.11726, -15.28722], [-56.1178, -15.28668], [-56.11861, -15.28668], [-56.11996, -15.28587], [-56.11915, -15.28479], [-56.12023, -15.28344], [-56.12077, -15.28344], [-56.12265, -15.28156], [-56.12265, -15.28075], [-56.12292, -15.28048], [-56.12373, -15.28048], [-56.124, -15.28021], [-56.12373, -15.27967], [-56.12508, -15.27805], [-56.12589, -15.27778], [-56.12669, -15.27832], [-56.1275, -15.27832], [-56.12777, -15.27805], [-56.12939, -15.27994], [-56.12912, -15.28021], [-56.12939, -15.28048], [-56.12993, -15.28048], [-56.13074, -15.28129], [-56.13181, -15.28156], [-56.13235, -15.28209], [-56.13262, -15.28452], [-56.13289, -15.28479], [-56.13262, -15.28641], [-56.13424, -15.28829], [-56.1372, -15.28964], [-56.13774, -15.28937], [-56.13963, -15.28991], [-56.13909, -15.29153], [-56.13963, -15.29287], [-56.14098, -15.29449], [-56.14044, -15.29503], [-56.14044, -15.29584], [-56.14017, -15.29611], [-56.14044, -15.29665], [-56.13909, -15.29799], [-56.13855, -15.29907], [-56.13882, -15.29934], [-56.13963, -15.29934], [-56.1399, -15.29907], [-56.14017, -15.29934], [-56.14152, -15.29934], [-56.14179, -15.29907], [-56.14313, -15.29907], [-56.14421, -15.29826], [-56.14529, -15.29826], [-56.14664, -15.29907], [-56.14798, -15.29907], [-56.14825, -15.2988], [-56.14933, -15.2988], [-56.15068, -15.29692], [-56.15122, -15.29665], [-56.15257, -15.29665], [-56.15445, -15.2988], [-56.15472, -15.30015], [-56.1558, -15.30123], [-56.15607, -15.30312], [-56.15688, -15.30392], [-56.15769, -15.30581], [-56.15957, -15.30635], [-56.16092, -15.30635], [-56.16146, -15.30689], [-56.16254, -15.30689], [-56.16361, -15.30635], [-56.16388, -15.30689], [-56.16361, -15.30716], [-56.16442, -15.30851], [-56.16442, -15.30931], [-56.16523, -15.30904], [-56.16658, -15.31012], [-56.16712, -15.31012], [-56.16874, -15.31174], [-56.17008, -15.31201], [-56.17062, -15.31174], [-56.17224, -15.31309], [-56.17251, -15.3139], [-56.17466, -15.31578], [-56.17628, -15.31686], [-56.17709, -15.31686], [-56.17871, -15.31902], [-56.18032, -15.31902], [-56.18113, -15.31821], [-56.18167, -15.31875], [-56.18167, -15.31928], [-56.18221, -15.32009], [-56.18356, -15.32117], [-56.18437, -15.32252], [-56.1849, -15.32225], [-56.18571, -15.32306], [-56.18571, -15.32387], [-56.1849, -15.32467], [-56.18464, -15.32548], [-56.18517, -15.32602], [-56.18598, -15.32602], [-56.18652, -15.32656], [-56.18652, -15.3271], [-56.18733, -15.32764], [-56.1876, -15.32845], [-56.1849, -15.33114], [-56.18544, -15.33168], [-56.18517, -15.33222], [-56.18544, -15.33303], [-56.18437, -15.33411], [-56.18437, -15.33465], [-56.1849, -15.33519], [-56.18571, -15.33519], [-56.18598, -15.33545], [-56.18625, -15.33519], [-56.18679, -15.33599], [-56.18706, -15.33572], [-56.18787, -15.33599], [-56.18922, -15.33465], [-56.19003, -15.33465], [-56.19137, -15.33357], [-56.19218, -15.33357], [-56.19245, -15.3333], [-56.19299, -15.3333], [-56.19488, -15.33465], [-56.1973, -15.33438], [-56.19784, -15.33519], [-56.19784, -15.33599], [-56.19865, -15.33599], [-56.2, -15.33492], [-56.20081, -15.33572], [-56.19865, -15.33707], [-56.19946, -15.33734], [-56.2, -15.33842], [-56.2, -15.33896], [-56.19919, -15.33977], [-56.19946, -15.34165], [-56.20027, -15.34246], [-56.20107, -15.34219], [-56.20215, -15.343], [-56.20269, -15.343], [-56.2035, -15.34219], [-56.20404, -15.34246], [-56.20593, -15.34058], [-56.20485, -15.33815], [-56.20512, -15.33788], [-56.20512, -15.3368], [-56.20431, -15.33599], [-56.20539, -15.33465], [-56.20593, -15.33465], [-56.207, -15.33599], [-56.20916, -15.33626], [-56.20943, -15.33707], [-56.21051, -15.33815], [-56.21051, -15.34004], [-56.20997, -15.34084], [-56.20997, -15.34138], [-56.21105, -15.34273], [-56.21078, -15.34354], [-56.21105, -15.34381], [-56.21051, -15.34435], [-56.21051, -15.34489], [-56.21212, -15.3465], [-56.21293, -15.34623], [-56.2132, -15.3465], [-56.21455, -15.3465], [-56.21509, -15.34677], [-56.21671, -15.34893], [-56.21751, -15.34947], [-56.21724, -15.34974], [-56.21751, -15.35001], [-56.21697, -15.35028], [-56.21671, -15.35082], [-56.21697, -15.35135], [-56.21644, -15.35189], [-56.21671, -15.35216], [-56.21293, -15.3554], [-56.21293, -15.35648], [-56.21158, -15.35782], [-56.21293, -15.35674], [-56.21401, -15.35755], [-56.21509, -15.35755], [-56.21671, -15.35701], [-56.21859, -15.35863], [-56.21859, -15.35917], [-56.21913, -15.35971], [-56.21913, -15.36052], [-56.22102, -15.36187], [-56.22156, -15.3616], [-56.2221, -15.36187], [-56.22398, -15.36025], [-56.22479, -15.36106], [-56.22614, -15.35971], [-56.22695, -15.36025], [-56.22856, -15.36025], [-56.22883, -15.35944], [-56.22964, -15.3589], [-56.23045, -15.35971], [-56.23072, -15.35944], [-56.23126, -15.35998], [-56.23126, -15.36079], [-56.23153, -15.36106], [-56.23072, -15.3616], [-56.23045, -15.36213], [-56.23072, -15.36321], [-56.23126, -15.36375], [-56.23072, -15.36429], [-56.23018, -15.36402], [-56.22964, -15.36429], [-56.22964, -15.36456], [-56.23045, -15.3651], [-56.23045, -15.36591], [-56.23099, -15.36618], [-56.23261, -15.3651], [-56.23341, -15.36564], [-56.23368, -15.36537], [-56.23476, -15.36537], [-56.23638, -15.36699], [-56.23611, -15.3686], [-56.23557, -15.36914], [-56.23611, -15.37022], [-56.23557, -15.37049], [-56.23557, -15.3713], [-56.23395, -15.37318], [-56.23287, -15.37399], [-56.2318, -15.37318], [-56.23072, -15.37453], [-56.23126, -15.37588], [-56.23099, -15.37669], [-56.23153, -15.37723], [-56.23153, -15.37803], [-56.23207, -15.37884], [-56.23126, -15.37965], [-56.23126, -15.38046], [-56.22964, -15.38181], [-56.22991, -15.38208], [-56.22991, -15.38289], [-56.22964, -15.38316], [-56.23018, -15.38342], [-56.23018, -15.38396], [-56.23207, -15.38612], [-56.23234, -15.3872], [-56.23314, -15.38855], [-56.23449, -15.38962], [-56.23611, -15.39178], [-56.23719, -15.3907], [-56.238, -15.3907], [-56.2388, -15.39151], [-56.2388, -15.3934], [-56.23853, -15.39367], [-56.2388, -15.39393], [-56.23826, -15.39447], [-56.23773, -15.39798], [-56.23719, -15.39852], [-56.23665, -15.39852], [-56.23341, -15.40121], [-56.23234, -15.40121], [-56.23099, -15.39986], [-56.23018, -15.40094], [-56.22749, -15.39986], [-56.22533, -15.39825], [-56.22479, -15.39825], [-56.22398, -15.39744], [-56.22344, -15.39744], [-56.22236, -15.39636], [-56.2229, -15.39609], [-56.22398, -15.39474], [-56.22398, -15.3942], [-56.2229, -15.3934], [-56.2221, -15.3934], [-56.22156, -15.39286], [-56.22102, -15.39286], [-56.22021, -15.39205], [-56.21913, -15.39178], [-56.21859, -15.39124], [-56.21751, -15.39097], [-56.21671, -15.39016], [-56.21805, -15.38908], [-56.21913, -15.38774], [-56.21482, -15.38316], [-56.21563, -15.38235], [-56.21563, -15.38154], [-56.21617, -15.38073], [-56.21455, -15.37938], [-56.21374, -15.37938], [-56.21239, -15.37777], [-56.21078, -15.37965], [-56.21051, -15.37938], [-56.20943, -15.37938], [-56.20727, -15.3775], [-56.20646, -15.3775], [-56.20566, -15.37669], [-56.2035, -15.37642], [-56.20161, -15.37507], [-56.20054, -15.3748], [-56.19973, -15.37534], [-56.19892, -15.37534], [-56.1973, -15.37696], [-56.1973, -15.37857], [-56.19703, -15.37911], [-56.19461, -15.38154], [-56.19461, -15.38208], [-56.19407, -15.38262], [-56.19353, -15.38235], [-56.19326, -15.38262], [-56.19056, -15.37992], [-56.18976, -15.38073], [-56.1876, -15.37777], [-56.18706, -15.37777], [-56.18625, -15.37723], [-56.18383, -15.37696], [-56.18248, -15.37561], [-56.18248, -15.37453], [-56.18167, -15.37318], [-56.18005, -15.37318], [-56.17871, -15.37157], [-56.17763, -15.37157], [-56.17709, -15.37103], [-56.17709, -15.37022], [-56.17655, -15.36968], [-56.17655, -15.3686], [-56.17628, -15.36833], [-56.17682, -15.36779], [-56.17736, -15.36779], [-56.17709, -15.36725], [-56.17709, -15.36645], [-56.17601, -15.36537], [-56.17601, -15.36429], [-56.17628, -15.36402], [-56.17601, -15.36348], [-56.17628, -15.36321], [-56.17628, -15.3624], [-56.17817, -15.36052], [-56.17763, -15.35998], [-56.17628, -15.35944], [-56.17359, -15.35648], [-56.17116, -15.35486], [-56.17062, -15.35405], [-56.16981, -15.35378], [-56.16847, -15.35162], [-56.16712, -15.35135], [-56.16388, -15.34839], [-56.1655, -15.34677], [-56.16658, -15.34677], [-56.16685, -15.3465], [-56.16604, -15.34543], [-56.16469, -15.34462], [-56.16388, -15.34327], [-56.16281, -15.34327], [-56.16173, -15.34165], [-56.16038, -15.34138], [-56.16011, -15.34165], [-56.15796, -15.34031], [-56.15796, -15.33923], [-56.15822, -15.33896], [-56.15688, -15.33842], [-56.15364, -15.33492], [-56.14771, -15.3306], [-56.14637, -15.33006], [-56.14367, -15.33249], [-56.1434, -15.33222], [-56.14259, -15.33222], [-56.14125, -15.33087], [-56.13936, -15.33006], [-56.13559, -15.32656], [-56.13505, -15.32575], [-56.13559, -15.3236], [-56.13451, -15.32225], [-56.1337, -15.32198], [-56.13074, -15.32198], [-56.1302, -15.32225], [-56.12966, -15.32198], [-56.12858, -15.3209], [-56.12642, -15.31955], [-56.12481, -15.31794], [-56.12535, -15.31686], [-56.12373, -15.31524], [-56.12184, -15.31497], [-56.12157, -15.3147], [-56.11969, -15.31497], [-56.11915, -15.31443], [-56.11834, -15.31443], [-56.11807, -15.31416], [-56.11645, -15.31551], [-56.1143, -15.31578], [-56.11403, -15.31659], [-56.11322, -15.31632], [-56.11214, -15.31794], [-56.10972, -15.31551], [-56.11052, -15.3147], [-56.11079, -15.31282], [-56.11133, -15.31201], [-56.11106, -15.3112], [-56.11106, -15.30904], [-56.11079, -15.30877], [-56.11106, -15.30851], [-56.11052, -15.30797], [-56.11052, -15.30743], [-56.10972, -15.30581], [-56.10837, -15.30446], [-56.10783, -15.30312], [-56.10837, -15.30258], [-56.10837, -15.3015], [-56.10864, -15.30123], [-56.10864, -15.30015], [-56.1081, -15.29934], [-56.1081, -15.2988], [-56.10864, -15.29773], [-56.10837, -15.29746], [-56.10918, -15.29611], [-56.10999, -15.2953], [-56.11052, -15.2953], [-56.11106, -15.29449], [-56.11025, -15.29341], [-56.10918, -15.29287], [-56.10729, -15.29072], [-56.10567, -15.28937], [-56.1046, -15.29099], [-56.10352, -15.29126], [-56.10136, -15.29341], [-56.10055, -15.29341], [-56.09948, -15.2926], [-56.0984, -15.29368], [-56.09813, -15.29449], [-56.09651, -15.29611], [-56.09651, -15.29799], [-56.09624, -15.29826], [-56.09624, -15.29988], [-56.09597, -15.30015], [-56.09624, -15.30069], [-56.0957, -15.30123], [-56.09516, -15.30096], [-56.09489, -15.30123], [-56.09382, -15.30123], [-56.09166, -15.2988], [-56.09139, -15.29907], [-56.0895, -15.29907], [-56.08843, -15.29853], [-56.08843, -15.29773], [-56.08789, -15.29719], [-56.08708, -15.29719], [-56.08654, -15.29773], [-56.086, -15.29773], [-56.08546, -15.29719], [-56.08411, -15.29665], [-56.08196, -15.29638], [-56.08115, -15.29557], [-56.08061, -15.29557], [-56.08007, -15.29611], [-56.07953, -15.2953], [-56.07819, -15.2953], [-56.07684, -15.29692], [-56.07522, -15.29638], [-56.07468, -15.29584], [-56.0736, -15.29584], [-56.07226, -15.29503], [-56.07064, -15.29665], [-56.07064, -15.29746], [-56.07037, -15.29773], [-56.07064, -15.29826], [-56.07037, -15.29853], [-56.07064, -15.2988], [-56.0701, -15.29934], [-56.06929, -15.2988], [-56.06794, -15.2988], [-56.06767, -15.29907], [-56.06767, -15.29988], [-56.06794, -15.30015], [-56.06794, -15.30096], [-56.0666, -15.30177], [-56.06525, -15.30123], [-56.06228, -15.3015], [-56.0604, -15.30096], [-56.05851, -15.30258], [-56.05824, -15.30231], [-56.05663, -15.30231], [-56.05609, -15.30312], [-56.05528, -15.30312], [-56.05474, -15.30365], [-56.05312, -15.30338], [-56.05151, -15.30446], [-56.0507, -15.30446], [-56.05043, -15.305], [-56.05258, -15.30824], [-56.05312, -15.3112], [-56.05501, -15.31309], [-56.05528, -15.3139], [-56.05689, -15.31336], [-56.05932, -15.31336], [-56.06013, -15.31363], [-56.06094, -15.31282], [-56.06148, -15.31282], [-56.06148, -15.31228], [-56.06228, -15.31147], [-56.06309, -15.31201], [-56.0639, -15.31201], [-56.06525, -15.31282], [-56.0666, -15.31416], [-56.06741, -15.3139], [-56.06956, -15.31578], [-56.07118, -15.31605], [-56.0728, -15.31686], [-56.07441, -15.31875], [-56.07495, -15.31902], [-56.07576, -15.31848], [-56.07576, -15.3174], [-56.07549, -15.31713], [-56.07576, -15.31686], [-56.07576, -15.31551], [-56.07684, -15.3147], [-56.07765, -15.31524], [-56.07899, -15.31551], [-56.08007, -15.31632], [-56.08277, -15.31659], [-56.08519, -15.31821], [-56.08627, -15.31551], [-56.08977, -15.31255], [-56.09166, -15.31363], [-56.09382, -15.31147], [-56.09435, -15.31147], [-56.09543, -15.31066], [-56.09651, -15.3112], [-56.09705, -15.31093], [-56.09759, -15.3112], [-56.0984, -15.31066], [-56.09948, -15.31066], [-56.09974, -15.31039], [-56.10163, -15.31147], [-56.10244, -15.31039], [-56.10271, -15.31039], [-56.10379, -15.3112], [-56.1054, -15.31093], [-56.10621, -15.31147], [-56.10675, -15.31147], [-56.10756, -15.31228], [-56.10837, -15.31201], [-56.10864, -15.31255], [-56.1081, -15.31309], [-56.10837, -15.31336], [-56.10756, -15.3139], [-56.10648, -15.31524], [-56.10648, -15.31578], [-56.10513, -15.3174], [-56.10433, -15.3174], [-56.10406, -15.31767], [-56.10433, -15.31794], [-56.10136, -15.32036], [-56.10055, -15.32036], [-56.09948, -15.3209], [-56.09813, -15.32198], [-56.09732, -15.32198], [-56.09624, -15.3209], [-56.0957, -15.3209], [-56.09678, -15.32198], [-56.09651, -15.32225], [-56.09705, -15.32279], [-56.09705, -15.32387], [-56.09759, -15.32494], [-56.09894, -15.32602], [-56.10001, -15.32845], [-56.09974, -15.32899], [-56.10082, -15.33006], [-56.10433, -15.3306], [-56.10513, -15.33006], [-56.10648, -15.33087], [-56.10783, -15.3306], [-56.10918, -15.33141], [-56.10891, -15.33114], [-56.10891, -15.33006], [-56.10945, -15.32953], [-56.11052, -15.3298], [-56.11295, -15.33114], [-56.11591, -15.32791], [-56.11645, -15.32764], [-56.11672, -15.32791], [-56.11834, -15.32791], [-56.11861, -15.32818], [-56.11834, -15.32845], [-56.11888, -15.32899], [-56.11861, -15.32926], [-56.11888, -15.3298], [-56.11861, -15.33033], [-56.11888, -15.3306], [-56.11861, -15.33087], [-56.11861, -15.33168], [-56.11888, -15.33195], [-56.11861, -15.33222], [-56.11888, -15.33303], [-56.11807, -15.33411], [-56.11834, -15.33438], [-56.11807, -15.33492], [-56.11942, -15.33626], [-56.12023, -15.33653], [-56.12103, -15.33545], [-56.12157, -15.33519], [-56.12211, -15.33545], [-56.12346, -15.33545], [-56.124, -15.33465], [-56.12454, -15.33465], [-56.12535, -15.33357], [-56.12589, -15.33384], [-56.12777, -15.33384], [-56.12858, -15.33357], [-56.12939, -15.33222], [-56.12993, -15.33222], [-56.13047, -15.33168], [-56.13289, -15.33384], [-56.13262, -15.33411], [-56.13316, -15.33492], [-56.13693, -15.3368], [-56.13667, -15.33707], [-56.13667, -15.33815], [-56.13532, -15.3395], [-56.13451, -15.3395], [-56.1337, -15.34031], [-56.13343, -15.34004], [-56.13262, -15.34084], [-56.13208, -15.34246], [-56.13262, -15.343], [-56.13343, -15.343], [-56.13505, -15.34489], [-56.13559, -15.34489], [-56.13613, -15.34543], [-56.13693, -15.34516], [-56.13747, -15.34543], [-56.13828, -15.34462], [-56.13909, -15.34462], [-56.14098, -15.34623], [-56.14206, -15.34623], [-56.14232, -15.34596], [-56.14259, -15.34623], [-56.1434, -15.3457], [-56.14448, -15.3465], [-56.14502, -15.34596], [-56.14879, -15.3492], [-56.14691, -15.35109], [-56.14771, -15.35162], [-56.14798, -15.35216], [-56.14879, -15.35216], [-56.14933, -15.3527], [-56.15041, -15.3527], [-56.15122, -15.35189], [-56.15149, -15.35216], [-56.15257, -15.35216], [-56.15284, -15.35189], [-56.15337, -15.35243], [-56.1531, -15.35324], [-56.15364, -15.35405], [-56.15257, -15.3554], [-56.1531, -15.35594], [-56.1531, -15.35648], [-56.15095, -15.35863], [-56.15176, -15.35971], [-56.15176, -15.36106], [-56.15041, -15.36213], [-56.15041, -15.36321], [-56.15176, -15.36429], [-56.15122, -15.36537], [-56.15149, -15.36564], [-56.15149, -15.36725], [-56.15122, -15.36806], [-56.15203, -15.36806], [-56.1523, -15.36833], [-56.15257, -15.36806], [-56.15418, -15.36833], [-56.15445, -15.36806], [-56.15526, -15.36833], [-56.1558, -15.36914], [-56.1558, -15.36968], [-56.15472, -15.37103], [-56.15526, -15.37157], [-56.15499, -15.37184], [-56.15526, -15.37211], [-56.15499, -15.37264], [-56.15364, -15.37399], [-56.1531, -15.37399], [-56.15257, -15.3748], [-56.15284, -15.37588], [-56.15337, -15.37615], [-56.15445, -15.37588], [-56.15472, -15.37615], [-56.15607, -15.37615], [-56.15769, -15.37453], [-56.15876, -15.37426], [-56.16281, -15.37669], [-56.16415, -15.37669], [-56.1655, -15.37723], [-56.16658, -15.3783], [-56.16658, -15.37884], [-56.16766, -15.38046], [-56.16927, -15.38073], [-56.17197, -15.38235], [-56.17224, -15.38342], [-56.1717, -15.3845], [-56.17278, -15.38693], [-56.17278, -15.38774], [-56.17224, -15.38828], [-56.17439, -15.38612], [-56.17628, -15.38558], [-56.17763, -15.38693], [-56.17763, -15.38774], [-56.1779, -15.38747], [-56.17978, -15.38774], [-56.18032, -15.38747], [-56.18086, -15.38774], [-56.18167, -15.3872], [-56.18194, -15.38747], [-56.18464, -15.38801], [-56.18598, -15.38881], [-56.18787, -15.38747], [-56.18868, -15.38747], [-56.18976, -15.38666], [-56.19083, -15.38774], [-56.19137, -15.3872], [-56.19191, -15.3872], [-56.19272, -15.38666], [-56.19299, -15.38693], [-56.19218, -15.38801], [-56.19299, -15.38881], [-56.19299, -15.38962], [-56.19191, -15.3907], [-56.19245, -15.39151], [-56.19245, -15.39205], [-56.19191, -15.39286], [-56.19191, -15.39393], [-56.19245, -15.39474], [-56.19245, -15.39528], [-56.19299, -15.39582], [-56.19191, -15.3969], [-56.19245, -15.3969], [-56.19326, -15.39744], [-56.19326, -15.39879], [-56.1911, -15.40067], [-56.19137, -15.40094], [-56.19299, -15.40121], [-56.19542, -15.40337], [-56.1973, -15.40175], [-56.19892, -15.40202], [-56.19946, -15.40283], [-56.2, -15.4031], [-56.20027, -15.40283], [-56.20054, -15.4031], [-56.20134, -15.4031], [-56.20215, -15.40202], [-56.20269, -15.40229], [-56.20296, -15.40202], [-56.20431, -15.40202], [-56.20566, -15.40067], [-56.20808, -15.40094], [-56.20835, -15.40121], [-56.20808, -15.40148], [-56.20889, -15.40229], [-56.20781, -15.40445], [-56.20916, -15.40606], [-56.20943, -15.40687], [-56.20781, -15.40903], [-56.20404, -15.41253], [-56.20431, -15.41307], [-56.20404, -15.41388], [-56.20566, -15.41549], [-56.20593, -15.41523], [-56.20646, -15.41576], [-56.20754, -15.41523], [-56.20889, -15.41523], [-56.20997, -15.41603], [-56.21024, -15.41711], [-56.21105, -15.41792], [-56.21212, -15.41684], [-56.21401, -15.41684], [-56.21482, -15.41603], [-56.21563, -15.41603], [-56.21832, -15.4128], [-56.21913, -15.4128], [-56.22021, -15.41388], [-56.22075, -15.41388], [-56.2229, -15.41172], [-56.22371, -15.41199], [-56.22398, -15.41172], [-56.22479, -15.41172], [-56.2256, -15.41253], [-56.22641, -15.41253], [-56.22695, -15.41199], [-56.22829, -15.41226], [-56.2291, -15.41307], [-56.22937, -15.41388], [-56.23018, -15.41388], [-56.23045, -15.41415], [-56.23099, -15.41388], [-56.2318, -15.41469], [-56.23126, -15.41549], [-56.23153, -15.41603], [-56.23045, -15.41684], [-56.23045, -15.41738], [-56.22991, -15.41792], [-56.22991, -15.41873], [-56.23072, -15.41981], [-56.23072, -15.42088], [-56.23314, -15.42223], [-56.23449, -15.42439], [-56.23557, -15.42466], [-56.23907, -15.42681], [-56.23961, -15.42681], [-56.2415, -15.42816], [-56.24339, -15.43032], [-56.24473, -15.43328], [-56.24446, -15.43409], [-56.24473, -15.43436], [-56.24473, -15.43544], [-56.245, -15.43571], [-56.24554, -15.43544], [-56.24581, -15.43571], [-56.24527, -15.43652], [-56.24581, -15.43732], [-56.24581, -15.43921], [-56.24608, -15.43975], [-56.24581, -15.44002], [-56.245, -15.44002], [-56.24419, -15.4411], [-56.24446, -15.44137], [-56.24285, -15.44244], [-56.24123, -15.44137], [-56.23853, -15.4419], [-56.23826, -15.44164], [-56.23692, -15.44164], [-56.23584, -15.44056], [-56.23503, -15.44083], [-56.23476, -15.44056], [-56.23476, -15.44083], [-56.23773, -15.44379], [-56.23853, -15.44352], [-56.24096, -15.44595], [-56.2415, -15.44568], [-56.24258, -15.44649], [-56.24339, -15.44622], [-56.24419, -15.44703], [-56.24446, -15.44783], [-56.24419, -15.4481], [-56.24419, -15.44891], [-56.24312, -15.44945], [-56.24312, -15.45026], [-56.24365, -15.45053], [-56.24419, -15.45026], [-56.24446, -15.44972], [-56.24689, -15.45188], [-56.24689, -15.45268], [-56.24581, -15.45565], [-56.24392, -15.45915], [-56.24177, -15.46185], [-56.23719, -15.46508], [-56.2353, -15.46535], [-56.23503, -15.46562], [-56.23395, -15.46535], [-56.23368, -15.46562], [-56.22722, -15.46589], [-56.22263, -15.46724], [-56.22156, -15.46697], [-56.22102, -15.46778], [-56.21913, -15.46885], [-56.21859, -15.46885], [-56.21778, -15.46966], [-56.21697, -15.46966], [-56.21644, -15.46912], [-56.21428, -15.46966], [-56.21347, -15.47047], [-56.2132, -15.4702], [-56.21266, -15.47047], [-56.21158, -15.46939], [-56.21078, -15.46993], [-56.21051, -15.46966], [-56.20997, -15.46993], [-56.20943, -15.46939], [-56.20889, -15.46966], [-56.20835, -15.46912], [-56.20808, -15.46993], [-56.20754, -15.4702], [-56.20727, -15.47074], [-56.20727, -15.47155], [-56.20458, -15.47451], [-56.20431, -15.47451], [-56.20404, -15.47586], [-56.20323, -15.47694], [-56.20323, -15.47748], [-56.20242, -15.47829], [-56.20485, -15.47963], [-56.20539, -15.47963], [-56.20593, -15.48044], [-56.20673, -15.48044], [-56.2097, -15.48314], [-56.21051, -15.48314], [-56.21105, -15.48368], [-56.20997, -15.48583], [-56.20646, -15.48961], [-56.20593, -15.49095], [-56.20377, -15.49311], [-56.20242, -15.495], [-56.19784, -15.49931], [-56.19703, -15.50065], [-56.19542, -15.50146], [-56.19515, -15.50119], [-56.19326, -15.50254], [-56.19164, -15.50281], [-56.18868, -15.50389], [-56.18787, -15.50389], [-56.18733, -15.50443], [-56.18598, -15.50497], [-56.1841, -15.50658], [-56.18464, -15.50739], [-56.18383, -15.5082], [-56.18275, -15.50685], [-56.18194, -15.50712], [-56.18113, -15.50658], [-56.18248, -15.50416], [-56.18221, -15.50362], [-56.18248, -15.50281], [-56.18221, -15.50281], [-56.18086, -15.50416], [-56.17978, -15.5047], [-56.17951, -15.50443], [-56.17844, -15.50443], [-56.17763, -15.50658], [-56.17628, -15.50766], [-56.1752, -15.50685], [-56.17466, -15.5082], [-56.17413, -15.50874], [-56.17305, -15.5082], [-56.17197, -15.50847], [-56.17143, -15.5082], [-56.17197, -15.50901], [-56.1717, -15.51009], [-56.17197, -15.51063], [-56.1682, -15.5144], [-56.16766, -15.51413], [-56.16631, -15.51413], [-56.16604, -15.51467], [-56.16604, -15.51709], [-56.16712, -15.51844], [-56.16685, -15.51898], [-56.1682, -15.52006], [-56.16954, -15.52006], [-56.16981, -15.52033], [-56.16954, -15.52006], [-56.17143, -15.51817], [-56.17224, -15.51817], [-56.17305, -15.51898], [-56.17493, -15.51736], [-56.17547, -15.51602], [-56.17682, -15.51655], [-56.17763, -15.51575], [-56.1779, -15.51467], [-56.17844, -15.51413], [-56.17871, -15.5144], [-56.18032, -15.5144], [-56.18086, -15.51386], [-56.18113, -15.51413], [-56.18221, -15.51413], [-56.18275, -15.51386], [-56.18356, -15.51413], [-56.18383, -15.51494], [-56.18329, -15.51548], [-56.18356, -15.51575], [-56.18329, -15.51655], [-56.1841, -15.51817], [-56.18464, -15.51844], [-56.18517, -15.51952], [-56.18571, -15.51979], [-56.18544, -15.52006], [-56.18544, -15.52194], [-56.18383, -15.52383], [-56.18383, -15.52491], [-56.1849, -15.52599], [-56.1841, -15.52733], [-56.18275, -15.52868], [-56.17978, -15.52895], [-56.17925, -15.52949], [-56.17898, -15.52922], [-56.17763, -15.53057], [-56.17682, -15.52976], [-56.17709, -15.52922], [-56.17655, -15.52814], [-56.17574, -15.52733], [-56.17359, -15.52707], [-56.17305, -15.5276], [-56.1717, -15.52733], [-56.17116, -15.52787], [-56.17008, -15.5268], [-56.17008, -15.52491], [-56.17035, -15.52464], [-56.17008, -15.5241], [-56.16847, -15.52383], [-56.1655, -15.5206], [-56.16415, -15.5206], [-56.16335, -15.52006], [-56.16227, -15.52006], [-56.16119, -15.51925], [-56.15984, -15.5206], [-56.15849, -15.52087], [-56.15715, -15.51979], [-56.15607, -15.51844], [-56.15499, -15.51844], [-56.15472, -15.51871], [-56.15499, -15.51952], [-56.15445, -15.52033], [-56.15445, -15.52087], [-56.1531, -15.52248], [-56.15607, -15.5241], [-56.15715, -15.52599], [-56.15688, -15.52626], [-56.15715, -15.52653], [-56.15688, -15.5268], [-56.15688, -15.5276], [-56.15634, -15.52814], [-56.15634, -15.52868], [-56.15796, -15.53057], [-56.15796, -15.53138], [-56.15849, -15.53192], [-56.1593, -15.53192], [-56.15984, -15.53246], [-56.15876, -15.5338], [-56.15876, -15.53461], [-56.1593, -15.53623], [-56.15984, -15.53677], [-56.15984, -15.53731], [-56.15849, -15.53865], [-56.15715, -15.53838], [-56.15607, -15.53973], [-56.15526, -15.54027], [-56.15553, -15.54081], [-56.15526, -15.54108], [-56.15337, -15.54], [-56.15284, -15.54054], [-56.15284, -15.54162], [-56.15203, -15.54243], [-56.15122, -15.54189], [-56.1496, -15.54162], [-56.14906, -15.54108], [-56.14825, -15.54108], [-56.14691, -15.54027], [-56.14637, -15.54081], [-56.14556, -15.54027], [-56.14502, -15.54027], [-56.1434, -15.53838], [-56.14313, -15.53865], [-56.14232, -15.53785], [-56.14232, -15.53704], [-56.14179, -15.5365], [-56.14125, -15.5365], [-56.14152, -15.53677], [-56.14125, -15.53704], [-56.14125, -15.53785], [-56.14206, -15.53811], [-56.14259, -15.53973], [-56.14502, -15.54189], [-56.14475, -15.54216], [-56.14529, -15.54297], [-56.14529, -15.54431], [-56.14583, -15.54485], [-56.14583, -15.54539], [-56.14771, -15.54566], [-56.14852, -15.54647], [-56.14825, -15.54755], [-56.14771, -15.54809], [-56.14798, -15.54836], [-56.14745, -15.54889], [-56.1496, -15.55132], [-56.1496, -15.55348], [-56.14852, -15.55509], [-56.14879, -15.5559], [-56.14637, -15.5586], [-56.14421, -15.55833], [-56.1434, -15.55914], [-56.14367, -15.5594], [-56.14259, -15.56048], [-56.13882, -15.55644], [-56.13828, -15.55644], [-56.13586, -15.55428], [-56.13559, -15.55375], [-56.13451, -15.55375], [-56.13397, -15.55428], [-56.13478, -15.55536], [-56.13478, -15.5559], [-56.13559, -15.55671], [-56.13613, -15.55833], [-56.13801, -15.55994], [-56.13828, -15.56048], [-56.13801, -15.56102], [-56.13828, -15.56183], [-56.13801, -15.56237], [-56.13855, -15.56237], [-56.14017, -15.56426], [-56.14017, -15.56587], [-56.1399, -15.56614], [-56.13936, -15.56614], [-56.13882, -15.5656], [-56.13828, -15.56587], [-56.13774, -15.56479], [-56.1372, -15.56453], [-56.13586, -15.56614], [-56.13451, -15.56695], [-56.13397, -15.56641], [-56.13289, -15.56614], [-56.13235, -15.56506], [-56.13154, -15.56533], [-56.12993, -15.56372], [-56.12804, -15.56345], [-56.12669, -15.56237], [-56.12589, -15.56237], [-56.12562, -15.56264], [-56.12535, -15.56372], [-56.12562, -15.56399], [-56.12508, -15.56479], [-56.12669, -15.56641], [-56.12696, -15.56749], [-56.12669, -15.56776], [-56.12777, -15.56911], [-56.12669, -15.56991], [-56.12669, -15.57045], [-56.12723, -15.57099], [-56.12669, -15.57153], [-56.12669, -15.57288], [-56.12616, -15.57342], [-56.12616, -15.57396], [-56.12696, -15.5745], [-56.12696, -15.57504], [-56.12642, -15.57557], [-56.12696, -15.57611], [-56.12669, -15.57719], [-56.1275, -15.57827], [-56.12804, -15.57827], [-56.12885, -15.57746], [-56.12912, -15.57773], [-56.12993, -15.57746], [-56.13047, -15.57827], [-56.13128, -15.578], [-56.13181, -15.57827], [-56.13343, -15.57989], [-56.13505, -15.57854], [-56.13505, -15.57638], [-56.13532, -15.57611], [-56.13613, -15.57611], [-56.13801, -15.578], [-56.13855, -15.57692], [-56.13855, -15.57504], [-56.13909, -15.57423], [-56.14017, -15.57396], [-56.14179, -15.57557], [-56.14367, -15.57396], [-56.14394, -15.57423], [-56.14421, -15.57396], [-56.14529, -15.57396], [-56.14556, -15.57423], [-56.14529, -15.57396], [-56.14556, -15.57369], [-56.1434, -15.57153], [-56.14098, -15.56991], [-56.14017, -15.56991], [-56.1399, -15.56911], [-56.14152, -15.56803], [-56.14206, -15.56803], [-56.14206, -15.56668], [-56.1434, -15.56453], [-56.14448, -15.56426], [-56.14502, -15.56453], [-56.14529, -15.56372], [-56.14583, -15.56372], [-56.14637, -15.56318], [-56.14583, -15.56156], [-56.14637, -15.56102], [-56.14798, -15.56102], [-56.14879, -15.56021], [-56.14987, -15.56129], [-56.14987, -15.56183], [-56.15041, -15.56237], [-56.15122, -15.5621], [-56.15203, -15.56291], [-56.15445, -15.56264], [-56.15472, -15.56291], [-56.15553, -15.56237], [-56.15634, -15.56237], [-56.15688, -15.56183], [-56.15849, -15.56183], [-56.16038, -15.56048], [-56.16254, -15.56021], [-56.16361, -15.55967], [-56.16469, -15.5586], [-56.1655, -15.55833], [-56.16658, -15.55698], [-56.16739, -15.55779], [-56.16712, -15.55833], [-56.16874, -15.55833], [-56.16927, -15.55779], [-56.17116, -15.55914], [-56.17224, -15.5586], [-56.17305, -15.55887], [-56.17386, -15.55833], [-56.17386, -15.55725], [-56.1752, -15.5559], [-56.17628, -15.5559], [-56.17817, -15.55428], [-56.17871, -15.55428], [-56.17951, -15.55348], [-56.17951, -15.55294], [-56.18086, -15.55186], [-56.1814, -15.55024], [-56.18275, -15.55105], [-56.18329, -15.55105], [-56.18571, -15.55375], [-56.18652, -15.55348], [-56.18814, -15.55536], [-56.18841, -15.55617], [-56.18976, -15.55752], [-56.18976, -15.55833], [-56.19083, -15.55967], [-56.1911, -15.56156], [-56.19083, -15.56183], [-56.19218, -15.56345], [-56.19353, -15.56453], [-56.19515, -15.56453], [-56.19865, -15.56803], [-56.19946, -15.56749], [-56.20081, -15.5683], [-56.20161, -15.5683], [-56.20242, -15.56776], [-56.20323, -15.5683], [-56.20377, -15.56776], [-56.20404, -15.56803], [-56.20539, -15.56695], [-56.20485, -15.56614], [-56.20485, -15.56506], [-56.20134, -15.56129], [-56.20081, -15.56129], [-56.19865, -15.55914], [-56.19973, -15.55779], [-56.2, -15.5559], [-56.20054, -15.55509], [-56.20081, -15.55078], [-56.20215, -15.54943], [-56.20404, -15.55132], [-56.20431, -15.55105], [-56.20512, -15.55105], [-56.20673, -15.54943], [-56.20727, -15.54943], [-56.20889, -15.55078], [-56.2097, -15.5524], [-56.21158, -15.55428], [-56.21185, -15.55509], [-56.21347, -15.5559], [-56.21428, -15.55671], [-56.21428, -15.55806], [-56.21401, -15.55833], [-56.21428, -15.55887], [-56.21644, -15.56102], [-56.21697, -15.56129], [-56.21724, -15.56102], [-56.21778, -15.56156], [-56.21778, -15.56426], [-56.21913, -15.56506], [-56.22129, -15.56722], [-56.22156, -15.56884], [-56.2221, -15.56965], [-56.22452, -15.56991], [-56.2256, -15.56884], [-56.22722, -15.56938], [-56.22749, -15.56911], [-56.22749, -15.56803], [-56.23045, -15.56506], [-56.23045, -15.56453], [-56.23099, -15.56399], [-56.22883, -15.5621], [-56.22883, -15.56129], [-56.22668, -15.5586], [-56.22668, -15.55806], [-56.22425, -15.55563], [-56.2229, -15.55536], [-56.22129, -15.55401], [-56.22183, -15.55321], [-56.22129, -15.55267], [-56.23665, -15.53704], [-56.23638, -15.5365], [-56.23692, -15.53596], [-56.23692, -15.53515], [-56.23665, -15.53488], [-56.23692, -15.53461], [-56.23314, -15.53353], [-56.23207, -15.53219], [-56.23126, -15.53299], [-56.23045, -15.53326], [-56.2291, -15.53461], [-56.22829, -15.53461], [-56.22856, -15.53488], [-56.22587, -15.53758], [-56.2256, -15.53865], [-56.22371, -15.54], [-56.22344, -15.53973], [-56.22263, -15.53973], [-56.22183, -15.53892], [-56.22156, -15.53811], [-56.21994, -15.53785], [-56.21886, -15.53677], [-56.21751, -15.53758], [-56.21428, -15.53731], [-56.21374, -15.53758], [-56.21347, -15.53731], [-56.21266, -15.53731], [-56.21185, -15.53811], [-56.20997, -15.53892], [-56.20781, -15.54081], [-56.20458, -15.53919], [-56.20269, -15.53946], [-56.20188, -15.54], [-56.20027, -15.54], [-56.19946, -15.53946], [-56.19811, -15.53919], [-56.19703, -15.53973], [-56.19622, -15.53973], [-56.19542, -15.54054], [-56.19461, -15.54], [-56.19407, -15.54054], [-56.19353, -15.54054], [-56.19272, -15.54], [-56.19191, -15.54081], [-56.19003, -15.54054], [-56.18976, -15.54027], [-56.18895, -15.54054], [-56.18814, -15.53946], [-56.18787, -15.53946], [-56.18571, -15.54108], [-56.1841, -15.54], [-56.18329, -15.54], [-56.18167, -15.54054], [-56.18059, -15.54135], [-56.18032, -15.54108], [-56.17951, -15.54108], [-56.17871, -15.54], [-56.17736, -15.54162], [-56.17628, -15.54081], [-56.17439, -15.54081], [-56.17332, -15.54189], [-56.17305, -15.54135], [-56.17386, -15.54027], [-56.17332, -15.53973], [-56.17278, -15.53838], [-56.17359, -15.53596], [-56.17466, -15.53434], [-56.17574, -15.53407], [-56.17628, -15.53353], [-56.17736, -15.53353], [-56.17925, -15.53299], [-56.17978, -15.53192], [-56.18059, -15.53219], [-56.1814, -15.53165], [-56.18221, -15.53192], [-56.18248, -15.53165], [-56.1841, -15.53165], [-56.18652, -15.52976], [-56.1876, -15.52976], [-56.18787, -15.53003], [-56.18868, -15.52922], [-56.18976, -15.52895], [-56.19137, -15.5276], [-56.19326, -15.52733], [-56.1938, -15.5268], [-56.19407, -15.52545], [-56.19461, -15.52491], [-56.19515, -15.52221], [-56.19703, -15.5206], [-56.19892, -15.52248], [-56.20081, -15.52329], [-56.20269, -15.52221], [-56.20458, -15.52302], [-56.20512, -15.52275], [-56.20593, -15.52302], [-56.20646, -15.52356], [-56.20619, -15.52275], [-56.20619, -15.5206], [-56.20458, -15.51898], [-56.20485, -15.51844], [-56.20431, -15.5179], [-56.20431, -15.51736], [-56.20323, -15.51655], [-56.20377, -15.51602], [-56.20593, -15.51575], [-56.20646, -15.51521], [-56.20754, -15.51494], [-56.20808, -15.51413], [-56.20727, -15.51467], [-56.20619, -15.51413], [-56.20458, -15.51251], [-56.20512, -15.51197], [-56.20485, -15.51009], [-56.20215, -15.50685], [-56.20269, -15.50631], [-56.20431, -15.50631], [-56.20485, -15.50658], [-56.20539, -15.50551], [-56.20808, -15.50308], [-56.20781, -15.50281], [-56.2097, -15.50065], [-56.21051, -15.50039], [-56.20889, -15.49877], [-56.20862, -15.49715], [-56.20889, -15.49661], [-56.207, -15.495], [-56.20673, -15.49526], [-56.20593, -15.49446], [-56.20754, -15.49257], [-56.20889, -15.49203], [-56.21051, -15.49068], [-56.21051, -15.48934], [-56.21158, -15.48853], [-56.21185, -15.48772], [-56.2132, -15.48664], [-56.21347, -15.48449], [-56.21509, -15.48098], [-56.21509, -15.47963], [-56.21563, -15.47856], [-56.21563, -15.47775], [-56.21644, -15.47532], [-56.21805, -15.47263], [-56.22021, -15.47101], [-56.22048, -15.47047], [-56.22156, -15.4702], [-56.22344, -15.46912], [-56.22425, -15.46912], [-56.2256, -15.46832], [-56.22641, -15.46858], [-56.22695, -15.46805], [-56.22749, -15.46858], [-56.22775, -15.46805], [-56.23153, -15.46778], [-56.23234, -15.46832], [-56.23261, -15.46885], [-56.23261, -15.47047], [-56.23503, -15.4729], [-56.23449, -15.47344], [-56.2353, -15.47424], [-56.2353, -15.47478], [-56.238, -15.47451], [-56.23853, -15.47478], [-56.24123, -15.47317], [-56.24258, -15.47424], [-56.24365, -15.47397], [-56.24419, -15.47451], [-56.24392, -15.47505], [-56.24419, -15.47532], [-56.24392, -15.47559], [-56.24392, -15.47694], [-56.24473, -15.47829], [-56.245, -15.47963], [-56.24635, -15.48125], [-56.24716, -15.48044], [-56.25012, -15.48017], [-56.25012, -15.47936], [-56.25039, -15.4791], [-56.25066, -15.47936], [-56.25147, -15.47936], [-56.25255, -15.47829], [-56.25255, -15.47775], [-56.25147, -15.4764], [-56.25228, -15.47586], [-56.25255, -15.47478], [-56.25336, -15.47397], [-56.25336, -15.47344], [-56.25443, -15.47263], [-56.25416, -15.47182], [-56.25524, -15.47074], [-56.2574, -15.4702], [-56.25821, -15.46912], [-56.25821, -15.46858], [-56.25902, -15.46778], [-56.25982, -15.46778], [-56.26009, -15.46805], [-56.26036, -15.46778], [-56.2609, -15.46805], [-56.26414, -15.46481], [-56.2636, -15.46373], [-56.2636, -15.46239], [-56.26575, -15.4605], [-56.26683, -15.46131], [-56.26764, -15.46104], [-56.26818, -15.46158], [-56.26872, -15.46158], [-56.26953, -15.46077], [-56.2706, -15.46131], [-56.2706, -15.46239], [-56.27007, -15.46373], [-56.27087, -15.46481], [-56.2706, -15.46589], [-56.27087, -15.46616], [-56.27087, -15.46724], [-56.27033, -15.46778], [-56.27033, -15.46832], [-56.27114, -15.46939], [-56.27007, -15.47047], [-56.27033, -15.47128], [-56.26953, -15.47236], [-56.26953, -15.47371], [-56.2706, -15.47344], [-56.27114, -15.4729], [-56.27168, -15.47344], [-56.27168, -15.47505], [-56.27141, -15.47532], [-56.27168, -15.47532], [-56.2733, -15.47371], [-56.27492, -15.47424], [-56.27546, -15.47371], [-56.27599, -15.47397], [-56.27788, -15.47344], [-56.27869, -15.47263], [-56.28354, -15.47748], [-56.283, -15.47856], [-56.28246, -15.47856], [-56.28192, -15.4791], [-56.28165, -15.47883], [-56.27842, -15.48206], [-56.27815, -15.48287], [-56.27896, -15.48287], [-56.28058, -15.48422], [-56.28192, -15.48422], [-56.28246, -15.48475], [-56.28273, -15.48449], [-56.28489, -15.48637], [-56.28516, -15.4861], [-56.28597, -15.4861], [-56.28623, -15.48637], [-56.28623, -15.48718], [-56.28543, -15.48826], [-56.28597, -15.48826], [-56.28812, -15.48637], [-56.28893, -15.48637], [-56.2892, -15.48664], [-56.29001, -15.48583], [-56.29109, -15.48664], [-56.2927, -15.4861], [-56.29378, -15.48637], [-56.29486, -15.48556], [-56.29513, -15.48502], [-56.29648, -15.48529], [-56.29701, -15.48475], [-56.29809, -15.48583], [-56.29755, -15.48691], [-56.29809, -15.48745], [-56.29809, -15.48799], [-56.29782, -15.48826], [-56.29782, -15.48934], [-56.29648, -15.49068], [-56.29648, -15.49149], [-56.29594, -15.4923], [-56.29621, -15.49257], [-56.2954, -15.49392], [-56.29567, -15.49419], [-56.30214, -15.48853], [-56.30348, -15.48907], [-56.30456, -15.49014], [-56.3051, -15.49014], [-56.30591, -15.49068], [-56.30618, -15.49149], [-56.30591, -15.49176], [-56.30591, -15.49257], [-56.30618, -15.49311], [-56.30591, -15.49338], [-56.30591, -15.49419], [-56.30645, -15.49473], [-56.30645, -15.49634], [-56.30699, -15.49688], [-56.30591, -15.49823], [-56.30779, -15.50092], [-56.3086, -15.50092], [-56.30941, -15.502], [-56.30941, -15.50335], [-56.30995, -15.50443], [-56.31184, -15.50578], [-56.31265, -15.50766], [-56.31238, -15.50874], [-56.31157, -15.50955], [-56.31076, -15.50901], [-56.31076, -15.50955], [-56.30941, -15.5109], [-56.30941, -15.5117], [-56.31184, -15.51143], [-56.31238, -15.51224], [-56.31345, -15.51278], [-56.31345, -15.51413], [-56.31372, -15.51386], [-56.31426, -15.5144], [-56.31507, -15.5144], [-56.31588, -15.51359], [-56.31696, -15.51359], [-56.31777, -15.51305], [-56.3183, -15.51359], [-56.31884, -15.51305], [-56.31911, -15.51332], [-56.32127, -15.51117], [-56.32154, -15.51143], [-56.32235, -15.51117], [-56.32343, -15.51224], [-56.32343, -15.51305], [-56.32127, -15.51494], [-56.32154, -15.51521], [-56.32073, -15.51709], [-56.32073, -15.5179], [-56.32127, -15.51979], [-56.32046, -15.5206], [-56.31992, -15.52194], [-56.31938, -15.52248], [-56.31884, -15.52437], [-56.31777, -15.52545], [-56.31857, -15.52491], [-56.32019, -15.52545], [-56.32208, -15.52356], [-56.32235, -15.52383], [-56.32289, -15.52356], [-56.32396, -15.52248], [-56.32531, -15.52194], [-56.3272, -15.52168], [-56.32881, -15.52302], [-56.33097, -15.52087], [-56.3334, -15.52329], [-56.33313, -15.5241], [-56.33259, -15.52464], [-56.33205, -15.52464], [-56.33178, -15.52518], [-56.33205, -15.52787], [-56.33178, -15.52814], [-56.33178, -15.52949], [-56.33232, -15.5303], [-56.33313, -15.5303], [-56.33528, -15.53246], [-56.33825, -15.52949], [-56.34013, -15.53138], [-56.33986, -15.53219], [-56.3404, -15.53299], [-56.33933, -15.53407], [-56.33933, -15.53461], [-56.34013, -15.53542], [-56.33906, -15.53623], [-56.33879, -15.53677], [-56.33879, -15.53811], [-56.33933, -15.53919], [-56.34094, -15.54108], [-56.34202, -15.54189], [-56.34256, -15.54189], [-56.34445, -15.54377], [-56.34445, -15.54539], [-56.34391, -15.54593], [-56.34391, -15.54674], [-56.34364, -15.54701], [-56.34391, -15.54862], [-56.35091, -15.54162], [-56.35145, -15.54135], [-56.3528, -15.54243], [-56.35388, -15.54243], [-56.35523, -15.54054], [-56.35576, -15.54108], [-56.35496, -15.54189], [-56.35549, -15.54243], [-56.35576, -15.5435], [-56.35684, -15.54458], [-56.35684, -15.54512], [-56.35819, -15.54647], [-56.35846, -15.54755], [-56.35819, -15.54782], [-56.35846, -15.54836], [-56.35927, -15.54889], [-56.36035, -15.54889], [-56.36115, -15.5497], [-56.36142, -15.55051], [-56.36088, -15.55078], [-56.36169, -15.55267], [-56.36277, -15.5524], [-56.36304, -15.55213], [-56.36304, -15.55132], [-56.36223, -15.55078], [-56.3625, -15.5497], [-56.36223, -15.54943], [-56.36304, -15.54809], [-56.36277, -15.54755], [-56.36708, -15.54297], [-56.36412, -15.54], [-56.36439, -15.53946], [-56.36142, -15.53677], [-56.36142, -15.53623], [-56.36169, -15.53596], [-56.3625, -15.53596], [-56.36304, -15.53542], [-56.36547, -15.53542], [-56.36547, -15.53461], [-56.36843, -15.53192], [-56.36951, -15.53272], [-56.37032, -15.53192], [-56.3714, -15.53165], [-56.37328, -15.52976], [-56.37463, -15.52895], [-56.37571, -15.52895], [-56.37625, -15.52841], [-56.37705, -15.52841], [-56.37732, -15.52814], [-56.37813, -15.52895], [-56.37813, -15.53003], [-56.37921, -15.53138], [-56.38002, -15.53138], [-56.38083, -15.53057], [-56.38191, -15.53165], [-56.38244, -15.53165], [-56.38406, -15.53057], [-56.38487, -15.53057], [-56.38568, -15.53003], [-56.38703, -15.53003], [-56.38783, -15.53057], [-56.38945, -15.5303], [-56.38999, -15.53084], [-56.3908, -15.52976], [-56.3908, -15.52922], [-56.39026, -15.52868], [-56.39026, -15.52787], [-56.38999, -15.5276], [-56.39026, -15.52707], [-56.38999, -15.52653], [-56.39026, -15.52626], [-56.38891, -15.52491], [-56.38891, -15.5241], [-56.39026, -15.52356], [-56.38999, -15.52329], [-56.39026, -15.52302], [-56.39161, -15.52275], [-56.39242, -15.52194], [-56.39242, -15.52141], [-56.39322, -15.52033], [-56.39322, -15.51925], [-56.39403, -15.51871], [-56.3943, -15.51817], [-56.39484, -15.51817], [-56.39565, -15.51871], [-56.39646, -15.5179], [-56.39619, -15.51736], [-56.397, -15.51655], [-56.39781, -15.51629], [-56.39969, -15.51682], [-56.39996, -15.51763], [-56.40104, -15.51763], [-56.40158, -15.51709], [-56.40266, -15.51817], [-56.40373, -15.51844], [-56.40427, -15.51898], [-56.40966, -15.51898], [-56.4102, -15.51925], [-56.41101, -15.52033], [-56.41101, -15.52141], [-56.41074, -15.52168], [-56.41101, -15.52194], [-56.4102, -15.52275], [-56.41074, -15.5241], [-56.4102, -15.52464], [-56.41209, -15.52626], [-56.41182, -15.52707], [-56.41344, -15.52733], [-56.41371, -15.5268], [-56.41371, -15.52545], [-56.41505, -15.52491], [-56.41532, -15.52518], [-56.41505, -15.52329], [-56.41451, -15.52275], [-56.41586, -15.52141], [-56.41371, -15.51925], [-56.41398, -15.51898], [-56.41236, -15.51898], [-56.41074, -15.5179], [-56.40993, -15.51763], [-56.40966, -15.5179], [-56.40885, -15.51709], [-56.40885, -15.51629], [-56.40966, -15.51548], [-56.4102, -15.51548], [-56.41128, -15.5144], [-56.41155, -15.51359], [-56.4129, -15.51251], [-56.41371, -15.51143], [-56.41398, -15.51009], [-56.41344, -15.50928], [-56.40993, -15.51063], [-56.40912, -15.51197], [-56.4067, -15.51413], [-56.40535, -15.51413], [-56.40481, -15.5144], [-56.40293, -15.51251], [-56.4032, -15.51224], [-56.40293, -15.51251], [-56.40266, -15.51224], [-56.40185, -15.51278], [-56.40104, -15.51278], [-56.39673, -15.50847], [-56.39592, -15.5082], [-56.39457, -15.50658], [-56.39403, -15.50631], [-56.39242, -15.50416], [-56.39242, -15.50362], [-56.39107, -15.50362], [-56.39053, -15.50416], [-56.38945, -15.50416], [-56.38837, -15.50497], [-56.3881, -15.50578], [-56.38891, -15.50631], [-56.38891, -15.5082], [-56.38864, -15.50847], [-56.38783, -15.50847], [-56.38756, -15.50901], [-56.38783, -15.50982], [-56.3873, -15.51036], [-56.38756, -15.51117], [-56.38703, -15.51197], [-56.38783, -15.51359], [-56.38676, -15.51494], [-56.38676, -15.51548], [-56.38514, -15.51709], [-56.38568, -15.51763], [-56.38352, -15.51952], [-56.38271, -15.51925], [-56.38244, -15.51952], [-56.38191, -15.51898], [-56.3811, -15.51898], [-56.37975, -15.51979], [-56.37679, -15.51682], [-56.37355, -15.51655], [-56.37301, -15.51575], [-56.3714, -15.5144], [-56.37113, -15.51332], [-56.37328, -15.5109], [-56.37355, -15.51009], [-56.37328, -15.51036], [-56.37274, -15.51009], [-56.37247, -15.51036], [-56.37166, -15.51036], [-56.36951, -15.51278], [-56.36816, -15.51305], [-56.36735, -15.51386], [-56.36681, -15.51359], [-56.36735, -15.51305], [-56.3652, -15.5109], [-56.36439, -15.51036], [-56.36331, -15.51063], [-56.36277, -15.51224], [-56.36062, -15.5144], [-56.36088, -15.51521], [-56.36035, -15.51575], [-56.36035, -15.51655], [-56.36008, -15.51682], [-56.35981, -15.51655], [-56.359, -15.51655], [-56.35792, -15.51709], [-56.35711, -15.51817], [-56.35684, -15.5179], [-56.35603, -15.51871], [-56.35549, -15.51871], [-56.35469, -15.5179], [-56.35415, -15.51844], [-56.35307, -15.51844], [-56.3528, -15.51871], [-56.35091, -15.51763], [-56.34957, -15.51763], [-56.34741, -15.51655], [-56.34579, -15.51655], [-56.34525, -15.51629], [-56.34364, -15.5179], [-56.34364, -15.51871], [-56.34175, -15.52033], [-56.3404, -15.52006], [-56.33959, -15.5206], [-56.33906, -15.5206], [-56.33609, -15.5179], [-56.33501, -15.51763], [-56.33394, -15.51682], [-56.3334, -15.51575], [-56.33259, -15.51575], [-56.33124, -15.5144], [-56.32962, -15.51359], [-56.32774, -15.51413], [-56.32666, -15.51494], [-56.32612, -15.51494], [-56.32558, -15.5144], [-56.32558, -15.51386], [-56.32262, -15.5109], [-56.32289, -15.51063], [-56.32235, -15.51009], [-56.32289, -15.50928], [-56.32396, -15.50847], [-56.32612, -15.50982], [-56.32693, -15.50982], [-56.3272, -15.51009], [-56.32908, -15.50901], [-56.32935, -15.50928], [-56.33043, -15.50874], [-56.33178, -15.50874], [-56.3342, -15.51117], [-56.33501, -15.5109], [-56.33528, -15.51117], [-56.33636, -15.51117], [-56.33825, -15.50982], [-56.33959, -15.50982], [-56.33986, -15.50955], [-56.34013, -15.50982], [-56.34121, -15.50847], [-56.34256, -15.50901], [-56.3431, -15.50955], [-56.34175, -15.5082], [-56.34121, -15.5082], [-56.34067, -15.50766], [-56.3404, -15.50793], [-56.33933, -15.50793], [-56.33555, -15.50443], [-56.33501, -15.50443], [-56.3342, -15.50362], [-56.33367, -15.50362], [-56.33286, -15.50308], [-56.33259, -15.50335], [-56.33178, -15.50335], [-56.33151, -15.50308], [-56.3307, -15.50308], [-56.33043, -15.50254], [-56.3307, -15.50227], [-56.32962, -15.50092], [-56.32989, -15.50039], [-56.32935, -15.49985], [-56.32989, -15.49904], [-56.32989, -15.49823], [-56.33043, -15.49769], [-56.33097, -15.49796], [-56.33151, -15.49742], [-56.33259, -15.4985], [-56.33555, -15.49823], [-56.33582, -15.49796], [-56.33663, -15.49823], [-56.33771, -15.49769], [-56.33825, -15.49796], [-56.33933, -15.49661], [-56.33986, -15.49661], [-56.34121, -15.49742], [-56.34283, -15.49634], [-56.34337, -15.49634], [-56.34391, -15.49553], [-56.34472, -15.49526], [-56.34633, -15.49526], [-56.34768, -15.49446], [-56.34822, -15.49473], [-56.3493, -15.49419], [-56.34957, -15.49446], [-56.35011, -15.49419], [-56.35037, -15.49446], [-56.35091, -15.49338], [-56.3528, -15.49176], [-56.35253, -15.49122], [-56.35361, -15.49014], [-56.35388, -15.48772], [-56.35199, -15.4861], [-56.34741, -15.48853], [-56.34606, -15.49041], [-56.34391, -15.49122], [-56.3404, -15.48772], [-56.33933, -15.48826], [-56.33879, -15.48772], [-56.33879, -15.48691], [-56.3369, -15.48529], [-56.33636, -15.48583], [-56.33582, -15.48556], [-56.33528, -15.48583], [-56.33474, -15.48664], [-56.33394, -15.48718], [-56.33286, -15.4888], [-56.33151, -15.48907], [-56.33097, -15.48853], [-56.33016, -15.48853], [-56.32962, -15.48907], [-56.32855, -15.4888], [-56.32774, -15.48934], [-56.32693, -15.48853], [-56.32477, -15.49014], [-56.32423, -15.48988], [-56.32235, -15.49176], [-56.32154, -15.49176], [-56.32073, -15.49095], [-56.32046, -15.49122], [-56.31992, -15.49095], [-56.31938, -15.49149], [-56.31804, -15.49122], [-56.31534, -15.49284], [-56.3148, -15.4923], [-56.31507, -15.49203], [-56.31345, -15.49041], [-56.31291, -15.48907], [-56.31157, -15.4888], [-56.31103, -15.48934], [-56.31049, -15.48934], [-56.30887, -15.48826], [-56.30833, -15.48826], [-56.30214, -15.48233], [-56.3024, -15.48206], [-56.30214, -15.48179], [-56.30294, -15.48044], [-56.30214, -15.4791], [-56.30214, -15.47856], [-56.30294, -15.47775], [-56.3016, -15.47829], [-56.30079, -15.47721], [-56.30025, -15.47694], [-56.30025, -15.4764], [-56.29971, -15.47586], [-56.29944, -15.47613], [-56.29917, -15.47586], [-56.29782, -15.47667], [-56.29675, -15.47667], [-56.29594, -15.47721], [-56.29459, -15.47721], [-56.2927, -15.47883], [-56.29055, -15.47694], [-56.29109, -15.4764], [-56.29216, -15.4764], [-56.29297, -15.47505], [-56.2927, -15.47451], [-56.29324, -15.47371], [-56.29162, -15.47209], [-56.29189, -15.47128], [-56.29162, -15.47101], [-56.29216, -15.4702], [-56.29189, -15.46993], [-56.29297, -15.46858], [-56.29243, -15.46724], [-56.29351, -15.46616], [-56.29378, -15.46535], [-56.29648, -15.46266], [-56.29459, -15.46239], [-56.29136, -15.45942], [-56.29297, -15.45807], [-56.2927, -15.45781], [-56.29243, -15.45538], [-56.2927, -15.45511], [-56.29513, -15.45484], [-56.29621, -15.45403], [-56.29782, -15.45457], [-56.29701, -15.45349], [-56.29728, -15.45268], [-56.29648, -15.45026], [-56.29675, -15.44999], [-56.29675, -15.44891], [-56.2989, -15.44622], [-56.29998, -15.44703], [-56.30052, -15.44703], [-56.30267, -15.44514], [-56.30348, -15.44514], [-56.30402, -15.4446], [-56.30537, -15.44541], [-56.30564, -15.44514], [-56.30645, -15.44595], [-56.30672, -15.44568], [-56.30779, -15.44703], [-56.30806, -15.44837], [-56.30968, -15.44972], [-56.30995, -15.45161], [-56.31184, -15.45295], [-56.31211, -15.45268], [-56.31345, -15.45403], [-56.31318, -15.45484], [-56.31426, -15.45646], [-56.31426, -15.45727], [-56.31453, -15.45754], [-56.31561, -15.45619], [-56.31642, -15.45619], [-56.31696, -15.45565], [-56.31804, -15.45673], [-56.31938, -15.45915], [-56.32127, -15.46104], [-56.32154, -15.46104], [-56.32289, -15.45915], [-56.32316, -15.45754], [-56.32262, -15.457], [-56.32262, -15.45565], [-56.32289, -15.45538], [-56.32046, -15.45403], [-56.31965, -15.45403], [-56.31938, -15.4543], [-56.3183, -15.45322], [-56.3183, -15.45242], [-56.31884, -15.45134], [-56.31857, -15.45107], [-56.31938, -15.45026], [-56.32046, -15.45026], [-56.32289, -15.44756], [-56.32396, -15.44783], [-56.32423, -15.44756], [-56.32423, -15.44703], [-56.32316, -15.44568], [-56.32477, -15.44379], [-56.3245, -15.44325], [-56.32289, -15.44487], [-56.32289, -15.44568], [-56.32262, -15.44595], [-56.32154, -15.44595], [-56.32046, -15.4446], [-56.31884, -15.44406], [-56.31911, -15.44379], [-56.31857, -15.44325], [-56.31938, -15.44244], [-56.31938, -15.44164], [-56.31965, -15.44137], [-56.31938, -15.4411], [-56.31965, -15.44083], [-56.31723, -15.43813], [-56.31777, -15.43786], [-56.31777, -15.43678], [-56.31696, -15.4349], [-56.31615, -15.4349], [-56.31588, -15.43463], [-56.31426, -15.43598], [-56.31372, -15.43544], [-56.31291, -15.43544], [-56.31211, -15.43652], [-56.3113, -15.43625], [-56.30887, -15.43921], [-56.30779, -15.43921], [-56.30672, -15.44002], [-56.30618, -15.43975], [-56.30564, -15.44029], [-56.3051, -15.44029], [-56.30375, -15.4411], [-56.3024, -15.4411], [-56.30133, -15.44029], [-56.30052, -15.44056], [-56.29944, -15.44002], [-56.29782, -15.44029], [-56.29648, -15.43867], [-56.29621, -15.43786], [-56.29459, -15.43759], [-56.29405, -15.43678], [-56.29216, -15.43571], [-56.29109, -15.43463], [-56.29109, -15.43382], [-56.28947, -15.43436], [-56.2892, -15.4349], [-56.28839, -15.4349], [-56.28758, -15.43571], [-56.28731, -15.43652], [-56.2865, -15.43705], [-56.28623, -15.43678], [-56.28516, -15.43678], [-56.28408, -15.43759], [-56.28058, -15.43759], [-56.2795, -15.43867], [-56.27923, -15.43786], [-56.27734, -15.43813], [-56.27707, -15.43786], [-56.27707, -15.43678], [-56.27653, -15.43598], [-56.27707, -15.43517], [-56.27707, -15.43355], [-56.27761, -15.43193], [-56.27572, -15.42978], [-56.27653, -15.42897], [-56.27572, -15.42735], [-56.27599, -15.42708], [-56.27599, -15.426], [-56.27492, -15.42439], [-56.27411, -15.42169], [-56.2733, -15.42035], [-56.27195, -15.41927], [-56.27141, -15.41792], [-56.2706, -15.41846], [-56.2698, -15.41954], [-56.26926, -15.41954], [-56.26845, -15.42008], [-56.26764, -15.41954], [-56.26764, -15.419], [-56.2671, -15.41819], [-56.26656, -15.41873], [-56.26629, -15.42008], [-56.26656, -15.42088], [-56.26629, -15.42115], [-56.26818, -15.42331], [-56.26818, -15.42412], [-56.26791, -15.42439], [-56.26818, -15.4252], [-56.26764, -15.42574], [-56.26791, -15.426], [-56.26764, -15.42654], [-56.26872, -15.42762], [-56.26872, -15.42816], [-56.26926, -15.42897], [-56.26656, -15.43193], [-56.26575, -15.43166], [-56.26494, -15.43247], [-56.26521, -15.43274], [-56.26441, -15.43355], [-56.26441, -15.43409], [-56.26225, -15.43625], [-56.26144, -15.43678], [-56.26117, -15.43652], [-56.26009, -15.43652], [-56.26063, -15.43732], [-56.26117, -15.43705], [-56.26225, -15.43813], [-56.26198, -15.43867], [-56.26225, -15.43894], [-56.26063, -15.44083], [-56.26009, -15.4419], [-56.26144, -15.44298], [-56.26252, -15.44433], [-56.26279, -15.44514], [-56.26198, -15.44622], [-56.26198, -15.44676], [-56.25902, -15.44999], [-56.2574, -15.45026], [-56.25416, -15.45295], [-56.25363, -15.45295], [-56.25282, -15.45349], [-56.25282, -15.45457], [-56.25201, -15.45538], [-56.25093, -15.45538], [-56.25066, -15.45511], [-56.25039, -15.45349], [-56.24985, -15.45295], [-56.25012, -15.45268], [-56.24958, -15.45215], [-56.24958, -15.44945], [-56.24931, -15.44918], [-56.24931, -15.44837], [-56.24904, -15.44864], [-56.24851, -15.4481], [-56.24985, -15.44676], [-56.24904, -15.44676], [-56.24878, -15.44649], [-56.24851, -15.44379], [-56.24878, -15.44352], [-56.24878, -15.44271], [-56.24824, -15.4419], [-56.24824, -15.44083], [-56.24878, -15.44056], [-56.24878, -15.43921], [-56.24958, -15.43894], [-56.24985, -15.43921], [-56.24985, -15.43867], [-56.24958, -15.4384], [-56.24958, -15.43652], [-56.24851, -15.43436], [-56.24851, -15.43328], [-56.24985, -15.4322], [-56.24958, -15.43166], [-56.25228, -15.42924], [-56.25201, -15.42897], [-56.25255, -15.42843], [-56.25255, -15.42789], [-56.2547, -15.4252], [-56.2547, -15.42439], [-56.2539, -15.42358], [-56.25039, -15.42708], [-56.25012, -15.42681], [-56.24985, -15.42708], [-56.24931, -15.42654], [-56.24797, -15.42681], [-56.24608, -15.42816], [-56.24446, -15.42789], [-56.24419, -15.42735], [-56.24231, -15.42574], [-56.24123, -15.4252], [-56.23961, -15.42493], [-56.23907, -15.42547], [-56.23853, -15.42493], [-56.23907, -15.42439], [-56.23773, -15.42331], [-56.23638, -15.42061], [-56.23665, -15.42008], [-56.23773, -15.41981], [-56.23826, -15.41927], [-56.238, -15.41765], [-56.23746, -15.41684], [-56.23719, -15.41684], [-56.23665, -15.41738], [-56.23503, -15.41765], [-56.23395, -15.4163], [-56.23314, -15.41415], [-56.23341, -15.41388], [-56.23341, -15.41199], [-56.23476, -15.40984], [-56.2353, -15.40822], [-56.23584, -15.40768], [-56.23611, -15.4066], [-56.23719, -15.40552], [-56.23826, -15.40283], [-56.2388, -15.40229], [-56.2388, -15.40175], [-56.23988, -15.4004], [-56.23961, -15.40013], [-56.23988, -15.39986], [-56.23988, -15.39798], [-56.24069, -15.39744], [-56.24096, -15.3969], [-56.24042, -15.39663], [-56.24069, -15.39609], [-56.24069, -15.39474], [-56.2415, -15.39367], [-56.2415, -15.39232], [-56.24204, -15.39097], [-56.24204, -15.38881], [-56.24312, -15.38693], [-56.24312, -15.38612], [-56.24339, -15.38585], [-56.24312, -15.38289], [-56.24339, -15.38262], [-56.24365, -15.38046], [-56.24339, -15.37992], [-56.24285, -15.38019], [-56.24177, -15.37911], [-56.24258, -15.3783], [-56.24258, -15.37696], [-56.24231, -15.37669], [-56.24231, -15.37534], [-56.24258, -15.37507], [-56.24231, -15.3748], [-56.24231, -15.37211], [-56.24285, -15.37157], [-56.24339, -15.36968], [-56.24392, -15.36887], [-56.24419, -15.36725], [-56.24527, -15.3651], [-56.24743, -15.36294], [-56.24931, -15.3616], [-56.24985, -15.3616], [-56.25066, -15.36106], [-56.25147, -15.36106], [-56.25201, -15.3616], [-56.25309, -15.3616], [-56.25309, -15.36025], [-56.25066, -15.35755], [-56.24743, -15.35782], [-56.24635, -15.35701], [-56.24527, -15.35782], [-56.24365, -15.35648], [-56.24285, -15.35701], [-56.24231, -15.35782], [-56.24177, -15.35701], [-56.23961, -15.35513], [-56.23853, -15.3554], [-56.23826, -15.35513], [-56.238, -15.3554], [-56.23719, -15.35486], [-56.23692, -15.35405], [-56.23422, -15.35162], [-56.23449, -15.34947], [-56.23341, -15.34812], [-56.23341, -15.34704], [-56.23261, -15.34516], [-56.23287, -15.34435], [-56.23153, -15.34246], [-56.23045, -15.34165], [-56.23045, -15.34111], [-56.22991, -15.34111], [-56.22964, -15.34031], [-56.22856, -15.3395], [-56.22883, -15.33896], [-56.22856, -15.33842], [-56.22587, -15.33653], [-56.22506, -15.33545], [-56.22344, -15.33492], [-56.2229, -15.33438], [-56.22236, -15.33465], [-56.22021, -15.33168], [-56.2194, -15.33114], [-56.2194, -15.3306], [-56.21886, -15.33006], [-56.21859, -15.33033], [-56.21724, -15.3298], [-56.2159, -15.32845], [-56.2159, -15.32791], [-56.21536, -15.32764], [-56.21644, -15.32521], [-56.21536, -15.32387], [-56.21482, -15.32387], [-56.21374, -15.32279], [-56.21293, -15.32252], [-56.21239, -15.32279], [-56.21212, -15.32252], [-56.21185, -15.32279], [-56.21051, -15.32279], [-56.20727, -15.3209], [-56.20539, -15.31902], [-56.20566, -15.31794], [-56.20539, -15.3174], [-56.20431, -15.31659], [-56.20377, -15.31659], [-56.20269, -15.31551], [-56.20242, -15.3147], [-56.20081, -15.31255], [-56.20027, -15.31255], [-56.19946, -15.31201], [-56.20027, -15.3112], [-56.19892, -15.30877], [-56.19811, -15.30797], [-56.19838, -15.30716], [-56.19784, -15.30635], [-56.19353, -15.30204], [-56.1938, -15.30177], [-56.1938, -15.30096], [-56.19326, -15.30015], [-56.19299, -15.2988], [-56.19245, -15.29826], [-56.19218, -15.29638], [-56.19137, -15.2953], [-56.19137, -15.29368], [-56.19218, -15.29287], [-56.19218, -15.29234], [-56.19137, -15.29153], [-56.19164, -15.29126], [-56.19164, -15.29045], [-56.19137, -15.29018], [-56.19137, -15.28937], [-56.19056, -15.28856], [-56.18949, -15.28991], [-56.18949, -15.29126], [-56.18976, -15.29153], [-56.18895, -15.29234], [-56.1876, -15.29314], [-56.18598, -15.29314], [-56.18329, -15.29476], [-56.18167, -15.29422], [-56.17951, -15.29449], [-56.17844, -15.29368], [-56.17601, -15.29368], [-56.17439, -15.29503], [-56.17332, -15.29341], [-56.17143, -15.2918], [-56.1717, -15.29153], [-56.1717, -15.29072], [-56.17116, -15.29018], [-56.17116, -15.28883], [-56.17062, -15.28829], [-56.17089, -15.28695], [-56.17035, -15.28641], [-56.17035, -15.2856], [-56.17089, -15.28506], [-56.17089, -15.28398], [-56.17035, -15.28344], [-56.17116, -15.28263], [-56.17089, -15.28236], [-56.17278, -15.28075], [-56.17278, -15.28021], [-56.17439, -15.27859], [-56.1752, -15.27805], [-56.17709, -15.27778], [-56.17844, -15.27617], [-56.17817, -15.2759], [-56.17844, -15.27563], [-56.17817, -15.27482], [-56.17951, -15.27401], [-56.17951, -15.27239], [-56.17736, -15.27212], [-56.17709, -15.27185], [-56.17682, -15.27212], [-56.17601, -15.27212], [-56.17547, -15.27266], [-56.17493, -15.27266], [-56.17413, -15.27347], [-56.17332, -15.27347], [-56.1717, -15.27212], [-56.17116, -15.27212], [-56.169, -15.27293], [-56.16658, -15.27536], [-56.16631, -15.27509], [-56.16523, -15.27509], [-56.16496, -15.27428], [-56.16415, -15.27347], [-56.16415, -15.27158], [-56.16361, -15.27078], [-56.16335, -15.27105], [-56.16281, -15.27051], [-56.16281, -15.26781], [-56.16308, -15.26754], [-56.16281, -15.267], [-56.16388, -15.26566], [-56.16415, -15.26458], [-56.16631, -15.26242], [-56.16631, -15.26188], [-56.1655, -15.26107], [-56.1655, -15.26027], [-56.16604, -15.25973], [-56.16766, -15.25973], [-56.16847, -15.25892], [-56.169, -15.25919], [-56.16954, -15.25892], [-56.17008, -15.25946], [-56.17062, -15.25946], [-56.17224, -15.25838], [-56.1717, -15.25757], [-56.17224, -15.2573], [-56.17251, -15.25649], [-56.1717, -15.25541], [-56.1717, -15.25488], [-56.17278, -15.25353], [-56.17278, -15.25299], [-56.17008, -15.25568], [-56.16847, -15.25595], [-56.16766, -15.25541], [-56.16631, -15.25649], [-56.16496, -15.25541], [-56.16496, -15.25488], [-56.16361, -15.25622], [-56.16254, -15.25649], [-56.162, -15.25703], [-56.16146, -15.25703], [-56.15957, -15.25865], [-56.15984, -15.25919], [-56.1593, -15.2608], [-56.15796, -15.26107], [-56.15607, -15.25946], [-56.15553, -15.25946], [-56.15499, -15.26], [-56.15418, -15.26], [-56.15391, -15.25973], [-56.15284, -15.26107], [-56.15203, -15.26134], [-56.1523, -15.26215], [-56.15203, -15.26242], [-56.15176, -15.26215], [-56.15122, -15.26242], [-56.15095, -15.26215], [-56.15068, -15.26242], [-56.15041, -15.26215], [-56.15014, -15.26242], [-56.14933, -15.26188], [-56.14798, -15.26188], [-56.14691, -15.26296], [-56.14583, -15.26269], [-56.14475, -15.26188], [-56.14394, -15.26188], [-56.1434, -15.26134], [-56.14313, -15.26054], [-56.1434, -15.26027], [-56.1434, -15.25919], [-56.14286, -15.25865], [-56.14313, -15.25811], [-56.14286, -15.25757], [-56.14475, -15.25515], [-56.14475, -15.2538], [-56.14529, -15.25299], [-56.14448, -15.25191], [-56.14475, -15.25137], [-56.14232, -15.24922], [-56.14259, -15.24868], [-56.14152, -15.2476], [-56.1399, -15.24895], [-56.13909, -15.24814], [-56.13855, -15.24652], [-56.14044, -15.24437], [-56.1399, -15.24275], [-56.13936, -15.24221], [-56.13963, -15.2414], [-56.14044, -15.24059], [-56.14071, -15.24113], [-56.14098, -15.24113], [-56.14152, -15.24059], [-56.14152, -15.23978], [-56.14071, -15.23898], [-56.14071, -15.23817], [-56.14017, -15.23763], [-56.14017, -15.23655], [-56.14098, -15.23574], [-56.14071, -15.2352], [-56.14125, -15.23439], [-56.14206, -15.23439], [-56.14259, -15.23493], [-56.14313, -15.23466], [-56.14313, -15.23332], [-56.14367, -15.23278], [-56.14313, -15.23224], [-56.14367, -15.23143], [-56.14125, -15.22927], [-56.14098, -15.22873], [-56.14206, -15.22685], [-56.1434, -15.2255], [-56.14286, -15.22469], [-56.14286, -15.22415], [-56.1434, -15.22361], [-56.14152, -15.22173], [-56.14017, -15.22092], [-56.13909, -15.21957], [-56.13963, -15.21876], [-56.13963, -15.21742], [-56.13882, -15.21607], [-56.13747, -15.21499], [-56.13613, -15.21607], [-56.13532, -15.21634], [-56.13397, -15.21742], [-56.1337, -15.21795], [-56.13128, -15.21634], [-56.12966, -15.21795], [-56.12912, -15.21795], [-56.12858, -15.21742], [-56.12777, -15.21769], [-56.1275, -15.21742], [-56.12723, -15.21769], [-56.12669, -15.21715], [-56.12616, -15.21715], [-56.12535, -15.21769], [-56.12346, -15.21769], [-56.12319, -15.21742], [-56.12265, -15.21822], [-56.12157, -15.21742], [-56.12023, -15.21822]]]]}}, {"type": "Feature", "properties": {"nome": "Córrego Campo Verde da Esperança", "area": 0.53, "urb": 0.53, "pct_urb": 100.0, "lx": -56.06309, "ly": -15.58824}, "geometry": {"type": "MultiPolygon", "coordinates": [[[[-56.05878, -15.58824], [-56.05905, -15.58932], [-56.05986, -15.58932], [-56.06121, -15.5904], [-56.06175, -15.5904], [-56.06202, -15.5912], [-56.06255, -15.59147], [-56.06363, -15.59067], [-56.06471, -15.5904], [-56.06633, -15.59201], [-56.06794, -15.59282], [-56.06848, -15.59282], [-56.06956, -15.59174], [-56.06821, -15.59013], [-56.06794, -15.58932], [-56.06687, -15.58851], [-56.0666, -15.5877], [-56.0639, -15.58528], [-56.06121, -15.58555], [-56.06067, -15.58608], [-56.06067, -15.58662], [-56.05878, -15.58824]]]]}}, {"type": "Feature", "properties": {"nome": "Córrego Mãe Bonifácia", "area": 1.42, "urb": 1.42, "pct_urb": 100.0, "lx": -56.1054, "ly": -15.58069}, "geometry": {"type": "MultiPolygon", "coordinates": [[[[-56.10325, -15.57557], [-56.10109, -15.57719], [-56.10136, -15.578], [-56.10055, -15.57881], [-56.10001, -15.57881], [-56.10001, -15.57935], [-56.10055, -15.57989], [-56.10028, -15.58069], [-56.09921, -15.58204], [-56.09974, -15.58393], [-56.10055, -15.58447], [-56.10136, -15.5842], [-56.10217, -15.58339], [-56.10433, -15.58555], [-56.10406, -15.58608], [-56.10513, -15.58743], [-56.1046, -15.58797], [-56.10486, -15.58905], [-56.1054, -15.58905], [-56.10675, -15.59013], [-56.10837, -15.5904], [-56.10972, -15.59174], [-56.10918, -15.59067], [-56.10999, -15.58959], [-56.10999, -15.58797], [-56.10972, -15.5877], [-56.11079, -15.58635], [-56.1116, -15.58582], [-56.11079, -15.58393], [-56.11133, -15.58339], [-56.11133, -15.58204], [-56.11187, -15.58123], [-56.11106, -15.58123], [-56.10891, -15.57854], [-56.10918, -15.578], [-56.10891, -15.57773], [-56.10972, -15.57638], [-56.10945, -15.57584], [-56.10918, -15.57611], [-56.1081, -15.57611], [-56.10729, -15.57692], [-56.10648, -15.57692], [-56.10567, -15.57638], [-56.10433, -15.57638], [-56.10325, -15.57557]]]]}}, {"type": "Feature", "properties": {"nome": "Córrego Aricá", "area": 11.16, "urb": 9.93, "pct_urb": 89.0, "lx": -55.93751, "ly": -15.62166}, "geometry": {"type": "MultiPolygon", "coordinates": [[[[-55.9464, -15.5974], [-55.94559, -15.5974], [-55.94532, -15.59767], [-55.94586, -15.59848], [-55.94155, -15.60279], [-55.93832, -15.60549], [-55.93778, -15.60684], [-55.93724, -15.60737], [-55.93643, -15.60711], [-55.93562, -15.60818], [-55.93401, -15.60818], [-55.93374, -15.60845], [-55.9332, -15.60845], [-55.93293, -15.60791], [-55.93104, -15.60791], [-55.93077, -15.60764], [-55.92996, -15.60764], [-55.92915, -15.60818], [-55.92862, -15.60899], [-55.92889, -15.60926], [-55.92889, -15.61034], [-55.92835, -15.61088], [-55.92808, -15.61061], [-55.927, -15.61169], [-55.927, -15.61223], [-55.92646, -15.61276], [-55.92646, -15.6133], [-55.92754, -15.61438], [-55.92619, -15.61573], [-55.92565, -15.61708], [-55.92484, -15.61735], [-55.92457, -15.61708], [-55.92376, -15.61708], [-55.9235, -15.61735], [-55.9235, -15.61869], [-55.92296, -15.6195], [-55.92134, -15.61842], [-55.92134, -15.61762], [-55.92107, -15.61735], [-55.92026, -15.61735], [-55.91945, -15.61842], [-55.91945, -15.61896], [-55.92026, -15.62004], [-55.92026, -15.62112], [-55.91945, -15.62139], [-55.91784, -15.62085], [-55.91757, -15.62112], [-55.91784, -15.62193], [-55.9173, -15.62247], [-55.9173, -15.62301], [-55.91676, -15.62327], [-55.91649, -15.62516], [-55.91595, -15.62597], [-55.91703, -15.62705], [-55.91676, -15.62732], [-55.91703, -15.62759], [-55.9173, -15.62732], [-55.91972, -15.63001], [-55.91945, -15.63109], [-55.91999, -15.63163], [-55.92026, -15.63136], [-55.92161, -15.63244], [-55.92215, -15.63163], [-55.92403, -15.6319], [-55.92457, -15.63109], [-55.92538, -15.63082], [-55.92565, -15.63028], [-55.92781, -15.63244], [-55.92862, -15.6319], [-55.92915, -15.6319], [-55.92996, -15.63244], [-55.93293, -15.63271], [-55.93454, -15.63432], [-55.93454, -15.63513], [-55.93481, -15.6354], [-55.93454, -15.63567], [-55.93589, -15.63729], [-55.93778, -15.63702], [-55.93913, -15.63864], [-55.94047, -15.63864], [-55.94155, -15.63756], [-55.9429, -15.63783], [-55.94317, -15.63756], [-55.94371, -15.63783], [-55.94559, -15.63648], [-55.94775, -15.63648], [-55.94883, -15.63567], [-55.94964, -15.63621], [-55.95098, -15.63486], [-55.9526, -15.63459], [-55.95314, -15.63513], [-55.95395, -15.63513], [-55.95503, -15.63594], [-55.95637, -15.63513], [-55.95772, -15.63298], [-55.95745, -15.6319], [-55.95799, -15.63082], [-55.95691, -15.62947], [-55.95718, -15.62893], [-55.95637, -15.62813], [-55.95745, -15.62624], [-55.95637, -15.62516], [-55.95664, -15.62462], [-55.95637, -15.62381], [-55.9553, -15.62247], [-55.9553, -15.62166], [-55.95556, -15.62139], [-55.95449, -15.62058], [-55.95341, -15.61923], [-55.95395, -15.61842], [-55.95422, -15.61842], [-55.95368, -15.61654], [-55.95206, -15.616], [-55.95125, -15.61492], [-55.95018, -15.61438], [-55.94964, -15.61465], [-55.9491, -15.61438], [-55.94829, -15.61492], [-55.94721, -15.61384], [-55.94721, -15.61303], [-55.94667, -15.61196], [-55.94667, -15.61088], [-55.94802, -15.60926], [-55.94829, -15.60953], [-55.94883, -15.60845], [-55.94856, -15.60818], [-55.94883, -15.60737], [-55.94856, -15.60711], [-55.94856, -15.60576], [-55.94937, -15.6036], [-55.94856, -15.6036], [-55.94775, -15.60279], [-55.94775, -15.60172], [-55.94694, -15.60064], [-55.94748, -15.59983], [-55.9464, -15.59821], [-55.9464, -15.5974]]]]}}, {"type": "Feature", "properties": {"nome": "Córrego Banguê", "area": 1.46, "urb": 1.46, "pct_urb": 100.0, "lx": -56.04477, "ly": -15.59713}, "geometry": {"type": "MultiPolygon", "coordinates": [[[[-56.05905, -15.5877], [-56.05797, -15.58851], [-56.0577, -15.58824], [-56.05636, -15.58932], [-56.05555, -15.58878], [-56.0542, -15.58878], [-56.05393, -15.58905], [-56.05312, -15.58878], [-56.05177, -15.58986], [-56.04962, -15.58959], [-56.04935, -15.59174], [-56.04854, -15.59255], [-56.04692, -15.59282], [-56.04612, -15.59228], [-56.04531, -15.59282], [-56.04477, -15.59282], [-56.04396, -15.59363], [-56.04315, -15.59363], [-56.04288, -15.59336], [-56.0418, -15.59417], [-56.04099, -15.59525], [-56.04073, -15.59606], [-56.04099, -15.59659], [-56.03965, -15.59794], [-56.03938, -15.59767], [-56.0383, -15.59875], [-56.03938, -15.59983], [-56.04019, -15.59956], [-56.04099, -15.60037], [-56.04073, -15.60091], [-56.04288, -15.60279], [-56.04342, -15.60279], [-56.04477, -15.60145], [-56.04558, -15.60198], [-56.05016, -15.59713], [-56.05177, -15.59606], [-56.05231, -15.59633], [-56.05285, -15.59606], [-56.05366, -15.59498], [-56.05393, -15.5939], [-56.05878, -15.58905], [-56.05851, -15.58824], [-56.05905, -15.5877]]]]}}, {"type": "Feature", "properties": {"nome": "Córrego Carumbé", "area": 1.52, "urb": 1.52, "pct_urb": 100.0, "lx": -56.03345, "ly": -15.58824}, "geometry": {"type": "MultiPolygon", "coordinates": [[[[-56.02267, -15.58231], [-56.02267, -15.58258], [-56.02294, -15.58231], [-56.02321, -15.58258], [-56.02375, -15.58204], [-56.02456, -15.58258], [-56.02509, -15.58204], [-56.02698, -15.58393], [-56.02779, -15.58582], [-56.02914, -15.58743], [-56.02941, -15.58851], [-56.02914, -15.58878], [-56.02995, -15.58986], [-56.03021, -15.59094], [-56.02968, -15.59147], [-56.02968, -15.59417], [-56.0286, -15.59525], [-56.02914, -15.59498], [-56.03021, -15.59552], [-56.03183, -15.59579], [-56.03264, -15.59525], [-56.03291, -15.59552], [-56.03372, -15.59552], [-56.03453, -15.59633], [-56.0356, -15.59525], [-56.03587, -15.59444], [-56.03695, -15.59525], [-56.03614, -15.59444], [-56.03641, -15.59417], [-56.03614, -15.59363], [-56.03641, -15.59282], [-56.03695, -15.59228], [-56.03695, -15.59201], [-56.03641, -15.59174], [-56.03641, -15.5912], [-56.03749, -15.5904], [-56.0383, -15.58932], [-56.0383, -15.58851], [-56.03857, -15.58824], [-56.0383, -15.58797], [-56.03884, -15.58743], [-56.03911, -15.58608], [-56.03965, -15.58555], [-56.03938, -15.58501], [-56.04207, -15.58258], [-56.04153, -15.58285], [-56.04099, -15.58231], [-56.04046, -15.58258], [-56.03992, -15.58204], [-56.03938, -15.58204], [-56.0383, -15.58312], [-56.03803, -15.58285], [-56.03749, -15.58312], [-56.03641, -15.5842], [-56.0356, -15.58393], [-56.03534, -15.5842], [-56.03399, -15.58366], [-56.03318, -15.5842], [-56.03237, -15.5842], [-56.0321, -15.58339], [-56.03075, -15.58204], [-56.02968, -15.58231], [-56.02941, -15.58204], [-56.02887, -15.58231], [-56.02806, -15.5815], [-56.02671, -15.5815], [-56.02617, -15.58096], [-56.02536, -15.58177], [-56.02483, -15.58096], [-56.02456, -15.58123], [-56.02402, -15.58096], [-56.02267, -15.58231]]]]}}, {"type": "Feature", "properties": {"nome": "Córrego Figueirinha", "area": 2.46, "urb": 2.46, "pct_urb": 100.0, "lx": -56.03749, "ly": -15.65858}, "geometry": {"type": "MultiPolygon", "coordinates": [[[[-56.04665, -15.64591], [-56.04342, -15.64888], [-56.04207, -15.64888], [-56.04099, -15.64942], [-56.03992, -15.64861], [-56.03803, -15.65049], [-56.03776, -15.65022], [-56.03641, -15.65184], [-56.03587, -15.65184], [-56.03534, -15.65238], [-56.03237, -15.65238], [-56.0321, -15.65265], [-56.03237, -15.65319], [-56.0321, -15.654], [-56.03291, -15.65508], [-56.03318, -15.65642], [-56.03183, -15.65831], [-56.03183, -15.65912], [-56.03129, -15.65966], [-56.03129, -15.661], [-56.03021, -15.66235], [-56.03102, -15.66289], [-56.03372, -15.66289], [-56.0356, -15.66478], [-56.03534, -15.66505], [-56.0356, -15.66532], [-56.0356, -15.66612], [-56.03641, -15.66666], [-56.03614, -15.66693], [-56.03668, -15.66693], [-56.03695, -15.66774], [-56.03965, -15.67017], [-56.04019, -15.66936], [-56.03965, -15.66855], [-56.04019, -15.66801], [-56.04019, -15.66666], [-56.03992, -15.66612], [-56.04019, -15.66585], [-56.04019, -15.66505], [-56.04126, -15.66343], [-56.04234, -15.66262], [-56.04207, -15.66127], [-56.04288, -15.65939], [-56.04261, -15.65912], [-56.04288, -15.65831], [-56.04719, -15.654], [-56.04773, -15.65238], [-56.04746, -15.65157], [-56.04881, -15.64969], [-56.048, -15.64888], [-56.04746, -15.64888], [-56.04612, -15.64807], [-56.04638, -15.64753], [-56.04692, -15.64726], [-56.04638, -15.64618], [-56.04665, -15.64591]]]]}}, {"type": "Feature", "properties": {"nome": "Córrego Fundo", "area": 0.21, "urb": 0.21, "pct_urb": 100.0, "lx": -56.04908, "ly": -15.61681}, "geometry": {"type": "MultiPolygon", "coordinates": [[[[-56.04773, -15.6133], [-56.04827, -15.61411], [-56.04746, -15.61519], [-56.04746, -15.61708], [-56.04773, -15.61788], [-56.04854, -15.61869], [-56.04908, -15.61842], [-56.04935, -15.61869], [-56.04962, -15.62058], [-56.05016, -15.62085], [-56.0507, -15.6195], [-56.05043, -15.61869], [-56.0507, -15.61815], [-56.05312, -15.616], [-56.05231, -15.61627], [-56.05151, -15.61708], [-56.04773, -15.6133]]]]}}, {"type": "Feature", "properties": {"nome": "Córrego Imbauval", "area": 2.62, "urb": 2.62, "pct_urb": 100.0, "lx": -56.00623, "ly": -15.62651}, "geometry": {"type": "MultiPolygon", "coordinates": [[[[-56.01512, -15.62247], [-56.01378, -15.62327], [-56.01162, -15.62139], [-56.01081, -15.62139], [-56.01054, -15.62112], [-56.01, -15.62139], [-56.00919, -15.62085], [-56.00704, -15.62112], [-56.00596, -15.62193], [-56.00515, -15.62139], [-56.00515, -15.62193], [-56.00461, -15.62274], [-56.0038, -15.62274], [-56.00219, -15.62354], [-56.00084, -15.62327], [-56.00003, -15.62408], [-55.99949, -15.62408], [-55.99761, -15.62597], [-55.99572, -15.62597], [-55.99518, -15.62678], [-55.99491, -15.62678], [-55.99653, -15.62866], [-55.99815, -15.62813], [-55.99841, -15.6284], [-55.99868, -15.62813], [-55.99949, -15.62893], [-56.00057, -15.62893], [-56.00138, -15.6284], [-56.00219, -15.6292], [-56.003, -15.62947], [-56.003, -15.63001], [-56.00488, -15.63217], [-56.00327, -15.63405], [-56.0038, -15.63459], [-56.00354, -15.63594], [-55.99707, -15.64187], [-55.99707, -15.64268], [-55.9968, -15.64295], [-55.99761, -15.64403], [-55.99761, -15.64456], [-55.99949, -15.64672], [-56.00003, -15.64699], [-56.00111, -15.64888], [-56.00515, -15.64753], [-56.00515, -15.6443], [-56.00488, -15.64403], [-56.00542, -15.64376], [-56.00542, -15.64322], [-56.00488, -15.64268], [-56.00542, -15.64214], [-56.00515, -15.6416], [-56.00542, -15.64133], [-56.00488, -15.64052], [-56.00515, -15.63998], [-56.00488, -15.63971], [-56.00542, -15.63918], [-56.00542, -15.63837], [-56.00488, -15.63756], [-56.00704, -15.63567], [-56.00704, -15.63459], [-56.00812, -15.63405], [-56.00946, -15.63217], [-56.00919, -15.6319], [-56.00973, -15.63082], [-56.00973, -15.6292], [-56.01485, -15.62381], [-56.01512, -15.62408], [-56.01593, -15.62327], [-56.01512, -15.62247]]]]}}, {"type": "Feature", "properties": {"nome": "Córrego Quarta-Feira", "area": 4.83, "urb": 4.83, "pct_urb": 100.0, "lx": -56.08196, "ly": -15.57396}, "geometry": {"type": "MultiPolygon", "coordinates": [[[[-56.06498, -15.55994], [-56.06552, -15.56075], [-56.0666, -15.56156], [-56.06633, -15.56183], [-56.06794, -15.56372], [-56.06794, -15.56426], [-56.06929, -15.5656], [-56.07037, -15.5656], [-56.07091, -15.56614], [-56.07064, -15.56641], [-56.07145, -15.56695], [-56.07145, -15.56776], [-56.07172, -15.56803], [-56.07253, -15.56803], [-56.0736, -15.56884], [-56.07306, -15.56991], [-56.07387, -15.57072], [-56.07441, -15.57234], [-56.07549, -15.57315], [-56.07441, -15.57423], [-56.07414, -15.57557], [-56.07495, -15.57692], [-56.0763, -15.57773], [-56.07603, -15.578], [-56.07684, -15.57935], [-56.07792, -15.57962], [-56.07899, -15.58123], [-56.08007, -15.58177], [-56.08088, -15.58123], [-56.08115, -15.5815], [-56.08142, -15.58123], [-56.08196, -15.5815], [-56.08357, -15.58016], [-56.08438, -15.58043], [-56.08546, -15.57962], [-56.08654, -15.58069], [-56.08923, -15.58069], [-56.08977, -15.58016], [-56.09058, -15.58016], [-56.09166, -15.57908], [-56.09112, -15.578], [-56.09193, -15.57719], [-56.09193, -15.57665], [-56.09247, -15.57638], [-56.09274, -15.57665], [-56.09462, -15.57504], [-56.09489, -15.5745], [-56.0957, -15.57477], [-56.09597, -15.5745], [-56.09651, -15.57504], [-56.09705, -15.57504], [-56.09921, -15.57719], [-56.09948, -15.57692], [-56.09974, -15.57719], [-56.10028, -15.57665], [-56.10055, -15.57692], [-56.10136, -15.57692], [-56.10352, -15.5753], [-56.10325, -15.57504], [-56.10352, -15.57396], [-56.10325, -15.57369], [-56.10352, -15.57315], [-56.10325, -15.57288], [-56.10325, -15.5718], [-56.10271, -15.57126], [-56.10298, -15.57099], [-56.10244, -15.57072], [-56.10109, -15.57072], [-56.10028, -15.56991], [-56.09813, -15.56991], [-56.09732, -15.57018], [-56.09678, -15.56965], [-56.09624, -15.56965], [-56.09543, -15.57045], [-56.09462, -15.56991], [-56.09274, -15.57072], [-56.0922, -15.56991], [-56.09166, -15.56991], [-56.09031, -15.56857], [-56.09031, -15.5683], [-56.08816, -15.5683], [-56.08789, -15.56803], [-56.08762, -15.5683], [-56.08654, -15.56776], [-56.08519, -15.5683], [-56.08465, -15.56722], [-56.08196, -15.56399], [-56.08142, -15.56399], [-56.08061, -15.56291], [-56.08034, -15.56318], [-56.0798, -15.56264], [-56.07899, -15.56264], [-56.07819, -15.5621], [-56.07765, -15.5621], [-56.07145, -15.55644], [-56.0701, -15.55698], [-56.06929, -15.55806], [-56.06821, -15.55806], [-56.06794, -15.55779], [-56.06767, -15.55806], [-56.06767, -15.55914], [-56.06714, -15.55967], [-56.06687, -15.5594], [-56.06552, -15.5594], [-56.06498, -15.55994]]]]}}, {"type": "Feature", "properties": {"nome": "Córrego São Gonçalo", "area": 5.15, "urb": 5.15, "pct_urb": 100.0, "lx": -56.06902, "ly": -15.63405}, "geometry": {"type": "MultiPolygon", "coordinates": [[[[-56.04746, -15.62274], [-56.04719, -15.62327], [-56.04746, -15.62354], [-56.04719, -15.62381], [-56.04746, -15.62462], [-56.04719, -15.62516], [-56.04773, -15.62543], [-56.048, -15.62597], [-56.04881, -15.62624], [-56.04827, -15.62705], [-56.04827, -15.62759], [-56.04881, -15.62813], [-56.04881, -15.62866], [-56.04935, -15.62893], [-56.04935, -15.62974], [-56.05097, -15.63028], [-56.05097, -15.63082], [-56.05016, -15.63163], [-56.05043, -15.63244], [-56.05177, -15.63244], [-56.05204, -15.63217], [-56.05231, -15.63271], [-56.05285, -15.63271], [-56.05366, -15.63325], [-56.05501, -15.63325], [-56.05555, -15.63379], [-56.05609, -15.63379], [-56.05636, -15.63325], [-56.05663, -15.63325], [-56.05716, -15.63379], [-56.0577, -15.63379], [-56.05878, -15.63486], [-56.05959, -15.63486], [-56.06175, -15.63729], [-56.06255, -15.63756], [-56.06336, -15.63837], [-56.06336, -15.63918], [-56.06417, -15.64025], [-56.06579, -15.64079], [-56.06687, -15.64079], [-56.06794, -15.64187], [-56.06767, -15.64241], [-56.06848, -15.64349], [-56.06821, -15.6443], [-56.06875, -15.64483], [-56.06875, -15.64564], [-56.06902, -15.64591], [-56.06875, -15.64672], [-56.06983, -15.6478], [-56.07064, -15.64699], [-56.07091, -15.64726], [-56.07145, -15.64699], [-56.07172, -15.64645], [-56.07253, -15.64645], [-56.0728, -15.64591], [-56.07414, -15.64591], [-56.07441, -15.64564], [-56.07576, -15.64618], [-56.0763, -15.64564], [-56.07711, -15.64564], [-56.07738, -15.64537], [-56.07765, -15.64564], [-56.08007, -15.64295], [-56.08115, -15.64214], [-56.08196, -15.64214], [-56.08223, -15.64187], [-56.08331, -15.64241], [-56.08384, -15.64079], [-56.0825, -15.63971], [-56.0825, -15.63864], [-56.08304, -15.6381], [-56.08277, -15.63702], [-56.08196, -15.63675], [-56.07953, -15.63432], [-56.0798, -15.63352], [-56.07872, -15.63271], [-56.07845, -15.63163], [-56.07792, -15.63163], [-56.0763, -15.63028], [-56.07522, -15.63028], [-56.07468, -15.62974], [-56.07495, -15.62705], [-56.07468, -15.62624], [-56.07333, -15.62516], [-56.07253, -15.62489], [-56.07226, -15.62381], [-56.07172, -15.62327], [-56.0701, -15.62462], [-56.06821, -15.62435], [-56.06714, -15.62381], [-56.0666, -15.62462], [-56.0666, -15.62516], [-56.06606, -15.6257], [-56.06633, -15.62597], [-56.06579, -15.62651], [-56.06498, -15.6257], [-56.06336, -15.62732], [-56.06228, -15.62732], [-56.06121, -15.62651], [-56.05986, -15.62786], [-56.05959, -15.62759], [-56.05851, -15.6284], [-56.05797, -15.62786], [-56.05743, -15.62786], [-56.05582, -15.62651], [-56.05474, -15.62651], [-56.05339, -15.6257], [-56.05231, -15.62624], [-56.05177, -15.62543], [-56.05124, -15.62543], [-56.05097, -15.62489], [-56.05043, -15.62462], [-56.0507, -15.62381], [-56.04881, -15.6222], [-56.048, -15.6222], [-56.04773, -15.62274], [-56.04746, -15.62274]]]]}}, {"type": "Feature", "properties": {"nome": "Ribeirão do Baú", "area": 3.24, "urb": 3.24, "pct_urb": 100.0, "lx": -56.07064, "ly": -15.54431}, "geometry": {"type": "MultiPolygon", "coordinates": [[[[-56.07926, -15.53758], [-56.07872, -15.53785], [-56.07657, -15.5365], [-56.07522, -15.53758], [-56.07226, -15.53785], [-56.07172, -15.53758], [-56.07118, -15.53785], [-56.0701, -15.53677], [-56.06956, -15.53677], [-56.06956, -15.53731], [-56.06902, -15.53785], [-56.06848, -15.53785], [-56.0666, -15.53973], [-56.06633, -15.53946], [-56.06498, -15.54081], [-56.06363, -15.54054], [-56.06336, -15.54081], [-56.06336, -15.54135], [-56.0639, -15.54189], [-56.0639, -15.54323], [-56.06309, -15.54404], [-56.06175, -15.54458], [-56.06094, -15.54539], [-56.0604, -15.54539], [-56.05959, -15.54647], [-56.05905, -15.54647], [-56.05824, -15.54593], [-56.05743, -15.54593], [-56.05689, -15.54701], [-56.0577, -15.54836], [-56.05716, -15.54943], [-56.05716, -15.55078], [-56.05743, -15.55051], [-56.05959, -15.5524], [-56.06202, -15.55213], [-56.06282, -15.55267], [-56.06363, -15.55267], [-56.0639, -15.55294], [-56.0639, -15.55401], [-56.06525, -15.55644], [-56.06606, -15.55698], [-56.0666, -15.55671], [-56.06767, -15.55779], [-56.06794, -15.55752], [-56.06821, -15.55779], [-56.06929, -15.55779], [-56.0701, -15.55671], [-56.07172, -15.55617], [-56.07306, -15.55509], [-56.07333, -15.55375], [-56.07387, -15.55321], [-56.07226, -15.55132], [-56.07253, -15.55024], [-56.07306, -15.5497], [-56.07333, -15.54997], [-56.0736, -15.5497], [-56.07414, -15.54997], [-56.07684, -15.54674], [-56.07792, -15.5462], [-56.07765, -15.54593], [-56.07819, -15.54539], [-56.07792, -15.54512], [-56.07819, -15.54485], [-56.07819, -15.54404], [-56.07792, -15.54377], [-56.07792, -15.54297], [-56.07845, -15.54216], [-56.07711, -15.54027], [-56.07792, -15.53946], [-56.07765, -15.53919], [-56.07872, -15.53811], [-56.07926, -15.53811], [-56.07899, -15.53785], [-56.07926, -15.53758]]]]}}, {"type": "Feature", "properties": {"nome": "Ribeirão dos Peixes", "area": 5.87, "urb": 4.41, "pct_urb": 75.2, "lx": -55.94856, "ly": -15.6513}, "geometry": {"type": "MultiPolygon", "coordinates": [[[[-55.95664, -15.6354], [-55.9561, -15.6354], [-55.95583, -15.63594], [-55.95503, -15.63621], [-55.95395, -15.6354], [-55.95314, -15.6354], [-55.9526, -15.63486], [-55.95098, -15.63513], [-55.94964, -15.63648], [-55.94883, -15.63594], [-55.94775, -15.63675], [-55.94559, -15.63675], [-55.94371, -15.6381], [-55.94317, -15.63783], [-55.94236, -15.6381], [-55.94155, -15.63783], [-55.9402, -15.63971], [-55.93966, -15.63998], [-55.9402, -15.64052], [-55.93966, -15.64133], [-55.93993, -15.64268], [-55.94047, -15.64322], [-55.93993, -15.64483], [-55.94074, -15.64645], [-55.94047, -15.64699], [-55.9394, -15.6478], [-55.93993, -15.64915], [-55.93886, -15.65022], [-55.93832, -15.64995], [-55.93697, -15.6513], [-55.93697, -15.65184], [-55.93616, -15.65265], [-55.93481, -15.65319], [-55.93535, -15.65454], [-55.93481, -15.65534], [-55.93616, -15.65669], [-55.93778, -15.65696], [-55.93832, -15.6575], [-55.9394, -15.6575], [-55.93993, -15.65831], [-55.9394, -15.65885], [-55.94209, -15.66154], [-55.9429, -15.66127], [-55.94505, -15.66343], [-55.94532, -15.66424], [-55.94559, -15.66397], [-55.94721, -15.66505], [-55.95368, -15.65885], [-55.9553, -15.6602], [-55.9553, -15.661], [-55.95664, -15.65966], [-55.95637, -15.65939], [-55.95637, -15.65777], [-55.9561, -15.6575], [-55.95664, -15.65696], [-55.95691, -15.65723], [-55.95961, -15.65481], [-55.95907, -15.654], [-55.96015, -15.65319], [-55.95961, -15.65238], [-55.95961, -15.65157], [-55.95853, -15.65049], [-55.9588, -15.64969], [-55.95691, -15.6478], [-55.95664, -15.64672], [-55.9561, -15.64618], [-55.95664, -15.6451], [-55.95907, -15.64268], [-55.9588, -15.64241], [-55.9588, -15.6416], [-55.95907, -15.64133], [-55.95907, -15.64025], [-55.95853, -15.63944], [-55.95907, -15.63864], [-55.95772, -15.63702], [-55.95799, -15.63675], [-55.95664, -15.6354]]]]}}, {"type": "Feature", "properties": {"nome": "Córrego Bela Vista", "area": 0.42, "urb": 0.42, "pct_urb": 100.0, "lx": -56.06228, "ly": -15.58285}, "geometry": {"type": "MultiPolygon", "coordinates": [[[[-56.05878, -15.57908], [-56.05986, -15.58528], [-56.0604, -15.58608], [-56.06121, -15.58528], [-56.06417, -15.58501], [-56.06633, -15.58258], [-56.06606, -15.58177], [-56.06444, -15.58043], [-56.06363, -15.58096], [-56.06175, -15.57935], [-56.06175, -15.57908], [-56.05986, -15.57962], [-56.05932, -15.57908], [-56.05905, -15.57935], [-56.05878, -15.57908]]]]}}, {"type": "Feature", "properties": {"nome": "Ribeirão Leonor", "area": 3.72, "urb": 2.68, "pct_urb": 72.1, "lx": -55.99761, "ly": -15.55132}, "geometry": {"type": "MultiPolygon", "coordinates": [[[[-56.01162, -15.54216], [-56.00839, -15.54512], [-56.00839, -15.54566], [-56.00677, -15.54755], [-56.00596, -15.54782], [-56.00488, -15.54755], [-56.00407, -15.54674], [-56.00354, -15.54701], [-56.00327, -15.54674], [-56.00192, -15.54674], [-56.00138, -15.54728], [-56.00057, -15.5462], [-55.99922, -15.5462], [-55.99815, -15.54539], [-55.99761, -15.54539], [-55.99734, -15.54485], [-55.99464, -15.54755], [-55.9941, -15.54728], [-55.99195, -15.54755], [-55.99114, -15.54728], [-55.99033, -15.54809], [-55.98979, -15.54809], [-55.99006, -15.54862], [-55.98979, -15.54916], [-55.99006, -15.54943], [-55.98925, -15.55024], [-55.98898, -15.55132], [-55.98817, -15.5524], [-55.98817, -15.55294], [-55.9871, -15.55401], [-55.98763, -15.55509], [-55.9871, -15.55563], [-55.98656, -15.55563], [-55.98521, -15.55725], [-55.98413, -15.55698], [-55.98332, -15.55779], [-55.98251, -15.55806], [-55.98278, -15.55914], [-55.98251, -15.5594], [-55.98305, -15.55994], [-55.98278, -15.56102], [-55.98413, -15.56183], [-55.98467, -15.56156], [-55.98494, -15.56183], [-55.98602, -15.56183], [-55.9879, -15.56318], [-55.98952, -15.56318], [-55.99006, -15.5621], [-55.98979, -15.56129], [-55.99033, -15.56048], [-55.99222, -15.55967], [-55.99491, -15.55698], [-55.99626, -15.55725], [-55.9968, -15.55671], [-55.99734, -15.55671], [-55.99815, -15.55725], [-55.99895, -15.55698], [-56.00057, -15.55509], [-56.00138, -15.55563], [-56.00246, -15.55698], [-56.00327, -15.55644], [-56.00461, -15.55725], [-56.00839, -15.55671], [-56.00866, -15.55644], [-56.00919, -15.55644], [-56.00973, -15.55698], [-56.01243, -15.55671], [-56.01431, -15.55401], [-56.01378, -15.55348], [-56.01405, -15.55267], [-56.01351, -15.55294], [-56.0127, -15.55213], [-56.01162, -15.54943], [-56.0127, -15.54782], [-56.01216, -15.54728], [-56.01108, -15.54485], [-56.01216, -15.5435], [-56.01162, -15.54297], [-56.01162, -15.54216]]]]}}, {"type": "Feature", "properties": {"nome": "Ribeirão dos Cágados", "area": 6.83, "urb": 4.23, "pct_urb": 61.9, "lx": -55.96985, "ly": -15.65265}, "geometry": {"type": "MultiPolygon", "coordinates": [[[[-55.95826, -15.63648], [-55.95799, -15.63702], [-55.95934, -15.63864], [-55.9588, -15.63971], [-55.95934, -15.64025], [-55.95907, -15.64241], [-55.95934, -15.64268], [-55.95691, -15.6451], [-55.95637, -15.64618], [-55.95718, -15.64726], [-55.95718, -15.6478], [-55.95907, -15.64969], [-55.9588, -15.65049], [-55.95988, -15.65157], [-55.95988, -15.65238], [-55.96042, -15.65319], [-55.95934, -15.654], [-55.95988, -15.65481], [-55.95691, -15.6575], [-55.95664, -15.65723], [-55.95637, -15.6575], [-55.95664, -15.65777], [-55.95664, -15.65939], [-55.95691, -15.65966], [-55.95556, -15.661], [-55.95556, -15.66154], [-55.95691, -15.66181], [-55.95826, -15.66316], [-55.95853, -15.66397], [-55.95691, -15.66639], [-55.95691, -15.6672], [-55.95637, -15.66774], [-55.9561, -15.66909], [-55.95637, -15.66936], [-55.95691, -15.66909], [-55.95745, -15.66963], [-55.95745, -15.67044], [-55.96069, -15.6734], [-55.96122, -15.6734], [-55.96338, -15.67556], [-55.96338, -15.6761], [-55.965, -15.67717], [-55.96608, -15.6761], [-55.96608, -15.67421], [-55.96688, -15.67205], [-55.96688, -15.67071], [-55.96742, -15.6699], [-55.96715, -15.66936], [-55.96715, -15.66774], [-55.96688, -15.66747], [-55.96688, -15.66585], [-55.96796, -15.66532], [-55.96877, -15.66559], [-55.96958, -15.66532], [-55.96931, -15.66505], [-55.96931, -15.66397], [-55.96985, -15.66343], [-55.96958, -15.66262], [-55.96985, -15.66235], [-55.97093, -15.66208], [-55.97281, -15.661], [-55.97443, -15.66073], [-55.97578, -15.65993], [-55.97632, -15.66047], [-55.97793, -15.65966], [-55.97901, -15.65966], [-55.97901, -15.65858], [-55.97874, -15.65831], [-55.98009, -15.65642], [-55.97982, -15.65481], [-55.98144, -15.65292], [-55.9809, -15.6513], [-55.98144, -15.65103], [-55.98063, -15.64969], [-55.98063, -15.64915], [-55.97982, -15.64807], [-55.97739, -15.64564], [-55.97686, -15.64618], [-55.97605, -15.64537], [-55.97443, -15.64483], [-55.97443, -15.64376], [-55.9747, -15.64349], [-55.97416, -15.64268], [-55.97335, -15.64241], [-55.97227, -15.64349], [-55.97066, -15.64295], [-55.96958, -15.64295], [-55.9685, -15.64187], [-55.9685, -15.64106], [-55.96634, -15.63864], [-55.96661, -15.6381], [-55.96608, -15.63756], [-55.96365, -15.63783], [-55.96284, -15.63729], [-55.9623, -15.63729], [-55.96203, -15.63783], [-55.96069, -15.63837], [-55.96042, -15.63783], [-55.95961, -15.63783], [-55.95826, -15.63648]]]]}}, {"type": "Feature", "properties": {"nome": "Córrego Ikaray", "area": 1.07, "urb": 1.07, "pct_urb": 100.0, "lx": -56.13559, "ly": -15.6699}, "geometry": {"type": "MultiPolygon", "coordinates": [[[[-56.13828, -15.65939], [-56.13693, -15.66073], [-56.1364, -15.66073], [-56.13667, -15.661], [-56.13532, -15.66235], [-56.13424, -15.66289], [-56.13424, -15.66424], [-56.1337, -15.66478], [-56.13451, -15.66532], [-56.13451, -15.66585], [-56.1337, -15.66666], [-56.13316, -15.66612], [-56.13262, -15.66612], [-56.13154, -15.66747], [-56.13154, -15.66828], [-56.13128, -15.66855], [-56.13154, -15.66882], [-56.13154, -15.66963], [-56.13101, -15.67017], [-56.1302, -15.6699], [-56.12966, -15.67044], [-56.12966, -15.67124], [-56.12939, -15.67151], [-56.12966, -15.67178], [-56.12993, -15.67151], [-56.1302, -15.67178], [-56.13128, -15.67178], [-56.13208, -15.67259], [-56.13235, -15.67232], [-56.13559, -15.67556], [-56.13747, -15.6734], [-56.13855, -15.67367], [-56.13936, -15.67259], [-56.13882, -15.67205], [-56.13909, -15.67151], [-56.14017, -15.67044], [-56.13936, -15.66936], [-56.13882, -15.66505], [-56.13801, -15.66397], [-56.13828, -15.66262], [-56.13963, -15.66154], [-56.13963, -15.661], [-56.13909, -15.65993], [-56.13828, -15.65939]]]]}}, {"type": "Feature", "properties": {"nome": "Córrego Piçarão", "area": 18.19, "urb": 18.13, "pct_urb": 99.7, "lx": -56.17197, "ly": -15.68095}, "geometry": {"type": "MultiPolygon", "coordinates": [[[[-56.19245, -15.65723], [-56.19191, -15.65669], [-56.19056, -15.65669], [-56.19003, -15.65615], [-56.18868, -15.65561], [-56.18598, -15.65319], [-56.18517, -15.65373], [-56.18437, -15.65265], [-56.18329, -15.65319], [-56.18302, -15.65292], [-56.18275, -15.65319], [-56.18194, -15.65319], [-56.18167, -15.65292], [-56.18005, -15.65642], [-56.1779, -15.65858], [-56.1779, -15.65912], [-56.17736, -15.65966], [-56.17682, -15.65939], [-56.17628, -15.65993], [-56.17466, -15.6602], [-56.17386, -15.661], [-56.17332, -15.66047], [-56.1717, -15.6602], [-56.17116, -15.65966], [-56.17035, -15.66047], [-56.17116, -15.66154], [-56.17062, -15.66235], [-56.17035, -15.6637], [-56.16712, -15.66666], [-56.16712, -15.6672], [-56.16227, -15.67178], [-56.162, -15.67259], [-56.16227, -15.67286], [-56.16092, -15.67367], [-56.15957, -15.67556], [-56.15822, -15.67475], [-56.15661, -15.6761], [-56.15553, -15.67556], [-56.15364, -15.67744], [-56.1531, -15.67717], [-56.15203, -15.67798], [-56.15176, -15.67771], [-56.14987, -15.67771], [-56.14987, -15.67852], [-56.14933, -15.67906], [-56.14852, -15.67933], [-56.14798, -15.67906], [-56.14448, -15.68256], [-56.14421, -15.68229], [-56.1434, -15.6831], [-56.14232, -15.68337], [-56.14152, -15.68391], [-56.14098, -15.68472], [-56.13963, -15.68472], [-56.13828, -15.68526], [-56.13747, -15.68607], [-56.1364, -15.68634], [-56.13397, -15.68849], [-56.13181, -15.68849], [-56.13154, -15.68822], [-56.13047, -15.68903], [-56.1302, -15.68876], [-56.12831, -15.69065], [-56.12858, -15.69092], [-56.1275, -15.692], [-56.1275, -15.69307], [-56.12669, -15.69415], [-56.12696, -15.69469], [-56.12939, -15.69577], [-56.12966, -15.69631], [-56.12966, -15.69766], [-56.12885, -15.699], [-56.12993, -15.69981], [-56.13047, -15.69981], [-56.13154, -15.70116], [-56.13128, -15.70143], [-56.13128, -15.70251], [-56.13235, -15.70385], [-56.13316, -15.70385], [-56.1337, -15.70466], [-56.13478, -15.70493], [-56.13532, -15.70547], [-56.13532, -15.70601], [-56.13586, -15.70655], [-56.13586, -15.70736], [-56.13693, -15.70951], [-56.13774, -15.70924], [-56.13801, -15.70844], [-56.13936, -15.7087], [-56.14017, -15.70817], [-56.14071, -15.70817], [-56.14179, -15.70897], [-56.14421, -15.70601], [-56.14448, -15.70628], [-56.14529, -15.70601], [-56.14691, -15.70412], [-56.14745, -15.70439], [-56.14745, -15.70466], [-56.14798, -15.70466], [-56.14906, -15.70331], [-56.14906, -15.70224], [-56.14879, -15.70197], [-56.14987, -15.69981], [-56.15041, -15.70035], [-56.1523, -15.70062], [-56.15337, -15.699], [-56.15337, -15.69846], [-56.15391, -15.69792], [-56.15445, -15.69819], [-56.15499, -15.69792], [-56.15499, -15.69712], [-56.15553, -15.69658], [-56.15634, -15.69685], [-56.15742, -15.69819], [-56.15876, -15.69712], [-56.15849, -15.69658], [-56.1593, -15.6955], [-56.16038, -15.69604], [-56.162, -15.6955], [-56.16281, -15.69442], [-56.16415, -15.69415], [-56.16496, -15.69307], [-56.16577, -15.69307], [-56.16712, -15.69361], [-56.16766, -15.69415], [-56.1682, -15.69415], [-56.16874, -15.69469], [-56.17062, -15.69469], [-56.1717, -15.69523], [-56.17305, -15.69658], [-56.17359, -15.69631], [-56.17439, -15.69685], [-56.17574, -15.6955], [-56.17601, -15.69388], [-56.17736, -15.69253], [-56.17709, -15.692], [-56.17763, -15.69146], [-56.17844, -15.69146], [-56.17925, -15.69227], [-56.17978, -15.69227], [-56.18086, -15.69092], [-56.18113, -15.69119], [-56.18356, -15.68876], [-56.18464, -15.68822], [-56.1849, -15.68903], [-56.18544, -15.6893], [-56.18841, -15.68607], [-56.18625, -15.68445], [-56.18625, -15.68283], [-56.18544, -15.68176], [-56.18625, -15.68095], [-56.1849, -15.67987], [-56.1841, -15.67879], [-56.18383, -15.67771], [-56.1841, -15.67744], [-56.18356, -15.67663], [-56.18437, -15.67583], [-56.18437, -15.67529], [-56.18733, -15.67259], [-56.18706, -15.67205], [-56.18733, -15.67178], [-56.18733, -15.67098], [-56.18706, -15.67071], [-56.18625, -15.67071], [-56.18517, -15.66963], [-56.18544, -15.66909], [-56.18544, -15.66747], [-56.18517, -15.66666], [-56.18571, -15.66585], [-56.18517, -15.66532], [-56.18517, -15.66478], [-56.18571, -15.66397], [-56.18706, -15.66397], [-56.18787, -15.66343], [-56.18814, -15.66289], [-56.19029, -15.661], [-56.1911, -15.66181], [-56.19164, -15.66073], [-56.19164, -15.65939], [-56.19218, -15.65885], [-56.19218, -15.6575], [-56.19245, -15.65723]]]]}}, {"type": "Feature", "properties": {"nome": "Córrego do General", "area": 3.62, "urb": 3.62, "pct_urb": 100.0, "lx": -56.13667, "ly": -15.61357}, "geometry": {"type": "MultiPolygon", "coordinates": [[[[-56.12292, -15.5939], [-56.12265, -15.59444], [-56.12454, -15.59633], [-56.12373, -15.59713], [-56.12373, -15.59794], [-56.12319, -15.59848], [-56.12265, -15.59848], [-56.12184, -15.59902], [-56.12211, -15.59956], [-56.12319, -15.59983], [-56.12589, -15.60225], [-56.12589, -15.60279], [-56.12642, -15.6036], [-56.12616, -15.60441], [-56.1275, -15.60522], [-56.12669, -15.60657], [-56.12669, -15.60764], [-56.12777, -15.60737], [-56.12939, -15.60899], [-56.12966, -15.61034], [-56.13074, -15.61115], [-56.13128, -15.61223], [-56.12993, -15.61384], [-56.1302, -15.61465], [-56.12696, -15.61788], [-56.12696, -15.61842], [-56.1275, -15.61896], [-56.1275, -15.61977], [-56.12804, -15.61977], [-56.12858, -15.62031], [-56.12912, -15.6195], [-56.1302, -15.6195], [-56.13128, -15.62058], [-56.13208, -15.62031], [-56.13505, -15.62354], [-56.13505, -15.62435], [-56.13532, -15.62462], [-56.1364, -15.62462], [-56.1372, -15.62381], [-56.1364, -15.62274], [-56.13613, -15.62301], [-56.13559, -15.62247], [-56.13559, -15.62193], [-56.13613, -15.62139], [-56.1364, -15.62031], [-56.13693, -15.61977], [-56.13747, -15.62031], [-56.13909, -15.62031], [-56.13936, -15.62058], [-56.14098, -15.6195], [-56.14179, -15.61627], [-56.14259, -15.61519], [-56.14232, -15.61438], [-56.14313, -15.61303], [-56.1434, -15.61061], [-56.14421, -15.60926], [-56.14367, -15.60953], [-56.14313, -15.60899], [-56.14232, -15.60899], [-56.14125, -15.60845], [-56.14071, -15.60872], [-56.14017, -15.60818], [-56.13963, -15.60818], [-56.13936, -15.60737], [-56.13909, -15.60764], [-56.1372, -15.60549], [-56.13667, -15.60603], [-56.13613, -15.60576], [-56.13613, -15.60495], [-56.13586, -15.60468], [-56.13613, -15.60441], [-56.13559, -15.6036], [-56.13586, -15.60333], [-56.13505, -15.60225], [-56.1337, -15.60118], [-56.13397, -15.60037], [-56.13289, -15.59767], [-56.13208, -15.59686], [-56.13235, -15.59659], [-56.13181, -15.59606], [-56.13235, -15.59525], [-56.13128, -15.59498], [-56.1302, -15.59606], [-56.12885, -15.59606], [-56.1275, -15.59498], [-56.12589, -15.59498], [-56.12562, -15.59525], [-56.12508, -15.59471], [-56.12454, -15.59525], [-56.12292, -15.5939]]]]}}, {"type": "Feature", "properties": {"nome": "Córrego do General", "area": 4.14, "urb": 4.14, "pct_urb": 100.0, "lx": -56.14556, "ly": -15.64025}, "geometry": {"type": "MultiPolygon", "coordinates": [[[[-56.13936, -15.62435], [-56.13882, -15.62597], [-56.13828, -15.62651], [-56.13855, -15.62705], [-56.13828, -15.62732], [-56.13855, -15.62759], [-56.13774, -15.62786], [-56.13774, -15.62893], [-56.1372, -15.62947], [-56.13909, -15.63163], [-56.13801, -15.63325], [-56.13828, -15.63379], [-56.13828, -15.63513], [-56.13801, -15.63567], [-56.13855, -15.63648], [-56.13828, -15.63675], [-56.13855, -15.63756], [-56.13774, -15.63864], [-56.13586, -15.64025], [-56.13586, -15.64187], [-56.13613, -15.64214], [-56.13586, -15.64268], [-56.13613, -15.64322], [-56.13855, -15.64564], [-56.14017, -15.64672], [-56.14044, -15.64753], [-56.14098, -15.64753], [-56.14152, -15.64699], [-56.14232, -15.64699], [-56.14286, -15.6478], [-56.1434, -15.6478], [-56.14421, -15.64834], [-56.14556, -15.64995], [-56.14664, -15.64888], [-56.14771, -15.64861], [-56.14771, -15.64807], [-56.14852, -15.64726], [-56.15095, -15.64699], [-56.1523, -15.64753], [-56.15257, -15.64726], [-56.15364, -15.64726], [-56.15526, -15.64591], [-56.15634, -15.64564], [-56.15607, -15.64456], [-56.15661, -15.64403], [-56.15742, -15.6443], [-56.15715, -15.64322], [-56.15903, -15.64187], [-56.1593, -15.64106], [-56.15822, -15.63998], [-56.15688, -15.63971], [-56.15499, -15.6381], [-56.15391, -15.63783], [-56.15203, -15.63594], [-56.15203, -15.63513], [-56.15041, -15.63379], [-56.14987, -15.63217], [-56.14933, -15.63163], [-56.14933, -15.63082], [-56.15014, -15.63001], [-56.14906, -15.62893], [-56.14825, -15.62732], [-56.14745, -15.62678], [-56.14718, -15.62705], [-56.14556, -15.62705], [-56.1434, -15.62489], [-56.14179, -15.62408], [-56.13936, -15.62435]]]]}}, {"type": "Feature", "properties": {"nome": "Ribeirão dos Cocais", "area": 118.91, "urb": 8.36, "pct_urb": 7.0, "lx": -56.28004, "ly": -15.78578}, "geometry": {"type": "MultiPolygon", "coordinates": [[[[-56.07441, -15.70008], [-56.07522, -15.70089], [-56.0728, -15.70358], [-56.0728, -15.7052], [-56.07226, -15.70601], [-56.07253, -15.70628], [-56.07253, -15.70709], [-56.07333, -15.70763], [-56.07306, -15.7079], [-56.0736, -15.70844], [-56.07333, -15.7087], [-56.0736, -15.70844], [-56.07387, -15.7087], [-56.07441, -15.70817], [-56.07549, -15.71005], [-56.07845, -15.71275], [-56.07926, -15.71221], [-56.07953, -15.71248], [-56.08088, -15.7114], [-56.08142, -15.71248], [-56.08331, -15.71436], [-56.08411, -15.71463], [-56.08411, -15.71544], [-56.08465, -15.71571], [-56.08573, -15.71733], [-56.086, -15.71706], [-56.08681, -15.71706], [-56.08762, -15.7176], [-56.08762, -15.71841], [-56.08789, -15.71868], [-56.08762, -15.71921], [-56.0895, -15.72083], [-56.0895, -15.72137], [-56.09112, -15.72191], [-56.09193, -15.7211], [-56.09274, -15.72137], [-56.09355, -15.72218], [-56.09435, -15.72218], [-56.09516, -15.72299], [-56.09489, -15.72326], [-56.09516, -15.7246], [-56.09489, -15.72541], [-56.09516, -15.72568], [-56.09489, -15.72622], [-56.09786, -15.73026], [-56.09948, -15.73026], [-56.10001, -15.7308], [-56.09974, -15.73134], [-56.09974, -15.73269], [-56.10055, -15.73188], [-56.10082, -15.73215], [-56.10109, -15.73188], [-56.10271, -15.73188], [-56.10486, -15.7308], [-56.10567, -15.73107], [-56.10594, -15.73161], [-56.10567, -15.73242], [-56.10594, -15.73269], [-56.10594, -15.73458], [-56.10648, -15.73538], [-56.10621, -15.73619], [-56.10648, -15.73673], [-56.10594, -15.73727], [-56.10621, -15.73781], [-56.10621, -15.73943], [-56.10594, -15.7397], [-56.10594, -15.7405], [-56.10486, -15.74212], [-56.10513, -15.74239], [-56.1054, -15.74212], [-56.10621, -15.74212], [-56.10648, -15.74239], [-56.10648, -15.74401], [-56.10621, -15.74428], [-56.10675, -15.74536], [-56.10675, -15.74643], [-56.10756, -15.74805], [-56.10756, -15.7494], [-56.1081, -15.75048], [-56.10783, -15.75102], [-56.10918, -15.75209], [-56.10999, -15.75075], [-56.11079, -15.75021], [-56.11133, -15.75021], [-56.11187, -15.74967], [-56.11241, -15.75021], [-56.11376, -15.75021], [-56.11403, -15.74994], [-56.11457, -15.75048], [-56.11457, -15.75209], [-56.1143, -15.75263], [-56.11511, -15.75344], [-56.11457, -15.75533], [-56.11591, -15.75641], [-56.11672, -15.75667], [-56.11699, -15.75721], [-56.1178, -15.75775], [-56.11645, -15.75856], [-56.11672, -15.7591], [-56.11645, -15.75964], [-56.11699, -15.76072], [-56.11699, -15.76233], [-56.11645, -15.76287], [-56.11672, -15.76341], [-56.11726, -15.76368], [-56.11834, -15.76233], [-56.11915, -15.7618], [-56.12023, -15.7618], [-56.1205, -15.76206], [-56.12211, -15.76072], [-56.124, -15.76045], [-56.12481, -15.75964], [-56.12508, -15.75991], [-56.12723, -15.75991], [-56.12885, -15.7591], [-56.12966, -15.7591], [-56.13074, -15.75829], [-56.13289, -15.75802], [-56.13424, -15.75883], [-56.13451, -15.75964], [-56.13532, -15.75964], [-56.13559, -15.75991], [-56.13613, -15.7591], [-56.13667, -15.75937], [-56.13855, -15.75937], [-56.13936, -15.75829], [-56.14071, -15.75883], [-56.14044, -15.7591], [-56.14044, -15.75991], [-56.14098, -15.76045], [-56.14098, -15.76126], [-56.14044, -15.76206], [-56.14071, -15.76233], [-56.14071, -15.76395], [-56.14098, -15.76422], [-56.14098, -15.76638], [-56.14152, -15.76665], [-56.14232, -15.76638], [-56.14313, -15.76557], [-56.14286, -15.7653], [-56.14313, -15.76503], [-56.14394, -15.76503], [-56.14421, -15.7653], [-56.14394, -15.76611], [-56.14421, -15.76665], [-56.14475, -15.76692], [-56.14502, -15.76665], [-56.14529, -15.76692], [-56.14556, -15.76665], [-56.1461, -15.76718], [-56.14637, -15.76692], [-56.14771, -15.76826], [-56.14798, -15.76799], [-56.14933, -15.7688], [-56.14987, -15.76799], [-56.14987, -15.76692], [-56.14933, -15.76584], [-56.15014, -15.76503], [-56.15095, -15.76584], [-56.15203, -15.76476], [-56.15203, -15.76395], [-56.1523, -15.76368], [-56.15176, -15.76233], [-56.15203, -15.76072], [-56.15176, -15.76045], [-56.1523, -15.75856], [-56.15122, -15.75748], [-56.15176, -15.75694], [-56.1531, -15.75694], [-56.15445, -15.75802], [-56.15445, -15.75856], [-56.15553, -15.75964], [-56.15634, -15.75991], [-56.15742, -15.75991], [-56.15876, -15.75883], [-56.1593, -15.75883], [-56.15984, -15.75937], [-56.16227, -15.75802], [-56.16604, -15.76045], [-56.1655, -15.76153], [-56.16577, -15.7618], [-56.16496, -15.76287], [-56.16631, -15.76395], [-56.16604, -15.76665], [-56.16685, -15.76799], [-56.1682, -15.76907], [-56.16874, -15.76988], [-56.16847, -15.77042], [-56.17008, -15.76907], [-56.1717, -15.76934], [-56.17197, -15.76907], [-56.17332, -15.77123], [-56.17439, -15.7715], [-56.17493, -15.77257], [-56.17547, -15.77257], [-56.17601, -15.77311], [-56.17709, -15.77338], [-56.17871, -15.77177], [-56.18005, -15.77177], [-56.18248, -15.76961], [-56.18302, -15.76988], [-56.18383, -15.76961], [-56.18464, -15.77015], [-56.18437, -15.77042], [-56.18598, -15.7715], [-56.18598, -15.77204], [-56.1876, -15.77284], [-56.18733, -15.77311], [-56.18787, -15.77392], [-56.18787, -15.77473], [-56.18868, -15.77554], [-56.18949, -15.77527], [-56.19003, -15.77581], [-56.19056, -15.77581], [-56.19245, -15.77796], [-56.19299, -15.77823], [-56.19272, -15.77958], [-56.19326, -15.78012], [-56.19299, -15.78093], [-56.19326, -15.7812], [-56.19326, -15.78282], [-56.19353, -15.78309], [-56.19326, -15.78416], [-56.19353, -15.78443], [-56.19191, -15.78605], [-56.19056, -15.78686], [-56.19029, -15.78874], [-56.19083, -15.79009], [-56.19003, -15.7909], [-56.19029, -15.79117], [-56.19003, -15.79225], [-56.19029, -15.79252], [-56.19029, -15.79333], [-56.1911, -15.79413], [-56.1911, -15.79494], [-56.19191, -15.79575], [-56.19191, -15.79656], [-56.1938, -15.79467], [-56.19407, -15.79494], [-56.19676, -15.79225], [-56.19649, -15.79198], [-56.19784, -15.79036], [-56.20997, -15.80249], [-56.20889, -15.80357], [-56.20889, -15.80411], [-56.20593, -15.80653], [-56.20458, -15.80815], [-56.20377, -15.80869], [-56.20323, -15.80869], [-56.20377, -15.8103], [-56.20458, -15.81111], [-56.20458, -15.81165], [-56.20673, -15.81273], [-56.20808, -15.81435], [-56.20781, -15.81542], [-56.20808, -15.81623], [-56.20916, -15.81731], [-56.20889, -15.81893], [-56.21105, -15.82162], [-56.21266, -15.82216], [-56.21509, -15.81974], [-56.21617, -15.81947], [-56.21671, -15.81893], [-56.21724, -15.81947], [-56.21832, -15.81947], [-56.21994, -15.81893], [-56.22075, -15.81812], [-56.22183, -15.81893], [-56.22344, -15.81758], [-56.22479, -15.81731], [-56.22614, -15.81596], [-56.22641, -15.81677], [-56.2256, -15.81812], [-56.22668, -15.8192], [-56.2256, -15.82028], [-56.22587, -15.82162], [-56.2256, -15.82216], [-56.22614, -15.8227], [-56.22587, -15.82297], [-56.22668, -15.82405], [-56.22614, -15.82593], [-56.22533, -15.82674], [-56.22587, -15.82836], [-56.22587, -15.83025], [-56.22614, -15.83052], [-56.22587, -15.83294], [-56.22641, -15.83375], [-56.22587, -15.83483], [-56.22722, -15.83591], [-56.22802, -15.83618], [-56.23395, -15.83052], [-56.23422, -15.82998], [-56.2353, -15.83079], [-56.23773, -15.82809], [-56.23826, -15.82863], [-56.238, -15.8289], [-56.23826, -15.82944], [-56.238, -15.82998], [-56.23853, -15.83025], [-56.23934, -15.83159], [-56.23907, -15.83213], [-56.24069, -15.83348], [-56.24096, -15.83321], [-56.24123, -15.83348], [-56.24123, -15.83402], [-56.24177, -15.83456], [-56.24042, -15.8351], [-56.24015, -15.83618], [-56.23961, -15.83671], [-56.23961, -15.83833], [-56.23988, -15.8386], [-56.23988, -15.84022], [-56.24015, -15.84076], [-56.23638, -15.84453], [-56.23638, -15.84507], [-56.2353, -15.84615], [-56.23503, -15.84669], [-56.2353, -15.84722], [-56.23476, -15.84884], [-56.23557, -15.85019], [-56.2353, -15.85073], [-56.23773, -15.85315], [-56.23773, -15.85558], [-56.24069, -15.85854], [-56.24042, -15.85935], [-56.24069, -15.85962], [-56.24069, -15.8607], [-56.23961, -15.86205], [-56.24042, -15.86366], [-56.24204, -15.86528], [-56.24204, -15.86582], [-56.24285, -15.86663], [-56.24258, -15.86744], [-56.24473, -15.87067], [-56.24958, -15.86582], [-56.25039, -15.86582], [-56.24958, -15.86393], [-56.24985, -15.86339], [-56.25066, -15.86366], [-56.25228, -15.86205], [-56.25282, -15.86205], [-56.25443, -15.8607], [-56.25524, -15.86124], [-56.25632, -15.86259], [-56.25821, -15.86124], [-56.25875, -15.86178], [-56.25982, -15.86151], [-56.26009, -15.8607], [-56.2609, -15.85989], [-56.26306, -15.86205], [-56.26333, -15.86313], [-56.26225, -15.8642], [-56.26198, -15.86555], [-56.26144, -15.86609], [-56.26171, -15.86744], [-56.25982, -15.86959], [-56.26036, -15.87121], [-56.26009, -15.87148], [-56.26063, -15.87202], [-56.26036, -15.87229], [-56.26063, -15.8731], [-56.26144, -15.8731], [-56.26494, -15.87633], [-56.26548, -15.87714], [-56.26521, -15.87795], [-56.26872, -15.87417], [-56.26737, -15.87202], [-56.26818, -15.87121], [-56.26818, -15.87067], [-56.26926, -15.86959], [-56.26845, -15.86851], [-56.26791, -15.86825], [-56.26764, -15.86555], [-56.26899, -15.86393], [-56.27033, -15.86393], [-56.27033, -15.86339], [-56.2698, -15.86286], [-56.27007, -15.86232], [-56.2698, -15.86205], [-56.27114, -15.86124], [-56.27195, -15.86178], [-56.27249, -15.86178], [-56.2733, -15.86259], [-56.27438, -15.86259], [-56.27519, -15.86313], [-56.27492, -15.86447], [-56.27572, -15.86501], [-56.27519, -15.86555], [-56.27707, -15.8669], [-56.2768, -15.86717], [-56.27761, -15.86744], [-56.27896, -15.8669], [-56.27923, -15.86717], [-56.27923, -15.86825], [-56.28031, -15.86905], [-56.28031, -15.86932], [-56.28084, -15.86851], [-56.28192, -15.86878], [-56.28246, -15.86851], [-56.28435, -15.87067], [-56.28516, -15.87121], [-56.2865, -15.87148], [-56.28704, -15.87229], [-56.28812, -15.8731], [-56.28974, -15.87337], [-56.29028, -15.8739], [-56.29028, -15.87471], [-56.29109, -15.87525], [-56.29351, -15.87498], [-56.29432, -15.87364], [-56.29648, -15.8739], [-56.29675, -15.87364], [-56.29782, -15.87364], [-56.29809, -15.8739], [-56.29809, -15.87364], [-56.29755, -15.87337], [-56.29809, -15.87256], [-56.29782, -15.87121], [-56.29863, -15.8704], [-56.29836, -15.87067], [-56.29809, -15.8704], [-56.29809, -15.86959], [-56.29782, -15.86932], [-56.2989, -15.86851], [-56.29944, -15.86851], [-56.30052, -15.86744], [-56.29998, -15.86663], [-56.30025, -15.86609], [-56.29944, -15.86528], [-56.30133, -15.86313], [-56.30106, -15.86286], [-56.29998, -15.86286], [-56.29594, -15.8669], [-56.29513, -15.8669], [-56.29486, -15.86744], [-56.29324, -15.8669], [-56.2927, -15.86636], [-56.29297, -15.86555], [-56.29216, -15.86582], [-56.29216, -15.86636], [-56.29162, -15.8669], [-56.29055, -15.86717], [-56.28947, -15.86555], [-56.28812, -15.86447], [-56.28812, -15.86582], [-56.28758, -15.86636], [-56.28704, -15.86636], [-56.2865, -15.86582], [-56.28435, -15.86555], [-56.28273, -15.86447], [-56.28192, -15.86447], [-56.28058, -15.86366], [-56.27923, -15.86393], [-56.27896, -15.86366], [-56.27815, -15.86366], [-56.2733, -15.85881], [-56.27411, -15.85827], [-56.27276, -15.85504], [-56.27141, -15.85423], [-56.27141, -15.85369], [-56.26953, -15.85208], [-56.26791, -15.84992], [-56.2671, -15.84938], [-56.26683, -15.84965], [-56.26548, -15.84857], [-56.26468, -15.84696], [-56.26387, -15.84615], [-56.26387, -15.84561], [-56.26225, -15.84372], [-56.26144, -15.84399], [-56.26063, -15.84291], [-56.25848, -15.8413], [-56.2574, -15.8413], [-56.25632, -15.84318], [-56.2547, -15.84291], [-56.2539, -15.84183], [-56.25282, -15.8421], [-56.25201, -15.84103], [-56.25201, -15.83995], [-56.25282, -15.83887], [-56.25255, -15.83833], [-56.2512, -15.83725], [-56.25093, -15.83752], [-56.24958, -15.83752], [-56.24904, -15.83725], [-56.24608, -15.83402], [-56.24527, -15.83348], [-56.24689, -15.83213], [-56.24743, -15.83213], [-56.24608, -15.83025], [-56.24743, -15.82836], [-56.24743, -15.82782], [-56.24904, -15.8262], [-56.25066, -15.82593], [-56.25201, -15.82674], [-56.25282, -15.82674], [-56.25336, -15.82728], [-56.25416, -15.82728], [-56.25416, -15.8254], [-56.25363, -15.82486], [-56.25363, -15.82378], [-56.2539, -15.82297], [-56.2547, -15.82216], [-56.2539, -15.82135], [-56.25309, -15.8192], [-56.25174, -15.81839], [-56.25174, -15.81758], [-56.25201, -15.81731], [-56.25066, -15.81731], [-56.25012, -15.81677], [-56.24985, -15.81704], [-56.24958, -15.81677], [-56.24878, -15.81677], [-56.24797, -15.81731], [-56.24635, -15.81515], [-56.24554, -15.81515], [-56.245, -15.81462], [-56.24231, -15.81515], [-56.24042, -15.81435], [-56.23961, -15.81569], [-56.23826, -15.81542], [-56.23665, -15.81596], [-56.23476, -15.81489], [-56.23395, -15.81408], [-56.23287, -15.81542], [-56.23072, -15.81596], [-56.23045, -15.81569], [-56.22964, -15.81569], [-56.22856, -15.81462], [-56.22775, -15.81462], [-56.22749, -15.81435], [-56.22695, -15.81462], [-56.22317, -15.81084], [-56.22263, -15.81057], [-56.22236, -15.81084], [-56.2194, -15.80788], [-56.21967, -15.80761], [-56.21859, -15.80653], [-56.21859, -15.80599], [-56.21913, -15.80518], [-56.21859, -15.80464], [-56.21913, -15.80438], [-56.2194, -15.80384], [-56.21913, -15.8033], [-56.22075, -15.80141], [-56.22183, -15.80276], [-56.22236, -15.80195], [-56.22317, -15.80168], [-56.22614, -15.80222], [-56.22856, -15.80438], [-56.22937, -15.80411], [-56.22964, -15.80438], [-56.23045, -15.80438], [-56.23099, -15.80411], [-56.23126, -15.80491], [-56.23287, -15.80707], [-56.23368, -15.80734], [-56.23449, -15.80842], [-56.23611, -15.80923], [-56.23665, -15.80923], [-56.23719, -15.80869], [-56.23719, -15.80734], [-56.23773, -15.8068], [-56.2388, -15.80734], [-56.23961, -15.80707], [-56.23988, -15.80653], [-56.24069, -15.80599], [-56.2415, -15.8068], [-56.24527, -15.80276], [-56.24743, -15.80491], [-56.24904, -15.80518], [-56.24958, -15.80572], [-56.25039, -15.80572], [-56.25201, -15.80761], [-56.25282, -15.80815], [-56.25228, -15.80977], [-56.25282, -15.81084], [-56.25282, -15.81192], [-56.2539, -15.813], [-56.25443, -15.81273], [-56.25632, -15.81273], [-56.25713, -15.813], [-56.25767, -15.81246], [-56.25821, -15.813], [-56.25982, -15.81138], [-56.26117, -15.81192], [-56.26198, -15.813], [-56.26198, -15.81408], [-56.26279, -15.81489], [-56.26252, -15.81515], [-56.26252, -15.81596], [-56.2636, -15.81704], [-56.26414, -15.81677], [-56.26468, -15.81731], [-56.26548, -15.81731], [-56.2671, -15.81812], [-56.26791, -15.81893], [-56.2698, -15.81731], [-56.27087, -15.81758], [-56.27168, -15.81839], [-56.27168, -15.81893], [-56.27438, -15.82135], [-56.27492, -15.82108], [-56.27572, -15.82189], [-56.27653, -15.82162], [-56.28058, -15.82647], [-56.28246, -15.82486], [-56.28354, -15.8254], [-56.28489, -15.82432], [-56.2857, -15.82459], [-56.2865, -15.82351], [-56.28704, -15.82378], [-56.28731, -15.82432], [-56.28812, -15.82405], [-56.28893, -15.82324], [-56.28893, -15.82216], [-56.29055, -15.82054], [-56.28866, -15.81893], [-56.28866, -15.81839], [-56.28731, -15.81704], [-56.28731, -15.8165], [-56.2857, -15.81489], [-56.2857, -15.81435], [-56.28462, -15.81273], [-56.28623, -15.81111], [-56.28597, -15.81084], [-56.28623, -15.81057], [-56.28597, -15.81003], [-56.2865, -15.8095], [-56.2857, -15.80815], [-56.28597, -15.80788], [-56.2857, -15.80761], [-56.2857, -15.80626], [-56.28435, -15.80491], [-56.28462, -15.80464], [-56.28677, -15.80438], [-56.28704, -15.80464], [-56.28839, -15.80464], [-56.29001, -15.80518], [-56.29109, -15.80411], [-56.29189, -15.80464], [-56.29432, -15.80438], [-56.29459, -15.80464], [-56.29755, -15.80222], [-56.29998, -15.80384], [-56.30106, -15.8033], [-56.3016, -15.80249], [-56.30429, -15.80464], [-56.30537, -15.80438], [-56.30995, -15.80896], [-56.31076, -15.80815], [-56.3113, -15.80815], [-56.31184, -15.80869], [-56.31211, -15.80842], [-56.3113, -15.80734], [-56.31157, -15.80653], [-56.3113, -15.80626], [-56.3113, -15.80545], [-56.30887, -15.80249], [-56.30887, -15.80087], [-56.30833, -15.80033], [-56.30887, -15.79952], [-56.3086, -15.79899], [-56.30941, -15.79818], [-56.30914, -15.7971], [-56.30672, -15.79629], [-56.30564, -15.79656], [-56.30456, -15.79548], [-56.3086, -15.79117], [-56.30779, -15.79117], [-56.30726, -15.79063], [-56.30726, -15.78955], [-56.30887, -15.78821], [-56.30752, -15.78632], [-56.30752, -15.78578], [-56.30941, -15.78389], [-56.30887, -15.78362], [-56.30833, -15.78389], [-56.30752, -15.78335], [-56.30537, -15.7812], [-56.3051, -15.77958], [-56.30429, -15.77823], [-56.30429, -15.77743], [-56.30348, -15.77635], [-56.30214, -15.77581], [-56.3016, -15.77635], [-56.30052, -15.77554], [-56.29998, -15.77581], [-56.29944, -15.77527], [-56.29863, -15.77554], [-56.29809, -15.775], [-56.29809, -15.77419], [-56.29621, -15.77257], [-56.2954, -15.77284], [-56.29351, -15.7715], [-56.29378, -15.77096], [-56.29513, -15.77015], [-56.29459, -15.76853], [-56.29405, -15.76799], [-56.29405, -15.76745], [-56.29297, -15.76772], [-56.29189, -15.76907], [-56.29162, -15.76907], [-56.28839, -15.7653], [-56.28839, -15.76476], [-56.28893, -15.76422], [-56.28893, -15.76287], [-56.28839, -15.7618], [-56.29055, -15.75964], [-56.28974, -15.75802], [-56.28974, -15.75721], [-56.29082, -15.75398], [-56.28839, -15.75102], [-56.28435, -15.75452], [-56.28111, -15.75425], [-56.2795, -15.75587], [-56.27869, -15.75614], [-56.27788, -15.75694], [-56.27734, -15.75641], [-56.27707, -15.75667], [-56.27707, -15.75721], [-56.27788, -15.75802], [-56.27761, -15.75856], [-56.27788, -15.75883], [-56.27788, -15.76126], [-56.27626, -15.76341], [-56.27653, -15.76368], [-56.27599, -15.76449], [-56.27599, -15.76638], [-56.27546, -15.76692], [-56.27438, -15.76692], [-56.2733, -15.76772], [-56.27195, -15.76665], [-56.27141, -15.76718], [-56.2698, -15.76718], [-56.26791, -15.76907], [-56.26764, -15.7688], [-56.2671, -15.76934], [-56.26629, -15.77096], [-56.26629, -15.77177], [-56.2636, -15.775], [-56.26252, -15.775], [-56.26144, -15.77554], [-56.26036, -15.77419], [-56.25821, -15.77635], [-56.25848, -15.77689], [-56.25767, -15.7777], [-56.25767, -15.77823], [-56.25875, -15.78012], [-56.25875, -15.78093], [-56.25902, -15.7812], [-56.25659, -15.78389], [-56.25659, -15.78443], [-56.25578, -15.78524], [-56.25524, -15.78524], [-56.25497, -15.7847], [-56.2547, -15.7847], [-56.25363, -15.78551], [-56.25255, -15.78416], [-56.25174, -15.78416], [-56.25147, -15.78389], [-56.25066, -15.7847], [-56.24985, -15.78497], [-56.24878, -15.78416], [-56.2477, -15.78416], [-56.24716, -15.78362], [-56.24662, -15.78362], [-56.24581, -15.78309], [-56.24419, -15.78309], [-56.24392, -15.78282], [-56.24339, -15.78282], [-56.24312, -15.78335], [-56.24285, -15.78309], [-56.24231, -15.78362], [-56.24177, -15.78335], [-56.2415, -15.78362], [-56.24069, -15.78282], [-56.24015, -15.78335], [-56.23988, -15.78309], [-56.23961, -15.78335], [-56.23907, -15.78309], [-56.23853, -15.78228], [-56.238, -15.78228], [-56.23638, -15.7812], [-56.23665, -15.77985], [-56.23584, -15.77904], [-56.23503, -15.77904], [-56.23449, -15.77958], [-56.23422, -15.77931], [-56.23287, -15.77985], [-56.23234, -15.77931], [-56.23261, -15.77877], [-56.23099, -15.7777], [-56.23153, -15.77662], [-56.22991, -15.77473], [-56.2291, -15.77473], [-56.22722, -15.77284], [-56.22668, -15.77204], [-56.22695, -15.77123], [-56.22587, -15.77042], [-56.22587, -15.77015], [-56.22641, -15.76961], [-56.22695, -15.77015], [-56.22775, -15.76934], [-56.22856, -15.76934], [-56.22937, -15.76988], [-56.22964, -15.76961], [-56.23045, -15.76961], [-56.23126, -15.77015], [-56.23126, -15.77042], [-56.23287, -15.77042], [-56.23422, -15.7715], [-56.23476, -15.77096], [-56.23557, -15.77096], [-56.23719, -15.76961], [-56.238, -15.76961], [-56.23826, -15.76988], [-56.23907, -15.76934], [-56.23988, -15.77015], [-56.24015, -15.76988], [-56.2415, -15.77123], [-56.24204, -15.77123], [-56.24365, -15.76988], [-56.24446, -15.77069], [-56.245, -15.77231], [-56.24554, -15.77284], [-56.24527, -15.77311], [-56.2477, -15.77581], [-56.24985, -15.77689], [-56.25012, -15.77662], [-56.25093, -15.77716], [-56.25147, -15.77716], [-56.25228, -15.7777], [-56.25443, -15.77554], [-56.25605, -15.77689], [-56.25659, -15.77689], [-56.25605, -15.77608], [-56.25713, -15.77473], [-56.2574, -15.77311], [-56.25794, -15.77284], [-56.25875, -15.77311], [-56.25955, -15.77204], [-56.25605, -15.7688], [-56.25605, -15.76826], [-56.25255, -15.76449], [-56.2512, -15.76422], [-56.24958, -15.76314], [-56.24904, -15.7618], [-56.24958, -15.76126], [-56.24797, -15.75964], [-56.24878, -15.75856], [-56.25012, -15.75775], [-56.25228, -15.7556], [-56.25201, -15.75533], [-56.25255, -15.75479], [-56.25282, -15.75506], [-56.25363, -15.75506], [-56.2539, -15.75479], [-56.25416, -15.75506], [-56.25497, -15.75425], [-56.25578, -15.75479], [-56.2574, -15.75317], [-56.25902, -15.75344], [-56.25929, -15.75317], [-56.26036, -15.75371], [-56.26144, -15.75263], [-56.26279, -15.75182], [-56.26468, -15.7529], [-56.26521, -15.75263], [-56.26602, -15.75344], [-56.2671, -15.75344], [-56.26845, -15.75182], [-56.2698, -15.75075], [-56.27033, -15.75102], [-56.27114, -15.75048], [-56.27249, -15.75021], [-56.27195, -15.7494], [-56.27222, -15.74859], [-56.27195, -15.74832], [-56.27384, -15.74616], [-56.27303, -15.74509], [-56.27357, -15.74428], [-56.27222, -15.74212], [-56.27357, -15.7405], [-56.2733, -15.74024], [-56.2733, -15.73916], [-56.27249, -15.73862], [-56.27276, -15.73835], [-56.27384, -15.73835], [-56.27411, -15.73808], [-56.27572, -15.7397], [-56.27653, -15.73916], [-56.27761, -15.7397], [-56.27815, -15.73943], [-56.27842, -15.7397], [-56.27896, -15.73916], [-56.2795, -15.73943], [-56.27977, -15.73889], [-56.28058, -15.73835], [-56.28084, -15.73862], [-56.28165, -15.73835], [-56.28219, -15.73889], [-56.283, -15.73862], [-56.28354, -15.73889], [-56.28435, -15.73835], [-56.28543, -15.73943], [-56.2865, -15.73943], [-56.28785, -15.73808], [-56.28866, -15.73835], [-56.2892, -15.73889], [-56.28947, -15.73997], [-56.29216, -15.74212], [-56.29243, -15.74185], [-56.29324, -15.74239], [-56.29459, -15.74104], [-56.2954, -15.74185], [-56.29594, -15.74158], [-56.29648, -15.74212], [-56.29621, -15.74293], [-56.29675, -15.74347], [-56.29675, -15.74455], [-56.29782, -15.74428], [-56.30106, -15.74131], [-56.30214, -15.74212], [-56.30294, -15.74401], [-56.30348, -15.74428], [-56.30618, -15.74185], [-56.30645, -15.74212], [-56.30806, -15.74077], [-56.30995, -15.7405], [-56.31238, -15.73808], [-56.31399, -15.73889], [-56.31561, -15.73862], [-56.31669, -15.73916], [-56.31696, -15.73835], [-56.31669, -15.73808], [-56.31777, -15.73673], [-56.3175, -15.73592], [-56.31642, -15.73538], [-56.31561, -15.73458], [-56.31561, -15.73404], [-56.31426, -15.73296], [-56.31318, -15.73269], [-56.31238, -15.73134], [-56.31076, -15.72973], [-56.31103, -15.72838], [-56.31076, -15.72757], [-56.30995, -15.7273], [-56.30995, -15.72649], [-56.31022, -15.72622], [-56.30914, -15.72514], [-56.30995, -15.72434], [-56.31076, -15.7246], [-56.31238, -15.72407], [-56.31399, -15.72407], [-56.31453, -15.72353], [-56.31615, -15.72326], [-56.31669, -15.72191], [-56.31345, -15.71868], [-56.31696, -15.71409], [-56.31884, -15.71302], [-56.31992, -15.71275], [-56.31992, -15.71194], [-56.32181, -15.71032], [-56.32262, -15.71059], [-56.32396, -15.71005], [-56.3272, -15.70682], [-56.32612, -15.70601], [-56.32612, -15.70493], [-56.32531, -15.70412], [-56.3245, -15.70439], [-56.32262, -15.70628], [-56.32127, -15.70682], [-56.31992, -15.70601], [-56.31938, -15.70601], [-56.31534, -15.71005], [-56.31453, -15.70978], [-56.31426, -15.71059], [-56.31184, -15.71275], [-56.31076, -15.71248], [-56.31049, -15.71275], [-56.30914, -15.71275], [-56.3086, -15.71302], [-56.30833, -15.71275], [-56.30779, -15.71329], [-56.30672, -15.71221], [-56.30564, -15.71248], [-56.30456, -15.71167], [-56.30375, -15.71275], [-56.30402, -15.71302], [-56.30402, -15.71436], [-56.30456, -15.7149], [-56.30429, -15.71517], [-56.30429, -15.71598], [-56.30348, -15.71679], [-56.30294, -15.71598], [-56.30214, -15.71544], [-56.3016, -15.71544], [-56.30106, -15.71598], [-56.29971, -15.71517], [-56.29917, -15.71544], [-56.30025, -15.71706], [-56.30025, -15.7176], [-56.3016, -15.71868], [-56.3016, -15.71895], [-56.29863, -15.72191], [-56.29809, -15.72191], [-56.29701, -15.72299], [-56.29675, -15.72272], [-56.29513, -15.72353], [-56.29459, -15.72353], [-56.29486, -15.72434], [-56.29405, -15.72487], [-56.29351, -15.72434], [-56.29243, -15.72541], [-56.29136, -15.72595], [-56.29028, -15.7273], [-56.28974, -15.7273], [-56.2892, -15.72784], [-56.28866, -15.7273], [-56.28866, -15.72649], [-56.28516, -15.7273], [-56.28435, -15.72838], [-56.28408, -15.72838], [-56.28408, -15.72892], [-56.28165, -15.73161], [-56.28111, -15.73134], [-56.28138, -15.73026], [-56.27815, -15.72784], [-56.27761, -15.72784], [-56.2768, -15.7273], [-56.27492, -15.72919], [-56.27546, -15.7308], [-56.27249, -15.7335], [-56.27249, -15.73458], [-56.27276, -15.73485], [-56.27249, -15.73512], [-56.27249, -15.73592], [-56.27276, -15.73619], [-56.27249, -15.73646], [-56.27303, -15.737], [-56.27303, -15.73754], [-56.27276, -15.73781], [-56.27114, -15.73781], [-56.2706, -15.73808], [-56.27033, -15.73889], [-56.26872, -15.73943], [-56.26818, -15.73997], [-56.2671, -15.73997], [-56.26629, -15.74024], [-56.26602, -15.74077], [-56.26441, -15.74104], [-56.26333, -15.74239], [-56.26225, -15.7432], [-56.26171, -15.74482], [-56.2609, -15.74536], [-56.26009, -15.74536], [-56.25929, -15.74589], [-56.25875, -15.74589], [-56.25794, -15.74536], [-56.25767, -15.74563], [-56.2574, -15.74536], [-56.2574, -15.74455], [-56.25443, -15.74158], [-56.2547, -15.74131], [-56.2539, -15.7405], [-56.25497, -15.73943], [-56.25336, -15.74077], [-56.25255, -15.74104], [-56.25282, -15.74158], [-56.25255, -15.74185], [-56.25255, -15.7432], [-56.2512, -15.74455], [-56.25039, -15.74455], [-56.24985, -15.74374], [-56.24824, -15.74536], [-56.2477, -15.74563], [-56.24743, -15.74536], [-56.24689, -15.74589], [-56.24635, -15.74589], [-56.24554, -15.7467], [-56.24554, -15.74778], [-56.24608, -15.74859], [-56.24527, -15.7494], [-56.24446, -15.74832], [-56.24446, -15.74778], [-56.24204, -15.74536], [-56.24123, -15.74563], [-56.24042, -15.74509], [-56.24015, -15.74536], [-56.24015, -15.74616], [-56.23961, -15.7467], [-56.23988, -15.74697], [-56.23961, -15.74724], [-56.24069, -15.74832], [-56.24069, -15.74913], [-56.24042, -15.7494], [-56.24123, -15.75048], [-56.24123, -15.75128], [-56.24042, -15.75209], [-56.24069, -15.75371], [-56.23853, -15.7556], [-56.23853, -15.75614], [-56.23719, -15.75775], [-56.23584, -15.75856], [-56.23422, -15.76126], [-56.23368, -15.76153], [-56.23341, -15.76233], [-56.23287, -15.7626], [-56.23207, -15.76368], [-56.23234, -15.76395], [-56.2318, -15.76449], [-56.23018, -15.76449], [-56.22991, -15.76476], [-56.22937, -15.76422], [-56.22856, -15.7653], [-56.22856, -15.76584], [-56.22775, -15.76638], [-56.22722, -15.76638], [-56.22641, -15.76772], [-56.22587, -15.76745], [-56.22452, -15.76934], [-56.22371, -15.76934], [-56.22317, -15.7688], [-56.22317, -15.76692], [-56.22102, -15.76476], [-56.22129, -15.76449], [-56.22129, -15.76368], [-56.22021, -15.76233], [-56.22075, -15.76072], [-56.21994, -15.75991], [-56.21967, -15.75883], [-56.2194, -15.75883], [-56.21859, -15.75964], [-56.21778, -15.75991], [-56.21805, -15.76045], [-56.21697, -15.76126], [-56.21697, -15.7618], [-56.21617, -15.76233], [-56.2159, -15.76287], [-56.21509, -15.76233], [-56.21401, -15.76368], [-56.21374, -15.76368], [-56.21293, -15.76503], [-56.21293, -15.76584], [-56.2132, -15.76611], [-56.21158, -15.76718], [-56.21078, -15.76718], [-56.21024, -15.76772], [-56.20916, -15.76772], [-56.20862, -15.76826], [-56.20781, -15.76826], [-56.20673, -15.7688], [-56.20566, -15.7688], [-56.20485, -15.76934], [-56.20323, -15.76934], [-56.20269, -15.7688], [-56.20242, -15.76772], [-56.20161, -15.76638], [-56.20054, -15.76557], [-56.19865, -15.76665], [-56.19811, -15.76826], [-56.19757, -15.7688], [-56.19703, -15.7688], [-56.19649, -15.76826], [-56.19461, -15.76826], [-56.1938, -15.76907], [-56.19272, -15.76934], [-56.19056, -15.7715], [-56.18949, -15.7715], [-56.18868, -15.77042], [-56.18625, -15.77042], [-56.18517, -15.76907], [-56.18464, -15.7688], [-56.1841, -15.76799], [-56.1841, -15.76718], [-56.18356, -15.76692], [-56.18329, -15.76638], [-56.18329, -15.76557], [-56.18167, -15.76503], [-56.18086, -15.76368], [-56.18113, -15.76314], [-56.18059, -15.76233], [-56.17978, -15.7618], [-56.17978, -15.76126], [-56.17817, -15.75964], [-56.1779, -15.75883], [-56.17655, -15.75856], [-56.17601, -15.75802], [-56.17628, -15.75775], [-56.17466, -15.75641], [-56.17413, -15.75479], [-56.17359, -15.75479], [-56.17305, -15.75398], [-56.17332, -15.75344], [-56.17305, -15.75317], [-56.17251, -15.75344], [-56.1717, -15.7529], [-56.17008, -15.75263], [-56.16981, -15.75209], [-56.16712, -15.75236], [-56.16658, -15.75182], [-56.16523, -15.75182], [-56.16442, -15.75236], [-56.16388, -15.75155], [-56.16308, -15.75102], [-56.16308, -15.75021], [-56.16227, -15.75021], [-56.162, -15.74994], [-56.16227, -15.7494], [-56.162, -15.74859], [-56.16119, -15.74778], [-56.16146, -15.74563], [-56.16173, -15.74536], [-56.16119, -15.74482], [-56.16308, -15.74293], [-56.16335, -15.7432], [-56.16415, -15.74212], [-56.16523, -15.74158], [-56.16523, -15.7405], [-56.1655, -15.74024], [-56.16523, -15.73943], [-56.16658, -15.73808], [-56.16793, -15.73781], [-56.16874, -15.737], [-56.169, -15.73727], [-56.16954, -15.73673], [-56.17089, -15.73673], [-56.1717, -15.73538], [-56.17224, -15.73538], [-56.17278, -15.73485], [-56.17386, -15.73538], [-56.17466, -15.73512], [-56.17493, -15.73431], [-56.17574, -15.7335], [-56.17655, -15.7335], [-56.17817, -15.73161], [-56.17817, -15.7308], [-56.17871, -15.73026], [-56.17898, -15.73053], [-56.17898, -15.72919], [-56.17844, -15.72838], [-56.17844, -15.72757], [-56.1779, -15.72676], [-56.17763, -15.72541], [-56.17709, -15.7246], [-56.17736, -15.72407], [-56.17386, -15.72056], [-56.17143, -15.72002], [-56.17035, -15.7211], [-56.16981, -15.7211], [-56.169, -15.72218], [-56.1682, -15.72218], [-56.16712, -15.72083], [-56.16766, -15.72056], [-56.16685, -15.71948], [-56.16631, -15.71921], [-56.1655, -15.71948], [-56.16388, -15.7176], [-56.16281, -15.71787], [-56.16146, -15.71948], [-56.15984, -15.71921], [-56.15957, -15.72137], [-56.15876, -15.72218], [-56.15876, -15.7238], [-56.15769, -15.7246], [-56.15742, -15.72514], [-56.15769, -15.72676], [-56.15715, -15.7273], [-56.15715, -15.72811], [-56.15634, -15.72838], [-56.15553, -15.72973], [-56.1558, -15.73107], [-56.15526, -15.73161], [-56.15472, -15.73107], [-56.15391, -15.73107], [-56.15176, -15.72838], [-56.15095, -15.72811], [-56.15014, -15.72838], [-56.14933, -15.72919], [-56.14852, -15.72946], [-56.14798, -15.72865], [-56.14798, -15.72811], [-56.14718, -15.72784], [-56.14583, -15.72838], [-56.14313, -15.72595], [-56.14232, -15.72622], [-56.14125, -15.72541], [-56.14098, -15.72487], [-56.14017, -15.7246], [-56.1399, -15.72595], [-56.14098, -15.7273], [-56.14098, -15.72784], [-56.1399, -15.72865], [-56.1399, -15.72973], [-56.13936, -15.73026], [-56.13909, -15.73161], [-56.13855, -15.73188], [-56.13855, -15.73296], [-56.13936, -15.73377], [-56.13909, -15.73458], [-56.13936, -15.73485], [-56.13909, -15.73512], [-56.14044, -15.73673], [-56.13936, -15.73862], [-56.13936, -15.73943], [-56.1399, -15.74024], [-56.13963, -15.7405], [-56.1399, -15.74077], [-56.1399, -15.74158], [-56.14044, -15.74185], [-56.14098, -15.74347], [-56.14044, -15.74401], [-56.13963, -15.74401], [-56.14017, -15.74509], [-56.13828, -15.74697], [-56.13855, -15.74724], [-56.13774, -15.74832], [-56.13693, -15.74859], [-56.13532, -15.75075], [-56.13559, -15.75128], [-56.13505, -15.75263], [-56.1364, -15.75371], [-56.1364, -15.75425], [-56.13586, -15.75479], [-56.13613, -15.75533], [-56.13559, -15.75614], [-56.13397, -15.75614], [-56.13343, -15.75641], [-56.13316, -15.75587], [-56.13154, -15.75533], [-56.13074, -15.75614], [-56.12831, -15.75614], [-56.12508, -15.75425], [-56.12454, -15.75344], [-56.12481, -15.75317], [-56.12454, -15.7529], [-56.12346, -15.75317], [-56.12292, -15.7529], [-56.12103, -15.75075], [-56.12023, -15.75021], [-56.11834, -15.74697], [-56.11834, -15.74616], [-56.11699, -15.74509], [-56.11672, -15.74455], [-56.11699, -15.74428], [-56.11645, -15.74347], [-56.11511, -15.74401], [-56.11376, -15.74509], [-56.11295, -15.74482], [-56.11268, -15.74509], [-56.11214, -15.74455], [-56.11322, -15.7432], [-56.11564, -15.74293], [-56.11591, -15.74239], [-56.11564, -15.74104], [-56.11457, -15.74024], [-56.11457, -15.7397], [-56.11511, -15.73916], [-56.1143, -15.73889], [-56.11349, -15.73808], [-56.11457, -15.73619], [-56.11403, -15.73565], [-56.1143, -15.73512], [-56.11376, -15.73458], [-56.11214, -15.73485], [-56.1116, -15.73431], [-56.1116, -15.73296], [-56.11052, -15.73134], [-56.10999, -15.72973], [-56.10999, -15.72865], [-56.10891, -15.72703], [-56.10837, -15.7238], [-56.10891, -15.72326], [-56.11052, -15.72272], [-56.11052, -15.72137], [-56.10945, -15.72083], [-56.10891, -15.72029], [-56.10891, -15.71975], [-56.10837, -15.71975], [-56.10756, -15.71895], [-56.10756, -15.7176], [-56.10783, -15.71733], [-56.10729, -15.71652], [-56.10756, -15.71625], [-56.10567, -15.7149], [-56.1046, -15.71329], [-56.1054, -15.71248], [-56.10594, -15.71275], [-56.10675, -15.7114], [-56.10918, -15.71167], [-56.10918, -15.71113], [-56.10729, -15.71059], [-56.10729, -15.70951], [-56.10918, -15.70817], [-56.10918, -15.70763], [-56.11106, -15.7052], [-56.1116, -15.70493], [-56.11133, -15.70466], [-56.11187, -15.70385], [-56.11457, -15.70224], [-56.11538, -15.70089], [-56.11618, -15.70116], [-56.11618, -15.70062], [-56.11672, -15.70008], [-56.11618, -15.69846], [-56.11591, -15.69819], [-56.11564, -15.69846], [-56.1143, -15.69685], [-56.11403, -15.69685], [-56.11349, -15.69739], [-56.11349, -15.69846], [-56.11241, -15.69927], [-56.11187, -15.699], [-56.11187, -15.69954], [-56.11133, -15.70008], [-56.1116, -15.70035], [-56.10891, -15.70278], [-56.10891, -15.70331], [-56.10729, -15.70466], [-56.10675, -15.70574], [-56.10648, -15.70574], [-56.10621, -15.70682], [-56.10675, -15.70736], [-56.10648, -15.7079], [-56.10594, -15.70817], [-56.1054, -15.7079], [-56.10352, -15.71005], [-56.10163, -15.71032], [-56.10109, -15.71086], [-56.10001, -15.70978], [-56.10028, -15.7087], [-56.09867, -15.70736], [-56.0984, -15.70493], [-56.09786, -15.70439], [-56.09732, -15.70439], [-56.09597, -15.70358], [-56.09543, -15.70385], [-56.09409, -15.70251], [-56.09247, -15.70224], [-56.09085, -15.70116], [-56.08896, -15.70116], [-56.08843, -15.70035], [-56.08762, -15.70008], [-56.08762, -15.69927], [-56.08681, -15.69954], [-56.08519, -15.69819], [-56.08465, -15.69739], [-56.08384, -15.69819], [-56.08304, -15.69846], [-56.07953, -15.69819], [-56.07845, -15.69766], [-56.07711, -15.69819], [-56.07603, -15.69981], [-56.07441, -15.70008]]]]}}, {"type": "Feature", "properties": {"nome": "Córrego Seco", "area": 1.2, "urb": 1.2, "pct_urb": 100.0, "lx": -56.05959, "ly": -15.61573}, "geometry": {"type": "MultiPolygon", "coordinates": [[[[-56.06121, -15.6098], [-56.06067, -15.61007], [-56.06013, -15.6098], [-56.05986, -15.61007], [-56.05986, -15.61088], [-56.05582, -15.61519], [-56.0542, -15.616], [-56.05393, -15.61573], [-56.05097, -15.61815], [-56.0507, -15.61869], [-56.05097, -15.6195], [-56.0507, -15.62031], [-56.04908, -15.6222], [-56.05016, -15.62327], [-56.0507, -15.62327], [-56.05124, -15.62274], [-56.05204, -15.62274], [-56.05231, -15.62247], [-56.05312, -15.62327], [-56.05393, -15.62301], [-56.05501, -15.62354], [-56.05689, -15.6222], [-56.05663, -15.62112], [-56.05689, -15.62085], [-56.05663, -15.62058], [-56.0577, -15.6195], [-56.05905, -15.61896], [-56.06148, -15.61923], [-56.06282, -15.62031], [-56.06363, -15.61977], [-56.06363, -15.61923], [-56.06444, -15.61815], [-56.06417, -15.61681], [-56.06336, -15.61627], [-56.06282, -15.61546], [-56.06309, -15.61357], [-56.06202, -15.6125], [-56.06202, -15.61169], [-56.06228, -15.61142], [-56.06175, -15.61115], [-56.06175, -15.61034], [-56.06121, -15.6098]]]]}}, {"type": "Feature", "properties": {"nome": "Córrego Escuro", "area": 8.08, "urb": 1.57, "pct_urb": 19.4, "lx": -56.03183, "ly": -15.70197}, "geometry": {"type": "MultiPolygon", "coordinates": [[[[-56.01647, -15.67637], [-56.01647, -15.67852], [-56.01701, -15.67906], [-56.01755, -15.67906], [-56.01836, -15.6796], [-56.01863, -15.68095], [-56.0197, -15.68176], [-56.02024, -15.68095], [-56.02051, -15.68095], [-56.02132, -15.68176], [-56.02105, -15.68202], [-56.02105, -15.6831], [-56.02375, -15.68634], [-56.02267, -15.68768], [-56.0224, -15.68768], [-56.0224, -15.68876], [-56.02294, -15.6893], [-56.02294, -15.68984], [-56.02375, -15.69011], [-56.02375, -15.69119], [-56.02321, -15.69146], [-56.02375, -15.69227], [-56.02321, -15.6928], [-56.02294, -15.69388], [-56.02348, -15.69415], [-56.02402, -15.69496], [-56.02348, -15.69604], [-56.02402, -15.69658], [-56.02402, -15.69766], [-56.02456, -15.69846], [-56.02429, -15.70089], [-56.02456, -15.70143], [-56.02375, -15.70278], [-56.02429, -15.70385], [-56.02402, -15.70574], [-56.02456, -15.70655], [-56.02456, -15.70709], [-56.02698, -15.7079], [-56.02779, -15.7087], [-56.0286, -15.7087], [-56.02995, -15.70951], [-56.03021, -15.70924], [-56.03129, -15.70924], [-56.03183, -15.70951], [-56.0321, -15.70924], [-56.03453, -15.7114], [-56.03614, -15.71194], [-56.0383, -15.71409], [-56.03965, -15.71436], [-56.04073, -15.71544], [-56.04126, -15.7149], [-56.04665, -15.72029], [-56.04908, -15.72029], [-56.04881, -15.71975], [-56.04989, -15.71841], [-56.04908, -15.7176], [-56.04908, -15.71706], [-56.05043, -15.71544], [-56.04989, -15.71463], [-56.04989, -15.71356], [-56.04962, -15.71329], [-56.05016, -15.71167], [-56.04989, -15.71005], [-56.04854, -15.7087], [-56.04854, -15.7079], [-56.04908, -15.70736], [-56.04881, -15.70682], [-56.048, -15.70655], [-56.04719, -15.70682], [-56.04585, -15.70493], [-56.0445, -15.70412], [-56.04423, -15.70331], [-56.0445, -15.70278], [-56.04342, -15.7017], [-56.04234, -15.70143], [-56.04073, -15.69981], [-56.03938, -15.69954], [-56.0383, -15.69846], [-56.0383, -15.69792], [-56.0356, -15.69523], [-56.03587, -15.69442], [-56.03749, -15.69253], [-56.0356, -15.69038], [-56.03695, -15.68849], [-56.0356, -15.68795], [-56.0348, -15.68715], [-56.0348, -15.68661], [-56.03614, -15.68526], [-56.03722, -15.68472], [-56.03749, -15.68391], [-56.03641, -15.68283], [-56.03668, -15.68229], [-56.03614, -15.68229], [-56.03534, -15.68149], [-56.0356, -15.67906], [-56.03641, -15.67798], [-56.03534, -15.6769], [-56.03426, -15.67502], [-56.03318, -15.67529], [-56.03264, -15.67475], [-56.03183, -15.67475], [-56.03102, -15.67394], [-56.03102, -15.6734], [-56.02995, -15.6734], [-56.02968, -15.67394], [-56.02968, -15.67529], [-56.02941, -15.67556], [-56.02887, -15.67529], [-56.02806, -15.67556], [-56.0259, -15.67367], [-56.02402, -15.67448], [-56.02429, -15.67475], [-56.02429, -15.67583], [-56.02402, -15.6761], [-56.02429, -15.67637], [-56.02402, -15.67663], [-56.02429, -15.67717], [-56.02402, -15.67744], [-56.02213, -15.67663], [-56.02105, -15.67529], [-56.01917, -15.67583], [-56.01863, -15.67637], [-56.01836, -15.6761], [-56.01809, -15.67637], [-56.01647, -15.67637]]]]}}, {"type": "Feature", "properties": {"nome": "Córrego Aricazinho", "area": 45.87, "urb": 0.54, "pct_urb": 1.2, "lx": -55.9084, "ly": -15.54701}, "geometry": {"type": "MultiPolygon", "coordinates": [[[[-55.91541, -15.45188], [-55.91433, -15.45242], [-55.91379, -15.45188], [-55.91137, -15.4543], [-55.91002, -15.45484], [-55.90921, -15.45565], [-55.90867, -15.45538], [-55.90813, -15.45619], [-55.90786, -15.45619], [-55.90813, -15.457], [-55.90733, -15.45781], [-55.90733, -15.45834], [-55.90625, -15.45915], [-55.90544, -15.45915], [-55.9049, -15.45996], [-55.90247, -15.45888], [-55.90167, -15.45888], [-55.90086, -15.45781], [-55.89978, -15.45807], [-55.89897, -15.45727], [-55.89789, -15.45834], [-55.89655, -15.45781], [-55.89601, -15.45807], [-55.90005, -15.46077], [-55.90167, -15.4605], [-55.90221, -15.46077], [-55.90355, -15.46239], [-55.90328, -15.46266], [-55.90328, -15.464], [-55.90463, -15.46481], [-55.90544, -15.46589], [-55.90571, -15.46832], [-55.90625, -15.46885], [-55.90625, -15.46993], [-55.90679, -15.47074], [-55.90652, -15.47128], [-55.90706, -15.47182], [-55.90625, -15.47263], [-55.90652, -15.47344], [-55.90625, -15.47371], [-55.90733, -15.47478], [-55.90679, -15.4764], [-55.90813, -15.47748], [-55.90759, -15.4791], [-55.9084, -15.4799], [-55.90759, -15.48098], [-55.90786, -15.48152], [-55.90625, -15.48287], [-55.90652, -15.48341], [-55.90652, -15.48475], [-55.90598, -15.48529], [-55.90544, -15.48475], [-55.9049, -15.48529], [-55.90409, -15.48422], [-55.90355, -15.48395], [-55.90382, -15.48341], [-55.90355, -15.48314], [-55.90274, -15.48341], [-55.90221, -15.48314], [-55.90167, -15.48368], [-55.90059, -15.48287], [-55.89735, -15.48287], [-55.89655, -15.48179], [-55.89547, -15.47936], [-55.89493, -15.4791], [-55.89358, -15.47721], [-55.89385, -15.47667], [-55.89547, -15.47505], [-55.89574, -15.47424], [-55.89439, -15.47317], [-55.89412, -15.47263], [-55.89439, -15.47182], [-55.89385, -15.47128], [-55.89439, -15.47074], [-55.89412, -15.47047], [-55.89412, -15.46939], [-55.89331, -15.46912], [-55.8925, -15.46832], [-55.89143, -15.4667], [-55.89196, -15.46508], [-55.89331, -15.46346], [-55.89331, -15.46293], [-55.8925, -15.46212], [-55.88981, -15.46427], [-55.88927, -15.464], [-55.8863, -15.4667], [-55.8863, -15.46832], [-55.8855, -15.47074], [-55.8855, -15.47182], [-55.8863, -15.47317], [-55.8863, -15.47478], [-55.88684, -15.47532], [-55.88684, -15.47613], [-55.88469, -15.47775], [-55.88442, -15.47829], [-55.88307, -15.47829], [-55.8828, -15.47802], [-55.88199, -15.4791], [-55.88145, -15.47936], [-55.88172, -15.48206], [-55.88118, -15.4826], [-55.88145, -15.48287], [-55.88011, -15.48475], [-55.88038, -15.48556], [-55.88172, -15.48691], [-55.88199, -15.48664], [-55.88226, -15.48691], [-55.88361, -15.48691], [-55.8855, -15.48853], [-55.8855, -15.4888], [-55.88577, -15.48853], [-55.88954, -15.48853], [-55.89143, -15.48664], [-55.89304, -15.48826], [-55.89412, -15.4888], [-55.8952, -15.4888], [-55.89655, -15.48934], [-55.89789, -15.49068], [-55.8987, -15.49068], [-55.89924, -15.49122], [-55.90059, -15.49041], [-55.90436, -15.49392], [-55.90463, -15.49365], [-55.90652, -15.49365], [-55.90733, -15.49392], [-55.9084, -15.49338], [-55.90948, -15.49419], [-55.91137, -15.49338], [-55.91272, -15.49446], [-55.91298, -15.49526], [-55.91272, -15.49553], [-55.91272, -15.49661], [-55.91352, -15.49715], [-55.91379, -15.49796], [-55.9146, -15.49796], [-55.91514, -15.4985], [-55.91487, -15.49904], [-55.91487, -15.50039], [-55.91541, -15.50119], [-55.91379, -15.50281], [-55.91379, -15.50389], [-55.91298, -15.50497], [-55.91298, -15.50658], [-55.91325, -15.50685], [-55.91245, -15.50766], [-55.91245, -15.50847], [-55.91083, -15.51009], [-55.91029, -15.51009], [-55.90948, -15.51063], [-55.9084, -15.51063], [-55.90733, -15.51143], [-55.90625, -15.51117], [-55.90463, -15.51224], [-55.90355, -15.51224], [-55.90247, -15.51332], [-55.90113, -15.5117], [-55.90059, -15.5117], [-55.90005, -15.51117], [-55.89924, -15.51197], [-55.89924, -15.51305], [-55.89897, -15.51332], [-55.89978, -15.51386], [-55.90032, -15.51548], [-55.90328, -15.51817], [-55.90328, -15.51871], [-55.90571, -15.52087], [-55.90571, -15.52114], [-55.90706, -15.52221], [-55.90706, -15.52275], [-55.90759, -15.52329], [-55.90733, -15.52383], [-55.90786, -15.52518], [-55.90975, -15.5241], [-55.91245, -15.5268], [-55.91272, -15.52653], [-55.91325, -15.52707], [-55.91514, -15.52707], [-55.91541, -15.52733], [-55.91514, -15.5276], [-55.91541, -15.52814], [-55.91649, -15.52922], [-55.91649, -15.53057], [-55.91595, -15.53138], [-55.91676, -15.53299], [-55.91676, -15.5338], [-55.91757, -15.53488], [-55.91757, -15.53542], [-55.91703, -15.53596], [-55.91649, -15.53542], [-55.91595, -15.53596], [-55.91514, -15.53569], [-55.91433, -15.53488], [-55.91406, -15.53407], [-55.91325, -15.53434], [-55.91218, -15.53326], [-55.91164, -15.5338], [-55.90948, -15.53165], [-55.90921, -15.53192], [-55.9084, -15.53192], [-55.90517, -15.52976], [-55.90436, -15.52868], [-55.90463, -15.52814], [-55.90436, -15.52733], [-55.9049, -15.5268], [-55.9049, -15.52518], [-55.90463, -15.52464], [-55.9049, -15.52437], [-55.90355, -15.52248], [-55.9014, -15.52168], [-55.90086, -15.52114], [-55.90005, -15.52141], [-55.89897, -15.52006], [-55.89789, -15.52006], [-55.89708, -15.51952], [-55.89735, -15.51871], [-55.89708, -15.51898], [-55.89628, -15.51817], [-55.89628, -15.51682], [-55.89493, -15.51602], [-55.89358, -15.51467], [-55.89358, -15.51332], [-55.89277, -15.51251], [-55.89304, -15.51063], [-55.89277, -15.51009], [-55.89358, -15.50874], [-55.89412, -15.50658], [-55.89331, -15.50631], [-55.8925, -15.50524], [-55.89196, -15.50497], [-55.89169, -15.50524], [-55.88981, -15.50362], [-55.89143, -15.50551], [-55.89116, -15.50578], [-55.89116, -15.50685], [-55.89062, -15.50739], [-55.89062, -15.5082], [-55.89008, -15.50874], [-55.88954, -15.50874], [-55.88954, -15.50928], [-55.89008, -15.50982], [-55.89008, -15.51117], [-55.89062, -15.5117], [-55.89062, -15.51224], [-55.88954, -15.51332], [-55.88954, -15.5144], [-55.88927, -15.51467], [-55.88927, -15.51548], [-55.88981, -15.51602], [-55.88927, -15.51655], [-55.88927, -15.51736], [-55.89008, -15.51844], [-55.88981, -15.52006], [-55.89062, -15.5206], [-55.89035, -15.52194], [-55.889, -15.52302], [-55.88765, -15.52168], [-55.88738, -15.52194], [-55.88657, -15.52114], [-55.88604, -15.52141], [-55.88523, -15.5206], [-55.88388, -15.52168], [-55.88361, -15.52383], [-55.88307, -15.5241], [-55.88307, -15.52518], [-55.88334, -15.52545], [-55.88226, -15.52653], [-55.88172, -15.5276], [-55.88199, -15.52841], [-55.88038, -15.53003], [-55.87984, -15.52976], [-55.87957, -15.52922], [-55.87795, -15.52922], [-55.8766, -15.53057], [-55.87606, -15.5303], [-55.87391, -15.53299], [-55.87391, -15.5338], [-55.87418, -15.53407], [-55.87067, -15.53785], [-55.87067, -15.53919], [-55.87256, -15.54135], [-55.87256, -15.54189], [-55.87337, -15.54135], [-55.87391, -15.54162], [-55.87499, -15.54081], [-55.87526, -15.54108], [-55.87822, -15.54108], [-55.87849, -15.54081], [-55.8793, -15.54081], [-55.87957, -15.54027], [-55.88011, -15.54054], [-55.88038, -15.54027], [-55.88118, -15.54108], [-55.88226, -15.54108], [-55.88388, -15.5427], [-55.88442, -15.5427], [-55.88523, -15.54216], [-55.8863, -15.54216], [-55.88684, -15.5427], [-55.88765, -15.5427], [-55.88792, -15.54297], [-55.889, -15.5427], [-55.88927, -15.54297], [-55.88954, -15.5427], [-55.89035, -15.54323], [-55.89089, -15.54323], [-55.89143, -15.54377], [-55.89143, -15.54485], [-55.89196, -15.54539], [-55.89196, -15.54593], [-55.89089, -15.54728], [-55.89035, -15.54728], [-55.89062, -15.54755], [-55.89062, -15.54836], [-55.88981, -15.54943], [-55.88954, -15.54943], [-55.89223, -15.55267], [-55.89277, -15.55294], [-55.89277, -15.55375], [-55.89412, -15.55482], [-55.89385, -15.55563], [-55.89439, -15.55644], [-55.89493, -15.55671], [-55.8952, -15.55752], [-55.89412, -15.5586], [-55.8952, -15.55967], [-55.8952, -15.56021], [-55.89655, -15.56129], [-55.89897, -15.56102], [-55.90113, -15.56183], [-55.90221, -15.56183], [-55.90247, -15.56102], [-55.90544, -15.55994], [-55.90786, -15.56399], [-55.90759, -15.56426], [-55.90759, -15.56506], [-55.90598, -15.56614], [-55.90571, -15.56587], [-55.90517, -15.56695], [-55.90921, -15.57072], [-55.91029, -15.57126], [-55.91164, -15.57288], [-55.91272, -15.57261], [-55.9146, -15.57477], [-55.91487, -15.57611], [-55.91676, -15.57665], [-55.9173, -15.57719], [-55.91676, -15.57827], [-55.91703, -15.57881], [-55.91676, -15.57962], [-55.91703, -15.58043], [-55.91514, -15.58177], [-55.91514, -15.58312], [-55.91298, -15.58501], [-55.91298, -15.58582], [-55.91245, -15.58635], [-55.9111, -15.58635], [-55.91056, -15.58716], [-55.91056, -15.58797], [-55.9111, -15.58851], [-55.9111, -15.58959], [-55.91191, -15.59067], [-55.91137, -15.59228], [-55.91191, -15.59336], [-55.90975, -15.59552], [-55.90867, -15.59552], [-55.90571, -15.59363], [-55.90409, -15.5939], [-55.90274, -15.59282], [-55.90167, -15.59363], [-55.90167, -15.59444], [-55.90113, -15.59498], [-55.90113, -15.59552], [-55.90301, -15.5974], [-55.90355, -15.5974], [-55.90544, -15.59902], [-55.90706, -15.59875], [-55.90759, -15.59929], [-55.90759, -15.60064], [-55.90706, -15.60091], [-55.90706, -15.60145], [-55.9084, -15.60252], [-55.90921, -15.60225], [-55.91002, -15.60279], [-55.9111, -15.60198], [-55.91191, -15.60279], [-55.91218, -15.60387], [-55.91164, -15.60549], [-55.91137, -15.60576], [-55.9111, -15.60522], [-55.91083, -15.60522], [-55.90948, -15.60684], [-55.90867, -15.60684], [-55.90894, -15.60791], [-55.90759, -15.60899], [-55.90706, -15.60899], [-55.90652, -15.60845], [-55.90598, -15.60845], [-55.90517, -15.60791], [-55.9049, -15.60818], [-55.90382, -15.60711], [-55.90328, -15.60764], [-55.90274, -15.60764], [-55.90328, -15.60872], [-55.90328, -15.61007], [-55.90355, -15.61034], [-55.90301, -15.61115], [-55.90301, -15.61169], [-55.90221, -15.6125], [-55.90194, -15.61223], [-55.90113, -15.61223], [-55.90032, -15.61142], [-55.90005, -15.61169], [-55.89843, -15.61142], [-55.89708, -15.61276], [-55.89735, -15.61303], [-55.89735, -15.61411], [-55.89601, -15.61573], [-55.89628, -15.61681], [-55.89574, -15.61735], [-55.89493, -15.61735], [-55.89547, -15.61788], [-55.8952, -15.61815], [-55.89547, -15.61869], [-55.89493, -15.61923], [-55.8952, -15.61977], [-55.89304, -15.62193], [-55.89331, -15.62247], [-55.89304, -15.62301], [-55.89439, -15.62435], [-55.89385, -15.6257], [-55.89385, -15.62651], [-55.89439, -15.62678], [-55.89466, -15.62732], [-55.89655, -15.62759], [-55.89708, -15.62732], [-55.89816, -15.62813], [-55.89924, -15.62813], [-55.89978, -15.62759], [-55.90005, -15.62786], [-55.90086, -15.62786], [-55.9014, -15.6284], [-55.9014, -15.63001], [-55.90221, -15.63082], [-55.90274, -15.63082], [-55.90328, -15.63001], [-55.90382, -15.63001], [-55.90706, -15.63298], [-55.90679, -15.63325], [-55.90733, -15.63379], [-55.90786, -15.63352], [-55.90733, -15.63271], [-55.90786, -15.63217], [-55.9084, -15.63217], [-55.9111, -15.62947], [-55.91083, -15.6292], [-55.91083, -15.62759], [-55.91218, -15.62597], [-55.91218, -15.62516], [-55.91164, -15.62408], [-55.91218, -15.62327], [-55.91272, -15.62327], [-55.91191, -15.62193], [-55.91325, -15.62139], [-55.91379, -15.62058], [-55.91406, -15.62058], [-55.91272, -15.62058], [-55.9111, -15.6195], [-55.91083, -15.61708], [-55.91137, -15.61627], [-55.91056, -15.61573], [-55.91056, -15.61546], [-55.91272, -15.61276], [-55.91272, -15.61196], [-55.91379, -15.61061], [-55.91352, -15.60926], [-55.91406, -15.60872], [-55.91406, -15.60764], [-55.91784, -15.60495], [-55.91837, -15.60495], [-55.91864, -15.60333], [-55.92053, -15.60172], [-55.91999, -15.60091], [-55.92053, -15.60064], [-55.91972, -15.59983], [-55.91837, -15.59902], [-55.91811, -15.59929], [-55.91784, -15.59902], [-55.9173, -15.59929], [-55.91622, -15.59875], [-55.91487, -15.5974], [-55.91487, -15.59579], [-55.91568, -15.59525], [-55.91541, -15.59363], [-55.91676, -15.59201], [-55.91622, -15.5912], [-55.91622, -15.59067], [-55.9173, -15.58932], [-55.91757, -15.58851], [-55.9173, -15.58716], [-55.91676, -15.58635], [-55.91837, -15.58447], [-55.91784, -15.58393], [-55.91811, -15.58312], [-55.91784, -15.58285], [-55.91918, -15.5815], [-55.91945, -15.58069], [-55.92026, -15.5815], [-55.92107, -15.58177], [-55.92188, -15.5815], [-55.92215, -15.58069], [-55.92269, -15.58043], [-55.92484, -15.578], [-55.92403, -15.57746], [-55.9235, -15.578], [-55.92269, -15.578], [-55.92188, -15.57881], [-55.92107, -15.578], [-55.91999, -15.57827], [-55.91891, -15.57692], [-55.91757, -15.57584], [-55.91837, -15.57504], [-55.91811, -15.5745], [-55.91864, -15.57369], [-55.91864, -15.57315], [-55.91811, -15.57261], [-55.91811, -15.5718], [-55.91864, -15.57126], [-55.91864, -15.57045], [-55.91999, -15.56965], [-55.91999, -15.56884], [-55.92026, -15.56857], [-55.91999, -15.56695], [-55.92026, -15.56668], [-55.91972, -15.56614], [-55.92026, -15.5656], [-55.92026, -15.56479], [-55.92107, -15.56372], [-55.91999, -15.56264], [-55.91999, -15.5621], [-55.91945, -15.56156], [-55.91972, -15.56075], [-55.91945, -15.56048], [-55.92026, -15.55967], [-55.91972, -15.55806], [-55.91972, -15.55698], [-55.91999, -15.55671], [-55.91972, -15.5559], [-55.92107, -15.55482], [-55.92134, -15.55428], [-55.92215, -15.55401], [-55.92296, -15.55482], [-55.92323, -15.55455], [-55.9235, -15.55482], [-55.92457, -15.55482], [-55.92484, -15.55401], [-55.92565, -15.55348], [-55.92565, -15.55159], [-55.92538, -15.55132], [-55.92538, -15.55051], [-55.92484, -15.54997], [-55.92484, -15.54916], [-55.92511, -15.54889], [-55.92484, -15.54862], [-55.92565, -15.54701], [-55.92565, -15.54593], [-55.927, -15.54404], [-55.92754, -15.54431], [-55.92808, -15.54323], [-55.92889, -15.54297], [-55.92996, -15.54189], [-55.92996, -15.54135], [-55.93158, -15.53973], [-55.93131, -15.53919], [-55.93158, -15.53892], [-55.93347, -15.53838], [-55.9332, -15.53704], [-55.93454, -15.53623], [-55.93481, -15.53569], [-55.93481, -15.53434], [-55.93508, -15.53407], [-55.93481, -15.53353], [-55.93374, -15.53272], [-55.93427, -15.53192], [-55.93401, -15.53111], [-55.93481, -15.5303], [-55.93508, -15.52868], [-55.9367, -15.52707], [-55.9367, -15.5268], [-55.93562, -15.52707], [-55.93454, -15.52626], [-55.93454, -15.52572], [-55.93374, -15.52626], [-55.9332, -15.52572], [-55.9332, -15.52518], [-55.93239, -15.52572], [-55.92808, -15.52194], [-55.92808, -15.52114], [-55.92646, -15.51979], [-55.92538, -15.5206], [-55.92511, -15.52033], [-55.92457, -15.52087], [-55.9235, -15.51979], [-55.92296, -15.51979], [-55.92215, -15.51898], [-55.92269, -15.5179], [-55.92296, -15.51629], [-55.92188, -15.51521], [-55.92242, -15.51467], [-55.92242, -15.51413], [-55.92161, -15.51305], [-55.92188, -15.51278], [-55.92161, -15.5117], [-55.92188, -15.51143], [-55.92188, -15.51036], [-55.92269, -15.50928], [-55.92242, -15.50685], [-55.92215, -15.50658], [-55.92242, -15.50631], [-55.92188, -15.50524], [-55.92296, -15.50389], [-55.92376, -15.50362], [-55.92376, -15.50281], [-55.9235, -15.50254], [-55.92376, -15.50173], [-55.92323, -15.50092], [-55.9235, -15.50065], [-55.92296, -15.50012], [-55.92296, -15.49958], [-55.92323, -15.49931], [-55.92323, -15.49823], [-55.92376, -15.49742], [-55.92376, -15.49661], [-55.92242, -15.495], [-55.92269, -15.49392], [-55.92188, -15.49338], [-55.92134, -15.49257], [-55.92161, -15.49176], [-55.92053, -15.49041], [-55.9208, -15.4888], [-55.92026, -15.48799], [-55.92026, -15.48637], [-55.92134, -15.48502], [-55.92242, -15.48502], [-55.92403, -15.48314], [-55.92484, -15.48287], [-55.92538, -15.48341], [-55.92862, -15.4799], [-55.92835, -15.47775], [-55.92942, -15.47721], [-55.93023, -15.47748], [-55.93023, -15.47505], [-55.93131, -15.47371], [-55.93266, -15.47263], [-55.93266, -15.47209], [-55.93158, -15.47047], [-55.93158, -15.46885], [-55.93104, -15.46858], [-55.92969, -15.46966], [-55.92942, -15.46939], [-55.92862, -15.46966], [-55.92808, -15.46939], [-55.92754, -15.46966], [-55.92592, -15.46805], [-55.9235, -15.47074], [-55.92296, -15.47101], [-55.92269, -15.47074], [-55.92134, -15.47236], [-55.92026, -15.4729], [-55.91999, -15.47263], [-55.91918, -15.4729], [-55.91703, -15.47182], [-55.91568, -15.4729], [-55.91487, -15.47397], [-55.91406, -15.47317], [-55.91433, -15.47263], [-55.91379, -15.47209], [-55.91379, -15.47128], [-55.91352, -15.47101], [-55.91433, -15.47047], [-55.91433, -15.46966], [-55.9146, -15.46939], [-55.91433, -15.46912], [-55.91433, -15.46805], [-55.91379, -15.46751], [-55.91595, -15.46562], [-55.91568, -15.46131], [-55.91514, -15.45996], [-55.91649, -15.45807], [-55.91541, -15.45592], [-55.91703, -15.4543], [-55.91541, -15.45188]]]]}}, {"type": "Feature", "properties": {"nome": "Córrego Água Limpa", "area": 0.34, "urb": 0.13, "pct_urb": 39.1, "lx": -55.90759, "ly": -15.63918}, "geometry": {"type": "MultiPolygon", "coordinates": [[[[-55.90328, -15.63028], [-55.90301, -15.63055], [-55.90409, -15.63163], [-55.9049, -15.63163], [-55.90544, -15.63217], [-55.90544, -15.63352], [-55.90571, -15.63405], [-55.90625, -15.63432], [-55.90625, -15.63486], [-55.90571, -15.6354], [-55.90598, -15.63621], [-55.90544, -15.63675], [-55.90625, -15.63729], [-55.90679, -15.6381], [-55.9049, -15.64079], [-55.90571, -15.64106], [-55.90625, -15.64052], [-55.90733, -15.64025], [-55.90867, -15.64106], [-55.90975, -15.64106], [-55.91083, -15.64268], [-55.91056, -15.64349], [-55.91272, -15.64483], [-55.91272, -15.64403], [-55.91245, -15.64376], [-55.91298, -15.64322], [-55.90975, -15.63998], [-55.90948, -15.63918], [-55.9084, -15.6381], [-55.90786, -15.6381], [-55.90652, -15.63648], [-55.90733, -15.6354], [-55.90706, -15.63513], [-55.90706, -15.63379], [-55.90652, -15.63325], [-55.90679, -15.63298], [-55.90382, -15.63028], [-55.90328, -15.63028]]]]}}, {"type": "Feature", "properties": {"nome": "Ribeirão Taquará", "area": 51.19, "urb": 1.63, "pct_urb": 3.2, "lx": -56.17736, "ly": -15.20448}, "geometry": {"type": "MultiPolygon", "coordinates": [[[[-56.10621, -15.1681], [-56.10567, -15.16891], [-56.10729, -15.17106], [-56.1081, -15.17106], [-56.10891, -15.1716], [-56.11052, -15.1716], [-56.11133, -15.17241], [-56.1116, -15.17376], [-56.11133, -15.17403], [-56.11133, -15.17511], [-56.11187, -15.17564], [-56.11295, -15.17618], [-56.11403, -15.17753], [-56.11457, -15.17753], [-56.11645, -15.17969], [-56.11726, -15.18023], [-56.11726, -15.18076], [-56.11942, -15.18265], [-56.12023, -15.18265], [-56.12211, -15.184], [-56.12265, -15.18373], [-56.12373, -15.18427], [-56.12481, -15.18427], [-56.12589, -15.18535], [-56.12589, -15.18615], [-56.12777, -15.18777], [-56.12777, -15.18858], [-56.12939, -15.18993], [-56.12993, -15.18993], [-56.13128, -15.19074], [-56.13316, -15.19235], [-56.13316, -15.19262], [-56.13343, -15.19235], [-56.13505, -15.19424], [-56.13505, -15.19478], [-56.13424, -15.19613], [-56.13505, -15.1964], [-56.13667, -15.19774], [-56.13774, -15.19801], [-56.13801, -15.19774], [-56.13882, -15.19774], [-56.13936, -15.19828], [-56.13936, -15.19909], [-56.14017, -15.20017], [-56.14044, -15.20125], [-56.14125, -15.20179], [-56.14179, -15.20152], [-56.14286, -15.1999], [-56.14475, -15.19801], [-56.14556, -15.19855], [-56.14718, -15.1972], [-56.14798, -15.19747], [-56.14879, -15.19666], [-56.14879, -15.19586], [-56.15014, -15.19478], [-56.15176, -15.19613], [-56.1531, -15.19532], [-56.15499, -15.19693], [-56.15688, -15.19532], [-56.15688, -15.19478], [-56.15742, -15.19424], [-56.15742, -15.19343], [-56.15769, -15.19316], [-56.15903, -15.19343], [-56.1593, -15.19316], [-56.16011, -15.19316], [-56.16038, -15.19343], [-56.16092, -15.19289], [-56.16146, -15.19289], [-56.16308, -15.19128], [-56.16388, -15.19181], [-56.16388, -15.19262], [-56.16604, -15.19478], [-56.16604, -15.19532], [-56.16388, -15.19774], [-56.16281, -15.19855], [-56.16308, -15.19882], [-56.16254, -15.19963], [-56.16146, -15.1999], [-56.16173, -15.20071], [-56.16281, -15.20179], [-56.16254, -15.20259], [-56.16469, -15.20475], [-56.16442, -15.20556], [-56.16496, -15.20664], [-56.16415, -15.20744], [-56.16496, -15.20879], [-56.16469, -15.2096], [-56.16523, -15.21041], [-56.1655, -15.21176], [-56.16685, -15.21176], [-56.16739, -15.21283], [-56.16685, -15.21337], [-56.16712, -15.2131], [-56.16847, -15.21418], [-56.16927, -15.21337], [-56.17035, -15.21418], [-56.17116, -15.21364], [-56.17197, -15.21364], [-56.17332, -15.21472], [-56.17251, -15.21607], [-56.17439, -15.21822], [-56.17493, -15.21849], [-56.17493, -15.2193], [-56.17547, -15.21984], [-56.1752, -15.22119], [-56.17655, -15.22281], [-56.17655, -15.22388], [-56.17628, -15.22415], [-56.17844, -15.22631], [-56.17925, -15.22658], [-56.1814, -15.22847], [-56.18275, -15.2282], [-56.18814, -15.23224], [-56.18976, -15.23089], [-56.19083, -15.23089], [-56.1911, -15.23116], [-56.19299, -15.22954], [-56.19407, -15.23062], [-56.19568, -15.23089], [-56.19649, -15.2317], [-56.19811, -15.23143], [-56.19946, -15.23197], [-56.2, -15.23143], [-56.20134, -15.2317], [-56.20161, -15.23116], [-56.20377, -15.23251], [-56.20323, -15.23305], [-56.2035, -15.23359], [-56.20296, -15.23412], [-56.20296, -15.23493], [-56.2035, -15.23601], [-56.20323, -15.23628], [-56.2035, -15.23655], [-56.2035, -15.23844], [-56.20323, -15.23898], [-56.20404, -15.2414], [-56.20323, -15.24221], [-56.20404, -15.24302], [-56.20404, -15.2441], [-56.20134, -15.24706], [-56.20404, -15.25002], [-56.20485, -15.25029], [-56.20593, -15.25137], [-56.20673, -15.2511], [-56.20997, -15.25434], [-56.21024, -15.25568], [-56.21078, -15.25622], [-56.21212, -15.25488], [-56.21266, -15.25515], [-56.21428, -15.25515], [-56.21509, -15.25461], [-56.21617, -15.25461], [-56.21859, -15.25757], [-56.22183, -15.26054], [-56.22236, -15.26054], [-56.22317, -15.26134], [-56.22236, -15.26242], [-56.22263, -15.26377], [-56.22236, -15.26404], [-56.22344, -15.26593], [-56.22317, -15.26619], [-56.22317, -15.267], [-56.22263, -15.26754], [-56.22317, -15.26808], [-56.22317, -15.26889], [-56.22344, -15.26916], [-56.2229, -15.2697], [-56.22317, -15.27051], [-56.2221, -15.27131], [-56.22156, -15.27131], [-56.21994, -15.27212], [-56.21967, -15.27374], [-56.21994, -15.27401], [-56.21886, -15.27509], [-56.21751, -15.2759], [-56.21644, -15.27563], [-56.21482, -15.27374], [-56.21132, -15.27051], [-56.21455, -15.27374], [-56.21455, -15.27428], [-56.21374, -15.27509], [-56.21482, -15.27644], [-56.21401, -15.27778], [-56.21482, -15.2794], [-56.21428, -15.28048], [-56.21455, -15.28156], [-56.21428, -15.28183], [-56.21455, -15.28209], [-56.21401, -15.28236], [-56.2132, -15.28371], [-56.21266, -15.28371], [-56.21212, -15.28452], [-56.21078, -15.2856], [-56.21078, -15.28614], [-56.20997, -15.28695], [-56.20997, -15.28748], [-56.20862, -15.28883], [-56.2097, -15.29045], [-56.21132, -15.29207], [-56.21132, -15.29287], [-56.21455, -15.29557], [-56.21482, -15.29665], [-56.21428, -15.29746], [-56.21401, -15.2988], [-56.21428, -15.29907], [-56.21374, -15.29961], [-56.21374, -15.30015], [-56.21212, -15.3015], [-56.21158, -15.3015], [-56.21105, -15.30204], [-56.21158, -15.30258], [-56.21132, -15.30285], [-56.21132, -15.30365], [-56.21158, -15.30392], [-56.21158, -15.30473], [-56.21078, -15.30554], [-56.21105, -15.30662], [-56.21051, -15.30716], [-56.21078, -15.30877], [-56.21158, -15.30851], [-56.21212, -15.30877], [-56.21374, -15.31039], [-56.21374, -15.31093], [-56.2132, -15.31147], [-56.21347, -15.31255], [-56.21374, -15.31255], [-56.21347, -15.31228], [-56.21401, -15.31174], [-56.21536, -15.31309], [-56.2159, -15.31255], [-56.21671, -15.31282], [-56.21751, -15.31255], [-56.21859, -15.31363], [-56.21886, -15.31336], [-56.22021, -15.31416], [-56.22075, -15.31363], [-56.22156, -15.31363], [-56.22156, -15.31228], [-56.22236, -15.31147], [-56.22317, -15.31147], [-56.22371, -15.31201], [-56.22398, -15.31147], [-56.22533, -15.31174], [-56.22587, -15.31228], [-56.22614, -15.31443], [-56.22749, -15.31578], [-56.22856, -15.31632], [-56.2291, -15.31713], [-56.2291, -15.31767], [-56.22964, -15.3174], [-56.23099, -15.3174], [-56.23126, -15.31767], [-56.23072, -15.31875], [-56.23045, -15.31848], [-56.22991, -15.31955], [-56.2291, -15.31955], [-56.22802, -15.31902], [-56.22749, -15.31955], [-56.22614, -15.31875], [-56.22587, -15.31928], [-56.22479, -15.32009], [-56.22317, -15.31982], [-56.22236, -15.32117], [-56.22263, -15.32171], [-56.22236, -15.32198], [-56.22344, -15.32333], [-56.2229, -15.32414], [-56.22614, -15.32764], [-56.22749, -15.32737], [-56.22883, -15.32899], [-56.22856, -15.3298], [-56.22964, -15.33114], [-56.23126, -15.33249], [-56.23341, -15.33276], [-56.23368, -15.33303], [-56.23449, -15.33222], [-56.23638, -15.33222], [-56.23773, -15.33411], [-56.23773, -15.33465], [-56.2388, -15.33545], [-56.24096, -15.33788], [-56.2415, -15.33788], [-56.24285, -15.33707], [-56.24339, -15.33761], [-56.24392, -15.33761], [-56.24473, -15.33815], [-56.24473, -15.33869], [-56.24419, -15.33923], [-56.24339, -15.33923], [-56.24285, -15.34004], [-56.24285, -15.34219], [-56.24365, -15.34354], [-56.24339, -15.3457], [-56.24365, -15.34596], [-56.24365, -15.34677], [-56.24231, -15.34812], [-56.24204, -15.34785], [-56.24042, -15.34785], [-56.24015, -15.34812], [-56.23826, -15.34812], [-56.238, -15.34785], [-56.23773, -15.34812], [-56.23746, -15.34785], [-56.23719, -15.34812], [-56.23584, -15.34812], [-56.23557, -15.34785], [-56.23503, -15.34812], [-56.23422, -15.34731], [-56.23368, -15.34731], [-56.23368, -15.34812], [-56.23476, -15.34947], [-56.23449, -15.35162], [-56.23719, -15.35405], [-56.23719, -15.35459], [-56.238, -15.35513], [-56.23826, -15.35486], [-56.23907, -15.35513], [-56.23961, -15.35486], [-56.24204, -15.35701], [-56.24231, -15.35755], [-56.24312, -15.35648], [-56.24365, -15.35621], [-56.24527, -15.35755], [-56.24635, -15.35674], [-56.24743, -15.35755], [-56.25066, -15.35728], [-56.25336, -15.36025], [-56.25416, -15.3589], [-56.25497, -15.3589], [-56.25605, -15.35809], [-56.25794, -15.35755], [-56.25875, -15.35782], [-56.25982, -15.35701], [-56.26036, -15.35701], [-56.26279, -15.35486], [-56.2636, -15.35513], [-56.26387, -15.35486], [-56.26333, -15.35405], [-56.26414, -15.35378], [-56.26845, -15.35028], [-56.27492, -15.34354], [-56.27626, -15.34354], [-56.2768, -15.343], [-56.27761, -15.343], [-56.27788, -15.34219], [-56.27923, -15.34111], [-56.27788, -15.33977], [-56.27815, -15.3395], [-56.27707, -15.33869], [-56.27599, -15.33734], [-56.27599, -15.33599], [-56.27411, -15.33438], [-56.27357, -15.33438], [-56.27168, -15.33303], [-56.27087, -15.33303], [-56.27033, -15.33384], [-56.2698, -15.33384], [-56.26899, -15.33465], [-56.26899, -15.33519], [-56.26764, -15.3368], [-56.26791, -15.33734], [-56.2671, -15.33842], [-56.26791, -15.33923], [-56.26791, -15.33977], [-56.26872, -15.34084], [-56.26845, -15.34111], [-56.26899, -15.34165], [-56.26926, -15.343], [-56.26872, -15.34354], [-56.26737, -15.34381], [-56.26737, -15.34435], [-56.26602, -15.34543], [-56.26629, -15.34623], [-56.26602, -15.34677], [-56.26683, -15.34758], [-56.26602, -15.34947], [-56.26494, -15.35055], [-56.26521, -15.35082], [-56.26468, -15.35135], [-56.26414, -15.35109], [-56.26306, -15.35243], [-56.26225, -15.35297], [-56.26171, -15.35297], [-56.26009, -15.35162], [-56.25848, -15.35216], [-56.25578, -15.34974], [-56.25605, -15.34893], [-56.25578, -15.34812], [-56.25497, -15.34731], [-56.2547, -15.34543], [-56.2539, -15.34381], [-56.2539, -15.34219], [-56.25309, -15.34138], [-56.25336, -15.34058], [-56.25174, -15.33896], [-56.25632, -15.33465], [-56.25524, -15.3333], [-56.25524, -15.33276], [-56.25578, -15.33222], [-56.25336, -15.33006], [-56.25282, -15.3271], [-56.25228, -15.32656], [-56.25228, -15.32602], [-56.25093, -15.32467], [-56.2512, -15.32441], [-56.25093, -15.32414], [-56.25093, -15.32279], [-56.25066, -15.32225], [-56.2512, -15.32117], [-56.25066, -15.31955], [-56.2512, -15.31902], [-56.2512, -15.31848], [-56.25039, -15.31713], [-56.25039, -15.31659], [-56.2512, -15.31578], [-56.25147, -15.31605], [-56.25309, -15.31443], [-56.25201, -15.31524], [-56.2512, -15.31524], [-56.24931, -15.31443], [-56.24824, -15.31336], [-56.24824, -15.31228], [-56.24689, -15.31336], [-56.24527, -15.31255], [-56.24446, -15.31255], [-56.24339, -15.31336], [-56.24392, -15.3147], [-56.24231, -15.31632], [-56.24258, -15.31713], [-56.24069, -15.31902], [-56.24042, -15.31875], [-56.238, -15.32117], [-56.23719, -15.3209], [-56.23665, -15.32198], [-56.23557, -15.3209], [-56.23368, -15.32117], [-56.23314, -15.32036], [-56.23395, -15.31982], [-56.23449, -15.31902], [-56.23449, -15.31821], [-56.23261, -15.31686], [-56.23261, -15.31632], [-56.23207, -15.31578], [-56.23287, -15.3147], [-56.23234, -15.31443], [-56.23153, -15.31336], [-56.2318, -15.31093], [-56.23153, -15.31066], [-56.2318, -15.31039], [-56.23153, -15.31012], [-56.23207, -15.30877], [-56.2318, -15.30824], [-56.23261, -15.30716], [-56.23207, -15.30635], [-56.2318, -15.305], [-56.23341, -15.30338], [-56.23341, -15.30258], [-56.23234, -15.30069], [-56.23018, -15.2988], [-56.22964, -15.2988], [-56.22883, -15.29799], [-56.22802, -15.2988], [-56.22722, -15.29826], [-56.22668, -15.2988], [-56.22641, -15.29853], [-56.22614, -15.2988], [-56.22425, -15.29719], [-56.22425, -15.29692], [-56.22344, -15.29746], [-56.22236, -15.29638], [-56.22263, -15.29557], [-56.22102, -15.29395], [-56.22156, -15.29153], [-56.22102, -15.29018], [-56.22156, -15.28937], [-56.2221, -15.28937], [-56.22533, -15.28641], [-56.2256, -15.28479], [-56.22641, -15.28371], [-56.22587, -15.28317], [-56.22614, -15.28263], [-56.22587, -15.28236], [-56.22856, -15.2794], [-56.22829, -15.27886], [-56.22883, -15.27832], [-56.22883, -15.27778], [-56.22964, -15.27751], [-56.23072, -15.27644], [-56.23153, -15.2767], [-56.23261, -15.2759], [-56.23314, -15.27617], [-56.23449, -15.27482], [-56.23476, -15.27509], [-56.23638, -15.27374], [-56.23746, -15.27239], [-56.23746, -15.27131], [-56.238, -15.27105], [-56.23773, -15.27051], [-56.23719, -15.27078], [-56.23665, -15.27024], [-56.23638, -15.26916], [-56.23692, -15.26862], [-56.23719, -15.267], [-56.23826, -15.26593], [-56.23746, -15.26485], [-56.23746, -15.26431], [-56.23934, -15.26269], [-56.23934, -15.26107], [-56.23988, -15.26027], [-56.23665, -15.25541], [-56.23665, -15.25434], [-56.23719, -15.25326], [-56.23557, -15.25191], [-56.2353, -15.25056], [-56.23476, -15.25002], [-56.23503, -15.24868], [-56.23395, -15.2476], [-56.23314, -15.2476], [-56.23261, -15.24706], [-56.23261, -15.24652], [-56.23126, -15.24517], [-56.23018, -15.2449], [-56.22883, -15.24356], [-56.22802, -15.24437], [-56.22695, -15.24356], [-56.22641, -15.2441], [-56.22533, -15.2441], [-56.22506, -15.24383], [-56.22371, -15.24517], [-56.2229, -15.24544], [-56.22156, -15.24463], [-56.22075, -15.24517], [-56.22048, -15.2449], [-56.2194, -15.2449], [-56.21913, -15.24517], [-56.21886, -15.2449], [-56.21832, -15.24544], [-56.21778, -15.2449], [-56.21805, -15.24356], [-56.21751, -15.24194], [-56.21805, -15.24113], [-56.21805, -15.23978], [-56.21859, -15.23925], [-56.21751, -15.2379], [-56.21778, -15.23763], [-56.21644, -15.23655], [-56.21671, -15.23601], [-56.21617, -15.2352], [-56.21401, -15.23332], [-56.21212, -15.23224], [-56.21105, -15.23089], [-56.21024, -15.23035], [-56.20997, -15.23062], [-56.2097, -15.23035], [-56.2097, -15.22927], [-56.20997, -15.229], [-56.20943, -15.2282], [-56.20997, -15.22766], [-56.2097, -15.22685], [-56.20997, -15.22658], [-56.20781, -15.2255], [-56.20619, -15.22685], [-56.20539, -15.22631], [-56.20404, -15.22631], [-56.20269, -15.22523], [-56.20161, -15.22631], [-56.20081, -15.22604], [-56.20054, -15.22631], [-56.19919, -15.22496], [-56.19919, -15.22388], [-56.19865, -15.22281], [-56.19865, -15.222], [-56.19892, -15.22173], [-56.19622, -15.2193], [-56.19649, -15.21903], [-56.19649, -15.21822], [-56.19622, -15.21795], [-56.19622, -15.21715], [-56.19838, -15.21553], [-56.19865, -15.21418], [-56.19919, -15.21337], [-56.19919, -15.21283], [-56.19838, -15.21203], [-56.19838, -15.21149], [-56.19892, -15.21068], [-56.19865, -15.20987], [-56.19973, -15.20852], [-56.19865, -15.2061], [-56.19865, -15.20529], [-56.19676, -15.2034], [-56.19245, -15.20744], [-56.19164, -15.20637], [-56.1911, -15.20637], [-56.18895, -15.20421], [-56.18868, -15.20367], [-56.18868, -15.20098], [-56.18841, -15.20071], [-56.18895, -15.20017], [-56.18922, -15.19909], [-56.18625, -15.19613], [-56.18571, -15.1964], [-56.18464, -15.19532], [-56.18383, -15.19505], [-56.18329, -15.19559], [-56.18248, -15.19478], [-56.18275, -15.19424], [-56.18113, -15.1937], [-56.17951, -15.19235], [-56.17951, -15.19154], [-56.17898, -15.19074], [-56.17736, -15.18912], [-56.17197, -15.18481], [-56.1717, -15.18508], [-56.17116, -15.18481], [-56.17035, -15.18508], [-56.16954, -15.18669], [-56.16766, -15.18858], [-56.16712, -15.18804], [-56.16631, -15.18858], [-56.16577, -15.18831], [-56.16496, -15.18939], [-56.16415, -15.18912], [-56.162, -15.18696], [-56.16119, -15.18696], [-56.16038, -15.18615], [-56.15903, -15.18777], [-56.15822, -15.18777], [-56.15661, -15.18696], [-56.15499, -15.18562], [-56.15472, -15.18589], [-56.15445, -15.18562], [-56.15337, -15.18562], [-56.15068, -15.18319], [-56.15014, -15.18319], [-56.14933, -15.18373], [-56.14798, -15.18238], [-56.14798, -15.18184], [-56.14475, -15.17807], [-56.14206, -15.18076], [-56.14098, -15.18103], [-56.14044, -15.18076], [-56.1399, -15.18103], [-56.1399, -15.18157], [-56.13855, -15.18319], [-56.13801, -15.18319], [-56.13693, -15.18211], [-56.13667, -15.18238], [-56.13532, -15.18157], [-56.1337, -15.17996], [-56.13316, -15.17996], [-56.13181, -15.17915], [-56.13154, -15.17942], [-56.1302, -15.17834], [-56.12993, -15.17753], [-56.13101, -15.17645], [-56.13074, -15.17591], [-56.13101, -15.17511], [-56.13181, -15.1743], [-56.13181, -15.17349], [-56.13128, -15.17295], [-56.13316, -15.17106], [-56.13316, -15.16945], [-56.13343, -15.16918], [-56.1337, -15.16729], [-56.13559, -15.16486], [-56.13586, -15.16406], [-56.13559, -15.16379], [-56.13747, -15.1619], [-56.1372, -15.16163], [-56.13343, -15.1654], [-56.13101, -15.16594], [-56.1302, -15.16648], [-56.12831, -15.16433], [-56.1275, -15.16406], [-56.12669, -15.16433], [-56.12481, -15.16621], [-56.12346, -15.1654], [-56.12319, -15.16567], [-56.12265, -15.16513], [-56.12292, -15.1654], [-56.12211, -15.16621], [-56.12184, -15.16594], [-56.12157, -15.16621], [-56.1205, -15.16621], [-56.11969, -15.16567], [-56.1178, -15.16756], [-56.11699, -15.16729], [-56.11618, -15.16648], [-56.11564, -15.16675], [-56.11295, -15.16675], [-56.11268, -15.16702], [-56.11025, -15.16702], [-56.10999, -15.16675], [-56.10837, -15.16783], [-56.10675, -15.16783], [-56.10621, -15.1681]]]]}}, {"type": "Feature", "properties": {"nome": "Córrego Paraíso", "area": 0.37, "urb": 0.37, "pct_urb": 100.0, "lx": -56.06067, "ly": -15.54216}, "geometry": {"type": "MultiPolygon", "coordinates": [[[[-56.05932, -15.53892], [-56.05716, -15.54135], [-56.05824, -15.54243], [-56.05851, -15.54323], [-56.05824, -15.54404], [-56.05689, -15.54539], [-56.05959, -15.5462], [-56.0604, -15.54512], [-56.06094, -15.54512], [-56.06175, -15.54431], [-56.06309, -15.54377], [-56.06363, -15.54323], [-56.06363, -15.54189], [-56.06309, -15.54135], [-56.06309, -15.54081], [-56.06175, -15.54027], [-56.0604, -15.53919], [-56.05986, -15.53946], [-56.05932, -15.53892]]]]}}, {"type": "Feature", "properties": {"nome": "Córrego Shangri-lá", "area": 0.97, "urb": 0.97, "pct_urb": 100.0, "lx": -56.0604, "ly": -15.62301}, "geometry": {"type": "MultiPolygon", "coordinates": [[[[-56.06687, -15.62381], [-56.06363, -15.62085], [-56.06363, -15.62058], [-56.06228, -15.62031], [-56.06148, -15.6195], [-56.05905, -15.61923], [-56.0577, -15.61977], [-56.05689, -15.62058], [-56.05716, -15.62085], [-56.05689, -15.62166], [-56.05716, -15.6222], [-56.05501, -15.62381], [-56.05393, -15.62327], [-56.05312, -15.62354], [-56.05231, -15.62274], [-56.05204, -15.62301], [-56.05124, -15.62301], [-56.0507, -15.62354], [-56.05097, -15.62381], [-56.0507, -15.62462], [-56.05124, -15.62489], [-56.05124, -15.62516], [-56.05177, -15.62516], [-56.05231, -15.62597], [-56.05339, -15.62543], [-56.05474, -15.62624], [-56.05582, -15.62624], [-56.05743, -15.62759], [-56.05797, -15.62759], [-56.05878, -15.62813], [-56.05959, -15.62732], [-56.05986, -15.62759], [-56.06121, -15.62624], [-56.06228, -15.62705], [-56.06336, -15.62705], [-56.06498, -15.62543], [-56.06579, -15.62624], [-56.06606, -15.62597], [-56.06579, -15.6257], [-56.06633, -15.62516], [-56.06633, -15.62462], [-56.06687, -15.62381]]]]}}, {"type": "Feature", "properties": {"nome": "Córrego Formigueiro", "area": 10.45, "urb": 0.05, "pct_urb": 0.5, "lx": -56.18787, "ly": -15.72164}, "geometry": {"type": "MultiPolygon", "coordinates": [[[[-56.21212, -15.68095], [-56.20943, -15.68283], [-56.20862, -15.68229], [-56.20835, -15.68256], [-56.20754, -15.68176], [-56.207, -15.68202], [-56.20619, -15.68095], [-56.20539, -15.68095], [-56.20404, -15.67987], [-56.20377, -15.68095], [-56.20323, -15.68149], [-56.20188, -15.68149], [-56.20215, -15.68176], [-56.20161, -15.68283], [-56.20215, -15.68337], [-56.20242, -15.6831], [-56.20431, -15.68499], [-56.20404, -15.68553], [-56.20485, -15.68634], [-56.20512, -15.68715], [-56.20593, -15.68741], [-56.20566, -15.68768], [-56.20593, -15.68795], [-56.20404, -15.68984], [-56.2035, -15.68984], [-56.20269, -15.69065], [-56.20188, -15.69092], [-56.20054, -15.68984], [-56.2, -15.69038], [-56.19892, -15.69038], [-56.19865, -15.69011], [-56.19811, -15.69065], [-56.19757, -15.69065], [-56.19676, -15.69011], [-56.19622, -15.69038], [-56.19488, -15.6893], [-56.19461, -15.68957], [-56.19461, -15.69092], [-56.19703, -15.69307], [-56.19676, -15.69334], [-56.19649, -15.6955], [-56.19703, -15.69604], [-56.19703, -15.69685], [-56.19757, -15.69739], [-56.19784, -15.69927], [-56.19649, -15.70116], [-56.19542, -15.70197], [-56.19515, -15.7017], [-56.19434, -15.70197], [-56.19434, -15.70278], [-56.19515, -15.70385], [-56.19515, -15.70439], [-56.19353, -15.70574], [-56.19326, -15.70628], [-56.19353, -15.70709], [-56.19191, -15.70897], [-56.19191, -15.70978], [-56.19245, -15.71005], [-56.18922, -15.71302], [-56.18868, -15.71383], [-56.18652, -15.71356], [-56.18598, -15.71302], [-56.18383, -15.71517], [-56.18275, -15.71436], [-56.18167, -15.71544], [-56.18059, -15.71598], [-56.17978, -15.71598], [-56.17898, -15.71652], [-56.17871, -15.71733], [-56.17709, -15.71733], [-56.17655, -15.71706], [-56.17628, -15.7176], [-56.1752, -15.7176], [-56.17359, -15.71679], [-56.17251, -15.71679], [-56.17197, -15.71733], [-56.17143, -15.71679], [-56.17008, -15.71733], [-56.16874, -15.71841], [-56.16685, -15.71652], [-56.16631, -15.71652], [-56.16415, -15.7176], [-56.16442, -15.71814], [-56.1655, -15.71921], [-56.16658, -15.71895], [-56.16793, -15.72056], [-56.16739, -15.72083], [-56.1682, -15.72191], [-56.169, -15.72191], [-56.16981, -15.72083], [-56.17035, -15.72083], [-56.17143, -15.71975], [-56.17386, -15.72029], [-56.17736, -15.7238], [-56.17763, -15.7238], [-56.1779, -15.72326], [-56.17844, -15.72326], [-56.18167, -15.7273], [-56.18167, -15.72811], [-56.18221, -15.72865], [-56.18302, -15.72865], [-56.18329, -15.72946], [-56.18356, -15.72946], [-56.1849, -15.72838], [-56.18733, -15.73053], [-56.1876, -15.73134], [-56.18814, -15.73134], [-56.18895, -15.73188], [-56.19218, -15.73565], [-56.1938, -15.73485], [-56.19568, -15.73565], [-56.19542, -15.73754], [-56.19622, -15.73754], [-56.19676, -15.737], [-56.19838, -15.737], [-56.19865, -15.73727], [-56.19946, -15.73592], [-56.19919, -15.73512], [-56.20027, -15.73458], [-56.20107, -15.7335], [-56.20134, -15.73377], [-56.20188, -15.73296], [-56.20107, -15.73215], [-56.20107, -15.73134], [-56.19946, -15.72973], [-56.19811, -15.72892], [-56.19676, -15.72919], [-56.19595, -15.72973], [-56.19515, -15.72892], [-56.19542, -15.72865], [-56.19542, -15.72784], [-56.19595, -15.7273], [-56.19568, -15.72649], [-56.19622, -15.72595], [-56.19515, -15.72487], [-56.19568, -15.72434], [-56.19542, -15.7238], [-56.19649, -15.72272], [-56.19703, -15.72137], [-56.19461, -15.71895], [-56.19542, -15.71814], [-56.19515, -15.71733], [-56.19542, -15.71679], [-56.19622, -15.71625], [-56.19649, -15.71571], [-56.1973, -15.71571], [-56.19784, -15.71517], [-56.19811, -15.71544], [-56.19892, -15.71544], [-56.20215, -15.71248], [-56.20269, -15.71167], [-56.20323, -15.71167], [-56.20485, -15.71005], [-56.20539, -15.71005], [-56.20593, -15.71059], [-56.20673, -15.71059], [-56.20727, -15.71005], [-56.20781, -15.71005], [-56.20862, -15.70951], [-56.2097, -15.70817], [-56.21024, -15.7087], [-56.21185, -15.70628], [-56.2132, -15.70709], [-56.21428, -15.70709], [-56.21455, -15.70682], [-56.21482, -15.70709], [-56.21509, -15.70682], [-56.21509, -15.7052], [-56.21455, -15.70439], [-56.21617, -15.70278], [-56.21671, -15.70278], [-56.21751, -15.70197], [-56.21832, -15.70251], [-56.22021, -15.70062], [-56.22075, -15.70062], [-56.22129, -15.69981], [-56.22021, -15.69846], [-56.21967, -15.69712], [-56.21536, -15.69307], [-56.21347, -15.69307], [-56.21293, -15.69388], [-56.21266, -15.69361], [-56.21185, -15.69361], [-56.20862, -15.69658], [-56.20673, -15.69658], [-56.20646, -15.69685], [-56.20593, -15.69631], [-56.20593, -15.69442], [-56.20646, -15.69307], [-56.20646, -15.68768], [-56.207, -15.68715], [-56.20835, -15.68741], [-56.20997, -15.68634], [-56.21024, -15.68661], [-56.21132, -15.68553], [-56.21266, -15.68499], [-56.21374, -15.68499], [-56.21401, -15.68472], [-56.21455, -15.68526], [-56.21536, -15.68499], [-56.21563, -15.68526], [-56.21401, -15.68337], [-56.21401, -15.68283], [-56.21212, -15.68095]]]]}}, {"type": "Feature", "properties": {"nome": "Ribeirão Baús", "area": 62.95, "urb": 0.47, "pct_urb": 0.7, "lx": -56.31022, "ly": -15.23224}, "geometry": {"type": "MultiPolygon", "coordinates": [[[[-56.28408, -15.17996], [-56.283, -15.18103], [-56.28327, -15.18184], [-56.283, -15.18211], [-56.28354, -15.18265], [-56.28327, -15.184], [-56.28381, -15.18481], [-56.28327, -15.18642], [-56.28273, -15.18696], [-56.28273, -15.1875], [-56.28354, -15.18858], [-56.28435, -15.18912], [-56.28462, -15.18885], [-56.28597, -15.19047], [-56.28758, -15.19181], [-56.28758, -15.19235], [-56.28812, -15.19316], [-56.28812, -15.19424], [-56.29001, -15.1964], [-56.29001, -15.19693], [-56.29055, -15.19774], [-56.29055, -15.19909], [-56.29162, -15.20044], [-56.29162, -15.20098], [-56.29378, -15.20259], [-56.29405, -15.2034], [-56.29567, -15.20529], [-56.29567, -15.20583], [-56.29351, -15.20852], [-56.29351, -15.20933], [-56.29243, -15.21068], [-56.29432, -15.21364], [-56.29755, -15.21715], [-56.2989, -15.2193], [-56.2989, -15.22065], [-56.29971, -15.22173], [-56.29971, -15.22281], [-56.2989, -15.22361], [-56.29944, -15.22415], [-56.29971, -15.22523], [-56.29675, -15.22847], [-56.29567, -15.22873], [-56.29513, -15.22847], [-56.29324, -15.23035], [-56.29243, -15.23062], [-56.29216, -15.23035], [-56.29109, -15.23116], [-56.29028, -15.23224], [-56.29055, -15.23251], [-56.28866, -15.23439], [-56.28758, -15.23493], [-56.28597, -15.23305], [-56.28623, -15.23224], [-56.28597, -15.23197], [-56.28677, -15.23116], [-56.28704, -15.23035], [-56.28516, -15.2282], [-56.28543, -15.22739], [-56.28516, -15.22712], [-56.28623, -15.22577], [-56.28516, -15.22496], [-56.28516, -15.22469], [-56.28597, -15.22361], [-56.28597, -15.22308], [-56.28731, -15.22173], [-56.28677, -15.22011], [-56.28731, -15.2193], [-56.28731, -15.21876], [-56.28893, -15.21742], [-56.28866, -15.21634], [-56.28812, -15.2158], [-56.28947, -15.21418], [-56.28893, -15.21418], [-56.28785, -15.21337], [-56.2865, -15.21445], [-56.2857, -15.21364], [-56.28516, -15.21364], [-56.28408, -15.21283], [-56.28273, -15.21391], [-56.28138, -15.21337], [-56.28058, -15.21418], [-56.27977, -15.21418], [-56.2768, -15.21176], [-56.27626, -15.21095], [-56.27599, -15.21122], [-56.27438, -15.2096], [-56.2733, -15.21068], [-56.27357, -15.21095], [-56.2733, -15.21122], [-56.27276, -15.21122], [-56.27141, -15.20987], [-56.2698, -15.21149], [-56.26899, -15.21149], [-56.26872, -15.21122], [-56.26818, -15.21149], [-56.26656, -15.21041], [-56.26575, -15.21068], [-56.26548, -15.21041], [-56.26575, -15.21095], [-56.26414, -15.21257], [-56.26629, -15.21553], [-56.26818, -15.21553], [-56.26899, -15.21634], [-56.26899, -15.21715], [-56.26953, -15.21769], [-56.27141, -15.21769], [-56.27384, -15.21984], [-56.27438, -15.21984], [-56.27572, -15.21876], [-56.27761, -15.21876], [-56.27815, -15.2193], [-56.27788, -15.22092], [-56.27734, -15.22173], [-56.27734, -15.22254], [-56.27761, -15.22281], [-56.27761, -15.22361], [-56.27815, -15.22388], [-56.27842, -15.22469], [-56.27842, -15.22604], [-56.27761, -15.22658], [-56.27707, -15.22739], [-56.27626, -15.22712], [-56.27546, -15.22631], [-56.27572, -15.22658], [-56.27519, -15.22712], [-56.27572, -15.22766], [-56.27626, -15.22766], [-56.27734, -15.22927], [-56.27869, -15.22981], [-56.27923, -15.23062], [-56.27465, -15.23493], [-56.27438, -15.23466], [-56.27411, -15.23493], [-56.27303, -15.23412], [-56.26845, -15.23898], [-56.26764, -15.23951], [-56.26764, -15.24032], [-56.26548, -15.24221], [-56.26548, -15.24248], [-56.26683, -15.24356], [-56.26683, -15.24383], [-56.26818, -15.2441], [-56.2698, -15.24598], [-56.2706, -15.24625], [-56.27195, -15.24544], [-56.27249, -15.24598], [-56.27249, -15.24652], [-56.27357, -15.24733], [-56.27384, -15.24787], [-56.27465, -15.24787], [-56.27492, -15.24841], [-56.27572, -15.24868], [-56.27734, -15.25002], [-56.27788, -15.24976], [-56.27923, -15.25029], [-56.28084, -15.25218], [-56.28138, -15.25326], [-56.28327, -15.25488], [-56.28354, -15.25568], [-56.28435, -15.25595], [-56.28516, -15.25568], [-56.28543, -15.25595], [-56.28677, -15.25461], [-56.28839, -15.25515], [-56.29055, -15.25326], [-56.29162, -15.25272], [-56.29243, -15.25299], [-56.29405, -15.25137], [-56.2954, -15.25083], [-56.29755, -15.25218], [-56.29809, -15.25218], [-56.2989, -15.25137], [-56.29971, -15.25164], [-56.30214, -15.25434], [-56.30025, -15.25703], [-56.29998, -15.25811], [-56.29863, -15.26054], [-56.29621, -15.26323], [-56.29486, -15.26404], [-56.29405, -15.26512], [-56.29162, -15.26646], [-56.29136, -15.26727], [-56.29055, -15.26808], [-56.28893, -15.26835], [-56.28731, -15.26916], [-56.28758, -15.26943], [-56.28758, -15.27105], [-56.28731, -15.27131], [-56.28812, -15.2732], [-56.28785, -15.27347], [-56.28785, -15.27455], [-56.28597, -15.2767], [-56.2857, -15.2767], [-56.28543, -15.27778], [-56.28704, -15.27832], [-56.28731, -15.27805], [-56.28812, -15.27805], [-56.28893, -15.27724], [-56.2892, -15.27805], [-56.29028, -15.27913], [-56.29136, -15.2794], [-56.29243, -15.28048], [-56.29378, -15.28102], [-56.29432, -15.28048], [-56.29567, -15.28048], [-56.29675, -15.2794], [-56.29836, -15.27967], [-56.2989, -15.2794], [-56.29971, -15.27994], [-56.3016, -15.28183], [-56.30214, -15.28317], [-56.30133, -15.28398], [-56.30321, -15.28668], [-56.30402, -15.28695], [-56.30537, -15.28829], [-56.30591, -15.28937], [-56.30699, -15.29045], [-56.30726, -15.29126], [-56.31426, -15.29799], [-56.31453, -15.2988], [-56.31534, -15.29773], [-56.31561, -15.29638], [-56.31615, -15.29584], [-56.31588, -15.29449], [-56.31615, -15.29368], [-56.31561, -15.29234], [-56.31372, -15.29072], [-56.31372, -15.29045], [-56.31992, -15.28506], [-56.31965, -15.28425], [-56.32046, -15.28371], [-56.32127, -15.28452], [-56.32181, -15.28371], [-56.32262, -15.28371], [-56.32369, -15.2829], [-56.32423, -15.2829], [-56.32531, -15.28183], [-56.32666, -15.28183], [-56.32747, -15.28129], [-56.32774, -15.27994], [-56.32881, -15.27886], [-56.32801, -15.27644], [-56.32908, -15.27536], [-56.32908, -15.27401], [-56.32747, -15.27158], [-56.32935, -15.2697], [-56.32962, -15.26916], [-56.32935, -15.26889], [-56.32935, -15.26808], [-56.32639, -15.27105], [-56.32504, -15.26997], [-56.32504, -15.2697], [-56.32423, -15.2697], [-56.32127, -15.27266], [-56.32127, -15.27347], [-56.32154, -15.27374], [-56.32019, -15.27536], [-56.31992, -15.27536], [-56.31911, -15.27428], [-56.31857, -15.27428], [-56.31777, -15.27347], [-56.3175, -15.27266], [-56.31669, -15.27185], [-56.31507, -15.27105], [-56.31399, -15.26997], [-56.31291, -15.26835], [-56.31103, -15.26727], [-56.30995, -15.26619], [-56.31049, -15.26458], [-56.30618, -15.26], [-56.30537, -15.2608], [-56.30456, -15.26107], [-56.30375, -15.26054], [-56.30348, -15.25973], [-56.30294, -15.25973], [-56.3024, -15.26027], [-56.30187, -15.25973], [-56.30833, -15.25353], [-56.30887, -15.25353], [-56.31184, -15.25649], [-56.31238, -15.25622], [-56.31372, -15.25461], [-56.31291, -15.25353], [-56.31318, -15.25326], [-56.31211, -15.25191], [-56.31103, -15.2511], [-56.31076, -15.25137], [-56.31022, -15.2511], [-56.3086, -15.24922], [-56.31049, -15.24598], [-56.31157, -15.24706], [-56.31238, -15.24706], [-56.31265, -15.24679], [-56.31318, -15.24733], [-56.31399, -15.24652], [-56.3148, -15.24679], [-56.31561, -15.24598], [-56.31642, -15.24598], [-56.31696, -15.24544], [-56.31777, -15.24571], [-56.31857, -15.24544], [-56.31938, -15.24652], [-56.31965, -15.24625], [-56.32073, -15.24706], [-56.32073, -15.2476], [-56.32235, -15.24679], [-56.32343, -15.24733], [-56.32908, -15.25272], [-56.32801, -15.2538], [-56.33043, -15.2573], [-56.33367, -15.26027], [-56.33663, -15.26404], [-56.3369, -15.26377], [-56.33798, -15.26431], [-56.33663, -15.26539], [-56.3369, -15.26619], [-56.33663, -15.26673], [-56.33825, -15.26727], [-56.33879, -15.26781], [-56.33879, -15.26835], [-56.34013, -15.2697], [-56.34094, -15.2697], [-56.34229, -15.27105], [-56.34283, -15.27051], [-56.34337, -15.27051], [-56.34418, -15.27131], [-56.34579, -15.27131], [-56.34714, -15.27212], [-56.34822, -15.2732], [-56.34876, -15.27293], [-56.34957, -15.27374], [-56.3493, -15.27428], [-56.34957, -15.27482], [-56.34957, -15.27563], [-56.3493, -15.2759], [-56.34957, -15.2767], [-56.3493, -15.27697], [-56.3493, -15.27778], [-56.35011, -15.27913], [-56.35226, -15.28075], [-56.3528, -15.28075], [-56.35496, -15.28183], [-56.35523, -15.2829], [-56.35442, -15.28479], [-56.35469, -15.28506], [-56.35469, -15.28587], [-56.35361, -15.28695], [-56.35469, -15.28883], [-56.35523, -15.2891], [-56.35549, -15.28883], [-56.35765, -15.29045], [-56.35873, -15.29018], [-56.35927, -15.29045], [-56.36574, -15.29692], [-56.36574, -15.29799], [-56.36654, -15.29907], [-56.36735, -15.29961], [-56.36735, -15.30015], [-56.3687, -15.30123], [-56.36978, -15.30042], [-56.37005, -15.30069], [-56.3722, -15.29853], [-56.37166, -15.29799], [-56.3722, -15.29746], [-56.37274, -15.29746], [-56.37409, -15.29665], [-56.37571, -15.29503], [-56.37598, -15.2953], [-56.37759, -15.29341], [-56.37679, -15.29368], [-56.37598, -15.29287], [-56.37625, -15.2926], [-56.37409, -15.29045], [-56.37436, -15.2891], [-56.37409, -15.28829], [-56.37517, -15.28748], [-56.37517, -15.28695], [-56.37598, -15.28641], [-56.37732, -15.28668], [-56.37625, -15.28452], [-56.3749, -15.28344], [-56.37409, -15.28398], [-56.37274, -15.28398], [-56.37247, -15.28371], [-56.3714, -15.28425], [-56.37005, -15.28425], [-56.36978, -15.28398], [-56.36978, -15.28183], [-56.37005, -15.28102], [-56.36897, -15.28021], [-56.36978, -15.2794], [-56.3687, -15.27886], [-56.36762, -15.27778], [-56.36762, -15.27724], [-56.36816, -15.27644], [-56.36897, -15.27644], [-56.36951, -15.27697], [-56.37032, -15.27697], [-56.37193, -15.27509], [-56.3722, -15.27509], [-56.37086, -15.27374], [-56.36924, -15.27347], [-56.36843, -15.27212], [-56.36681, -15.27185], [-56.36654, -15.27212], [-56.36574, -15.27212], [-56.3652, -15.27158], [-56.36574, -15.27105], [-56.36681, -15.27078], [-56.36708, -15.26997], [-56.3687, -15.2697], [-56.3687, -15.26808], [-56.36843, -15.26781], [-56.36978, -15.26619], [-56.37032, -15.26646], [-56.3714, -15.26539], [-56.37113, -15.26485], [-56.37032, -15.26431], [-56.37059, -15.26323], [-56.3714, -15.26296], [-56.37436, -15.26], [-56.37517, -15.26027], [-56.37598, -15.25919], [-56.37517, -15.25784], [-56.37382, -15.25703], [-56.3714, -15.2573], [-56.37059, -15.25703], [-56.36843, -15.25434], [-56.36762, -15.25461], [-56.36789, -15.25488], [-56.36735, -15.25541], [-56.36654, -15.25515], [-56.36547, -15.25649], [-56.36358, -15.25568], [-56.3625, -15.25461], [-56.36223, -15.25488], [-56.36196, -15.25461], [-56.36115, -15.25461], [-56.35981, -15.25299], [-56.36008, -15.25272], [-56.35954, -15.25218], [-56.359, -15.25083], [-56.35819, -15.25029], [-56.359, -15.24922], [-56.35927, -15.24787], [-56.36062, -15.24598], [-56.36035, -15.24571], [-56.36008, -15.24598], [-56.35792, -15.2441], [-56.35603, -15.24329], [-56.35549, -15.24356], [-56.35496, -15.24302], [-56.35334, -15.24329], [-56.35064, -15.2414], [-56.3493, -15.24167], [-56.34903, -15.2414], [-56.34795, -15.2414], [-56.34768, -15.24167], [-56.34552, -15.24059], [-56.34525, -15.24086], [-56.34391, -15.24086], [-56.34364, -15.24059], [-56.34256, -15.24059], [-56.34229, -15.24032], [-56.34229, -15.23951], [-56.34094, -15.23844], [-56.34148, -15.23763], [-56.34121, -15.23493], [-56.34148, -15.23439], [-56.34121, -15.23412], [-56.34418, -15.2317], [-56.34579, -15.229], [-56.34579, -15.22847], [-56.34741, -15.22712], [-56.34687, -15.22523], [-56.34768, -15.22415], [-56.34714, -15.22361], [-56.34714, -15.222], [-56.34741, -15.22173], [-56.34687, -15.22092], [-56.34687, -15.21984], [-56.3466, -15.21957], [-56.3466, -15.21876], [-56.34714, -15.21742], [-56.34849, -15.2158], [-56.3493, -15.21553], [-56.35199, -15.21364], [-56.35307, -15.21337], [-56.35361, -15.21283], [-56.35442, -15.21283], [-56.35307, -15.21122], [-56.35307, -15.21068], [-56.35253, -15.21068], [-56.35199, -15.21014], [-56.35199, -15.21095], [-56.35145, -15.21176], [-56.35064, -15.21149], [-56.35064, -15.21095], [-56.34984, -15.21014], [-56.34984, -15.2096], [-56.35145, -15.20879], [-56.35118, -15.20798], [-56.34795, -15.2061], [-56.34714, -15.20529], [-56.34579, -15.20529], [-56.34418, -15.20583], [-56.34094, -15.2034], [-56.33933, -15.20448], [-56.3369, -15.20691], [-56.33717, -15.20825], [-56.3369, -15.20852], [-56.33744, -15.20933], [-56.33474, -15.2123], [-56.33501, -15.21337], [-56.33582, -15.21418], [-56.33609, -15.21553], [-56.33555, -15.21607], [-56.33447, -15.21607], [-56.33367, -15.21715], [-56.33313, -15.21742], [-56.33367, -15.21795], [-56.3334, -15.22119], [-56.33367, -15.22146], [-56.3334, -15.22173], [-56.3334, -15.22254], [-56.33259, -15.22281], [-56.33097, -15.22442], [-56.33151, -15.22496], [-56.33205, -15.22496], [-56.33313, -15.22604], [-56.3342, -15.2282], [-56.3342, -15.229], [-56.33367, -15.22954], [-56.33367, -15.23116], [-56.33528, -15.23251], [-56.33663, -15.23466], [-56.3334, -15.23898], [-56.33259, -15.23844], [-56.33178, -15.23844], [-56.33097, -15.23709], [-56.32935, -15.23574], [-56.32881, -15.23493], [-56.32774, -15.23439], [-56.32666, -15.23278], [-56.32612, -15.23305], [-56.32531, -15.23197], [-56.32423, -15.2317], [-56.32262, -15.23008], [-56.32343, -15.22927], [-56.32396, -15.22793], [-56.32504, -15.22766], [-56.32612, -15.22847], [-56.32693, -15.2282], [-56.32558, -15.22685], [-56.32612, -15.22604], [-56.32612, -15.2255], [-56.32666, -15.22496], [-56.32747, -15.22523], [-56.32747, -15.22442], [-56.32531, -15.222], [-56.32585, -15.22119], [-56.3272, -15.22092], [-56.32801, -15.22011], [-56.32828, -15.21876], [-56.32908, -15.21769], [-56.32881, -15.21742], [-56.32989, -15.21526], [-56.32962, -15.21499], [-56.32666, -15.21795], [-56.32585, -15.21769], [-56.32531, -15.21795], [-56.32396, -15.21688], [-56.32396, -15.21795], [-56.32154, -15.21957], [-56.32073, -15.22092], [-56.31561, -15.2158], [-56.31615, -15.21526], [-56.31588, -15.21445], [-56.31696, -15.21364], [-56.31696, -15.2131], [-56.3175, -15.21257], [-56.3183, -15.21257], [-56.3183, -15.21149], [-56.31911, -15.21068], [-56.31884, -15.20906], [-56.3183, -15.20852], [-56.31884, -15.20718], [-56.31857, -15.20637], [-56.31669, -15.20448], [-56.31588, -15.20286], [-56.31642, -15.20098], [-56.31588, -15.1999], [-56.31507, -15.19963], [-56.31238, -15.19693], [-56.31184, -15.19613], [-56.31184, -15.19559], [-56.31076, -15.19451], [-56.31076, -15.1937], [-56.30941, -15.19262], [-56.30914, -15.19208], [-56.30806, -15.19208], [-56.30779, -15.19235], [-56.30645, -15.19047], [-56.30672, -15.18993], [-56.30618, -15.18912], [-56.30537, -15.18939], [-56.30456, -15.18858], [-56.30456, -15.18723], [-56.30294, -15.18696], [-56.3016, -15.18777], [-56.30052, -15.1875], [-56.2989, -15.18535], [-56.29809, -15.18535], [-56.2954, -15.18319], [-56.29459, -15.18319], [-56.29432, -15.18292], [-56.29405, -15.18319], [-56.2927, -15.18319], [-56.29216, -15.18373], [-56.29136, -15.18346], [-56.29082, -15.18373], [-56.28893, -15.18184], [-56.28704, -15.18103], [-56.28543, -15.18103], [-56.28408, -15.17996]]]]}}, {"type": "Feature", "properties": {"nome": "Ribeirão Acorizal", "area": 41.59, "urb": 2.74, "pct_urb": 6.6, "lx": -56.34364, "ly": -15.16972}, "geometry": {"type": "MultiPolygon", "coordinates": [[[[-56.30537, -15.13657], [-56.30779, -15.13926], [-56.30914, -15.14034], [-56.31049, -15.14088], [-56.31211, -15.14223], [-56.31265, -15.14223], [-56.31372, -15.14304], [-56.31399, -15.14277], [-56.31669, -15.14519], [-56.3175, -15.14546], [-56.31965, -15.14762], [-56.32019, -15.14762], [-56.321, -15.14896], [-56.32289, -15.15058], [-56.32235, -15.15112], [-56.321, -15.15112], [-56.32073, -15.15085], [-56.31777, -15.15382], [-56.31642, -15.15301], [-56.31157, -15.15759], [-56.31076, -15.15759], [-56.30968, -15.15705], [-56.30887, -15.15732], [-56.30806, -15.15813], [-56.31022, -15.16082], [-56.30887, -15.16325], [-56.30995, -15.16433], [-56.31022, -15.1654], [-56.3113, -15.16675], [-56.31211, -15.16729], [-56.31372, -15.16729], [-56.31426, -15.16783], [-56.3148, -15.16756], [-56.31507, -15.16783], [-56.31723, -15.16648], [-56.3175, -15.16675], [-56.32046, -15.16352], [-56.321, -15.16379], [-56.32154, -15.16352], [-56.32262, -15.1619], [-56.32343, -15.16163], [-56.32369, -15.1619], [-56.32423, -15.16136], [-56.32531, -15.16244], [-56.32558, -15.16217], [-56.3272, -15.16352], [-56.32908, -15.1619], [-56.33016, -15.16325], [-56.33016, -15.1654], [-56.33097, -15.16594], [-56.33097, -15.16729], [-56.33232, -15.16918], [-56.33097, -15.17052], [-56.33097, -15.17133], [-56.3307, -15.1716], [-56.33097, -15.17187], [-56.33016, -15.17241], [-56.32962, -15.17241], [-56.32774, -15.1743], [-56.32828, -15.17484], [-56.32801, -15.17511], [-56.33016, -15.17699], [-56.33178, -15.17726], [-56.33259, -15.17807], [-56.33447, -15.17672], [-56.33771, -15.17969], [-56.33825, -15.17996], [-56.33906, -15.17942], [-56.33959, -15.17996], [-56.34013, -15.17969], [-56.3404, -15.17996], [-56.34148, -15.17996], [-56.34175, -15.18023], [-56.34148, -15.1805], [-56.34175, -15.18103], [-56.33771, -15.18535], [-56.33609, -15.18508], [-56.33528, -15.18589], [-56.33501, -15.18535], [-56.33447, -15.18508], [-56.3334, -15.18589], [-56.33286, -15.18535], [-56.33205, -15.18615], [-56.3307, -15.18642], [-56.33043, -15.18777], [-56.33097, -15.18858], [-56.33043, -15.18912], [-56.32908, -15.18939], [-56.32908, -15.18993], [-56.33178, -15.19289], [-56.33313, -15.1937], [-56.33447, -15.19343], [-56.33474, -15.1937], [-56.33798, -15.19424], [-56.33906, -15.1937], [-56.34013, -15.1937], [-56.34094, -15.19424], [-56.34148, -15.19424], [-56.34418, -15.19666], [-56.34606, -15.19693], [-56.34633, -15.19666], [-56.34768, -15.19747], [-56.34849, -15.1972], [-56.34957, -15.19801], [-56.34957, -15.19828], [-56.35091, -15.19801], [-56.35118, -15.19828], [-56.35199, -15.19828], [-56.35253, -15.19882], [-56.35172, -15.20017], [-56.35037, -15.20125], [-56.34876, -15.20179], [-56.34822, -15.20259], [-56.34957, -15.20286], [-56.35011, -15.2034], [-56.35037, -15.20313], [-56.35091, -15.2034], [-56.35199, -15.20475], [-56.35172, -15.20556], [-56.35549, -15.20933], [-56.35496, -15.21041], [-56.35334, -15.21095], [-56.35469, -15.21257], [-56.35657, -15.21283], [-56.35765, -15.21203], [-56.35765, -15.21122], [-56.35819, -15.21068], [-56.35981, -15.21014], [-56.36277, -15.20798], [-56.36331, -15.20798], [-56.36439, -15.20718], [-56.36574, -15.20691], [-56.36681, -15.2061], [-56.3687, -15.20583], [-56.36924, -15.20637], [-56.36843, -15.20718], [-56.36897, -15.20771], [-56.36843, -15.20718], [-56.36978, -15.20583], [-56.3714, -15.20529], [-56.37247, -15.20421], [-56.37382, -15.20421], [-56.37409, -15.20475], [-56.37598, -15.20502], [-56.37679, -15.2061], [-56.37732, -15.20556], [-56.37786, -15.20421], [-56.37948, -15.20421], [-56.3811, -15.20502], [-56.38164, -15.20502], [-56.38271, -15.2061], [-56.38298, -15.20664], [-56.38298, -15.20798], [-56.38164, -15.20906], [-56.38298, -15.21095], [-56.38352, -15.21095], [-56.38406, -15.21149], [-56.38433, -15.21257], [-56.38595, -15.21445], [-56.38595, -15.21526], [-56.38676, -15.21607], [-56.3873, -15.21769], [-56.38783, -15.21822], [-56.38783, -15.21876], [-56.38945, -15.21849], [-56.38972, -15.21876], [-56.3908, -15.21876], [-56.39161, -15.21984], [-56.39269, -15.21984], [-56.3943, -15.21849], [-56.39484, -15.21903], [-56.39592, -15.21795], [-56.39646, -15.21795], [-56.39727, -15.21688], [-56.39781, -15.21688], [-56.39834, -15.21634], [-56.39861, -15.21661], [-56.39915, -15.21607], [-56.40104, -15.21688], [-56.40185, -15.21688], [-56.40212, -15.21661], [-56.40454, -15.21903], [-56.40454, -15.21957], [-56.40508, -15.22038], [-56.40562, -15.22065], [-56.40535, -15.22092], [-56.40535, -15.22173], [-56.40616, -15.22308], [-56.40589, -15.22361], [-56.40778, -15.22577], [-56.4067, -15.22685], [-56.40805, -15.22847], [-56.40778, -15.229], [-56.40832, -15.22981], [-56.40993, -15.22954], [-56.41236, -15.23224], [-56.41155, -15.23305], [-56.41802, -15.23925], [-56.41856, -15.23898], [-56.4191, -15.23951], [-56.4199, -15.23925], [-56.42071, -15.23844], [-56.42098, -15.23871], [-56.41963, -15.23736], [-56.4199, -15.23709], [-56.41937, -15.23655], [-56.41937, -15.23601], [-56.42017, -15.23493], [-56.42044, -15.2352], [-56.42125, -15.23466], [-56.42287, -15.23305], [-56.42341, -15.23332], [-56.42314, -15.23439], [-56.42476, -15.23628], [-56.42529, -15.23574], [-56.4261, -15.23574], [-56.42637, -15.23547], [-56.42664, -15.23574], [-56.42934, -15.23359], [-56.43041, -15.23332], [-56.43284, -15.23089], [-56.43311, -15.23116], [-56.43446, -15.23062], [-56.43634, -15.23062], [-56.43661, -15.23035], [-56.44039, -15.23439], [-56.44039, -15.23655], [-56.44146, -15.23871], [-56.44227, -15.23951], [-56.44119, -15.24059], [-56.44039, -15.24086], [-56.43931, -15.24221], [-56.44012, -15.24302], [-56.44066, -15.24302], [-56.44146, -15.24248], [-56.44227, -15.24329], [-56.44497, -15.24086], [-56.44658, -15.24248], [-56.44685, -15.24329], [-56.44658, -15.24356], [-56.4482, -15.24275], [-56.44578, -15.24032], [-56.44416, -15.24005], [-56.44362, -15.23951], [-56.44389, -15.23898], [-56.44281, -15.23871], [-56.44173, -15.23763], [-56.44119, -15.23601], [-56.44146, -15.23439], [-56.44119, -15.23359], [-56.43931, -15.23197], [-56.43931, -15.23116], [-56.43769, -15.23062], [-56.4358, -15.22927], [-56.43607, -15.22793], [-56.4358, -15.22712], [-56.43311, -15.22469], [-56.43257, -15.22469], [-56.43203, -15.22388], [-56.43203, -15.22334], [-56.4385, -15.21715], [-56.43634, -15.21472], [-56.435, -15.21499], [-56.43257, -15.21283], [-56.43176, -15.21283], [-56.43122, -15.21337], [-56.43068, -15.2131], [-56.42988, -15.21337], [-56.42853, -15.21472], [-56.42853, -15.2158], [-56.42799, -15.21634], [-56.42745, -15.21634], [-56.42556, -15.21472], [-56.42476, -15.21499], [-56.42314, -15.21418], [-56.42125, -15.21472], [-56.4199, -15.21472], [-56.41748, -15.21257], [-56.41694, -15.21257], [-56.41667, -15.2131], [-56.41586, -15.2123], [-56.41451, -15.21203], [-56.41317, -15.2131], [-56.41128, -15.21203], [-56.41047, -15.21122], [-56.40993, -15.20852], [-56.40966, -15.20825], [-56.40966, -15.20664], [-56.40993, -15.2061], [-56.41155, -15.20502], [-56.40966, -15.20367], [-56.40939, -15.20259], [-56.40859, -15.20205], [-56.40778, -15.20205], [-56.40616, -15.20367], [-56.40535, -15.20367], [-56.40481, -15.20313], [-56.40535, -15.20125], [-56.40481, -15.20071], [-56.40454, -15.19909], [-56.4032, -15.19774], [-56.40373, -15.1972], [-56.40427, -15.19586], [-56.40562, -15.19451], [-56.40535, -15.19424], [-56.40535, -15.19343], [-56.40616, -15.19262], [-56.40589, -15.19235], [-56.40589, -15.19154], [-56.40724, -15.19047], [-56.40697, -15.18885], [-56.40805, -15.18804], [-56.40724, -15.18642], [-56.40751, -15.18508], [-56.40724, -15.18481], [-56.40724, -15.18346], [-56.4067, -15.18184], [-56.40616, -15.18103], [-56.40643, -15.1805], [-56.40562, -15.17969], [-56.40562, -15.17915], [-56.40778, -15.1778], [-56.40885, -15.17672], [-56.41047, -15.17645], [-56.41182, -15.17511], [-56.41155, -15.17484], [-56.41209, -15.17403], [-56.41182, -15.17349], [-56.41155, -15.17349], [-56.40993, -15.17457], [-56.40751, -15.17376], [-56.4067, -15.17295], [-56.4067, -15.17187], [-56.40778, -15.17025], [-56.40805, -15.16918], [-56.40939, -15.16864], [-56.40859, -15.16783], [-56.40859, -15.16729], [-56.4102, -15.16352], [-56.40993, -15.16325], [-56.41155, -15.16082], [-56.41317, -15.16028], [-56.41478, -15.15921], [-56.41748, -15.15867], [-56.41694, -15.15786], [-56.41775, -15.15705], [-56.41748, -15.15678], [-56.41775, -15.15651], [-56.41883, -15.15624], [-56.41937, -15.1557], [-56.42017, -15.1557], [-56.42044, -15.15597], [-56.42179, -15.15543], [-56.4226, -15.15543], [-56.42287, -15.15489], [-56.42449, -15.15543], [-56.42529, -15.15516], [-56.42637, -15.15408], [-56.42529, -15.15274], [-56.42583, -15.1522], [-56.42556, -15.15247], [-56.42341, -15.15031], [-56.42179, -15.15085], [-56.42098, -15.15058], [-56.42044, -15.15004], [-56.42044, -15.1495], [-56.4199, -15.14869], [-56.41937, -15.14869], [-56.41883, -15.14816], [-56.41883, -15.14762], [-56.41775, -15.14654], [-56.41748, -15.14546], [-56.41424, -15.14277], [-56.41236, -15.14196], [-56.41182, -15.14142], [-56.41101, -15.14142], [-56.4102, -15.14223], [-56.41047, -15.1425], [-56.40939, -15.14411], [-56.40859, -15.14411], [-56.40939, -15.14546], [-56.40912, -15.14573], [-56.40912, -15.14681], [-56.40805, -15.14762], [-56.40805, -15.14869], [-56.40751, -15.14923], [-56.40778, -15.1495], [-56.40751, -15.15004], [-56.40805, -15.15085], [-56.40751, -15.15193], [-56.40778, -15.15355], [-56.4067, -15.15462], [-56.40616, -15.15624], [-56.40589, -15.15651], [-56.40481, -15.15651], [-56.40373, -15.15786], [-56.40373, -15.15894], [-56.40481, -15.16001], [-56.40454, -15.16217], [-56.40643, -15.16379], [-56.4067, -15.1646], [-56.40643, -15.16486], [-56.40697, -15.16567], [-56.40589, -15.16864], [-56.40293, -15.17349], [-56.40293, -15.1743], [-56.40239, -15.17484], [-56.40266, -15.17618], [-56.40212, -15.17699], [-56.40104, -15.17699], [-56.40077, -15.17672], [-56.39942, -15.17753], [-56.39781, -15.17672], [-56.39673, -15.17564], [-56.39511, -15.17672], [-56.39538, -15.17861], [-56.39727, -15.18023], [-56.39781, -15.1813], [-56.39754, -15.18157], [-56.39808, -15.18238], [-56.39781, -15.18265], [-56.39781, -15.18346], [-56.39861, -15.18346], [-56.39915, -15.184], [-56.39834, -15.18508], [-56.39834, -15.18589], [-56.39915, -15.18669], [-56.39888, -15.1875], [-56.39942, -15.18831], [-56.39861, -15.18912], [-56.39808, -15.18912], [-56.39781, -15.18966], [-56.39942, -15.19047], [-56.39942, -15.19208], [-56.39781, -15.19343], [-56.39888, -15.19478], [-56.39942, -15.19505], [-56.39969, -15.19613], [-56.4005, -15.1964], [-56.4005, -15.19693], [-56.39888, -15.19828], [-56.39808, -15.19828], [-56.39592, -15.19963], [-56.39538, -15.19963], [-56.39484, -15.20017], [-56.3943, -15.1999], [-56.39403, -15.19936], [-56.39295, -15.20017], [-56.39188, -15.20044], [-56.39215, -15.20125], [-56.3908, -15.20232], [-56.39107, -15.20259], [-56.39053, -15.20313], [-56.38972, -15.20232], [-56.38837, -15.20286], [-56.38756, -15.20286], [-56.38703, -15.20232], [-56.38622, -15.20232], [-56.38595, -15.20259], [-56.38568, -15.20232], [-56.38487, -15.20232], [-56.38379, -15.20313], [-56.38271, -15.20232], [-56.38191, -15.20286], [-56.38137, -15.20286], [-56.38056, -15.20232], [-56.37948, -15.20313], [-56.37921, -15.20286], [-56.37975, -15.20232], [-56.37759, -15.20017], [-56.37759, -15.19936], [-56.37625, -15.19801], [-56.37625, -15.19666], [-56.37544, -15.19478], [-56.37598, -15.19397], [-56.37517, -15.19316], [-56.37436, -15.19424], [-56.37355, -15.1937], [-56.37247, -15.19451], [-56.37193, -15.1964], [-56.37113, -15.19586], [-56.37059, -15.1964], [-56.37032, -15.19613], [-56.36951, -15.19666], [-56.36897, -15.19613], [-56.36843, -15.1964], [-56.36574, -15.1937], [-56.36493, -15.1937], [-56.36466, -15.19397], [-56.36142, -15.19047], [-56.36277, -15.18885], [-56.36062, -15.18642], [-56.36008, -15.18615], [-56.36035, -15.18562], [-56.35954, -15.18535], [-56.35738, -15.18319], [-56.35711, -15.18238], [-56.35738, -15.18184], [-56.35684, -15.1813], [-56.35711, -15.18076], [-56.35684, -15.1805], [-56.35738, -15.17915], [-56.35873, -15.17807], [-56.35873, -15.1778], [-56.35765, -15.17726], [-56.35765, -15.17699], [-56.35846, -15.17618], [-56.35819, -15.17591], [-56.35873, -15.17484], [-56.359, -15.1716], [-56.35873, -15.17133], [-56.35873, -15.17052], [-56.35711, -15.16864], [-56.35523, -15.16783], [-56.35334, -15.16594], [-56.3528, -15.16486], [-56.3528, -15.16379], [-56.35226, -15.16325], [-56.35253, -15.16298], [-56.35226, -15.16244], [-56.35253, -15.16217], [-56.35226, -15.1619], [-56.35253, -15.16163], [-56.35253, -15.16082], [-56.35199, -15.16028], [-56.35226, -15.15974], [-56.34876, -15.15651], [-56.34795, -15.15678], [-56.34714, -15.15597], [-56.34687, -15.15489], [-56.34633, -15.15435], [-56.34714, -15.15328], [-56.34714, -15.15274], [-56.34606, -15.15139], [-56.34606, -15.15085], [-56.34418, -15.1495], [-56.34337, -15.14816], [-56.34283, -15.14789], [-56.3431, -15.14735], [-56.34283, -15.14654], [-56.34175, -15.14492], [-56.34013, -15.14546], [-56.33825, -15.14546], [-56.33663, -15.14384], [-56.33636, -15.14277], [-56.33636, -15.1433], [-56.33097, -15.14869], [-56.33016, -15.14869], [-56.32962, -15.14923], [-56.32855, -15.14869], [-56.32612, -15.14869], [-56.32585, -15.14896], [-56.32504, -15.14789], [-56.3245, -15.14762], [-56.3245, -15.14546], [-56.32396, -15.14492], [-56.3245, -15.14438], [-56.32369, -15.14384], [-56.32262, -15.14223], [-56.32181, -15.14169], [-56.32262, -15.14061], [-56.32181, -15.13953], [-56.32181, -15.13899], [-56.32289, -15.13792], [-56.32316, -15.13711], [-56.32262, -15.1363], [-56.32289, -15.13603], [-56.32235, -15.13495], [-56.32316, -15.13414], [-56.32262, -15.13468], [-56.32181, -15.13441], [-56.32127, -15.13468], [-56.32073, -15.13441], [-56.32019, -15.13495], [-56.31938, -15.13414], [-56.31857, -15.13414], [-56.31804, -15.1336], [-56.3175, -15.13387], [-56.31561, -15.13199], [-56.3148, -15.13226], [-56.31399, -15.13145], [-56.31318, -15.13118], [-56.31211, -15.13226], [-56.31184, -15.13199], [-56.31157, -15.13306], [-56.31103, -15.1336], [-56.31103, -15.13414], [-56.30779, -15.13711], [-56.30672, -15.13603], [-56.30591, -15.13657], [-56.30537, -15.13657]]]]}}, {"type": "Feature", "properties": {"nome": "Corrego Ribeirão dos Cocais", "area": 11.23, "urb": 0.19, "pct_urb": 1.7, "lx": -56.38244, "ly": -15.75937}, "geometry": {"type": "MultiPolygon", "coordinates": [[[[-56.40697, -15.74643], [-56.40535, -15.74428], [-56.40481, -15.74428], [-56.404, -15.74509], [-56.40239, -15.74347], [-56.40158, -15.74212], [-56.4005, -15.74212], [-56.39834, -15.74347], [-56.39781, -15.74347], [-56.39592, -15.74185], [-56.39376, -15.74401], [-56.39188, -15.74455], [-56.39188, -15.74509], [-56.39107, -15.74589], [-56.39107, -15.7467], [-56.38918, -15.74886], [-56.3881, -15.74886], [-56.38703, -15.74967], [-56.38514, -15.74967], [-56.3846, -15.74994], [-56.38406, -15.7494], [-56.38325, -15.7494], [-56.38298, -15.74913], [-56.37975, -15.74886], [-56.37759, -15.75102], [-56.37625, -15.75182], [-56.37436, -15.75209], [-56.37409, -15.75182], [-56.37328, -15.75236], [-56.37301, -15.7529], [-56.37166, -15.75263], [-56.36924, -15.75479], [-56.36816, -15.75533], [-56.36654, -15.75694], [-56.3652, -15.75721], [-56.36412, -15.75829], [-56.36223, -15.76099], [-56.35792, -15.76503], [-56.35792, -15.76584], [-56.35523, -15.76826], [-56.35549, -15.76853], [-56.35523, -15.76934], [-56.35415, -15.77042], [-56.35091, -15.77257], [-56.34957, -15.77284], [-56.34876, -15.77231], [-56.34876, -15.77311], [-56.34822, -15.77392], [-56.3493, -15.775], [-56.3493, -15.77554], [-56.35118, -15.77635], [-56.35091, -15.77716], [-56.35226, -15.77608], [-56.35226, -15.77554], [-56.3528, -15.775], [-56.35334, -15.775], [-56.35576, -15.77689], [-56.35603, -15.77662], [-56.35684, -15.77662], [-56.35765, -15.77716], [-56.359, -15.77608], [-56.36035, -15.77608], [-56.36062, -15.77581], [-56.36088, -15.77608], [-56.36142, -15.77554], [-56.36223, -15.77608], [-56.36277, -15.77608], [-56.36439, -15.775], [-56.36708, -15.77446], [-56.37005, -15.77257], [-56.37166, -15.77338], [-56.3722, -15.77284], [-56.37274, -15.77365], [-56.37328, -15.77338], [-56.37463, -15.77338], [-56.37517, -15.77365], [-56.37571, -15.77311], [-56.37571, -15.77231], [-56.37625, -15.7715], [-56.37759, -15.77123], [-56.3784, -15.77042], [-56.37921, -15.77123], [-56.38083, -15.77123], [-56.38217, -15.77015], [-56.38298, -15.77015], [-56.38433, -15.7688], [-56.3846, -15.76907], [-56.38568, -15.76826], [-56.38622, -15.76826], [-56.38783, -15.76961], [-56.38999, -15.76772], [-56.39215, -15.7653], [-56.39403, -15.76611], [-56.39511, -15.76476], [-56.39592, -15.76449], [-56.39727, -15.76287], [-56.39781, -15.76314], [-56.39888, -15.76206], [-56.39915, -15.76126], [-56.39808, -15.76018], [-56.39861, -15.75964], [-56.39861, -15.7591], [-56.39969, -15.75829], [-56.39969, -15.75748], [-56.39942, -15.75721], [-56.40293, -15.75371], [-56.40616, -15.75317], [-56.40643, -15.75155], [-56.40805, -15.74994], [-56.40805, -15.7494], [-56.4067, -15.74805], [-56.40697, -15.74643]]]]}}, {"type": "Feature", "properties": {"nome": "Córrego Ribeirão dos Cocais", "area": 19.74, "urb": 0.38, "pct_urb": 1.9, "lx": -56.33501, "ly": -15.74563}, "geometry": {"type": "MultiPolygon", "coordinates": [[[[-56.35819, -15.70601], [-56.35711, -15.7052], [-56.35684, -15.70547], [-56.35603, -15.70547], [-56.35549, -15.7052], [-56.35523, -15.70547], [-56.35442, -15.70547], [-56.35037, -15.70978], [-56.34984, -15.70978], [-56.34687, -15.71302], [-56.34633, -15.71221], [-56.34202, -15.71652], [-56.34148, -15.71625], [-56.33986, -15.71814], [-56.33798, -15.71814], [-56.33663, -15.71975], [-56.33609, -15.71975], [-56.3342, -15.72164], [-56.3342, -15.72272], [-56.33474, -15.72326], [-56.33474, -15.72541], [-56.33582, -15.72757], [-56.33528, -15.72811], [-56.33501, -15.72784], [-56.3342, -15.72784], [-56.33394, -15.72838], [-56.3334, -15.72838], [-56.33205, -15.72946], [-56.33178, -15.7308], [-56.33259, -15.73134], [-56.33259, -15.73188], [-56.32855, -15.73592], [-56.32855, -15.73673], [-56.32801, -15.73727], [-56.32693, -15.73754], [-56.32639, -15.73808], [-56.32639, -15.73889], [-56.32585, -15.73943], [-56.32531, -15.73943], [-56.3245, -15.73862], [-56.3245, -15.73808], [-56.32316, -15.73808], [-56.32262, -15.73754], [-56.32019, -15.73889], [-56.31965, -15.73889], [-56.31911, -15.73943], [-56.32154, -15.74185], [-56.32208, -15.74374], [-56.321, -15.74563], [-56.31938, -15.74697], [-56.31911, -15.74751], [-56.31911, -15.74832], [-56.31884, -15.74859], [-56.31992, -15.74967], [-56.31992, -15.75021], [-56.321, -15.75155], [-56.32019, -15.75263], [-56.31965, -15.75263], [-56.31777, -15.75452], [-56.3183, -15.75587], [-56.3175, -15.75667], [-56.31669, -15.75829], [-56.31696, -15.75856], [-56.31696, -15.76018], [-56.31777, -15.76126], [-56.31588, -15.76314], [-56.31588, -15.76395], [-56.31669, -15.76449], [-56.31642, -15.76503], [-56.31561, -15.76503], [-56.31453, -15.76611], [-56.31372, -15.76638], [-56.31318, -15.76718], [-56.31211, -15.76718], [-56.31157, -15.76638], [-56.31157, -15.76584], [-56.31103, -15.76611], [-56.31076, -15.76665], [-56.30968, -15.76557], [-56.30914, -15.76611], [-56.30699, -15.76395], [-56.30726, -15.7626], [-56.30699, -15.76233], [-56.30726, -15.76072], [-56.30699, -15.76045], [-56.30726, -15.76018], [-56.30564, -15.75856], [-56.30591, -15.75721], [-56.30564, -15.75694], [-56.30618, -15.75667], [-56.30618, -15.75641], [-56.30591, -15.75667], [-56.30564, -15.75641], [-56.3051, -15.75694], [-56.30483, -15.75667], [-56.30456, -15.75694], [-56.30375, -15.75694], [-56.29863, -15.76153], [-56.29863, -15.76206], [-56.29701, -15.76395], [-56.29701, -15.76449], [-56.29621, -15.7653], [-56.29567, -15.76503], [-56.29486, -15.76584], [-56.29486, -15.76638], [-56.2954, -15.76665], [-56.29432, -15.76799], [-56.2954, -15.76961], [-56.2954, -15.77015], [-56.29378, -15.77123], [-56.29378, -15.7715], [-56.2954, -15.77257], [-56.29621, -15.77231], [-56.29836, -15.77419], [-56.29836, -15.775], [-56.29863, -15.77527], [-56.29944, -15.775], [-56.29998, -15.77554], [-56.30052, -15.77527], [-56.3016, -15.77608], [-56.3024, -15.77554], [-56.30348, -15.77608], [-56.30456, -15.77743], [-56.30483, -15.77904], [-56.30564, -15.78039], [-56.30564, -15.7812], [-56.30833, -15.78362], [-56.30914, -15.78335], [-56.30995, -15.78389], [-56.31103, -15.78309], [-56.31399, -15.77985], [-56.31723, -15.77689], [-56.31777, -15.77689], [-56.31911, -15.77823], [-56.31938, -15.77931], [-56.31965, -15.77931], [-56.321, -15.77796], [-56.32154, -15.77796], [-56.32289, -15.77662], [-56.32369, -15.77662], [-56.3245, -15.77581], [-56.32504, -15.77635], [-56.32504, -15.77716], [-56.3245, -15.77796], [-56.32477, -15.77877], [-56.32693, -15.78093], [-56.32747, -15.7812], [-56.32881, -15.7812], [-56.32908, -15.78147], [-56.33232, -15.77904], [-56.33394, -15.77743], [-56.33447, -15.77743], [-56.33609, -15.77608], [-56.33663, -15.77527], [-56.33636, -15.775], [-56.33663, -15.77473], [-56.33744, -15.77473], [-56.33744, -15.77392], [-56.33798, -15.77311], [-56.33959, -15.77338], [-56.34121, -15.7715], [-56.34121, -15.77096], [-56.34175, -15.77042], [-56.34256, -15.77042], [-56.3431, -15.76988], [-56.34256, -15.76907], [-56.34094, -15.76907], [-56.34121, -15.76961], [-56.33986, -15.77069], [-56.33906, -15.76988], [-56.33825, -15.76799], [-56.33636, -15.76988], [-56.33528, -15.76961], [-56.33474, -15.76988], [-56.3334, -15.7688], [-56.33232, -15.7688], [-56.33151, -15.76988], [-56.33016, -15.76934], [-56.32962, -15.76988], [-56.32962, -15.77042], [-56.32881, -15.77096], [-56.3245, -15.76692], [-56.32477, -15.76611], [-56.3245, -15.76557], [-56.32504, -15.76503], [-56.32504, -15.76449], [-56.32639, -15.76341], [-56.32666, -15.7626], [-56.32747, -15.7626], [-56.32828, -15.76368], [-56.32908, -15.76368], [-56.32935, -15.76314], [-56.32908, -15.76287], [-56.33016, -15.76206], [-56.33178, -15.76233], [-56.33232, -15.76153], [-56.33205, -15.76072], [-56.33259, -15.76018], [-56.33286, -15.76045], [-56.33367, -15.75937], [-56.33394, -15.75937], [-56.33447, -15.75829], [-56.33609, -15.75856], [-56.33717, -15.75748], [-56.3369, -15.75694], [-56.33771, -15.75587], [-56.33852, -15.75587], [-56.33933, -15.75506], [-56.33986, -15.75506], [-56.34094, -15.75587], [-56.34418, -15.75371], [-56.34472, -15.75371], [-56.34606, -15.75263], [-56.34687, -15.75317], [-56.34768, -15.75317], [-56.34849, -15.75263], [-56.34876, -15.75209], [-56.35011, -15.75317], [-56.35118, -15.75236], [-56.35118, -15.75155], [-56.35199, -15.75075], [-56.35253, -15.75075], [-56.35388, -15.74913], [-56.35523, -15.74967], [-56.35549, -15.74859], [-56.3563, -15.74778], [-56.35523, -15.7467], [-56.35469, -15.7467], [-56.35334, -15.74563], [-56.3528, -15.74616], [-56.35199, -15.74563], [-56.35064, -15.74563], [-56.35011, -15.74536], [-56.34957, -15.74563], [-56.34903, -15.74536], [-56.34768, -15.74401], [-56.34768, -15.7432], [-56.34795, -15.74293], [-56.34768, -15.74266], [-56.34687, -15.74266], [-56.34633, -15.74131], [-56.34552, -15.74158], [-56.34418, -15.74024], [-56.34498, -15.73862], [-56.34633, -15.73754], [-56.34687, -15.73781], [-56.34714, -15.737], [-56.34579, -15.73592], [-56.34579, -15.73565], [-56.34768, -15.73377], [-56.34795, -15.73323], [-56.34768, -15.73296], [-56.34876, -15.73188], [-56.34957, -15.73188], [-56.34903, -15.73107], [-56.3493, -15.7308], [-56.3493, -15.72999], [-56.35226, -15.72703], [-56.35172, -15.72676], [-56.35091, -15.72757], [-56.34849, -15.72757], [-56.34795, -15.7273], [-56.34687, -15.72595], [-56.34687, -15.72487], [-56.34741, -15.72434], [-56.34714, -15.7238], [-56.34903, -15.72164], [-56.35037, -15.72164], [-56.35091, -15.71948], [-56.35172, -15.71841], [-56.35118, -15.71733], [-56.35118, -15.71598], [-56.35091, -15.71571], [-56.35145, -15.71383], [-56.35334, -15.71221], [-56.35388, -15.71248], [-56.35469, -15.71221], [-56.35684, -15.71059], [-56.35657, -15.71005], [-56.35738, -15.70924], [-56.35684, -15.7087], [-56.35738, -15.70817], [-56.35711, -15.7079], [-56.35765, -15.70709], [-56.35738, -15.70682], [-56.35819, -15.70601]]]]}}, {"type": "Feature", "properties": {"nome": "Córrego Lebrinha", "area": 2.08, "urb": 2.08, "pct_urb": 100.0, "lx": -55.74994, "ly": -15.44595}, "geometry": {"type": "MultiPolygon", "coordinates": [[[[-55.75156, -15.43652], [-55.7459, -15.4419], [-55.74644, -15.44244], [-55.74644, -15.44298], [-55.74536, -15.44406], [-55.74563, -15.4446], [-55.74509, -15.44514], [-55.74509, -15.44622], [-55.74482, -15.44649], [-55.74509, -15.44676], [-55.74374, -15.44891], [-55.7432, -15.45053], [-55.74347, -15.45134], [-55.74239, -15.45242], [-55.74698, -15.45646], [-55.74752, -15.45727], [-55.74725, -15.45781], [-55.74778, -15.45888], [-55.74967, -15.46077], [-55.75264, -15.45754], [-55.75264, -15.45673], [-55.7521, -15.45592], [-55.75264, -15.45511], [-55.75183, -15.4543], [-55.7521, -15.45322], [-55.75183, -15.45242], [-55.75237, -15.45188], [-55.75237, -15.45107], [-55.75452, -15.44891], [-55.75398, -15.44756], [-55.75587, -15.44568], [-55.75506, -15.44487], [-55.75587, -15.44406], [-55.75264, -15.44083], [-55.75264, -15.44002], [-55.75344, -15.43921], [-55.75183, -15.43759], [-55.7521, -15.43705], [-55.75156, -15.43652]]]]}}, {"type": "Feature", "properties": {"nome": "Quineira", "area": 5.17, "urb": 5.11, "pct_urb": 98.8, "lx": -55.73781, "ly": -15.45888}, "geometry": {"type": "MultiPolygon", "coordinates": [[[[-55.72649, -15.45457], [-55.72623, -15.45511], [-55.7273, -15.45673], [-55.7273, -15.45781], [-55.72811, -15.45861], [-55.72784, -15.45996], [-55.73054, -15.46293], [-55.73108, -15.46293], [-55.73431, -15.46616], [-55.73512, -15.4667], [-55.73566, -15.46643], [-55.73593, -15.4667], [-55.737, -15.4667], [-55.73781, -15.46751], [-55.73781, -15.46805], [-55.73835, -15.46858], [-55.73754, -15.46993], [-55.73754, -15.47047], [-55.73808, -15.47101], [-55.73754, -15.47155], [-55.73754, -15.47263], [-55.73781, -15.47344], [-55.73889, -15.47478], [-55.73943, -15.47505], [-55.7397, -15.47478], [-55.74078, -15.47586], [-55.74266, -15.47532], [-55.74347, -15.47586], [-55.74671, -15.47317], [-55.74778, -15.47344], [-55.74832, -15.47317], [-55.74859, -15.47344], [-55.74886, -15.47317], [-55.74994, -15.47397], [-55.75102, -15.47317], [-55.75102, -15.47263], [-55.7521, -15.47155], [-55.75317, -15.47236], [-55.75398, -15.47236], [-55.75425, -15.47263], [-55.75425, -15.47128], [-55.75506, -15.47047], [-55.75317, -15.46832], [-55.75398, -15.46724], [-55.75452, -15.46697], [-55.75425, -15.46616], [-55.75479, -15.46535], [-55.75425, -15.46535], [-55.75317, -15.46427], [-55.75237, -15.464], [-55.74994, -15.46131], [-55.7494, -15.46104], [-55.74752, -15.45888], [-55.74698, -15.45781], [-55.74725, -15.45727], [-55.74671, -15.45646], [-55.74213, -15.45242], [-55.74051, -15.45215], [-55.73916, -15.4508], [-55.73808, -15.45053], [-55.737, -15.44945], [-55.73674, -15.44972], [-55.73512, -15.44918], [-55.73485, -15.44945], [-55.73377, -15.44837], [-55.73323, -15.44864], [-55.73269, -15.44837], [-55.72649, -15.45457]]]]}}, {"type": "Feature", "properties": {"nome": "Córrego Buracão", "area": 0.46, "urb": 0.46, "pct_urb": 100.0, "lx": -55.7556, "ly": -15.44029}, "geometry": {"type": "MultiPolygon", "coordinates": [[[[-55.75237, -15.43705], [-55.7521, -15.43759], [-55.75371, -15.43921], [-55.75291, -15.44002], [-55.75291, -15.44083], [-55.75614, -15.44406], [-55.75533, -15.44487], [-55.75614, -15.44568], [-55.75425, -15.44756], [-55.75452, -15.44837], [-55.75479, -15.44837], [-55.75776, -15.44541], [-55.75829, -15.44541], [-55.7591, -15.44487], [-55.7591, -15.44352], [-55.75856, -15.44298], [-55.75883, -15.44244], [-55.75829, -15.4419], [-55.75803, -15.44002], [-55.75722, -15.43894], [-55.75722, -15.4384], [-55.75641, -15.43759], [-55.75479, -15.43813], [-55.75425, -15.43759], [-55.75371, -15.43813], [-55.75237, -15.43705]]]]}}, {"type": "Feature", "properties": {"nome": "Córrego Água Fria", "area": 42.17, "urb": 2.03, "pct_urb": 4.8, "lx": -55.84588, "ly": -15.19154}, "geometry": {"type": "MultiPolygon", "coordinates": [[[[-55.73188, -15.17672], [-55.73215, -15.17699], [-55.73188, -15.1778], [-55.73215, -15.17861], [-55.73161, -15.17915], [-55.73161, -15.17996], [-55.73081, -15.1813], [-55.73081, -15.18211], [-55.73135, -15.18265], [-55.73161, -15.18373], [-55.73269, -15.18454], [-55.73269, -15.18589], [-55.73323, -15.1875], [-55.73431, -15.18831], [-55.73485, -15.18939], [-55.73458, -15.19101], [-55.73512, -15.19047], [-55.7362, -15.19047], [-55.737, -15.18966], [-55.73835, -15.18966], [-55.73862, -15.18939], [-55.73943, -15.18993], [-55.7397, -15.18966], [-55.74024, -15.18993], [-55.74105, -15.18966], [-55.74132, -15.18993], [-55.74213, -15.18993], [-55.74725, -15.18508], [-55.74752, -15.18535], [-55.74778, -15.18508], [-55.74859, -15.18589], [-55.7494, -15.18615], [-55.75048, -15.18535], [-55.75102, -15.18589], [-55.75102, -15.18669], [-55.75048, -15.18723], [-55.75102, -15.18804], [-55.75021, -15.18885], [-55.75021, -15.18966], [-55.7494, -15.19047], [-55.74967, -15.19128], [-55.74967, -15.19235], [-55.7494, -15.19262], [-55.74967, -15.19289], [-55.74967, -15.1937], [-55.74886, -15.19451], [-55.74913, -15.19747], [-55.74967, -15.19801], [-55.75075, -15.19693], [-55.75129, -15.19693], [-55.75129, -15.19586], [-55.7521, -15.19505], [-55.75291, -15.19478], [-55.75291, -15.19424], [-55.75398, -15.19316], [-55.75479, -15.1937], [-55.75614, -15.19235], [-55.75641, -15.19262], [-55.75722, -15.19262], [-55.75776, -15.19154], [-55.75829, -15.19154], [-55.75856, -15.19208], [-55.76018, -15.19101], [-55.76099, -15.19181], [-55.76045, -15.19262], [-55.76099, -15.19343], [-55.76072, -15.1937], [-55.76099, -15.19424], [-55.76072, -15.19451], [-55.76449, -15.19828], [-55.76422, -15.19882], [-55.76476, -15.19936], [-55.76476, -15.20044], [-55.76342, -15.2034], [-55.76395, -15.20394], [-55.76315, -15.20475], [-55.76342, -15.20529], [-55.77393, -15.21607], [-55.77473, -15.21607], [-55.775, -15.2158], [-55.77473, -15.21526], [-55.77554, -15.21418], [-55.77554, -15.2131], [-55.77608, -15.21257], [-55.77581, -15.21203], [-55.77608, -15.21176], [-55.77554, -15.21122], [-55.77608, -15.21068], [-55.77554, -15.21014], [-55.77608, -15.2096], [-55.77554, -15.20906], [-55.77554, -15.20825], [-55.77635, -15.20744], [-55.77743, -15.20744], [-55.77851, -15.2061], [-55.77851, -15.20556], [-55.78039, -15.2034], [-55.78066, -15.20125], [-55.78174, -15.20017], [-55.78174, -15.19963], [-55.78201, -15.19936], [-55.78282, -15.19936], [-55.78336, -15.19855], [-55.78471, -15.1999], [-55.78551, -15.20017], [-55.78497, -15.20098], [-55.78497, -15.20152], [-55.78659, -15.20286], [-55.78632, -15.20529], [-55.78686, -15.20691], [-55.78659, -15.20744], [-55.78875, -15.20987], [-55.78848, -15.21014], [-55.78848, -15.21176], [-55.79333, -15.20691], [-55.79252, -15.20583], [-55.79279, -15.20475], [-55.79441, -15.20367], [-55.79629, -15.20394], [-55.7971, -15.20367], [-55.79872, -15.20205], [-55.79872, -15.20125], [-55.79899, -15.20098], [-55.80088, -15.20125], [-55.80114, -15.20098], [-55.80411, -15.20421], [-55.80492, -15.20448], [-55.80519, -15.20421], [-55.80626, -15.20448], [-55.80653, -15.20421], [-55.80788, -15.20421], [-55.80869, -15.20367], [-55.81004, -15.20448], [-55.81273, -15.20744], [-55.81246, -15.20771], [-55.81327, -15.20771], [-55.81516, -15.20906], [-55.81947, -15.21391], [-55.82109, -15.21472], [-55.82486, -15.21849], [-55.82486, -15.21903], [-55.82594, -15.22065], [-55.82594, -15.22119], [-55.82809, -15.22442], [-55.82782, -15.22469], [-55.82809, -15.22496], [-55.82809, -15.22577], [-55.8289, -15.22712], [-55.8289, -15.22793], [-55.82836, -15.22873], [-55.82944, -15.23008], [-55.82917, -15.23062], [-55.82944, -15.23089], [-55.82917, -15.23116], [-55.8351, -15.22523], [-55.83941, -15.22954], [-55.83699, -15.2317], [-55.83726, -15.23305], [-55.8386, -15.23439], [-55.83833, -15.23466], [-55.83833, -15.23574], [-55.83726, -15.23682], [-55.83753, -15.23817], [-55.83672, -15.23898], [-55.83672, -15.24032], [-55.83726, -15.24086], [-55.83753, -15.24275], [-55.8378, -15.24302], [-55.83753, -15.24329], [-55.8378, -15.24437], [-55.83726, -15.24571], [-55.83699, -15.24895], [-55.83591, -15.25002], [-55.83564, -15.2511], [-55.83375, -15.25299], [-55.83375, -15.25353], [-55.83214, -15.25515], [-55.83268, -15.25595], [-55.83294, -15.25568], [-55.83726, -15.25946], [-55.84076, -15.25622], [-55.84103, -15.25434], [-55.84588, -15.25002], [-55.84615, -15.2476], [-55.84534, -15.24625], [-55.84588, -15.24544], [-55.8448, -15.24437], [-55.84534, -15.24383], [-55.84507, -15.24329], [-55.84372, -15.24194], [-55.8448, -15.24086], [-55.8448, -15.24032], [-55.84723, -15.2379], [-55.84992, -15.24032], [-55.85181, -15.23844], [-55.8537, -15.23817], [-55.8545, -15.23736], [-55.85531, -15.23709], [-55.85262, -15.23466], [-55.85235, -15.23359], [-55.85127, -15.23224], [-55.85046, -15.23035], [-55.84938, -15.22981], [-55.8475, -15.22981], [-55.84642, -15.229], [-55.84642, -15.22873], [-55.84588, -15.22873], [-55.84346, -15.22631], [-55.84319, -15.2255], [-55.84022, -15.22254], [-55.8386, -15.22146], [-55.83807, -15.22146], [-55.83726, -15.22065], [-55.83645, -15.2193], [-55.83645, -15.21849], [-55.83456, -15.21661], [-55.83294, -15.21661], [-55.83241, -15.21607], [-55.83187, -15.21445], [-55.83106, -15.21337], [-55.83052, -15.2131], [-55.83052, -15.21257], [-55.82998, -15.21203], [-55.82998, -15.21122], [-55.82944, -15.21068], [-55.82971, -15.21041], [-55.82917, -15.20987], [-55.8289, -15.20852], [-55.82648, -15.2061], [-55.82648, -15.20556], [-55.8254, -15.20448], [-55.82567, -15.20394], [-55.82486, -15.20313], [-55.82513, -15.20286], [-55.82405, -15.20179], [-55.8227, -15.20125], [-55.82163, -15.20017], [-55.82136, -15.19936], [-55.82001, -15.19828], [-55.81974, -15.19747], [-55.82028, -15.19693], [-55.81974, -15.1964], [-55.81974, -15.19586], [-55.82028, -15.19505], [-55.82028, -15.19397], [-55.81839, -15.19208], [-55.81866, -15.19181], [-55.81839, -15.19154], [-55.81893, -15.19101], [-55.81974, -15.19128], [-55.82055, -15.19074], [-55.82163, -15.19128], [-55.8227, -15.19128], [-55.82405, -15.1902], [-55.82567, -15.1902], [-55.82594, -15.18993], [-55.82675, -15.18993], [-55.82729, -15.18939], [-55.8289, -15.18939], [-55.82944, -15.18912], [-55.83133, -15.19047], [-55.83133, -15.19181], [-55.8316, -15.19208], [-55.83133, -15.19235], [-55.83268, -15.19397], [-55.83294, -15.19505], [-55.83375, -15.1964], [-55.83537, -15.1964], [-55.83968, -15.20071], [-55.84076, -15.20098], [-55.84211, -15.20232], [-55.84211, -15.20313], [-55.84561, -15.20637], [-55.84615, -15.20529], [-55.84615, -15.20394], [-55.84669, -15.20313], [-55.84885, -15.20098], [-55.84938, -15.20152], [-55.85019, -15.20125], [-55.85208, -15.19963], [-55.85262, -15.20017], [-55.85262, -15.20098], [-55.85046, -15.2034], [-55.85073, -15.20421], [-55.85019, -15.20475], [-55.85073, -15.20583], [-55.85046, -15.20637], [-55.85073, -15.20691], [-55.85019, -15.20744], [-55.85046, -15.20771], [-55.84965, -15.20852], [-55.84992, -15.20879], [-55.84965, -15.2096], [-55.84965, -15.21176], [-55.84992, -15.21203], [-55.84965, -15.21364], [-55.84992, -15.21391], [-55.84965, -15.21418], [-55.85019, -15.21526], [-55.85181, -15.21688], [-55.85181, -15.21984], [-55.85316, -15.22119], [-55.8545, -15.22011], [-55.85477, -15.21876], [-55.85585, -15.21769], [-55.85612, -15.21688], [-55.86178, -15.21122], [-55.86259, -15.21203], [-55.86124, -15.21337], [-55.8634, -15.21553], [-55.86421, -15.21526], [-55.86555, -15.21364], [-55.86394, -15.21203], [-55.86421, -15.21149], [-55.86771, -15.21472], [-55.86798, -15.21445], [-55.86987, -15.21661], [-55.87014, -15.21742], [-55.86987, -15.21822], [-55.87014, -15.21876], [-55.86987, -15.21957], [-55.87094, -15.22065], [-55.87094, -15.22227], [-55.8704, -15.22308], [-55.8704, -15.2255], [-55.87229, -15.22739], [-55.87256, -15.22847], [-55.87499, -15.22604], [-55.87499, -15.22496], [-55.87472, -15.22469], [-55.87499, -15.22442], [-55.87445, -15.22388], [-55.87472, -15.22334], [-55.87445, -15.22281], [-55.87633, -15.22092], [-55.87822, -15.22281], [-55.87768, -15.22334], [-55.87795, -15.22361], [-55.87849, -15.22308], [-55.87633, -15.22065], [-55.87795, -15.21957], [-55.88226, -15.21526], [-55.87687, -15.2096], [-55.87606, -15.2096], [-55.87553, -15.20906], [-55.87445, -15.20933], [-55.87337, -15.20879], [-55.87202, -15.20744], [-55.87148, -15.20718], [-55.87121, -15.20744], [-55.86178, -15.19801], [-55.86178, -15.19747], [-55.86097, -15.19666], [-55.8607, -15.19586], [-55.86205, -15.19424], [-55.86178, -15.19316], [-55.86205, -15.19235], [-55.8607, -15.19101], [-55.86151, -15.18912], [-55.8607, -15.18804], [-55.86232, -15.18642], [-55.86286, -15.18642], [-55.86394, -15.18562], [-55.86744, -15.18184], [-55.86717, -15.1813], [-55.86744, -15.18103], [-55.86744, -15.17834], [-55.86798, -15.17753], [-55.86771, -15.17726], [-55.8669, -15.17834], [-55.86394, -15.17807], [-55.8634, -15.17861], [-55.86232, -15.17861], [-55.86205, -15.17834], [-55.86043, -15.17996], [-55.85882, -15.1805], [-55.8572, -15.18184], [-55.85666, -15.18157], [-55.85639, -15.18184], [-55.85558, -15.18184], [-55.8545, -15.1813], [-55.85343, -15.18184], [-55.85262, -15.18184], [-55.85181, -15.1813], [-55.85073, -15.1813], [-55.85046, -15.18103], [-55.84992, -15.1813], [-55.84696, -15.1813], [-55.84561, -15.18076], [-55.84507, -15.1813], [-55.84372, -15.18103], [-55.84265, -15.17996], [-55.84076, -15.18184], [-55.83995, -15.18184], [-55.83968, -15.18211], [-55.83914, -15.18184], [-55.8386, -15.18238], [-55.83833, -15.18373], [-55.8378, -15.18427], [-55.83726, -15.18427], [-55.83699, -15.18535], [-55.83618, -15.18642], [-55.83429, -15.18777], [-55.83375, -15.1875], [-55.83348, -15.18777], [-55.82836, -15.18265], [-55.82863, -15.18184], [-55.82863, -15.17969], [-55.82836, -15.17996], [-55.82621, -15.17807], [-55.82513, -15.17807], [-55.8227, -15.18023], [-55.82217, -15.1813], [-55.82217, -15.18265], [-55.82243, -15.18319], [-55.82217, -15.18346], [-55.82217, -15.18427], [-55.81839, -15.18723], [-55.81812, -15.18777], [-55.81839, -15.18804], [-55.81839, -15.18939], [-55.81758, -15.1902], [-55.8157, -15.18858], [-55.8157, -15.18696], [-55.81678, -15.18642], [-55.81731, -15.18481], [-55.8157, -15.18346], [-55.81435, -15.18427], [-55.81381, -15.184], [-55.81246, -15.184], [-55.81165, -15.18427], [-55.81058, -15.18319], [-55.81004, -15.18184], [-55.80788, -15.17996], [-55.80815, -15.17915], [-55.80788, -15.17888], [-55.80815, -15.17861], [-55.80788, -15.17834], [-55.80788, -15.17645], [-55.80734, -15.17618], [-55.8068, -15.17645], [-55.80653, -15.17618], [-55.806, -15.17672], [-55.80573, -15.17645], [-55.80357, -15.17834], [-55.80303, -15.17834], [-55.80141, -15.17996], [-55.80222, -15.1813], [-55.80222, -15.18238], [-55.80168, -15.18346], [-55.80034, -15.18481], [-55.80034, -15.18535], [-55.79791, -15.18804], [-55.7971, -15.18831], [-55.79629, -15.18912], [-55.79171, -15.18508], [-55.79063, -15.18454], [-55.78983, -15.18265], [-55.78632, -15.17996], [-55.78524, -15.17996], [-55.78444, -15.17942], [-55.78309, -15.17942], [-55.78228, -15.17888], [-55.78174, -15.17969], [-55.78093, -15.17915], [-55.77959, -15.17942], [-55.77932, -15.17915], [-55.77878, -15.17996], [-55.77824, -15.17996], [-55.77743, -15.18076], [-55.77689, -15.18076], [-55.77366, -15.18319], [-55.77258, -15.18346], [-55.77123, -15.18427], [-55.77015, -15.18427], [-55.76907, -15.18373], [-55.76773, -15.18211], [-55.76584, -15.1813], [-55.76503, -15.1813], [-55.76153, -15.18427], [-55.76099, -15.18427], [-55.75937, -15.18346], [-55.75776, -15.18157], [-55.75695, -15.18211], [-55.75587, -15.18103], [-55.7556, -15.1813], [-55.75506, -15.18076], [-55.75398, -15.18076], [-55.75344, -15.18023], [-55.75183, -15.1805], [-55.75102, -15.17996], [-55.75048, -15.18023], [-55.74967, -15.17969], [-55.74886, -15.1805], [-55.74832, -15.17996], [-55.74859, -15.17915], [-55.74832, -15.17888], [-55.74859, -15.17861], [-55.74778, -15.17753], [-55.74913, -15.17618], [-55.7494, -15.17645], [-55.75021, -15.17511], [-55.75048, -15.17403], [-55.75129, -15.17295], [-55.75075, -15.17268], [-55.75021, -15.17295], [-55.74994, -15.17268], [-55.74913, -15.17295], [-55.74832, -15.17214], [-55.74698, -15.17241], [-55.74617, -15.17322], [-55.74536, -15.17322], [-55.74455, -15.17214], [-55.7432, -15.1716], [-55.74213, -15.17187], [-55.74186, -15.1716], [-55.74051, -15.1716], [-55.73916, -15.17241], [-55.73808, -15.17268], [-55.73754, -15.17349], [-55.73566, -15.17376], [-55.73539, -15.17322], [-55.73431, -15.17376], [-55.73377, -15.17376], [-55.73323, -15.1743], [-55.73323, -15.17511], [-55.73188, -15.17672]]]]}}, {"type": "Feature", "properties": {"nome": "Córrego Barreirinho", "area": 11.9, "urb": 0.25, "pct_urb": 2.1, "lx": -55.79333, "ly": -15.17052}, "geometry": {"type": "MultiPolygon", "coordinates": [[[[-55.80788, -15.1646], [-55.8068, -15.16298], [-55.80357, -15.15974], [-55.8033, -15.16001], [-55.80303, -15.15974], [-55.80007, -15.15974], [-55.7998, -15.15947], [-55.79899, -15.16028], [-55.79737, -15.15921], [-55.7971, -15.15947], [-55.79656, -15.15894], [-55.79629, -15.15921], [-55.79602, -15.15894], [-55.79468, -15.15894], [-55.79279, -15.15786], [-55.79036, -15.15974], [-55.78983, -15.15947], [-55.78956, -15.15974], [-55.78902, -15.15921], [-55.78875, -15.15947], [-55.78848, -15.15921], [-55.78821, -15.15947], [-55.78713, -15.15947], [-55.78686, -15.15974], [-55.78659, -15.15947], [-55.78524, -15.16082], [-55.78524, -15.16163], [-55.78309, -15.16406], [-55.78255, -15.16433], [-55.77716, -15.1646], [-55.77662, -15.16486], [-55.77473, -15.16352], [-55.7742, -15.16379], [-55.77366, -15.16352], [-55.77096, -15.16648], [-55.76934, -15.16675], [-55.76907, -15.16648], [-55.76827, -15.16675], [-55.76746, -15.16756], [-55.76692, -15.16729], [-55.76476, -15.16972], [-55.76368, -15.16945], [-55.76234, -15.1716], [-55.7618, -15.1716], [-55.76126, -15.17214], [-55.76045, -15.17214], [-55.75991, -15.17268], [-55.75803, -15.17268], [-55.7556, -15.17052], [-55.75452, -15.17133], [-55.75344, -15.1716], [-55.75075, -15.17403], [-55.75048, -15.17511], [-55.7494, -15.17672], [-55.74913, -15.17645], [-55.74805, -15.1778], [-55.74886, -15.17861], [-55.74859, -15.17942], [-55.74886, -15.17969], [-55.74859, -15.17996], [-55.74886, -15.18023], [-55.74967, -15.17942], [-55.75048, -15.17996], [-55.75102, -15.17969], [-55.75183, -15.18023], [-55.75344, -15.17996], [-55.75398, -15.1805], [-55.75506, -15.1805], [-55.7556, -15.18103], [-55.75587, -15.18076], [-55.75695, -15.18184], [-55.75776, -15.1813], [-55.75937, -15.18319], [-55.76099, -15.184], [-55.76153, -15.184], [-55.76503, -15.18103], [-55.76584, -15.18103], [-55.76773, -15.18184], [-55.76907, -15.18346], [-55.77015, -15.184], [-55.77123, -15.184], [-55.77258, -15.18319], [-55.77366, -15.18292], [-55.77689, -15.1805], [-55.77743, -15.1805], [-55.77824, -15.17969], [-55.77878, -15.17969], [-55.77932, -15.17888], [-55.77959, -15.17915], [-55.78039, -15.17915], [-55.78093, -15.17888], [-55.78174, -15.17942], [-55.78228, -15.17861], [-55.78309, -15.17915], [-55.78444, -15.17915], [-55.78524, -15.17969], [-55.78632, -15.17969], [-55.7901, -15.18265], [-55.79063, -15.18427], [-55.79171, -15.18481], [-55.79629, -15.18885], [-55.7971, -15.18804], [-55.79791, -15.18777], [-55.80007, -15.18535], [-55.80007, -15.18481], [-55.80141, -15.18346], [-55.80195, -15.18238], [-55.80195, -15.1813], [-55.80114, -15.17996], [-55.80303, -15.17807], [-55.80357, -15.17807], [-55.80573, -15.17618], [-55.806, -15.17645], [-55.80653, -15.17591], [-55.80707, -15.17618], [-55.80734, -15.17591], [-55.80788, -15.17618], [-55.80788, -15.17564], [-55.8068, -15.17457], [-55.8068, -15.17403], [-55.80626, -15.17322], [-55.80788, -15.17106], [-55.80707, -15.16945], [-55.80707, -15.16864], [-55.80734, -15.16837], [-55.80734, -15.16729], [-55.80788, -15.16675], [-55.80788, -15.1646]]]]}}, {"type": "Feature", "properties": {"nome": "Afluente s/n do Córrego Água Fria", "area": 2.98, "urb": 0.05, "pct_urb": 1.7, "lx": -55.74213, "ly": -15.19693}, "geometry": {"type": "MultiPolygon", "coordinates": [[[[-55.75183, -15.18427], [-55.7494, -15.18642], [-55.74859, -15.18615], [-55.74778, -15.18535], [-55.74752, -15.18562], [-55.74725, -15.18535], [-55.74213, -15.1902], [-55.74051, -15.18993], [-55.73997, -15.1902], [-55.7397, -15.18993], [-55.73943, -15.1902], [-55.73862, -15.18966], [-55.73835, -15.18993], [-55.737, -15.18993], [-55.7362, -15.19074], [-55.73512, -15.19074], [-55.73485, -15.19101], [-55.73593, -15.19262], [-55.73566, -15.1937], [-55.73512, -15.19424], [-55.73458, -15.19424], [-55.73161, -15.1972], [-55.73135, -15.19801], [-55.73485, -15.20179], [-55.73485, -15.20232], [-55.73566, -15.20232], [-55.737, -15.2034], [-55.73727, -15.20313], [-55.73754, -15.2034], [-55.73781, -15.20313], [-55.73997, -15.20286], [-55.74159, -15.2034], [-55.74239, -15.20394], [-55.74266, -15.20502], [-55.74509, -15.20718], [-55.74725, -15.20718], [-55.74778, -15.20664], [-55.74752, -15.20583], [-55.74805, -15.20529], [-55.74778, -15.20421], [-55.74913, -15.20286], [-55.74886, -15.20259], [-55.74967, -15.20179], [-55.7494, -15.20098], [-55.75021, -15.1999], [-55.74994, -15.19882], [-55.74886, -15.19747], [-55.74886, -15.1964], [-55.74859, -15.19613], [-55.74859, -15.19451], [-55.7494, -15.1937], [-55.7494, -15.19289], [-55.74913, -15.19262], [-55.7494, -15.19235], [-55.7494, -15.19128], [-55.74913, -15.19047], [-55.74994, -15.18966], [-55.74994, -15.18885], [-55.75075, -15.18804], [-55.75021, -15.18723], [-55.75075, -15.18669], [-55.75075, -15.18589], [-55.75048, -15.18562], [-55.75183, -15.18427]]]]}}, {"type": "Feature", "properties": {"nome": "Microbacia sem nome", "area": 19.93, "urb": 0.46, "pct_urb": 2.3, "lx": -56.35792, "ly": -15.14519}, "geometry": {"type": "MultiPolygon", "coordinates": [[[[-56.34498, -15.12471], [-56.34283, -15.12687], [-56.34256, -15.1274], [-56.34256, -15.12875], [-56.34283, -15.12902], [-56.34256, -15.12956], [-56.3404, -15.13172], [-56.34013, -15.13279], [-56.33879, -15.13387], [-56.33852, -15.13495], [-56.33771, -15.13603], [-56.33771, -15.13738], [-56.3369, -15.13818], [-56.33744, -15.13872], [-56.33663, -15.13953], [-56.33717, -15.14061], [-56.33717, -15.14142], [-56.33636, -15.1425], [-56.3369, -15.1433], [-56.3369, -15.14384], [-56.33825, -15.14519], [-56.34013, -15.14519], [-56.34121, -15.14465], [-56.34202, -15.14492], [-56.3431, -15.14654], [-56.34337, -15.14735], [-56.3431, -15.14789], [-56.34364, -15.14816], [-56.34418, -15.14923], [-56.34633, -15.15085], [-56.34633, -15.15139], [-56.34741, -15.15274], [-56.34741, -15.15328], [-56.3466, -15.15435], [-56.34741, -15.15543], [-56.34741, -15.15597], [-56.34795, -15.15651], [-56.34876, -15.15624], [-56.35253, -15.15974], [-56.35226, -15.16028], [-56.3528, -15.16082], [-56.3528, -15.16163], [-56.35253, -15.1619], [-56.3528, -15.16217], [-56.35253, -15.16244], [-56.3528, -15.16298], [-56.35253, -15.16325], [-56.35307, -15.16379], [-56.35307, -15.16486], [-56.35361, -15.16594], [-56.35523, -15.16756], [-56.35711, -15.16837], [-56.359, -15.17052], [-56.35927, -15.17268], [-56.359, -15.17295], [-56.359, -15.17484], [-56.35846, -15.17591], [-56.35873, -15.17618], [-56.35792, -15.17726], [-56.35873, -15.17753], [-56.359, -15.17807], [-56.35765, -15.17915], [-56.35711, -15.1805], [-56.35738, -15.18103], [-56.35711, -15.1813], [-56.35765, -15.18184], [-56.35738, -15.18265], [-56.35765, -15.18319], [-56.35954, -15.18508], [-56.36008, -15.18508], [-56.36062, -15.18562], [-56.36035, -15.18615], [-56.3625, -15.18804], [-56.36304, -15.18885], [-56.36169, -15.19047], [-56.36466, -15.1937], [-56.36493, -15.19343], [-56.36574, -15.19343], [-56.36843, -15.19613], [-56.36897, -15.19586], [-56.36978, -15.1964], [-56.37032, -15.19586], [-56.37059, -15.19613], [-56.3714, -15.19559], [-56.37193, -15.19613], [-56.37193, -15.19505], [-56.37274, -15.19397], [-56.37355, -15.19343], [-56.37436, -15.19397], [-56.3749, -15.19316], [-56.3749, -15.19262], [-56.37409, -15.19101], [-56.37436, -15.18966], [-56.37732, -15.18642], [-56.3784, -15.184], [-56.38056, -15.18157], [-56.38056, -15.18103], [-56.38244, -15.17915], [-56.38244, -15.17861], [-56.38325, -15.1778], [-56.38298, -15.17699], [-56.38352, -15.17645], [-56.38406, -15.17511], [-56.38325, -15.17376], [-56.38379, -15.17322], [-56.38406, -15.17214], [-56.38379, -15.17187], [-56.38298, -15.17187], [-56.38244, -15.17133], [-56.38271, -15.16998], [-56.38164, -15.16864], [-56.38164, -15.16783], [-56.37948, -15.16621], [-56.37948, -15.16513], [-56.37894, -15.16379], [-56.37867, -15.1619], [-56.37759, -15.16028], [-56.37705, -15.16001], [-56.37544, -15.15813], [-56.37544, -15.15732], [-56.37463, -15.15597], [-56.37463, -15.15543], [-56.37301, -15.15274], [-56.37328, -15.15247], [-56.37274, -15.15166], [-56.37301, -15.15112], [-56.37274, -15.15085], [-56.37274, -15.14977], [-56.3722, -15.14923], [-56.37247, -15.14896], [-56.3722, -15.14869], [-56.37274, -15.14816], [-56.37247, -15.14789], [-56.37274, -15.14735], [-56.37247, -15.14654], [-56.37166, -15.14654], [-56.37113, -15.146], [-56.37247, -15.14465], [-56.37247, -15.1433], [-56.37328, -15.14169], [-56.37274, -15.14007], [-56.37382, -15.13926], [-56.37355, -15.13899], [-56.37355, -15.13818], [-56.37409, -15.13738], [-56.37382, -15.13684], [-56.37436, -15.1363], [-56.37355, -15.13522], [-56.37274, -15.13468], [-56.37301, -15.13387], [-56.3722, -15.13306], [-56.37166, -15.1336], [-56.37193, -15.13441], [-56.3714, -15.13495], [-56.37032, -15.13495], [-56.36924, -15.13414], [-56.36843, -15.13414], [-56.36789, -15.1336], [-56.36601, -15.1336], [-56.36547, -15.13387], [-56.36358, -15.13279], [-56.36304, -15.13226], [-56.36304, -15.13145], [-56.36358, -15.13118], [-56.36466, -15.12983], [-56.36439, -15.12875], [-56.36385, -15.12821], [-56.36277, -15.12902], [-56.36169, -15.12902], [-56.36088, -15.13037], [-56.35927, -15.13091], [-56.359, -15.13064], [-56.359, -15.12983], [-56.35684, -15.12983], [-56.35657, -15.12929], [-56.35603, -15.12983], [-56.35603, -15.13118], [-56.3563, -15.13145], [-56.35549, -15.13172], [-56.35388, -15.13306], [-56.35145, -15.13091], [-56.35118, -15.12956], [-56.34876, -15.12606], [-56.3466, -15.12471], [-56.34579, -15.12525], [-56.34498, -15.12471]]]]}}, {"type": "Feature", "properties": {"nome": "Afluente s/n do Rio Cuiabá", "area": 4.68, "urb": 0.3, "pct_urb": 6.3, "lx": -56.39134, "ly": -15.18427}, "geometry": {"type": "MultiPolygon", "coordinates": [[[[-56.3881, -15.16702], [-56.38703, -15.16864], [-56.38649, -15.16891], [-56.38568, -15.17079], [-56.38487, -15.1716], [-56.3846, -15.17133], [-56.38433, -15.1716], [-56.38271, -15.17052], [-56.38271, -15.17133], [-56.38298, -15.1716], [-56.38379, -15.1716], [-56.38433, -15.17214], [-56.38352, -15.17403], [-56.38433, -15.17511], [-56.38379, -15.17645], [-56.38325, -15.17699], [-56.38325, -15.17753], [-56.38433, -15.17834], [-56.38487, -15.17942], [-56.38541, -15.17969], [-56.38541, -15.18103], [-56.38487, -15.18157], [-56.38514, -15.18184], [-56.3846, -15.18292], [-56.38487, -15.18346], [-56.3846, -15.18373], [-56.3846, -15.18481], [-56.38568, -15.18669], [-56.38514, -15.18777], [-56.38541, -15.18804], [-56.38514, -15.18831], [-56.38541, -15.18912], [-56.38595, -15.18966], [-56.38595, -15.1902], [-56.38703, -15.19128], [-56.38676, -15.19235], [-56.38514, -15.19424], [-56.38541, -15.19451], [-56.38514, -15.19532], [-56.38541, -15.19586], [-56.38433, -15.19693], [-56.3846, -15.19747], [-56.38352, -15.19855], [-56.38406, -15.19909], [-56.38406, -15.1999], [-56.38433, -15.20017], [-56.38406, -15.20044], [-56.38325, -15.20044], [-56.38325, -15.20125], [-56.38379, -15.20179], [-56.38298, -15.20232], [-56.38271, -15.20205], [-56.38379, -15.20286], [-56.38487, -15.20205], [-56.38568, -15.20205], [-56.38595, -15.20232], [-56.38622, -15.20205], [-56.38703, -15.20205], [-56.38756, -15.20259], [-56.38837, -15.20259], [-56.38972, -15.20205], [-56.39053, -15.20286], [-56.3908, -15.20259], [-56.39053, -15.20232], [-56.39188, -15.20125], [-56.39161, -15.20044], [-56.39188, -15.20017], [-56.39349, -15.19963], [-56.39403, -15.19909], [-56.39457, -15.1999], [-56.39484, -15.1999], [-56.39538, -15.19936], [-56.39592, -15.19936], [-56.39754, -15.19855], [-56.39808, -15.19801], [-56.39888, -15.19801], [-56.40023, -15.19693], [-56.40023, -15.1964], [-56.39942, -15.19613], [-56.39915, -15.19505], [-56.39834, -15.19451], [-56.39754, -15.19343], [-56.39915, -15.19208], [-56.39915, -15.19047], [-56.39808, -15.1902], [-56.39754, -15.18966], [-56.39808, -15.18885], [-56.39861, -15.18885], [-56.39915, -15.18831], [-56.39861, -15.1875], [-56.39888, -15.18669], [-56.39808, -15.18589], [-56.39808, -15.18508], [-56.39888, -15.184], [-56.39754, -15.18346], [-56.39754, -15.18265], [-56.39781, -15.18238], [-56.39727, -15.18157], [-56.39754, -15.1813], [-56.397, -15.18023], [-56.39511, -15.17861], [-56.39511, -15.17753], [-56.3943, -15.17564], [-56.39349, -15.17484], [-56.39322, -15.17376], [-56.39188, -15.17295], [-56.3908, -15.1716], [-56.39053, -15.17052], [-56.39161, -15.16945], [-56.39107, -15.16891], [-56.39134, -15.16837], [-56.39053, -15.16756], [-56.39026, -15.16783], [-56.38999, -15.16756], [-56.38864, -15.16756], [-56.3881, -15.16702]]]]}}, {"type": "Feature", "properties": {"nome": "Afluente s/n do Rio Cuiabá", "area": 2.12, "urb": 0.18, "pct_urb": 8.6, "lx": -56.38056, "ly": -15.19128}, "geometry": {"type": "MultiPolygon", "coordinates": [[[[-56.38352, -15.17807], [-56.38271, -15.17861], [-56.38271, -15.17915], [-56.38083, -15.18103], [-56.38083, -15.18157], [-56.37867, -15.184], [-56.37759, -15.18642], [-56.37463, -15.18966], [-56.37463, -15.19047], [-56.37436, -15.19074], [-56.37517, -15.19289], [-56.37625, -15.19397], [-56.37571, -15.19478], [-56.37652, -15.19666], [-56.37652, -15.19801], [-56.37786, -15.19936], [-56.37786, -15.20017], [-56.38002, -15.20232], [-56.37948, -15.20286], [-56.38056, -15.20205], [-56.38137, -15.20259], [-56.38191, -15.20259], [-56.38271, -15.20179], [-56.38298, -15.20205], [-56.38352, -15.20179], [-56.38298, -15.20125], [-56.38298, -15.20044], [-56.38325, -15.20017], [-56.38406, -15.20017], [-56.38379, -15.1999], [-56.38379, -15.19909], [-56.38325, -15.19855], [-56.38433, -15.19747], [-56.38406, -15.19693], [-56.38514, -15.19586], [-56.38487, -15.19505], [-56.38514, -15.19451], [-56.38487, -15.19424], [-56.38676, -15.19181], [-56.38676, -15.19128], [-56.38568, -15.1902], [-56.38568, -15.18966], [-56.38514, -15.18912], [-56.38487, -15.18831], [-56.38514, -15.18804], [-56.38487, -15.18777], [-56.38541, -15.18669], [-56.38433, -15.18481], [-56.38433, -15.18373], [-56.3846, -15.18346], [-56.38433, -15.18292], [-56.38487, -15.18184], [-56.3846, -15.18157], [-56.38514, -15.18103], [-56.38514, -15.17969], [-56.38433, -15.17915], [-56.38406, -15.17834], [-56.38352, -15.17807]]]]}}, {"type": "Feature", "properties": {"nome": "Afluente s/n do Rio Coxipó-Açu", "area": 5.21, "urb": 1.16, "pct_urb": 22.2, "lx": -56.12535, "ly": -15.29314}, "geometry": {"type": "MultiPolygon", "coordinates": [[[[-56.12777, -15.27832], [-56.1275, -15.27859], [-56.12669, -15.27859], [-56.12562, -15.27805], [-56.12508, -15.27832], [-56.124, -15.27967], [-56.12427, -15.28021], [-56.12373, -15.28075], [-56.12292, -15.28075], [-56.12292, -15.28156], [-56.12077, -15.28371], [-56.12023, -15.28371], [-56.11942, -15.28479], [-56.12023, -15.28587], [-56.11861, -15.28695], [-56.1178, -15.28695], [-56.11753, -15.28775], [-56.11511, -15.29045], [-56.11295, -15.29018], [-56.11241, -15.2918], [-56.1116, -15.29234], [-56.11052, -15.29368], [-56.11349, -15.29611], [-56.11376, -15.29665], [-56.11457, -15.29692], [-56.11915, -15.30123], [-56.1213, -15.30285], [-56.12238, -15.30419], [-56.12292, -15.30419], [-56.12373, -15.30365], [-56.124, -15.30312], [-56.12535, -15.30365], [-56.12642, -15.30285], [-56.12696, -15.30285], [-56.12858, -15.30096], [-56.12939, -15.30069], [-56.13154, -15.30258], [-56.13208, -15.30231], [-56.13235, -15.30258], [-56.13559, -15.29907], [-56.13693, -15.29961], [-56.13801, -15.29961], [-56.13882, -15.29799], [-56.14017, -15.29665], [-56.1399, -15.29611], [-56.14017, -15.29584], [-56.14017, -15.29503], [-56.14071, -15.29449], [-56.13936, -15.29287], [-56.13882, -15.29153], [-56.13963, -15.28964], [-56.13936, -15.28991], [-56.13801, -15.28991], [-56.13774, -15.28964], [-56.1372, -15.28991], [-56.13424, -15.28856], [-56.13235, -15.28641], [-56.13262, -15.28479], [-56.13235, -15.28452], [-56.13208, -15.28209], [-56.13128, -15.28156], [-56.13074, -15.28156], [-56.12993, -15.28075], [-56.12939, -15.28075], [-56.12885, -15.28021], [-56.12912, -15.27994], [-56.12777, -15.27832]]]]}}, {"type": "Feature", "properties": {"nome": "Afluente s/n do Ribeirão Taquará", "area": 3.07, "urb": 1.4, "pct_urb": 45.4, "lx": -56.23719, "ly": -15.34165}, "geometry": {"type": "MultiPolygon", "coordinates": [[[[-56.21671, -15.32899], [-56.21778, -15.3298], [-56.21859, -15.33006], [-56.21886, -15.3298], [-56.21967, -15.3306], [-56.21967, -15.33114], [-56.22048, -15.33168], [-56.22183, -15.3333], [-56.22183, -15.33384], [-56.22236, -15.33438], [-56.2229, -15.33411], [-56.22344, -15.33465], [-56.22506, -15.33519], [-56.22587, -15.33626], [-56.22883, -15.33842], [-56.2291, -15.33923], [-56.22883, -15.3395], [-56.22991, -15.34031], [-56.22991, -15.34084], [-56.23072, -15.34111], [-56.23072, -15.34165], [-56.2318, -15.34246], [-56.23287, -15.34381], [-56.23314, -15.34462], [-56.23287, -15.34516], [-56.23368, -15.34704], [-56.23422, -15.34704], [-56.23503, -15.34785], [-56.23557, -15.34758], [-56.23584, -15.34785], [-56.23719, -15.34785], [-56.23746, -15.34758], [-56.23773, -15.34785], [-56.238, -15.34758], [-56.23826, -15.34785], [-56.24015, -15.34785], [-56.24042, -15.34758], [-56.24204, -15.34758], [-56.24231, -15.34785], [-56.24339, -15.34677], [-56.24312, -15.34489], [-56.24339, -15.34462], [-56.24312, -15.34435], [-56.24339, -15.34354], [-56.24258, -15.34219], [-56.24258, -15.34004], [-56.24339, -15.33896], [-56.24419, -15.33896], [-56.24446, -15.33869], [-56.24446, -15.33815], [-56.24258, -15.33734], [-56.2415, -15.33815], [-56.24096, -15.33815], [-56.23853, -15.33545], [-56.23746, -15.33465], [-56.23746, -15.33411], [-56.23665, -15.3333], [-56.23638, -15.33249], [-56.23449, -15.33249], [-56.23368, -15.3333], [-56.23341, -15.33303], [-56.23126, -15.33276], [-56.22937, -15.33114], [-56.22829, -15.3298], [-56.22856, -15.32899], [-56.22749, -15.32764], [-56.22614, -15.32791], [-56.2229, -15.32441], [-56.2221, -15.32467], [-56.22183, -15.32521], [-56.22075, -15.32494], [-56.22021, -15.32548], [-56.22048, -15.32575], [-56.21778, -15.32791], [-56.21778, -15.32845], [-56.21724, -15.32899], [-56.21671, -15.32899]]]]}}, {"type": "Feature", "properties": {"nome": "Microbacia sem nome", "area": 11.52, "urb": 0.33, "pct_urb": 2.9, "lx": -55.7141, "ly": -15.40445}, "geometry": {"type": "MultiPolygon", "coordinates": [[[[-55.70871, -15.38181], [-55.70844, -15.38208], [-55.70871, -15.38235], [-55.70682, -15.38423], [-55.70736, -15.38585], [-55.70709, -15.38612], [-55.70736, -15.38666], [-55.70709, -15.3872], [-55.70736, -15.38747], [-55.70709, -15.38774], [-55.70736, -15.38855], [-55.70709, -15.38881], [-55.70736, -15.38908], [-55.70736, -15.39313], [-55.70763, -15.3934], [-55.70736, -15.39367], [-55.70763, -15.3942], [-55.70736, -15.39474], [-55.70763, -15.39501], [-55.70736, -15.39528], [-55.70736, -15.39663], [-55.70655, -15.39744], [-55.70413, -15.39852], [-55.70386, -15.39825], [-55.70386, -15.39986], [-55.70359, -15.40013], [-55.70386, -15.4004], [-55.70386, -15.40579], [-55.70278, -15.40714], [-55.70359, -15.40849], [-55.70386, -15.40957], [-55.70601, -15.41199], [-55.70682, -15.41226], [-55.70709, -15.41199], [-55.70736, -15.41226], [-55.70709, -15.41361], [-55.7079, -15.41523], [-55.7079, -15.41684], [-55.70736, -15.41765], [-55.70979, -15.42008], [-55.71006, -15.41981], [-55.71086, -15.41981], [-55.71275, -15.42061], [-55.71329, -15.42115], [-55.7141, -15.42115], [-55.71437, -15.42088], [-55.71464, -15.42169], [-55.71518, -15.42169], [-55.71652, -15.42304], [-55.71679, -15.42412], [-55.71868, -15.42627], [-55.71895, -15.42735], [-55.72137, -15.42978], [-55.72218, -15.43166], [-55.7238, -15.43328], [-55.72515, -15.43517], [-55.72623, -15.43571], [-55.72703, -15.43705], [-55.72703, -15.43759], [-55.72865, -15.43921], [-55.72838, -15.43948], [-55.72865, -15.44029], [-55.72838, -15.44083], [-55.72865, -15.4411], [-55.72811, -15.44298], [-55.73, -15.44676], [-55.73108, -15.44568], [-55.73135, -15.44514], [-55.73108, -15.44487], [-55.73161, -15.44406], [-55.73485, -15.44083], [-55.73539, -15.43975], [-55.73512, -15.43948], [-55.73539, -15.43921], [-55.73512, -15.43894], [-55.73512, -15.43598], [-55.7362, -15.43436], [-55.7362, -15.43247], [-55.73727, -15.43139], [-55.73727, -15.43086], [-55.73566, -15.42924], [-55.73539, -15.42843], [-55.73566, -15.42789], [-55.73458, -15.42681], [-55.73431, -15.426], [-55.73242, -15.42412], [-55.73242, -15.42304], [-55.73269, -15.42277], [-55.73242, -15.4225], [-55.73242, -15.42169], [-55.73161, -15.42061], [-55.73161, -15.419], [-55.73215, -15.41846], [-55.73215, -15.41738], [-55.73135, -15.41576], [-55.73027, -15.41469], [-55.73054, -15.41388], [-55.72461, -15.40768], [-55.72461, -15.40633], [-55.72434, -15.40606], [-55.72488, -15.40525], [-55.72434, -15.40471], [-55.72461, -15.40418], [-55.72434, -15.40364], [-55.72461, -15.40337], [-55.72434, -15.40283], [-55.72461, -15.40256], [-55.72434, -15.40229], [-55.72461, -15.40202], [-55.72434, -15.40121], [-55.72272, -15.39959], [-55.72245, -15.39528], [-55.72137, -15.3942], [-55.72084, -15.39313], [-55.72084, -15.39178], [-55.72191, -15.39097], [-55.72191, -15.39016], [-55.72057, -15.38855], [-55.72003, -15.38855], [-55.71895, -15.38747], [-55.71868, -15.38774], [-55.7176, -15.38666], [-55.71598, -15.38693], [-55.71571, -15.38666], [-55.7141, -15.38666], [-55.71113, -15.38369], [-55.71032, -15.38235], [-55.70952, -15.38262], [-55.70871, -15.38181]]]]}}, {"type": "Feature", "properties": {"nome": "Afluente s/n do Rio Coxipó", "area": 10.6, "urb": 0.28, "pct_urb": 2.6, "lx": -55.7874, "ly": -15.41711}, "geometry": {"type": "MultiPolygon", "coordinates": [[[[-55.7909, -15.39124], [-55.78983, -15.39259], [-55.78956, -15.39393], [-55.78713, -15.39663], [-55.7874, -15.39771], [-55.78713, -15.39798], [-55.78713, -15.39879], [-55.78794, -15.4004], [-55.78767, -15.40067], [-55.78767, -15.40148], [-55.78578, -15.40337], [-55.78605, -15.40391], [-55.78578, -15.40471], [-55.78444, -15.40525], [-55.78417, -15.40498], [-55.78336, -15.40525], [-55.78255, -15.40606], [-55.77985, -15.40633], [-55.77959, -15.40606], [-55.77851, -15.40768], [-55.7777, -15.40822], [-55.77797, -15.40849], [-55.77069, -15.41549], [-55.76692, -15.41954], [-55.768, -15.42088], [-55.76773, -15.42142], [-55.76854, -15.42277], [-55.76961, -15.42385], [-55.76934, -15.42439], [-55.77015, -15.42627], [-55.77069, -15.42681], [-55.77042, -15.42762], [-55.77231, -15.42978], [-55.77258, -15.43059], [-55.77231, -15.43086], [-55.77285, -15.43139], [-55.77258, -15.43166], [-55.77258, -15.43382], [-55.77446, -15.4322], [-55.77554, -15.43193], [-55.77608, -15.43139], [-55.77635, -15.43166], [-55.77662, -15.43139], [-55.77716, -15.43193], [-55.77824, -15.43139], [-55.77905, -15.43166], [-55.78039, -15.43113], [-55.78201, -15.43139], [-55.78228, -15.43113], [-55.78282, -15.43166], [-55.7839, -15.43166], [-55.78471, -15.43086], [-55.78578, -15.43113], [-55.78659, -15.43086], [-55.78713, -15.43113], [-55.78794, -15.43032], [-55.78983, -15.42924], [-55.79252, -15.42951], [-55.79387, -15.4287], [-55.80061, -15.42196], [-55.80034, -15.42142], [-55.80195, -15.41954], [-55.80088, -15.41846], [-55.80114, -15.41792], [-55.80088, -15.41738], [-55.80114, -15.41711], [-55.80061, -15.4163], [-55.80088, -15.41549], [-55.80007, -15.41469], [-55.80007, -15.41415], [-55.80141, -15.41226], [-55.80088, -15.41145], [-55.80114, -15.41118], [-55.80114, -15.4101], [-55.80088, -15.40984], [-55.80546, -15.40498], [-55.806, -15.40498], [-55.8068, -15.40418], [-55.80061, -15.39771], [-55.79818, -15.39663], [-55.79656, -15.39636], [-55.7909, -15.39124]]]]}}, {"type": "Feature", "properties": {"nome": "Afluente s/n do Cachoeirinha", "area": 11.46, "urb": 4.2, "pct_urb": 36.6, "lx": -55.75829, "ly": -15.42681}, "geometry": {"type": "MultiPolygon", "coordinates": [[[[-55.7591, -15.40445], [-55.7591, -15.40498], [-55.75829, -15.40579], [-55.75749, -15.40606], [-55.75722, -15.40579], [-55.75641, -15.4066], [-55.7556, -15.40633], [-55.75479, -15.40552], [-55.75291, -15.40579], [-55.75237, -15.40525], [-55.75129, -15.40498], [-55.74967, -15.4066], [-55.74913, -15.4066], [-55.74859, -15.40714], [-55.74886, -15.40741], [-55.74859, -15.40768], [-55.74886, -15.40795], [-55.74859, -15.40822], [-55.74859, -15.4101], [-55.74886, -15.41037], [-55.74886, -15.41226], [-55.74725, -15.41388], [-55.74832, -15.41496], [-55.7494, -15.41496], [-55.75075, -15.41603], [-55.75075, -15.41684], [-55.75102, -15.41711], [-55.75048, -15.41765], [-55.75048, -15.41819], [-55.74859, -15.42008], [-55.74832, -15.42088], [-55.74859, -15.42115], [-55.74805, -15.42196], [-55.74832, -15.42223], [-55.74725, -15.42439], [-55.74752, -15.4252], [-55.74401, -15.42897], [-55.74428, -15.42951], [-55.74078, -15.43274], [-55.7397, -15.43328], [-55.73862, -15.4322], [-55.73835, -15.43247], [-55.73727, -15.43247], [-55.737, -15.4322], [-55.73647, -15.43247], [-55.73647, -15.43436], [-55.73539, -15.43598], [-55.73539, -15.43894], [-55.73566, -15.43921], [-55.73539, -15.43948], [-55.73566, -15.43975], [-55.73512, -15.44083], [-55.73188, -15.44406], [-55.73135, -15.44487], [-55.73161, -15.44514], [-55.73027, -15.44703], [-55.7273, -15.44999], [-55.72676, -15.45188], [-55.72596, -15.45268], [-55.72569, -15.4543], [-55.72623, -15.45484], [-55.73269, -15.4481], [-55.73323, -15.44837], [-55.73404, -15.44756], [-55.73539, -15.44891], [-55.73674, -15.44945], [-55.737, -15.44918], [-55.73808, -15.45026], [-55.73916, -15.45053], [-55.74051, -15.45188], [-55.74105, -15.45215], [-55.74239, -15.45215], [-55.7432, -15.45134], [-55.74293, -15.45053], [-55.74347, -15.44891], [-55.74482, -15.44676], [-55.74455, -15.44649], [-55.74482, -15.44622], [-55.74482, -15.44514], [-55.74536, -15.4446], [-55.74509, -15.44406], [-55.74617, -15.44298], [-55.74617, -15.44244], [-55.74563, -15.4419], [-55.75129, -15.43625], [-55.75371, -15.43786], [-55.75425, -15.43732], [-55.75479, -15.43786], [-55.75533, -15.43786], [-55.75587, -15.43732], [-55.75641, -15.43732], [-55.75749, -15.4384], [-55.75776, -15.43948], [-55.75829, -15.44002], [-55.75856, -15.4419], [-55.7591, -15.44244], [-55.75883, -15.44298], [-55.75937, -15.44352], [-55.75937, -15.44406], [-55.76045, -15.44298], [-55.76099, -15.44325], [-55.76153, -15.44271], [-55.76234, -15.44352], [-55.7653, -15.44325], [-55.76719, -15.44137], [-55.76854, -15.44083], [-55.76988, -15.43948], [-55.77096, -15.43948], [-55.77204, -15.4384], [-55.77204, -15.43786], [-55.77258, -15.43732], [-55.77204, -15.43544], [-55.77231, -15.43517], [-55.77231, -15.43166], [-55.77258, -15.43139], [-55.77204, -15.43086], [-55.77231, -15.43059], [-55.77204, -15.42978], [-55.77015, -15.42762], [-55.77042, -15.42681], [-55.76988, -15.42627], [-55.76907, -15.42439], [-55.76934, -15.42385], [-55.76827, -15.42277], [-55.76746, -15.42142], [-55.76773, -15.42088], [-55.76638, -15.41954], [-55.76665, -15.41927], [-55.76611, -15.41846], [-55.76449, -15.41684], [-55.76584, -15.4163], [-55.76638, -15.41576], [-55.76638, -15.41334], [-55.76746, -15.41199], [-55.76611, -15.41064], [-55.7653, -15.4093], [-55.76449, -15.40957], [-55.76234, -15.40822], [-55.76099, -15.4093], [-55.76045, -15.40876], [-55.76045, -15.40795], [-55.76072, -15.40768], [-55.75991, -15.40525], [-55.7591, -15.40445]]]]}}, {"type": "Feature", "properties": {"nome": "Microbacia sem nome", "area": 19.87, "urb": 5.14, "pct_urb": 25.9, "lx": -55.77689, "ly": -15.45727}, "geometry": {"type": "MultiPolygon", "coordinates": [[[[-55.79441, -15.43598], [-55.79198, -15.4384], [-55.79144, -15.43786], [-55.79117, -15.43652], [-55.7901, -15.43544], [-55.78956, -15.43625], [-55.78794, -15.43652], [-55.78632, -15.43463], [-55.78605, -15.43382], [-55.78417, -15.43193], [-55.78282, -15.43193], [-55.78228, -15.43139], [-55.78201, -15.43166], [-55.78039, -15.43139], [-55.77905, -15.43193], [-55.77824, -15.43166], [-55.77716, -15.4322], [-55.77662, -15.43166], [-55.77635, -15.43193], [-55.77608, -15.43166], [-55.775, -15.43247], [-55.77446, -15.43247], [-55.77258, -15.43409], [-55.77231, -15.43571], [-55.77285, -15.43732], [-55.77231, -15.43786], [-55.77231, -15.4384], [-55.77096, -15.43975], [-55.76988, -15.43975], [-55.76854, -15.4411], [-55.76719, -15.44164], [-55.7653, -15.44352], [-55.76234, -15.44379], [-55.76153, -15.44298], [-55.76099, -15.44352], [-55.76045, -15.44325], [-55.75937, -15.44433], [-55.7591, -15.44514], [-55.75829, -15.44568], [-55.75776, -15.44568], [-55.75264, -15.45107], [-55.75264, -15.45188], [-55.7521, -15.45242], [-55.75237, -15.45349], [-55.7521, -15.4543], [-55.75291, -15.45511], [-55.75237, -15.45619], [-55.75291, -15.45673], [-55.75291, -15.45754], [-55.74967, -15.46104], [-55.75129, -15.46239], [-55.75237, -15.46373], [-55.75506, -15.46535], [-55.75452, -15.46616], [-55.75479, -15.46697], [-55.75398, -15.46751], [-55.75344, -15.46832], [-55.75506, -15.4702], [-55.75587, -15.46993], [-55.75641, -15.47047], [-55.75641, -15.47263], [-55.75614, -15.47317], [-55.75668, -15.47397], [-55.75749, -15.47371], [-55.75856, -15.47263], [-55.76099, -15.47263], [-55.76261, -15.47182], [-55.76288, -15.47209], [-55.76368, -15.47209], [-55.76476, -15.47155], [-55.7653, -15.47209], [-55.76584, -15.47209], [-55.76746, -15.4729], [-55.76827, -15.47263], [-55.76881, -15.4729], [-55.76907, -15.47263], [-55.77042, -15.47371], [-55.77069, -15.47451], [-55.77204, -15.47586], [-55.77204, -15.4764], [-55.77473, -15.47748], [-55.77554, -15.47856], [-55.77662, -15.47856], [-55.77689, -15.47883], [-55.7812, -15.47883], [-55.78336, -15.47802], [-55.78363, -15.47829], [-55.78444, -15.47829], [-55.78497, -15.47883], [-55.78794, -15.47667], [-55.79225, -15.47694], [-55.7936, -15.47586], [-55.79683, -15.47424], [-55.80088, -15.47424], [-55.80168, -15.47397], [-55.80303, -15.47451], [-55.80357, -15.47424], [-55.80411, -15.47451], [-55.80653, -15.4729], [-55.80734, -15.47317], [-55.80761, -15.4729], [-55.80573, -15.47101], [-55.80519, -15.47101], [-55.80357, -15.46885], [-55.80168, -15.46778], [-55.80034, -15.46643], [-55.79872, -15.46589], [-55.79845, -15.46562], [-55.79845, -15.46454], [-55.79549, -15.46104], [-55.79629, -15.45942], [-55.79602, -15.45861], [-55.79629, -15.45807], [-55.79602, -15.45781], [-55.79602, -15.457], [-55.79522, -15.45592], [-55.79495, -15.4508], [-55.79575, -15.44864], [-55.79602, -15.44541], [-55.79656, -15.44406], [-55.79629, -15.44379], [-55.79683, -15.44244], [-55.79683, -15.44083], [-55.79333, -15.43705], [-55.79441, -15.43598]]]]}}, {"type": "Feature", "properties": {"nome": "Afluente s/n do Córrego do Nicolau", "area": 3.2, "urb": 0.89, "pct_urb": 28.0, "lx": -56.06525, "ly": -15.4888}, "geometry": {"type": "MultiPolygon", "coordinates": [[[[-56.07306, -15.47775], [-56.07145, -15.47802], [-56.07118, -15.47775], [-56.07145, -15.47748], [-56.07064, -15.47748], [-56.07037, -15.47721], [-56.0701, -15.47748], [-56.06902, -15.47748], [-56.06821, -15.47829], [-56.06714, -15.47829], [-56.06498, -15.48017], [-56.0639, -15.48044], [-56.06363, -15.48017], [-56.06363, -15.48098], [-56.06067, -15.48368], [-56.05986, -15.48341], [-56.05932, -15.48395], [-56.05824, -15.48395], [-56.05743, -15.48449], [-56.05663, -15.48449], [-56.05636, -15.48529], [-56.05474, -15.48664], [-56.05447, -15.48772], [-56.05339, -15.48907], [-56.05447, -15.48988], [-56.05447, -15.49068], [-56.05528, -15.49149], [-56.05582, -15.49149], [-56.05689, -15.49257], [-56.05932, -15.4923], [-56.05986, -15.49284], [-56.05986, -15.49338], [-56.06148, -15.495], [-56.06175, -15.4958], [-56.06309, -15.49715], [-56.06363, -15.49715], [-56.06444, -15.49796], [-56.06525, -15.49823], [-56.06606, -15.49796], [-56.06633, -15.49715], [-56.06741, -15.49607], [-56.06848, -15.4958], [-56.07145, -15.49257], [-56.07199, -15.49311], [-56.07414, -15.49338], [-56.07441, -15.49365], [-56.07522, -15.49284], [-56.07576, -15.49311], [-56.0763, -15.49284], [-56.07711, -15.49338], [-56.07711, -15.49176], [-56.07738, -15.49149], [-56.07657, -15.49068], [-56.07684, -15.48988], [-56.07603, -15.48907], [-56.07522, -15.48907], [-56.07441, -15.48853], [-56.07253, -15.48637], [-56.07226, -15.48449], [-56.07253, -15.48422], [-56.07172, -15.48233], [-56.07172, -15.48071], [-56.07306, -15.47936], [-56.07333, -15.47802], [-56.07306, -15.47775]]]]}}, {"type": "Feature", "properties": {"nome": "Afluente s/n do Rio Bandeira", "area": 5.76, "urb": 0.08, "pct_urb": 1.5, "lx": -56.08843, "ly": -15.49661}, "geometry": {"type": "MultiPolygon", "coordinates": [[[[-56.10406, -15.48017], [-56.10325, -15.47963], [-56.10244, -15.4799], [-56.10163, -15.4791], [-56.10001, -15.47883], [-56.09948, -15.47963], [-56.09894, -15.47936], [-56.09813, -15.47936], [-56.09786, -15.47963], [-56.09705, -15.47936], [-56.09678, -15.47963], [-56.09516, -15.47963], [-56.09489, -15.47936], [-56.09328, -15.48098], [-56.09274, -15.48044], [-56.0922, -15.48044], [-56.09166, -15.48206], [-56.09139, -15.48475], [-56.09085, -15.48529], [-56.09085, -15.48637], [-56.08923, -15.48745], [-56.08843, -15.48718], [-56.08789, -15.48745], [-56.08627, -15.48934], [-56.08519, -15.48907], [-56.08492, -15.48934], [-56.08411, -15.48934], [-56.08304, -15.49041], [-56.08196, -15.49041], [-56.08088, -15.48961], [-56.0798, -15.48961], [-56.07738, -15.49176], [-56.07738, -15.49338], [-56.07711, -15.49365], [-56.0763, -15.49311], [-56.07576, -15.49338], [-56.07522, -15.49311], [-56.07441, -15.49392], [-56.07414, -15.49365], [-56.07199, -15.49338], [-56.07145, -15.49284], [-56.07064, -15.49365], [-56.07091, -15.49446], [-56.07064, -15.495], [-56.07145, -15.49661], [-56.07145, -15.49742], [-56.07118, -15.49769], [-56.07145, -15.49823], [-56.07118, -15.49877], [-56.07199, -15.49931], [-56.0728, -15.49931], [-56.0736, -15.50012], [-56.07387, -15.49985], [-56.07549, -15.50039], [-56.07603, -15.50092], [-56.07711, -15.50092], [-56.07845, -15.50227], [-56.0798, -15.50281], [-56.08061, -15.50362], [-56.08088, -15.50335], [-56.08196, -15.50416], [-56.08411, -15.50443], [-56.08465, -15.50389], [-56.086, -15.50389], [-56.08735, -15.5047], [-56.08789, -15.5047], [-56.08843, -15.50524], [-56.08977, -15.50551], [-56.09139, -15.50685], [-56.09355, -15.50658], [-56.09382, -15.50685], [-56.09435, -15.50658], [-56.09813, -15.50308], [-56.09759, -15.50227], [-56.09786, -15.50173], [-56.09759, -15.50146], [-56.09759, -15.50039], [-56.09705, -15.49985], [-56.09759, -15.49931], [-56.09732, -15.49904], [-56.09759, -15.4985], [-56.09732, -15.49823], [-56.09732, -15.49715], [-56.09678, -15.4958], [-56.09597, -15.495], [-56.09813, -15.49284], [-56.09786, -15.49257], [-56.0984, -15.49203], [-56.09813, -15.49122], [-56.0984, -15.49041], [-56.09813, -15.48988], [-56.09974, -15.48799], [-56.10055, -15.48745], [-56.1019, -15.4888], [-56.10406, -15.48691], [-56.10379, -15.48556], [-56.10486, -15.48449], [-56.10513, -15.48395], [-56.10486, -15.48368], [-56.10513, -15.48341], [-56.1046, -15.4826], [-56.10486, -15.48179], [-56.10406, -15.48017]]]]}}, {"type": "Feature", "properties": {"nome": "Afluente s/n do Córrego das Pedras", "area": 14.49, "urb": 3.0, "pct_urb": 20.7, "lx": -55.75156, "ly": -15.48718}, "geometry": {"type": "MultiPolygon", "coordinates": [[[[-55.72569, -15.48179], [-55.72676, -15.48287], [-55.72623, -15.48395], [-55.72676, -15.48529], [-55.72596, -15.4861], [-55.72623, -15.48637], [-55.72488, -15.48772], [-55.72515, -15.48826], [-55.72488, -15.48853], [-55.72569, -15.48961], [-55.72488, -15.49068], [-55.72515, -15.49122], [-55.72569, -15.49122], [-55.72703, -15.4923], [-55.72838, -15.49257], [-55.72919, -15.49311], [-55.73161, -15.49284], [-55.73215, -15.49338], [-55.7335, -15.49392], [-55.73404, -15.49365], [-55.7362, -15.49365], [-55.73647, -15.49392], [-55.73889, -15.49419], [-55.74051, -15.495], [-55.74347, -15.49796], [-55.74482, -15.49985], [-55.74617, -15.50039], [-55.74671, -15.50092], [-55.74725, -15.50227], [-55.74725, -15.5047], [-55.74832, -15.50604], [-55.74967, -15.50712], [-55.74967, -15.50928], [-55.75048, -15.51009], [-55.74994, -15.5109], [-55.75048, -15.51143], [-55.75021, -15.51224], [-55.75048, -15.51251], [-55.75048, -15.51359], [-55.7494, -15.51467], [-55.74994, -15.51521], [-55.74967, -15.51575], [-55.75075, -15.51629], [-55.75156, -15.51548], [-55.75237, -15.51548], [-55.75317, -15.51467], [-55.75371, -15.51494], [-55.75425, -15.51467], [-55.75668, -15.51709], [-55.75722, -15.51817], [-55.75856, -15.51871], [-55.75937, -15.51871], [-55.76126, -15.51979], [-55.76207, -15.51979], [-55.76288, -15.52033], [-55.76342, -15.52033], [-55.7653, -15.52248], [-55.76584, -15.52275], [-55.76907, -15.52302], [-55.76934, -15.52329], [-55.76988, -15.52275], [-55.77096, -15.52248], [-55.77123, -15.52275], [-55.7715, -15.52248], [-55.77204, -15.52302], [-55.76934, -15.51979], [-55.76854, -15.52033], [-55.76746, -15.51925], [-55.76719, -15.51763], [-55.76422, -15.51413], [-55.76422, -15.51359], [-55.76288, -15.5117], [-55.76288, -15.5109], [-55.76072, -15.50901], [-55.75991, -15.50901], [-55.75856, -15.50793], [-55.75803, -15.50604], [-55.75829, -15.50551], [-55.75668, -15.50362], [-55.75668, -15.50254], [-55.75776, -15.50092], [-55.75776, -15.49985], [-55.75829, -15.49904], [-55.76153, -15.49607], [-55.76422, -15.49419], [-55.76476, -15.49419], [-55.76557, -15.49365], [-55.76665, -15.49365], [-55.76854, -15.49311], [-55.76961, -15.49203], [-55.76934, -15.48934], [-55.76881, -15.4888], [-55.76907, -15.48718], [-55.77069, -15.48502], [-55.77312, -15.4826], [-55.7742, -15.48206], [-55.775, -15.48098], [-55.77554, -15.47883], [-55.77473, -15.47775], [-55.77204, -15.47667], [-55.77177, -15.47586], [-55.77042, -15.47451], [-55.77015, -15.47371], [-55.76907, -15.4729], [-55.76854, -15.47317], [-55.76773, -15.4729], [-55.76746, -15.47317], [-55.76584, -15.47236], [-55.7653, -15.47236], [-55.76476, -15.47182], [-55.76368, -15.47236], [-55.76288, -15.47236], [-55.76261, -15.47209], [-55.76099, -15.4729], [-55.75856, -15.4729], [-55.75749, -15.47397], [-55.75668, -15.47424], [-55.75587, -15.47317], [-55.75614, -15.47263], [-55.75614, -15.47047], [-55.75587, -15.4702], [-55.75452, -15.47128], [-55.75452, -15.47263], [-55.75425, -15.4729], [-55.75398, -15.47263], [-55.75317, -15.47263], [-55.7521, -15.47182], [-55.75129, -15.47263], [-55.75129, -15.47317], [-55.74994, -15.47424], [-55.74886, -15.47344], [-55.74859, -15.47371], [-55.74805, -15.47344], [-55.74752, -15.47371], [-55.74671, -15.47344], [-55.74347, -15.47613], [-55.74239, -15.47559], [-55.74078, -15.47613], [-55.7397, -15.47505], [-55.73943, -15.47532], [-55.73862, -15.47505], [-55.73458, -15.47883], [-55.73404, -15.47963], [-55.73323, -15.47936], [-55.73242, -15.47963], [-55.73215, -15.47936], [-55.73027, -15.4799], [-55.72973, -15.47963], [-55.72946, -15.4799], [-55.72919, -15.47963], [-55.72892, -15.4799], [-55.72811, -15.4799], [-55.72676, -15.48071], [-55.72569, -15.48179]]]]}}, {"type": "Feature", "properties": {"nome": "Afluente s/n do Córrego do Vovô", "area": 17.73, "urb": 10.27, "pct_urb": 57.9, "lx": -56.05258, "ly": -15.50847}, "geometry": {"type": "MultiPolygon", "coordinates": [[[[-56.01997, -15.49041], [-56.0197, -15.49122], [-56.02024, -15.49203], [-56.01782, -15.49446], [-56.01809, -15.49553], [-56.01782, -15.4958], [-56.01782, -15.49715], [-56.02051, -15.49931], [-56.02159, -15.49958], [-56.02267, -15.50065], [-56.0224, -15.50092], [-56.02429, -15.502], [-56.0259, -15.50389], [-56.02698, -15.50443], [-56.02806, -15.50443], [-56.0286, -15.50524], [-56.0286, -15.50578], [-56.02968, -15.50685], [-56.03048, -15.50685], [-56.03372, -15.51009], [-56.03426, -15.51143], [-56.0348, -15.51197], [-56.0348, -15.51305], [-56.0383, -15.51655], [-56.03911, -15.51629], [-56.04126, -15.51817], [-56.04153, -15.51925], [-56.04369, -15.52141], [-56.0445, -15.52329], [-56.04342, -15.52437], [-56.04342, -15.52518], [-56.04315, -15.52545], [-56.04342, -15.52572], [-56.04342, -15.52707], [-56.04288, -15.52787], [-56.04234, -15.52787], [-56.04234, -15.52841], [-56.04315, -15.52949], [-56.04396, -15.53003], [-56.04396, -15.53057], [-56.0445, -15.53111], [-56.04396, -15.53192], [-56.04396, -15.53272], [-56.04585, -15.53326], [-56.04558, -15.53353], [-56.04612, -15.53434], [-56.04612, -15.53488], [-56.04665, -15.53542], [-56.04665, -15.53596], [-56.04773, -15.53704], [-56.04908, -15.53758], [-56.04935, -15.53731], [-56.05312, -15.53704], [-56.05528, -15.53488], [-56.05663, -15.53461], [-56.05824, -15.53326], [-56.05932, -15.53326], [-56.05959, -15.53353], [-56.06094, -15.53272], [-56.06148, -15.53299], [-56.06525, -15.52895], [-56.06606, -15.52895], [-56.06741, -15.52976], [-56.06848, -15.52868], [-56.06902, -15.52922], [-56.06983, -15.52895], [-56.07037, -15.52922], [-56.07091, -15.52868], [-56.06821, -15.52572], [-56.06794, -15.52464], [-56.06741, -15.5241], [-56.06821, -15.52356], [-56.06794, -15.52329], [-56.06794, -15.52114], [-56.06848, -15.5206], [-56.06741, -15.51952], [-56.06767, -15.51871], [-56.06741, -15.51844], [-56.06741, -15.51682], [-56.06687, -15.51629], [-56.06794, -15.51521], [-56.06767, -15.51413], [-56.06821, -15.51278], [-56.06794, -15.51251], [-56.06794, -15.51143], [-56.06875, -15.51063], [-56.06929, -15.51063], [-56.07037, -15.50955], [-56.06956, -15.50874], [-56.06956, -15.50766], [-56.06848, -15.50766], [-56.06714, -15.50604], [-56.06767, -15.50524], [-56.06767, -15.5047], [-56.06821, -15.50416], [-56.06794, -15.50362], [-56.06794, -15.50119], [-56.06741, -15.50065], [-56.06821, -15.49985], [-56.06875, -15.49985], [-56.06929, -15.49931], [-56.07091, -15.49877], [-56.07118, -15.49823], [-56.07091, -15.49769], [-56.07118, -15.49742], [-56.07118, -15.49661], [-56.07037, -15.495], [-56.07064, -15.49392], [-56.06875, -15.49553], [-56.06848, -15.49607], [-56.06741, -15.49634], [-56.06579, -15.4985], [-56.06444, -15.49823], [-56.06363, -15.49742], [-56.06309, -15.49742], [-56.06148, -15.4958], [-56.06121, -15.495], [-56.05959, -15.49338], [-56.05932, -15.49257], [-56.05689, -15.49284], [-56.0542, -15.49068], [-56.0542, -15.48988], [-56.05393, -15.48961], [-56.05258, -15.49041], [-56.05097, -15.49041], [-56.04935, -15.48961], [-56.04746, -15.49014], [-56.04638, -15.49014], [-56.04396, -15.4923], [-56.04342, -15.4923], [-56.04288, -15.49176], [-56.04234, -15.49176], [-56.0418, -15.49095], [-56.04126, -15.49122], [-56.0383, -15.48853], [-56.03776, -15.4888], [-56.03614, -15.48826], [-56.03587, -15.48853], [-56.03507, -15.48826], [-56.03426, -15.48745], [-56.03264, -15.48907], [-56.03156, -15.48934], [-56.03021, -15.49068], [-56.02914, -15.49068], [-56.02752, -15.48961], [-56.02806, -15.49095], [-56.02779, -15.49122], [-56.02779, -15.4923], [-56.02806, -15.49284], [-56.02779, -15.49311], [-56.02483, -15.49284], [-56.02402, -15.4923], [-56.02267, -15.4923], [-56.02186, -15.49122], [-56.01997, -15.49041]]]]}}, {"type": "Feature", "properties": {"nome": "Afluente s/n do Córrego do Vovô", "area": 2.02, "urb": 2.02, "pct_urb": 100.0, "lx": -56.0639, "ly": -15.53623}, "geometry": {"type": "MultiPolygon", "coordinates": [[[[-56.06956, -15.52949], [-56.06929, -15.52922], [-56.06902, -15.52949], [-56.06848, -15.52895], [-56.06714, -15.53003], [-56.06606, -15.52922], [-56.06525, -15.52922], [-56.06148, -15.53326], [-56.06094, -15.53299], [-56.05959, -15.5338], [-56.05932, -15.53353], [-56.05824, -15.53353], [-56.05663, -15.53488], [-56.05528, -15.53515], [-56.05312, -15.53731], [-56.04962, -15.53758], [-56.04935, -15.53892], [-56.04854, -15.53973], [-56.04962, -15.54054], [-56.05204, -15.5435], [-56.05339, -15.54458], [-56.05393, -15.5462], [-56.05447, -15.54674], [-56.05582, -15.54674], [-56.05689, -15.54566], [-56.05663, -15.54539], [-56.05797, -15.54404], [-56.05824, -15.54323], [-56.05797, -15.54243], [-56.05689, -15.54135], [-56.05932, -15.53865], [-56.05986, -15.53919], [-56.0604, -15.53892], [-56.06282, -15.54054], [-56.0639, -15.54027], [-56.06417, -15.54054], [-56.06498, -15.54054], [-56.06633, -15.53919], [-56.0666, -15.53946], [-56.06848, -15.53758], [-56.06929, -15.53731], [-56.06902, -15.53569], [-56.07064, -15.53407], [-56.0701, -15.53326], [-56.07037, -15.53299], [-56.0701, -15.53246], [-56.06875, -15.53111], [-56.06929, -15.5303], [-56.06902, -15.53003], [-56.06956, -15.52949]]]]}}, {"type": "Feature", "properties": {"nome": "Afluente s/n do Ribeirão do Lipa", "area": 6.09, "urb": 0.3, "pct_urb": 4.9, "lx": -56.07819, "ly": -15.51332}, "geometry": {"type": "MultiPolygon", "coordinates": [[[[-56.07064, -15.49904], [-56.06983, -15.49958], [-56.06929, -15.49958], [-56.06875, -15.50012], [-56.06821, -15.50012], [-56.06767, -15.50065], [-56.06821, -15.50119], [-56.06821, -15.50362], [-56.06848, -15.50416], [-56.06794, -15.5047], [-56.06741, -15.50631], [-56.06848, -15.50739], [-56.06956, -15.50739], [-56.06983, -15.50766], [-56.06983, -15.50874], [-56.07064, -15.50955], [-56.06929, -15.5109], [-56.06875, -15.5109], [-56.06821, -15.51143], [-56.06794, -15.51117], [-56.06848, -15.51278], [-56.06794, -15.51413], [-56.06821, -15.51521], [-56.06714, -15.51629], [-56.06767, -15.51682], [-56.06794, -15.51925], [-56.06767, -15.51952], [-56.06875, -15.5206], [-56.06821, -15.52114], [-56.06821, -15.52329], [-56.06848, -15.52356], [-56.06767, -15.5241], [-56.06848, -15.52518], [-56.06848, -15.52572], [-56.0701, -15.5276], [-56.07333, -15.52976], [-56.07414, -15.52895], [-56.0763, -15.52841], [-56.08088, -15.5241], [-56.08142, -15.52329], [-56.08115, -15.52302], [-56.08277, -15.52087], [-56.08384, -15.52006], [-56.08438, -15.52006], [-56.08573, -15.51817], [-56.08654, -15.51763], [-56.08708, -15.51763], [-56.0887, -15.51602], [-56.09031, -15.51629], [-56.09166, -15.51575], [-56.09247, -15.51494], [-56.09328, -15.51494], [-56.09355, -15.51521], [-56.09489, -15.5144], [-56.09543, -15.51332], [-56.09516, -15.51251], [-56.09543, -15.51197], [-56.09301, -15.50955], [-56.09382, -15.50874], [-56.09355, -15.50847], [-56.09355, -15.50685], [-56.09139, -15.50712], [-56.08977, -15.50578], [-56.08843, -15.50551], [-56.08789, -15.50497], [-56.08735, -15.50497], [-56.086, -15.50416], [-56.08465, -15.50416], [-56.08411, -15.5047], [-56.08196, -15.50443], [-56.08088, -15.50362], [-56.08061, -15.50389], [-56.0798, -15.50308], [-56.07845, -15.50254], [-56.07711, -15.50119], [-56.07603, -15.50119], [-56.07549, -15.50065], [-56.07387, -15.50012], [-56.0736, -15.50039], [-56.0728, -15.49958], [-56.07199, -15.49958], [-56.07118, -15.49904], [-56.07064, -15.49904]]]]}}, {"type": "Feature", "properties": {"nome": "Afluente s/n do Rio Cuiabá", "area": 2.16, "urb": 1.83, "pct_urb": 85.0, "lx": -56.17844, "ly": -15.52221}, "geometry": {"type": "MultiPolygon", "coordinates": [[[[-56.18544, -15.51979], [-56.1849, -15.51952], [-56.18437, -15.51844], [-56.18383, -15.51817], [-56.18329, -15.51736], [-56.18302, -15.51602], [-56.18329, -15.51575], [-56.18302, -15.51548], [-56.18356, -15.51494], [-56.18356, -15.5144], [-56.18248, -15.51413], [-56.18221, -15.5144], [-56.18113, -15.5144], [-56.18086, -15.51413], [-56.18032, -15.51467], [-56.17871, -15.51467], [-56.17844, -15.5144], [-56.1779, -15.51521], [-56.1779, -15.51575], [-56.17682, -15.51682], [-56.17547, -15.51629], [-56.1752, -15.51736], [-56.17305, -15.51925], [-56.17224, -15.51844], [-56.17143, -15.51844], [-56.16954, -15.52033], [-56.1682, -15.52033], [-56.16658, -15.51898], [-56.16577, -15.5206], [-56.16847, -15.52356], [-56.17035, -15.5241], [-56.17062, -15.52464], [-56.17035, -15.52491], [-56.17035, -15.5268], [-56.17116, -15.5276], [-56.1717, -15.52707], [-56.17305, -15.52733], [-56.17359, -15.5268], [-56.17574, -15.52707], [-56.17682, -15.52814], [-56.17736, -15.52922], [-56.17709, -15.52976], [-56.17763, -15.5303], [-56.17898, -15.52895], [-56.17925, -15.52922], [-56.17978, -15.52868], [-56.18275, -15.52841], [-56.18383, -15.52733], [-56.18464, -15.52599], [-56.18356, -15.52491], [-56.18356, -15.52383], [-56.18517, -15.52194], [-56.18517, -15.52006], [-56.18544, -15.51979]]]]}}, {"type": "Feature", "properties": {"nome": "Microbacia sem nome", "area": 19.65, "urb": 0.34, "pct_urb": 1.7, "lx": -56.11834, "ly": -15.51871}, "geometry": {"type": "MultiPolygon", "coordinates": [[[[-56.09382, -15.50712], [-56.09382, -15.50847], [-56.09409, -15.50874], [-56.09328, -15.50955], [-56.0957, -15.51197], [-56.09543, -15.51305], [-56.0957, -15.51332], [-56.09543, -15.51413], [-56.09355, -15.51548], [-56.09328, -15.51521], [-56.09247, -15.51521], [-56.09166, -15.51602], [-56.0922, -15.51575], [-56.09328, -15.51655], [-56.09301, -15.51736], [-56.09409, -15.51844], [-56.09409, -15.51898], [-56.09462, -15.51952], [-56.09678, -15.52033], [-56.09813, -15.52141], [-56.09759, -15.52221], [-56.09786, -15.52329], [-56.09759, -15.52356], [-56.0984, -15.52491], [-56.09948, -15.5241], [-56.10082, -15.5241], [-56.1019, -15.52464], [-56.10298, -15.52437], [-56.10352, -15.52491], [-56.10675, -15.52599], [-56.10756, -15.52707], [-56.10729, -15.52868], [-56.10864, -15.5303], [-56.10945, -15.53192], [-56.11106, -15.53353], [-56.11106, -15.53407], [-56.11214, -15.53542], [-56.11457, -15.53299], [-56.11699, -15.53326], [-56.11753, -15.53299], [-56.11834, -15.53326], [-56.11915, -15.53246], [-56.11996, -15.53246], [-56.12211, -15.53326], [-56.12265, -15.53299], [-56.12427, -15.53326], [-56.12454, -15.53299], [-56.12535, -15.53299], [-56.12562, -15.53326], [-56.12723, -15.53326], [-56.12804, -15.53407], [-56.12885, -15.53434], [-56.13128, -15.53192], [-56.13181, -15.53192], [-56.13262, -15.53246], [-56.13316, -15.53192], [-56.1337, -15.53192], [-56.13532, -15.5338], [-56.13693, -15.5338], [-56.13963, -15.53758], [-56.14044, -15.53758], [-56.14071, -15.53785], [-56.14125, -15.53677], [-56.14098, -15.5365], [-56.14179, -15.53623], [-56.14259, -15.53704], [-56.14259, -15.53785], [-56.14313, -15.53838], [-56.1434, -15.53811], [-56.14502, -15.54], [-56.14556, -15.54], [-56.14637, -15.54054], [-56.14691, -15.54], [-56.14825, -15.54081], [-56.14906, -15.54081], [-56.1496, -15.54135], [-56.15122, -15.54162], [-56.15203, -15.54216], [-56.15257, -15.54162], [-56.15257, -15.54054], [-56.15337, -15.53973], [-56.15526, -15.54081], [-56.15499, -15.54027], [-56.15634, -15.53919], [-56.15715, -15.53811], [-56.15849, -15.53838], [-56.15957, -15.53731], [-56.15957, -15.53677], [-56.15876, -15.53569], [-56.15849, -15.5338], [-56.15957, -15.53246], [-56.1593, -15.53219], [-56.15849, -15.53219], [-56.15769, -15.53138], [-56.15769, -15.53057], [-56.15607, -15.52868], [-56.15607, -15.52814], [-56.15661, -15.5276], [-56.15661, -15.5268], [-56.15688, -15.52653], [-56.15661, -15.52626], [-56.15688, -15.52599], [-56.15607, -15.52437], [-56.15391, -15.52302], [-56.15337, -15.52302], [-56.15284, -15.52248], [-56.15418, -15.52087], [-56.15418, -15.52033], [-56.15472, -15.51952], [-56.15445, -15.51871], [-56.15095, -15.51548], [-56.1496, -15.51386], [-56.15014, -15.51224], [-56.14987, -15.51197], [-56.15176, -15.50982], [-56.15257, -15.50928], [-56.15203, -15.50847], [-56.15122, -15.50793], [-56.15068, -15.50793], [-56.14987, -15.50712], [-56.14987, -15.50658], [-56.14906, -15.50739], [-56.14771, -15.50739], [-56.14637, -15.50685], [-56.14529, -15.50685], [-56.14394, -15.50604], [-56.14259, -15.50604], [-56.14232, -15.50578], [-56.14179, -15.50658], [-56.14179, -15.50712], [-56.13855, -15.51036], [-56.13747, -15.51036], [-56.13559, -15.50955], [-56.13316, -15.50739], [-56.13316, -15.50685], [-56.1302, -15.50416], [-56.12858, -15.50389], [-56.12831, -15.50416], [-56.1275, -15.50416], [-56.12723, -15.50389], [-56.12669, -15.50416], [-56.12669, -15.50497], [-56.12562, -15.50578], [-56.12481, -15.50551], [-56.12346, -15.50685], [-56.12319, -15.50604], [-56.12346, -15.50524], [-56.12077, -15.50362], [-56.11915, -15.50389], [-56.11834, -15.5047], [-56.11726, -15.5047], [-56.11538, -15.50308], [-56.11484, -15.50308], [-56.1143, -15.50254], [-56.11376, -15.50308], [-56.11079, -15.50281], [-56.10945, -15.50173], [-56.10891, -15.50227], [-56.10783, -15.50254], [-56.10567, -15.5047], [-56.10513, -15.50497], [-56.10486, -15.5047], [-56.10352, -15.50551], [-56.10271, -15.50497], [-56.09974, -15.50739], [-56.09948, -15.50712], [-56.09867, -15.50712], [-56.09786, -15.50793], [-56.09732, -15.50793], [-56.09651, -15.50712], [-56.09597, -15.50739], [-56.09489, -15.50658], [-56.09382, -15.50712]]]]}}, {"type": "Feature", "properties": {"nome": "Afluente s/n do Ribeirão do Lipa", "area": 6.77, "urb": 2.48, "pct_urb": 36.7, "lx": -56.09301, "ly": -15.53326}, "geometry": {"type": "MultiPolygon", "coordinates": [[[[-56.0922, -15.51602], [-56.09166, -15.51629], [-56.09139, -15.51602], [-56.09031, -15.51655], [-56.0887, -15.51629], [-56.08708, -15.5179], [-56.08654, -15.5179], [-56.08519, -15.51898], [-56.08546, -15.51925], [-56.08438, -15.52033], [-56.08384, -15.52033], [-56.0825, -15.52141], [-56.08142, -15.52302], [-56.08169, -15.52329], [-56.08088, -15.52437], [-56.08169, -15.52599], [-56.08169, -15.5268], [-56.0825, -15.5276], [-56.08223, -15.52787], [-56.08223, -15.52895], [-56.0825, -15.52922], [-56.08223, -15.52949], [-56.08277, -15.53084], [-56.08277, -15.53219], [-56.08304, -15.53246], [-56.0825, -15.53434], [-56.08196, -15.53488], [-56.08277, -15.53569], [-56.08304, -15.5365], [-56.08277, -15.53731], [-56.08169, -15.53838], [-56.0825, -15.53946], [-56.08411, -15.54027], [-56.08438, -15.54081], [-56.08546, -15.54108], [-56.08654, -15.54243], [-56.08735, -15.54297], [-56.08789, -15.5427], [-56.08816, -15.54297], [-56.08789, -15.54539], [-56.08816, -15.54593], [-56.08923, -15.54485], [-56.09058, -15.54539], [-56.0922, -15.54377], [-56.09382, -15.5435], [-56.09516, -15.54243], [-56.09651, -15.54243], [-56.09705, -15.54297], [-56.09813, -15.54297], [-56.09867, -15.54243], [-56.09921, -15.54243], [-56.10055, -15.54162], [-56.10217, -15.54], [-56.10406, -15.54189], [-56.1046, -15.54162], [-56.10486, -15.54189], [-56.1081, -15.53811], [-56.10972, -15.53785], [-56.11025, -15.53731], [-56.11052, -15.53758], [-56.1116, -15.53758], [-56.11241, -15.53704], [-56.11241, -15.53623], [-56.11079, -15.53407], [-56.11079, -15.53353], [-56.10918, -15.53192], [-56.10837, -15.5303], [-56.10702, -15.52868], [-56.10729, -15.52707], [-56.10702, -15.52653], [-56.10486, -15.52545], [-56.10352, -15.52518], [-56.10298, -15.52464], [-56.1019, -15.52491], [-56.10082, -15.52437], [-56.09948, -15.52437], [-56.0984, -15.52518], [-56.09732, -15.52356], [-56.09759, -15.52275], [-56.09732, -15.52221], [-56.09786, -15.52141], [-56.0957, -15.52006], [-56.09462, -15.51979], [-56.09382, -15.51898], [-56.09382, -15.51844], [-56.09274, -15.51736], [-56.09301, -15.51655], [-56.0922, -15.51602]]]]}}, {"type": "Feature", "properties": {"nome": "Afluente s/n do Rio Coxipó", "area": 9.79, "urb": 1.03, "pct_urb": 10.5, "lx": -56.00219, "ly": -15.53542}, "geometry": {"type": "MultiPolygon", "coordinates": [[[[-56.02375, -15.51871], [-56.02078, -15.51548], [-56.02024, -15.51548], [-56.01944, -15.51602], [-56.01809, -15.51629], [-56.01701, -15.51736], [-56.01512, -15.51709], [-56.01324, -15.51871], [-56.01243, -15.51817], [-56.01108, -15.51925], [-56.00919, -15.52141], [-56.00785, -15.52168], [-56.00731, -15.52221], [-56.00677, -15.52194], [-56.0065, -15.52141], [-56.00569, -15.52221], [-56.00434, -15.52194], [-56.00461, -15.5241], [-56.0038, -15.52491], [-56.003, -15.5241], [-56.00246, -15.5241], [-56.00165, -15.52464], [-55.99922, -15.52464], [-55.99841, -15.52491], [-55.99815, -15.52464], [-55.99734, -15.52518], [-55.9968, -15.52518], [-55.99599, -15.52464], [-55.99518, -15.52464], [-55.99383, -15.52518], [-55.99329, -15.52572], [-55.99222, -15.52545], [-55.99114, -15.52599], [-55.99141, -15.52787], [-55.99033, -15.52922], [-55.9906, -15.5303], [-55.98952, -15.53138], [-55.98925, -15.53353], [-55.98898, -15.5338], [-55.98737, -15.53326], [-55.98629, -15.5338], [-55.98386, -15.5365], [-55.98332, -15.53623], [-55.98278, -15.5365], [-55.98224, -15.53731], [-55.98171, -15.53758], [-55.98251, -15.53919], [-55.98332, -15.53892], [-55.98413, -15.54], [-55.98386, -15.54054], [-55.98305, -15.54081], [-55.98305, -15.54135], [-55.98198, -15.54216], [-55.98171, -15.5427], [-55.98117, -15.54297], [-55.9809, -15.54377], [-55.98117, -15.54458], [-55.98278, -15.54431], [-55.98332, -15.54512], [-55.98332, -15.54647], [-55.98251, -15.54755], [-55.98251, -15.54836], [-55.98359, -15.54916], [-55.98305, -15.55024], [-55.98171, -15.55024], [-55.98117, -15.55051], [-55.98144, -15.55078], [-55.9809, -15.55132], [-55.98171, -15.55213], [-55.98224, -15.55213], [-55.98413, -15.55051], [-55.98413, -15.5497], [-55.98494, -15.54916], [-55.98629, -15.55051], [-55.98737, -15.55024], [-55.98817, -15.54943], [-55.98925, -15.54997], [-55.98979, -15.54943], [-55.98952, -15.54916], [-55.98979, -15.54862], [-55.98952, -15.54809], [-55.98979, -15.54782], [-55.99033, -15.54782], [-55.99114, -15.54701], [-55.99302, -15.54728], [-55.99329, -15.54701], [-55.9941, -15.54701], [-55.99464, -15.54728], [-55.99734, -15.54458], [-55.99761, -15.54512], [-55.99868, -15.54539], [-55.99922, -15.54593], [-56.00057, -15.54593], [-56.00138, -15.54701], [-56.00192, -15.54647], [-56.00327, -15.54647], [-56.00354, -15.54674], [-56.00407, -15.54647], [-56.00488, -15.54728], [-56.00596, -15.54755], [-56.00704, -15.54701], [-56.00812, -15.54566], [-56.00812, -15.54512], [-56.00866, -15.54485], [-56.01135, -15.54189], [-56.01189, -15.54216], [-56.01216, -15.54189], [-56.01431, -15.54189], [-56.01539, -15.54135], [-56.01539, -15.54054], [-56.0162, -15.53946], [-56.01593, -15.53919], [-56.01755, -15.53758], [-56.01809, -15.53515], [-56.01755, -15.5338], [-56.01755, -15.53272], [-56.01782, -15.53246], [-56.01863, -15.53246], [-56.01944, -15.53165], [-56.01997, -15.53165], [-56.01944, -15.53057], [-56.01997, -15.52976], [-56.01997, -15.52922], [-56.02186, -15.52707], [-56.02159, -15.5268], [-56.02213, -15.52599], [-56.02348, -15.52599], [-56.02483, -15.52437], [-56.02321, -15.52221], [-56.02348, -15.52141], [-56.02267, -15.5206], [-56.02294, -15.52033], [-56.02267, -15.51979], [-56.02294, -15.51925], [-56.02375, -15.51871]]]]}}, {"type": "Feature", "properties": {"nome": "Afluente s/n do Ribeirão do Lipa", "area": 3.14, "urb": 3.14, "pct_urb": 100.0, "lx": -56.10702, "ly": -15.54836}, "geometry": {"type": "MultiPolygon", "coordinates": [[[[-56.11025, -15.53758], [-56.10972, -15.53811], [-56.1081, -15.53838], [-56.10486, -15.54216], [-56.10433, -15.54189], [-56.10406, -15.54216], [-56.10217, -15.54027], [-56.10055, -15.54189], [-56.09921, -15.5427], [-56.09948, -15.54593], [-56.09894, -15.54647], [-56.09813, -15.54647], [-56.09759, -15.54755], [-56.09759, -15.54836], [-56.0984, -15.54943], [-56.09678, -15.55105], [-56.09651, -15.55294], [-56.0957, -15.55401], [-56.0984, -15.55671], [-56.09921, -15.55671], [-56.10055, -15.55806], [-56.10163, -15.55779], [-56.10217, -15.55725], [-56.10271, -15.55752], [-56.10352, -15.55617], [-56.10513, -15.55482], [-56.10567, -15.55563], [-56.10621, -15.55563], [-56.10756, -15.55698], [-56.1081, -15.55644], [-56.10864, -15.55644], [-56.10918, -15.55698], [-56.10945, -15.55671], [-56.11133, -15.55752], [-56.11025, -15.55644], [-56.11052, -15.55617], [-56.11052, -15.55536], [-56.11241, -15.55321], [-56.11457, -15.55132], [-56.11376, -15.55051], [-56.11511, -15.54997], [-56.11538, -15.54674], [-56.11484, -15.54566], [-56.11484, -15.54485], [-56.11376, -15.54377], [-56.11403, -15.54297], [-56.11241, -15.54135], [-56.11241, -15.54054], [-56.11187, -15.53919], [-56.11079, -15.53785], [-56.11025, -15.53758]]]]}}, {"type": "Feature", "properties": {"nome": "Afluente s/n do Córrego Ouro Fino", "area": 2.07, "urb": 2.07, "pct_urb": 100.0, "lx": -56.08142, "ly": -15.55806}, "geometry": {"type": "MultiPolygon", "coordinates": [[[[-56.07253, -15.55078], [-56.07253, -15.55132], [-56.07414, -15.55321], [-56.0736, -15.55375], [-56.07333, -15.55509], [-56.07172, -15.55644], [-56.07765, -15.56183], [-56.07819, -15.56183], [-56.07899, -15.56237], [-56.0798, -15.56237], [-56.08034, -15.56291], [-56.08061, -15.56264], [-56.08142, -15.56372], [-56.08196, -15.56372], [-56.08331, -15.56533], [-56.08411, -15.5656], [-56.08546, -15.56426], [-56.08519, -15.56345], [-56.08573, -15.56291], [-56.08573, -15.5621], [-56.08627, -15.56156], [-56.08708, -15.56156], [-56.08816, -15.56237], [-56.0887, -15.56237], [-56.08977, -15.56129], [-56.09085, -15.56102], [-56.09112, -15.56048], [-56.09193, -15.56048], [-56.09274, -15.55967], [-56.09274, -15.55914], [-56.09247, -15.5594], [-56.09139, -15.55806], [-56.09166, -15.55779], [-56.08977, -15.5559], [-56.08923, -15.55482], [-56.08816, -15.55375], [-56.08546, -15.55321], [-56.08438, -15.55428], [-56.08384, -15.55375], [-56.08223, -15.55348], [-56.08142, -15.55294], [-56.08007, -15.55294], [-56.07899, -15.55186], [-56.07845, -15.55213], [-56.07819, -15.55186], [-56.07738, -15.55186], [-56.07657, -15.55105], [-56.07576, -15.55105], [-56.07522, -15.55051], [-56.07441, -15.55051], [-56.0736, -15.54997], [-56.07333, -15.55024], [-56.07306, -15.54997], [-56.07253, -15.55078]]]]}}, {"type": "Feature", "properties": {"nome": "Afluente s/n do Rio Cuiabá", "area": 2.45, "urb": 0.86, "pct_urb": 35.0, "lx": -56.1496, "ly": -15.56803}, "geometry": {"type": "MultiPolygon", "coordinates": [[[[-56.14017, -15.56965], [-56.14098, -15.56965], [-56.14206, -15.57018], [-56.14583, -15.57369], [-56.14556, -15.57396], [-56.14691, -15.57504], [-56.14798, -15.57504], [-56.14825, -15.5745], [-56.15014, -15.57342], [-56.15095, -15.57342], [-56.1523, -15.5745], [-56.15445, -15.57234], [-56.15472, -15.57153], [-56.1558, -15.57153], [-56.15634, -15.57099], [-56.15688, -15.57126], [-56.15796, -15.57045], [-56.1593, -15.57045], [-56.16038, -15.56938], [-56.16146, -15.56911], [-56.16119, -15.56884], [-56.16119, -15.56668], [-56.16227, -15.5656], [-56.16281, -15.5656], [-56.16335, -15.56506], [-56.16335, -15.56372], [-56.16388, -15.56345], [-56.16388, -15.56264], [-56.16361, -15.56237], [-56.16388, -15.56183], [-56.16361, -15.56156], [-56.16254, -15.56156], [-56.162, -15.5621], [-56.16119, -15.56129], [-56.16119, -15.56075], [-56.16038, -15.56075], [-56.15849, -15.5621], [-56.15688, -15.5621], [-56.15634, -15.56264], [-56.15553, -15.56264], [-56.15472, -15.56318], [-56.15445, -15.56291], [-56.15337, -15.56291], [-56.1531, -15.56318], [-56.15203, -15.56318], [-56.15122, -15.56237], [-56.15041, -15.56264], [-56.14879, -15.56048], [-56.14798, -15.56129], [-56.14637, -15.56129], [-56.1461, -15.56156], [-56.14664, -15.56318], [-56.14583, -15.56399], [-56.14529, -15.56399], [-56.14502, -15.56479], [-56.14421, -15.56453], [-56.14313, -15.56506], [-56.14232, -15.56668], [-56.14232, -15.56803], [-56.14044, -15.56884], [-56.14017, -15.56965]]]]}}, {"type": "Feature", "properties": {"nome": "Afluente s/n do Rio Coxipó", "area": 3.04, "urb": 3.03, "pct_urb": 99.8, "lx": -55.99518, "ly": -15.56533}, "geometry": {"type": "MultiPolygon", "coordinates": [[[[-56.01, -15.55752], [-56.00919, -15.55671], [-56.00731, -15.55698], [-56.00704, -15.55725], [-56.00569, -15.55725], [-56.00542, -15.55752], [-56.00461, -15.55752], [-56.00354, -15.55671], [-56.00246, -15.55725], [-56.00084, -15.55536], [-56.00057, -15.55536], [-55.99895, -15.55725], [-55.99815, -15.55752], [-55.99734, -15.55698], [-55.9968, -15.55698], [-55.99626, -15.55752], [-55.99545, -15.55752], [-55.99491, -15.55725], [-55.99222, -15.55994], [-55.9906, -15.56048], [-55.99006, -15.56129], [-55.99033, -15.5621], [-55.98979, -15.56318], [-55.99006, -15.56345], [-55.98898, -15.56479], [-55.98817, -15.56453], [-55.98656, -15.56533], [-55.98602, -15.56479], [-55.98548, -15.56479], [-55.98467, -15.5656], [-55.98413, -15.56533], [-55.98386, -15.5656], [-55.9844, -15.56587], [-55.9844, -15.56641], [-55.98494, -15.56722], [-55.98656, -15.56776], [-55.98871, -15.56776], [-55.98925, -15.5683], [-55.98925, -15.56911], [-55.98898, -15.56938], [-55.99141, -15.57153], [-55.9906, -15.57288], [-55.99087, -15.57342], [-55.99329, -15.57288], [-55.9941, -15.57234], [-55.99491, -15.57126], [-55.99653, -15.57207], [-55.99734, -15.57207], [-55.99949, -15.56965], [-55.99976, -15.56857], [-56.00084, -15.56749], [-56.00165, -15.56749], [-56.003, -15.56668], [-56.00515, -15.5683], [-56.00596, -15.56857], [-56.00623, -15.56776], [-56.00704, -15.56695], [-56.00812, -15.56668], [-56.00946, -15.56533], [-56.00946, -15.56479], [-56.00892, -15.56426], [-56.00973, -15.56237], [-56.00866, -15.56129], [-56.00839, -15.55994], [-56.00946, -15.55887], [-56.00946, -15.55833], [-56.01, -15.55752]]]]}}, {"type": "Feature", "properties": {"nome": "Afluente s/n do Córrego Vassoura", "area": 6.51, "urb": 6.51, "pct_urb": 100.0, "lx": -56.0197, "ly": -15.56048}, "geometry": {"type": "MultiPolygon", "coordinates": [[[[-56.01216, -15.54216], [-56.01189, -15.54297], [-56.01243, -15.5435], [-56.01135, -15.54485], [-56.01297, -15.54809], [-56.01189, -15.54943], [-56.01297, -15.55213], [-56.01351, -15.55267], [-56.01405, -15.5524], [-56.01431, -15.55267], [-56.01405, -15.55348], [-56.01458, -15.55428], [-56.01324, -15.55563], [-56.01243, -15.55698], [-56.01, -15.55725], [-56.01027, -15.55752], [-56.00973, -15.55833], [-56.00973, -15.55887], [-56.00866, -15.55994], [-56.00892, -15.56129], [-56.01, -15.56237], [-56.00919, -15.56426], [-56.00973, -15.56479], [-56.01027, -15.56614], [-56.01162, -15.56722], [-56.01297, -15.56911], [-56.01431, -15.56991], [-56.01485, -15.56938], [-56.01566, -15.56965], [-56.01701, -15.5683], [-56.01782, -15.5683], [-56.01836, -15.56776], [-56.01917, -15.5683], [-56.02024, -15.5683], [-56.02132, -15.56776], [-56.02321, -15.56911], [-56.02375, -15.56884], [-56.02402, -15.56911], [-56.02483, -15.56911], [-56.02509, -15.56938], [-56.02509, -15.57018], [-56.02617, -15.57126], [-56.02752, -15.57153], [-56.02968, -15.57396], [-56.02995, -15.57369], [-56.03075, -15.57423], [-56.03399, -15.57099], [-56.0348, -15.56965], [-56.03453, -15.56938], [-56.03453, -15.56803], [-56.03507, -15.56749], [-56.03453, -15.56668], [-56.03453, -15.5656], [-56.03587, -15.56345], [-56.03534, -15.56291], [-56.03534, -15.56237], [-56.0356, -15.5621], [-56.03641, -15.5621], [-56.03749, -15.56075], [-56.03938, -15.55914], [-56.04046, -15.56048], [-56.04099, -15.56021], [-56.04396, -15.55725], [-56.04315, -15.55752], [-56.04261, -15.55698], [-56.04099, -15.55671], [-56.03992, -15.55779], [-56.03965, -15.55752], [-56.03911, -15.55806], [-56.0383, -15.55725], [-56.03803, -15.55752], [-56.03695, -15.55671], [-56.03318, -15.55294], [-56.03345, -15.5524], [-56.03264, -15.55132], [-56.03587, -15.54809], [-56.03641, -15.54728], [-56.03614, -15.54647], [-56.03776, -15.54485], [-56.03722, -15.54431], [-56.03183, -15.54943], [-56.0321, -15.54997], [-56.03048, -15.55159], [-56.03075, -15.55186], [-56.03048, -15.55213], [-56.03048, -15.55375], [-56.02968, -15.55455], [-56.02995, -15.55482], [-56.02941, -15.55536], [-56.02914, -15.55509], [-56.02779, -15.5559], [-56.02698, -15.55671], [-56.02483, -15.55455], [-56.02429, -15.55348], [-56.0224, -15.55132], [-56.0224, -15.55051], [-56.02186, -15.54997], [-56.0224, -15.54916], [-56.02213, -15.54862], [-56.02267, -15.54782], [-56.02159, -15.54755], [-56.02024, -15.54647], [-56.01917, -15.54485], [-56.01917, -15.54404], [-56.0189, -15.54377], [-56.01728, -15.54377], [-56.01674, -15.5435], [-56.01539, -15.54189], [-56.01216, -15.54216]]]]}}, {"type": "Feature", "properties": {"nome": "Afluente s/n do Ribeirão do Lipa", "area": 0.37, "urb": 0.37, "pct_urb": 100.0, "lx": -56.11214, "ly": -15.57719}, "geometry": {"type": "MultiPolygon", "coordinates": [[[[-56.11672, -15.57611], [-56.11538, -15.57557], [-56.11484, -15.57504], [-56.11349, -15.57504], [-56.11322, -15.57477], [-56.11376, -15.57423], [-56.11295, -15.57477], [-56.11241, -15.5745], [-56.11187, -15.57504], [-56.10918, -15.5753], [-56.10918, -15.57584], [-56.10945, -15.57557], [-56.10999, -15.57638], [-56.10918, -15.57773], [-56.10945, -15.578], [-56.10918, -15.57854], [-56.11106, -15.58096], [-56.11187, -15.58096], [-56.11268, -15.58043], [-56.11268, -15.57989], [-56.11457, -15.578], [-56.11484, -15.578], [-56.11511, -15.57719], [-56.11564, -15.57719], [-56.11645, -15.57665], [-56.11672, -15.57611]]]]}}, {"type": "Feature", "properties": {"nome": "Afluente s/n do Rio Pari", "area": 4.14, "urb": 3.87, "pct_urb": 93.5, "lx": -56.17439, "ly": -15.59956}, "geometry": {"type": "MultiPolygon", "coordinates": [[[[-56.16469, -15.57827], [-56.16415, -15.57908], [-56.16415, -15.57962], [-56.16361, -15.58016], [-56.16361, -15.58069], [-56.1655, -15.5815], [-56.16712, -15.58285], [-56.16685, -15.58366], [-56.16604, -15.58447], [-56.16604, -15.58501], [-56.16954, -15.58824], [-56.17035, -15.58959], [-56.17035, -15.59013], [-56.1717, -15.59147], [-56.17143, -15.59174], [-56.17197, -15.59228], [-56.17197, -15.59282], [-56.16954, -15.59525], [-56.1682, -15.59471], [-56.16793, -15.59552], [-56.16658, -15.59659], [-56.16685, -15.59713], [-56.16658, -15.5974], [-56.16658, -15.59929], [-56.16793, -15.60091], [-56.16793, -15.60172], [-56.16847, -15.60198], [-56.16847, -15.60252], [-56.169, -15.60279], [-56.16927, -15.60333], [-56.16927, -15.60441], [-56.169, -15.60468], [-56.17116, -15.60603], [-56.17197, -15.60603], [-56.17278, -15.60684], [-56.17332, -15.60657], [-56.17386, -15.60711], [-56.17493, -15.6063], [-56.17547, -15.60684], [-56.17601, -15.60684], [-56.17682, -15.60576], [-56.17709, -15.60576], [-56.17898, -15.60791], [-56.18032, -15.60872], [-56.18113, -15.6098], [-56.18167, -15.61007], [-56.18248, -15.60926], [-56.18356, -15.60926], [-56.18086, -15.6063], [-56.1814, -15.60549], [-56.1814, -15.60441], [-56.17978, -15.60387], [-56.17925, -15.60306], [-56.18248, -15.59956], [-56.18275, -15.59875], [-56.18248, -15.59848], [-56.18275, -15.59821], [-56.18167, -15.59686], [-56.18275, -15.59552], [-56.18302, -15.59282], [-56.18356, -15.59228], [-56.18329, -15.59147], [-56.18464, -15.58986], [-56.18464, -15.58905], [-56.18517, -15.58851], [-56.18517, -15.58797], [-56.18464, -15.5877], [-56.18464, -15.58743], [-56.1841, -15.58743], [-56.18329, -15.58635], [-56.18221, -15.58555], [-56.18221, -15.58474], [-56.18248, -15.58447], [-56.18221, -15.5842], [-56.18194, -15.58447], [-56.18113, -15.58447], [-56.18032, -15.58393], [-56.17978, -15.58393], [-56.17925, -15.58447], [-56.17871, -15.58447], [-56.17844, -15.5842], [-56.17844, -15.58474], [-56.17763, -15.58528], [-56.17547, -15.58285], [-56.17466, -15.58285], [-56.17332, -15.58393], [-56.17278, -15.58393], [-56.17197, -15.58285], [-56.17143, -15.58258], [-56.16874, -15.58285], [-56.16766, -15.58177], [-56.16766, -15.58123], [-56.16874, -15.58069], [-56.16874, -15.58043], [-56.16631, -15.578], [-56.16577, -15.57854], [-56.1655, -15.57827], [-56.16469, -15.57827]]]]}}, {"type": "Feature", "properties": {"nome": "Afluente s/n do Ribeirão do Lipa", "area": 2.06, "urb": 2.06, "pct_urb": 100.0, "lx": -56.1178, "ly": -15.55967}, "geometry": {"type": "MultiPolygon", "coordinates": [[[[-56.11457, -15.55159], [-56.11214, -15.55375], [-56.11079, -15.55536], [-56.11079, -15.55617], [-56.11052, -15.55644], [-56.11133, -15.55725], [-56.11214, -15.55752], [-56.11295, -15.5586], [-56.11322, -15.56021], [-56.11295, -15.56048], [-56.11322, -15.56075], [-56.11322, -15.56183], [-56.11403, -15.56264], [-56.11753, -15.56453], [-56.11888, -15.56453], [-56.11969, -15.56506], [-56.12023, -15.56506], [-56.1213, -15.56587], [-56.12238, -15.56911], [-56.12292, -15.56965], [-56.12292, -15.57018], [-56.12211, -15.57099], [-56.12211, -15.57261], [-56.12184, -15.57315], [-56.12211, -15.57342], [-56.12211, -15.57423], [-56.12157, -15.57477], [-56.12211, -15.57557], [-56.12184, -15.57827], [-56.12265, -15.57881], [-56.12292, -15.57854], [-56.12211, -15.57773], [-56.12292, -15.57719], [-56.12373, -15.57746], [-56.124, -15.57719], [-56.12481, -15.57719], [-56.12508, -15.57746], [-56.12616, -15.57746], [-56.12669, -15.57665], [-56.12669, -15.57611], [-56.12616, -15.57557], [-56.12669, -15.57504], [-56.12669, -15.5745], [-56.12589, -15.57396], [-56.12589, -15.57342], [-56.12642, -15.57288], [-56.12642, -15.57153], [-56.12696, -15.57099], [-56.12642, -15.57045], [-56.12642, -15.56991], [-56.1275, -15.56911], [-56.12642, -15.56776], [-56.12669, -15.56695], [-56.12642, -15.56641], [-56.12481, -15.56479], [-56.12535, -15.56399], [-56.12508, -15.56345], [-56.12535, -15.56318], [-56.12535, -15.56183], [-56.12211, -15.55914], [-56.12184, -15.55725], [-56.11969, -15.55563], [-56.11807, -15.55401], [-56.11645, -15.55455], [-56.11538, -15.55294], [-56.11538, -15.5524], [-56.11484, -15.55159], [-56.11457, -15.55159]]]]}}, {"type": "Feature", "properties": {"nome": "Afluente s/n do Córrego Vassoura", "area": 5.47, "urb": 5.47, "pct_urb": 100.0, "lx": -56.05689, "ly": -15.56533}, "geometry": {"type": "MultiPolygon", "coordinates": [[[[-56.06363, -15.55294], [-56.06282, -15.55294], [-56.06202, -15.5524], [-56.05959, -15.55267], [-56.05743, -15.55078], [-56.05689, -15.55105], [-56.05636, -15.55051], [-56.05393, -15.55267], [-56.05366, -15.55644], [-56.05258, -15.55779], [-56.05151, -15.55833], [-56.05231, -15.55967], [-56.05258, -15.56102], [-56.05097, -15.56264], [-56.0507, -15.56372], [-56.05124, -15.56479], [-56.05124, -15.56587], [-56.0507, -15.56668], [-56.05097, -15.56695], [-56.04881, -15.56965], [-56.04935, -15.57045], [-56.04908, -15.57072], [-56.04746, -15.57072], [-56.04665, -15.57126], [-56.04531, -15.57099], [-56.04423, -15.5718], [-56.04369, -15.5718], [-56.03965, -15.57611], [-56.03911, -15.57611], [-56.0383, -15.57665], [-56.03749, -15.5753], [-56.03534, -15.57342], [-56.0348, -15.5753], [-56.03507, -15.57557], [-56.03372, -15.57692], [-56.03399, -15.57719], [-56.03399, -15.57827], [-56.03372, -15.57854], [-56.03372, -15.58043], [-56.03291, -15.58123], [-56.03237, -15.58258], [-56.03318, -15.58285], [-56.03399, -15.58204], [-56.0348, -15.58285], [-56.03534, -15.58285], [-56.03641, -15.58204], [-56.03722, -15.58285], [-56.03803, -15.58258], [-56.0383, -15.58285], [-56.03938, -15.58177], [-56.03992, -15.58177], [-56.04046, -15.58231], [-56.04099, -15.58204], [-56.04153, -15.58258], [-56.04207, -15.58231], [-56.04315, -15.58285], [-56.04315, -15.58231], [-56.04423, -15.5815], [-56.04477, -15.5815], [-56.04746, -15.58016], [-56.048, -15.58043], [-56.04935, -15.57881], [-56.0507, -15.57989], [-56.05285, -15.57989], [-56.05393, -15.58043], [-56.0542, -15.58096], [-56.05474, -15.58069], [-56.05609, -15.58069], [-56.05636, -15.58043], [-56.05689, -15.58069], [-56.05716, -15.58043], [-56.05797, -15.58123], [-56.05878, -15.58123], [-56.05851, -15.57827], [-56.05797, -15.57746], [-56.05959, -15.57557], [-56.05878, -15.57477], [-56.05878, -15.57342], [-56.05959, -15.57234], [-56.05959, -15.5718], [-56.06094, -15.57045], [-56.06067, -15.56965], [-56.06202, -15.56857], [-56.06255, -15.56857], [-56.06363, -15.56749], [-56.06309, -15.56695], [-56.06309, -15.56614], [-56.06255, -15.5656], [-56.06282, -15.56533], [-56.06228, -15.56426], [-56.06363, -15.56264], [-56.06228, -15.56129], [-56.06309, -15.56102], [-56.0639, -15.56021], [-56.06444, -15.56021], [-56.06552, -15.55914], [-56.06687, -15.55914], [-56.06714, -15.5594], [-56.06741, -15.55914], [-56.06741, -15.55779], [-56.0666, -15.55698], [-56.06606, -15.55725], [-56.06525, -15.55671], [-56.06444, -15.55563], [-56.06444, -15.55509], [-56.06363, -15.55401], [-56.06363, -15.55294]]]]}}, {"type": "Feature", "properties": {"nome": "Microbacia sem nome", "area": 2.0, "urb": 0.34, "pct_urb": 16.8, "lx": -56.18571, "ly": -15.60279}, "geometry": {"type": "MultiPolygon", "coordinates": [[[[-56.18922, -15.58878], [-56.18706, -15.59067], [-56.18625, -15.58986], [-56.18571, -15.59067], [-56.18544, -15.59067], [-56.1849, -15.58986], [-56.18383, -15.59094], [-56.18356, -15.59201], [-56.18383, -15.59228], [-56.18329, -15.59282], [-56.18329, -15.59363], [-56.18302, -15.5939], [-56.18302, -15.59552], [-56.18194, -15.59686], [-56.18302, -15.59821], [-56.18275, -15.59848], [-56.18302, -15.59875], [-56.18275, -15.59956], [-56.17951, -15.60306], [-56.17978, -15.6036], [-56.18032, -15.6036], [-56.18167, -15.60441], [-56.18167, -15.60549], [-56.18113, -15.6063], [-56.1841, -15.60926], [-56.18517, -15.60953], [-56.18652, -15.61088], [-56.1876, -15.61007], [-56.18814, -15.61007], [-56.18922, -15.60872], [-56.18895, -15.60764], [-56.18814, -15.60657], [-56.19056, -15.60414], [-56.19137, -15.60414], [-56.19137, -15.60279], [-56.18922, -15.60037], [-56.19003, -15.59956], [-56.19029, -15.59875], [-56.19003, -15.59848], [-56.19083, -15.5974], [-56.19056, -15.59686], [-56.19083, -15.59633], [-56.19056, -15.59552], [-56.19083, -15.59471], [-56.19191, -15.5939], [-56.19218, -15.59417], [-56.19326, -15.59282], [-56.18922, -15.58878]]]]}}, {"type": "Feature", "properties": {"nome": "Afluente s/n do Rio Coxipó", "area": 19.63, "urb": 5.31, "pct_urb": 27.1, "lx": -55.96284, "ly": -15.59417}, "geometry": {"type": "MultiPolygon", "coordinates": [[[[-55.96904, -15.57207], [-55.96796, -15.57234], [-55.96769, -15.57207], [-55.96661, -15.57315], [-55.96554, -15.57342], [-55.96554, -15.57396], [-55.96365, -15.57584], [-55.96419, -15.57638], [-55.96392, -15.57692], [-55.96311, -15.57692], [-55.96203, -15.57557], [-55.96095, -15.57584], [-55.95934, -15.5745], [-55.9588, -15.57504], [-55.95718, -15.5753], [-55.95583, -15.57423], [-55.95583, -15.57369], [-55.95637, -15.57315], [-55.95583, -15.57288], [-55.95449, -15.57423], [-55.95422, -15.57396], [-55.95287, -15.5753], [-55.9526, -15.57611], [-55.95287, -15.57638], [-55.9526, -15.57665], [-55.95314, -15.57773], [-55.95152, -15.57962], [-55.95018, -15.57935], [-55.94991, -15.57962], [-55.9491, -15.57962], [-55.94802, -15.58096], [-55.94829, -15.58204], [-55.94721, -15.58339], [-55.94856, -15.58447], [-55.94883, -15.58501], [-55.94802, -15.58582], [-55.94883, -15.58608], [-55.94802, -15.58797], [-55.94829, -15.58851], [-55.94748, -15.58932], [-55.9464, -15.58851], [-55.94559, -15.58851], [-55.94452, -15.58959], [-55.94559, -15.59094], [-55.94425, -15.59201], [-55.94452, -15.59228], [-55.94452, -15.5939], [-55.94479, -15.59444], [-55.94532, -15.59471], [-55.94452, -15.59579], [-55.94452, -15.59633], [-55.94532, -15.5974], [-55.94559, -15.59713], [-55.9464, -15.59713], [-55.94667, -15.5974], [-55.94667, -15.59821], [-55.94775, -15.59983], [-55.94721, -15.60064], [-55.94802, -15.60172], [-55.94802, -15.60279], [-55.94856, -15.60333], [-55.94937, -15.60333], [-55.94964, -15.6036], [-55.94883, -15.60576], [-55.9491, -15.60791], [-55.94883, -15.60818], [-55.9491, -15.60845], [-55.94829, -15.6098], [-55.94802, -15.60953], [-55.94694, -15.61088], [-55.94694, -15.61196], [-55.94748, -15.61303], [-55.94748, -15.61384], [-55.94829, -15.61465], [-55.9491, -15.61411], [-55.94991, -15.61438], [-55.95018, -15.61411], [-55.95125, -15.61465], [-55.95206, -15.61573], [-55.9526, -15.61573], [-55.95395, -15.61654], [-55.95449, -15.61842], [-55.95368, -15.61896], [-55.95368, -15.61923], [-55.95503, -15.62085], [-55.95583, -15.62139], [-55.95556, -15.62166], [-55.95556, -15.62247], [-55.95664, -15.62381], [-55.95691, -15.62489], [-55.95664, -15.62516], [-55.95772, -15.62624], [-55.95664, -15.62813], [-55.95745, -15.62893], [-55.95718, -15.62947], [-55.95826, -15.63082], [-55.95772, -15.6319], [-55.95799, -15.63298], [-55.95772, -15.63325], [-55.95853, -15.63379], [-55.96015, -15.63244], [-55.96149, -15.63325], [-55.96257, -15.63217], [-55.96311, -15.63217], [-55.96392, -15.63136], [-55.96473, -15.6319], [-55.96608, -15.63082], [-55.96742, -15.6319], [-55.96769, -15.63244], [-55.97039, -15.63028], [-55.97254, -15.63028], [-55.97362, -15.63109], [-55.97632, -15.62786], [-55.97605, -15.62705], [-55.97659, -15.62624], [-55.97632, -15.6257], [-55.97739, -15.62489], [-55.97659, -15.62354], [-55.97659, -15.62301], [-55.97739, -15.6222], [-55.9782, -15.6222], [-55.9782, -15.62166], [-55.97874, -15.62112], [-55.97847, -15.62085], [-55.97982, -15.61977], [-55.98036, -15.61869], [-55.98144, -15.61762], [-55.98144, -15.61627], [-55.98171, -15.616], [-55.98117, -15.61519], [-55.98117, -15.6133], [-55.98144, -15.61303], [-55.9809, -15.6125], [-55.9809, -15.61196], [-55.98144, -15.61088], [-55.98063, -15.60953], [-55.9809, -15.60818], [-55.98009, -15.60711], [-55.97901, -15.60711], [-55.97874, -15.60684], [-55.97955, -15.60603], [-55.97955, -15.60441], [-55.97739, -15.60279], [-55.97686, -15.60118], [-55.97793, -15.59983], [-55.97901, -15.59929], [-55.9809, -15.5974], [-55.9809, -15.59659], [-55.98305, -15.59444], [-55.98251, -15.59363], [-55.98359, -15.59255], [-55.98386, -15.59201], [-55.98359, -15.59174], [-55.98413, -15.5912], [-55.98467, -15.5912], [-55.9844, -15.59094], [-55.98467, -15.59013], [-55.9844, -15.58986], [-55.9844, -15.58905], [-55.98278, -15.58905], [-55.98251, -15.58878], [-55.98251, -15.58797], [-55.98171, -15.58797], [-55.97982, -15.58608], [-55.97928, -15.58635], [-55.97874, -15.58582], [-55.97874, -15.58528], [-55.97739, -15.58474], [-55.97632, -15.58258], [-55.97632, -15.58123], [-55.97578, -15.58016], [-55.9747, -15.57908], [-55.9747, -15.578], [-55.97335, -15.57611], [-55.972, -15.57611], [-55.97093, -15.57665], [-55.97039, -15.57584], [-55.97039, -15.57477], [-55.96985, -15.57288], [-55.96904, -15.57207]]]]}}, {"type": "Feature", "properties": {"nome": "Afluente s/n do Rio Cuiabá", "area": 3.59, "urb": 3.59, "pct_urb": 100.0, "lx": -56.15526, "ly": -15.60333}, "geometry": {"type": "MultiPolygon", "coordinates": [[[[-56.1434, -15.5939], [-56.1461, -15.59659], [-56.14583, -15.59929], [-56.1461, -15.59956], [-56.1461, -15.60091], [-56.14583, -15.60145], [-56.14691, -15.60225], [-56.14771, -15.60225], [-56.14825, -15.60279], [-56.14798, -15.60333], [-56.14718, -15.6036], [-56.14691, -15.60333], [-56.14583, -15.60333], [-56.14556, -15.6036], [-56.14448, -15.60684], [-56.14421, -15.60899], [-56.14664, -15.60953], [-56.14718, -15.61034], [-56.14798, -15.61034], [-56.14906, -15.61142], [-56.15014, -15.61115], [-56.15095, -15.61034], [-56.1523, -15.61088], [-56.1531, -15.61088], [-56.15337, -15.61061], [-56.15526, -15.61142], [-56.15661, -15.61007], [-56.15742, -15.6098], [-56.15796, -15.61007], [-56.15796, -15.61034], [-56.1593, -15.61034], [-56.16038, -15.60953], [-56.16092, -15.60872], [-56.16038, -15.60791], [-56.16146, -15.60684], [-56.162, -15.60684], [-56.16308, -15.60764], [-56.16335, -15.60737], [-56.16415, -15.60737], [-56.16523, -15.6063], [-56.16604, -15.60657], [-56.16658, -15.6063], [-56.16766, -15.60468], [-56.16847, -15.60522], [-56.169, -15.60522], [-56.16874, -15.60468], [-56.169, -15.60441], [-56.169, -15.60333], [-56.16874, -15.60279], [-56.1682, -15.60252], [-56.1682, -15.60198], [-56.16766, -15.60172], [-56.16766, -15.60091], [-56.16658, -15.59983], [-56.16631, -15.59902], [-56.16523, -15.59902], [-56.16388, -15.59848], [-56.16335, -15.59794], [-56.16281, -15.59794], [-56.16011, -15.59552], [-56.15553, -15.59579], [-56.15499, -15.59633], [-56.15391, -15.59659], [-56.15176, -15.59498], [-56.14906, -15.59444], [-56.14771, -15.59336], [-56.14718, -15.59336], [-56.14637, -15.59282], [-56.14637, -15.59363], [-56.14583, -15.59417], [-56.1461, -15.59498], [-56.14556, -15.59552], [-56.14502, -15.59552], [-56.1434, -15.5939]]]]}}, {"type": "Feature", "properties": {"nome": "Afluente s/n do Rio Coxipó", "area": 3.05, "urb": 3.05, "pct_urb": 100.0, "lx": -55.99788, "ly": -15.578}, "geometry": {"type": "MultiPolygon", "coordinates": [[[[-56.003, -15.56695], [-56.00165, -15.56776], [-56.00084, -15.56776], [-56.00003, -15.56857], [-55.99976, -15.56965], [-55.99734, -15.57234], [-55.99653, -15.57234], [-55.99491, -15.57153], [-55.9941, -15.57261], [-55.99329, -15.57315], [-55.99087, -15.57369], [-55.99087, -15.57477], [-55.9906, -15.57504], [-55.9906, -15.57611], [-55.99141, -15.57692], [-55.99114, -15.57773], [-55.99195, -15.57854], [-55.99249, -15.5815], [-55.99383, -15.58285], [-55.9941, -15.58339], [-55.99383, -15.58366], [-55.99518, -15.58474], [-55.99653, -15.58635], [-55.9968, -15.58743], [-55.99761, -15.58824], [-55.99841, -15.58851], [-55.99788, -15.5904], [-55.99895, -15.59067], [-55.99976, -15.59147], [-56.0003, -15.59363], [-56.00165, -15.59525], [-56.00246, -15.59498], [-56.00273, -15.59417], [-56.00488, -15.59174], [-56.0038, -15.59067], [-56.0038, -15.59013], [-56.003, -15.58932], [-56.00327, -15.58905], [-56.00273, -15.58797], [-56.00273, -15.58689], [-56.00327, -15.58555], [-56.00327, -15.58366], [-56.00273, -15.58231], [-56.00273, -15.58043], [-56.00515, -15.57773], [-56.0065, -15.57692], [-56.00677, -15.57611], [-56.00731, -15.57584], [-56.00758, -15.57611], [-56.00785, -15.57423], [-56.00758, -15.57369], [-56.00785, -15.57288], [-56.00866, -15.57207], [-56.00785, -15.57045], [-56.003, -15.56695]]]]}}, {"type": "Feature", "properties": {"nome": "Afluente s/n do Córrego do Moinho", "area": 2.58, "urb": 2.58, "pct_urb": 100.0, "lx": -56.04504, "ly": -15.58743}, "geometry": {"type": "MultiPolygon", "coordinates": [[[[-56.05905, -15.58177], [-56.05878, -15.5815], [-56.05797, -15.5815], [-56.05716, -15.58069], [-56.05689, -15.58096], [-56.05636, -15.58069], [-56.05609, -15.58096], [-56.05474, -15.58096], [-56.0542, -15.58123], [-56.05393, -15.58069], [-56.05285, -15.58016], [-56.0507, -15.58016], [-56.04935, -15.57908], [-56.048, -15.58069], [-56.04746, -15.58043], [-56.04477, -15.58177], [-56.04423, -15.58177], [-56.04342, -15.58231], [-56.04315, -15.58312], [-56.04288, -15.58285], [-56.04207, -15.58285], [-56.04153, -15.58312], [-56.03965, -15.58501], [-56.03992, -15.58555], [-56.03938, -15.58608], [-56.03911, -15.58743], [-56.03857, -15.58797], [-56.03884, -15.58824], [-56.03857, -15.58851], [-56.03857, -15.58932], [-56.03749, -15.59067], [-56.03668, -15.5912], [-56.03668, -15.59174], [-56.03722, -15.59201], [-56.03722, -15.59228], [-56.03668, -15.59282], [-56.03641, -15.5939], [-56.03668, -15.59417], [-56.03641, -15.59444], [-56.03722, -15.59525], [-56.03803, -15.59444], [-56.03884, -15.59525], [-56.03965, -15.59525], [-56.04073, -15.59659], [-56.04046, -15.59606], [-56.04073, -15.59525], [-56.0418, -15.5939], [-56.04288, -15.59309], [-56.04315, -15.59336], [-56.04396, -15.59336], [-56.04477, -15.59255], [-56.04531, -15.59255], [-56.04612, -15.59201], [-56.04692, -15.59255], [-56.04854, -15.59228], [-56.04908, -15.59174], [-56.04908, -15.5904], [-56.04962, -15.58932], [-56.05177, -15.58959], [-56.05312, -15.58851], [-56.05393, -15.58878], [-56.0542, -15.58851], [-56.05555, -15.58851], [-56.05636, -15.58905], [-56.0577, -15.58797], [-56.05797, -15.58824], [-56.05878, -15.58743], [-56.05959, -15.58743], [-56.0604, -15.58635], [-56.05959, -15.58528], [-56.05905, -15.58177]]]]}}, {"type": "Feature", "properties": {"nome": "Afluente s/n do Rio Coxipó", "area": 4.2, "urb": 4.2, "pct_urb": 100.0, "lx": -56.01081, "ly": -15.58312}, "geometry": {"type": "MultiPolygon", "coordinates": [[[[-56.00973, -15.56533], [-56.00812, -15.56695], [-56.00704, -15.56722], [-56.00596, -15.56884], [-56.00839, -15.57072], [-56.00892, -15.57207], [-56.00812, -15.57288], [-56.00785, -15.57369], [-56.00812, -15.5753], [-56.00758, -15.57638], [-56.00731, -15.57611], [-56.00677, -15.57638], [-56.00677, -15.57692], [-56.00515, -15.578], [-56.003, -15.58043], [-56.003, -15.58231], [-56.00354, -15.58366], [-56.00354, -15.58555], [-56.003, -15.58689], [-56.003, -15.58797], [-56.00354, -15.58905], [-56.00327, -15.58932], [-56.00407, -15.59013], [-56.00407, -15.59067], [-56.00515, -15.59174], [-56.003, -15.59417], [-56.00246, -15.59525], [-56.00165, -15.59552], [-56.00084, -15.59498], [-56.00138, -15.59606], [-56.00192, -15.59606], [-56.00407, -15.5974], [-56.00407, -15.59848], [-56.00515, -15.59929], [-56.00569, -15.59848], [-56.00596, -15.59875], [-56.00704, -15.59875], [-56.00731, -15.59848], [-56.00758, -15.59875], [-56.00946, -15.59767], [-56.01, -15.59767], [-56.00973, -15.59633], [-56.01189, -15.5939], [-56.01162, -15.59336], [-56.01728, -15.58797], [-56.01755, -15.58635], [-56.01728, -15.58555], [-56.01782, -15.58528], [-56.01809, -15.58555], [-56.01944, -15.58393], [-56.01917, -15.58366], [-56.02078, -15.58204], [-56.01997, -15.58096], [-56.01944, -15.58096], [-56.01836, -15.57989], [-56.0189, -15.57908], [-56.0189, -15.57773], [-56.01701, -15.5753], [-56.01755, -15.57396], [-56.01593, -15.57234], [-56.01647, -15.57099], [-56.0162, -15.57072], [-56.01647, -15.57045], [-56.0162, -15.56991], [-56.01485, -15.56965], [-56.01431, -15.57018], [-56.01297, -15.56938], [-56.01135, -15.56722], [-56.01, -15.56614], [-56.00973, -15.56533]]]]}}, {"type": "Feature", "properties": {"nome": "Afluente s/n do Rio Pari", "area": 4.72, "urb": 2.36, "pct_urb": 50.0, "lx": -56.19784, "ly": -15.62597}, "geometry": {"type": "MultiPolygon", "coordinates": [[[[-56.20323, -15.60387], [-56.19973, -15.60737], [-56.20027, -15.60791], [-56.20027, -15.60872], [-56.19838, -15.61061], [-56.19784, -15.61034], [-56.19595, -15.61196], [-56.19568, -15.61169], [-56.1938, -15.61169], [-56.19245, -15.61034], [-56.19137, -15.61007], [-56.1911, -15.61034], [-56.19029, -15.6098], [-56.18949, -15.61034], [-56.18868, -15.6098], [-56.18706, -15.61169], [-56.18706, -15.6125], [-56.18814, -15.6133], [-56.18895, -15.61573], [-56.19003, -15.61654], [-56.19029, -15.61896], [-56.19083, -15.6195], [-56.19083, -15.62004], [-56.19191, -15.62085], [-56.19218, -15.62139], [-56.19218, -15.6222], [-56.19164, -15.62301], [-56.18841, -15.62597], [-56.18922, -15.62705], [-56.18922, -15.62786], [-56.1911, -15.62947], [-56.19164, -15.62947], [-56.19272, -15.63055], [-56.19326, -15.6319], [-56.19461, -15.63379], [-56.19865, -15.6381], [-56.19946, -15.63837], [-56.20081, -15.63971], [-56.20054, -15.64025], [-56.20161, -15.64079], [-56.20215, -15.6416], [-56.20215, -15.64241], [-56.20296, -15.64322], [-56.20539, -15.64025], [-56.20431, -15.63891], [-56.20431, -15.6381], [-56.20404, -15.63783], [-56.20539, -15.63459], [-56.20431, -15.63271], [-56.20431, -15.6319], [-56.20458, -15.63163], [-56.20431, -15.63136], [-56.20431, -15.63055], [-56.20539, -15.62974], [-56.20512, -15.6284], [-56.20566, -15.62786], [-56.20566, -15.62678], [-56.20539, -15.62651], [-56.20646, -15.62543], [-56.20593, -15.62381], [-56.20566, -15.62408], [-56.20485, -15.62408], [-56.20377, -15.62327], [-56.20404, -15.62193], [-56.20269, -15.62004], [-56.20215, -15.61869], [-56.20269, -15.61788], [-56.20242, -15.61546], [-56.20404, -15.61384], [-56.20431, -15.61303], [-56.20377, -15.61142], [-56.20323, -15.61088], [-56.2035, -15.60872], [-56.20296, -15.60737], [-56.20296, -15.60603], [-56.2035, -15.60495], [-56.20296, -15.60414], [-56.20323, -15.60387]]]]}}, {"type": "Feature", "properties": {"nome": "Afluente s/n do Rio Coxipó", "area": 3.99, "urb": 3.99, "pct_urb": 100.0, "lx": -56.02078, "ly": -15.59417}, "geometry": {"type": "MultiPolygon", "coordinates": [[[[-56.02509, -15.58231], [-56.02456, -15.58285], [-56.02375, -15.58231], [-56.02321, -15.58285], [-56.02294, -15.58258], [-56.02267, -15.58285], [-56.02159, -15.58231], [-56.02132, -15.58258], [-56.02078, -15.58231], [-56.01944, -15.58366], [-56.0197, -15.58393], [-56.01809, -15.58582], [-56.01755, -15.58555], [-56.01782, -15.58743], [-56.01755, -15.58797], [-56.01405, -15.5912], [-56.0127, -15.59282], [-56.01297, -15.59363], [-56.01458, -15.59525], [-56.01431, -15.59606], [-56.01243, -15.59794], [-56.01485, -15.6001], [-56.01647, -15.60037], [-56.01782, -15.60198], [-56.01836, -15.60198], [-56.0189, -15.60252], [-56.0189, -15.6036], [-56.01809, -15.60414], [-56.01728, -15.60522], [-56.0162, -15.60549], [-56.01566, -15.60603], [-56.01566, -15.60818], [-56.01351, -15.61007], [-56.01593, -15.61196], [-56.0162, -15.6125], [-56.01674, -15.61196], [-56.0189, -15.6125], [-56.01944, -15.61303], [-56.01997, -15.61303], [-56.02132, -15.61169], [-56.02213, -15.61169], [-56.0224, -15.61142], [-56.02213, -15.61007], [-56.02348, -15.60899], [-56.02429, -15.60791], [-56.02483, -15.60791], [-56.02617, -15.6063], [-56.0259, -15.60576], [-56.02671, -15.60441], [-56.02644, -15.60387], [-56.02671, -15.6036], [-56.02644, -15.60333], [-56.02725, -15.60252], [-56.02698, -15.60198], [-56.02752, -15.60145], [-56.02725, -15.59956], [-56.02671, -15.59929], [-56.02644, -15.59659], [-56.02779, -15.59525], [-56.02833, -15.59525], [-56.02941, -15.59417], [-56.02941, -15.59147], [-56.02995, -15.59067], [-56.02941, -15.58932], [-56.02887, -15.58878], [-56.02914, -15.58824], [-56.02887, -15.58743], [-56.02752, -15.58582], [-56.02671, -15.58393], [-56.02509, -15.58231]]]]}}, {"type": "Feature", "properties": {"nome": "Afluente s/n do Córrego Aricazinho", "area": 5.85, "urb": 2.29, "pct_urb": 39.2, "lx": -55.93481, "ly": -15.59875}, "geometry": {"type": "MultiPolygon", "coordinates": [[[[-55.94425, -15.59228], [-55.94398, -15.59201], [-55.9429, -15.59201], [-55.94263, -15.59228], [-55.94128, -15.59228], [-55.94047, -15.59309], [-55.93751, -15.5912], [-55.93697, -15.59174], [-55.9367, -15.59147], [-55.93508, -15.59147], [-55.93454, -15.59094], [-55.93347, -15.5912], [-55.9332, -15.59094], [-55.93158, -15.5912], [-55.93158, -15.59228], [-55.93077, -15.59255], [-55.92808, -15.59552], [-55.92781, -15.59525], [-55.92673, -15.59525], [-55.92323, -15.59848], [-55.92242, -15.59875], [-55.92188, -15.59929], [-55.92215, -15.59983], [-55.9208, -15.60091], [-55.92026, -15.60091], [-55.9208, -15.60172], [-55.91891, -15.60333], [-55.91864, -15.60495], [-55.91784, -15.60522], [-55.91703, -15.60603], [-55.91433, -15.60764], [-55.91433, -15.60872], [-55.91379, -15.60926], [-55.91406, -15.61061], [-55.91298, -15.61196], [-55.91298, -15.61276], [-55.91083, -15.61546], [-55.91083, -15.61573], [-55.91164, -15.61627], [-55.9111, -15.61708], [-55.91137, -15.6195], [-55.91272, -15.62031], [-55.91568, -15.62058], [-55.91595, -15.62085], [-55.91649, -15.62031], [-55.91784, -15.62031], [-55.91837, -15.62085], [-55.91999, -15.62112], [-55.91999, -15.62004], [-55.91918, -15.61896], [-55.91918, -15.61842], [-55.92026, -15.61708], [-55.92107, -15.61708], [-55.92161, -15.61762], [-55.92161, -15.61842], [-55.92296, -15.61923], [-55.92323, -15.61869], [-55.92323, -15.61735], [-55.92376, -15.61681], [-55.92457, -15.61681], [-55.92484, -15.61708], [-55.92565, -15.61681], [-55.92592, -15.61573], [-55.92727, -15.61438], [-55.92619, -15.6133], [-55.92619, -15.61276], [-55.92673, -15.61223], [-55.92673, -15.61169], [-55.92808, -15.61034], [-55.92835, -15.61061], [-55.92862, -15.61034], [-55.92862, -15.60926], [-55.92835, -15.60899], [-55.92915, -15.60791], [-55.92996, -15.60737], [-55.93077, -15.60737], [-55.93104, -15.60764], [-55.93293, -15.60764], [-55.9332, -15.60818], [-55.93374, -15.60818], [-55.93401, -15.60791], [-55.93562, -15.60791], [-55.93643, -15.60684], [-55.93724, -15.60711], [-55.93805, -15.60549], [-55.94155, -15.60252], [-55.94559, -15.59848], [-55.94505, -15.59767], [-55.94505, -15.59713], [-55.94452, -15.59686], [-55.94425, -15.59633], [-55.94452, -15.59525], [-55.94505, -15.59471], [-55.94452, -15.59444], [-55.94425, -15.5939], [-55.94425, -15.59228]]]]}}, {"type": "Feature", "properties": {"nome": "Afluente s/n do Córrego 8 de Abril", "area": 0.28, "urb": 0.28, "pct_urb": 100.0, "lx": -56.1054, "ly": -15.61276}, "geometry": {"type": "MultiPolygon", "coordinates": [[[[-56.10406, -15.60899], [-56.10433, -15.60926], [-56.10379, -15.61034], [-56.10379, -15.61115], [-56.10325, -15.61169], [-56.10406, -15.61276], [-56.10379, -15.61411], [-56.10433, -15.61384], [-56.10567, -15.61465], [-56.10729, -15.61492], [-56.10756, -15.61519], [-56.10729, -15.61546], [-56.1081, -15.61627], [-56.10918, -15.61627], [-56.10972, -15.61573], [-56.11025, -15.61573], [-56.11079, -15.61627], [-56.10999, -15.61546], [-56.10999, -15.61438], [-56.10945, -15.61384], [-56.10918, -15.61411], [-56.1081, -15.61303], [-56.10702, -15.61276], [-56.10567, -15.61115], [-56.10567, -15.61007], [-56.10486, -15.60926], [-56.10486, -15.60872], [-56.10406, -15.60899]]]]}}, {"type": "Feature", "properties": {"nome": "Afluente s/n do Rio Coxipó", "area": 3.19, "urb": 3.19, "pct_urb": 100.0, "lx": -56.05339, "ly": -15.60468}, "geometry": {"type": "MultiPolygon", "coordinates": [[[[-56.05986, -15.58959], [-56.05905, -15.58959], [-56.05878, -15.58932], [-56.0542, -15.5939], [-56.05393, -15.59498], [-56.05285, -15.59633], [-56.05124, -15.59659], [-56.04692, -15.60064], [-56.04585, -15.60198], [-56.04585, -15.60252], [-56.04638, -15.60279], [-56.04638, -15.60333], [-56.04477, -15.60522], [-56.04531, -15.60576], [-56.04692, -15.60576], [-56.04719, -15.60603], [-56.04719, -15.60737], [-56.04773, -15.60818], [-56.04638, -15.61115], [-56.04692, -15.61223], [-56.05151, -15.61681], [-56.05285, -15.61573], [-56.05366, -15.61573], [-56.05393, -15.61546], [-56.0542, -15.61573], [-56.05582, -15.61492], [-56.05959, -15.61088], [-56.05986, -15.60899], [-56.06013, -15.60872], [-56.05986, -15.60791], [-56.05932, -15.60764], [-56.0604, -15.60657], [-56.06094, -15.60522], [-56.05959, -15.60333], [-56.05959, -15.60225], [-56.06013, -15.60172], [-56.05986, -15.60145], [-56.05986, -15.60064], [-56.05905, -15.59983], [-56.05932, -15.59956], [-56.05878, -15.59875], [-56.05905, -15.59794], [-56.05878, -15.59713], [-56.0604, -15.59552], [-56.0604, -15.59498], [-56.06121, -15.59417], [-56.06094, -15.59363], [-56.06148, -15.59309], [-56.06067, -15.59174], [-56.06094, -15.5904], [-56.05986, -15.58959]]]]}}, {"type": "Feature", "properties": {"nome": "Afluente s/n do Córrego da Prainha", "area": 5.33, "urb": 5.33, "pct_urb": 100.0, "lx": -56.09355, "ly": -15.59282}, "geometry": {"type": "MultiPolygon", "coordinates": [[[[-56.08088, -15.5815], [-56.08034, -15.58231], [-56.08142, -15.58339], [-56.08088, -15.5842], [-56.08115, -15.58447], [-56.08115, -15.58582], [-56.08088, -15.58608], [-56.08142, -15.58743], [-56.08061, -15.58824], [-56.08115, -15.58905], [-56.08088, -15.5904], [-56.0825, -15.59201], [-56.08304, -15.59309], [-56.08357, -15.59336], [-56.08438, -15.59282], [-56.08465, -15.59309], [-56.08546, -15.59309], [-56.08681, -15.59471], [-56.08762, -15.59525], [-56.08735, -15.59552], [-56.08816, -15.59686], [-56.09004, -15.59902], [-56.08896, -15.6001], [-56.08923, -15.60037], [-56.08896, -15.60064], [-56.08896, -15.60279], [-56.0895, -15.60387], [-56.09058, -15.60522], [-56.09166, -15.60441], [-56.09409, -15.60684], [-56.09516, -15.60845], [-56.09624, -15.60872], [-56.09921, -15.61196], [-56.09974, -15.61223], [-56.09974, -15.61276], [-56.10055, -15.61411], [-56.10055, -15.61573], [-56.10109, -15.61573], [-56.10163, -15.61627], [-56.10109, -15.61708], [-56.10163, -15.61762], [-56.10217, -15.61735], [-56.10244, -15.61762], [-56.10298, -15.61708], [-56.10271, -15.61654], [-56.10298, -15.61627], [-56.10298, -15.61546], [-56.10379, -15.61465], [-56.10352, -15.61384], [-56.10379, -15.61357], [-56.10379, -15.61276], [-56.10298, -15.61169], [-56.10352, -15.61115], [-56.10352, -15.61034], [-56.10406, -15.60926], [-56.10379, -15.60899], [-56.10513, -15.60845], [-56.10594, -15.60711], [-56.10567, -15.60684], [-56.10567, -15.60603], [-56.10594, -15.60576], [-56.10594, -15.60495], [-56.1054, -15.60333], [-56.10325, -15.60118], [-56.10325, -15.60037], [-56.1019, -15.59902], [-56.10217, -15.59767], [-56.10271, -15.59713], [-56.10298, -15.59606], [-56.10271, -15.59525], [-56.10136, -15.5939], [-56.10163, -15.59309], [-56.10001, -15.59174], [-56.09894, -15.58932], [-56.09921, -15.58878], [-56.0984, -15.5877], [-56.0957, -15.58582], [-56.09355, -15.58339], [-56.09328, -15.58366], [-56.0922, -15.58285], [-56.09166, -15.58312], [-56.09058, -15.58258], [-56.0895, -15.5815], [-56.09004, -15.58096], [-56.09004, -15.58043], [-56.08923, -15.58096], [-56.08654, -15.58096], [-56.08546, -15.57989], [-56.08438, -15.58069], [-56.08357, -15.58043], [-56.08196, -15.58177], [-56.08142, -15.5815], [-56.08115, -15.58177], [-56.08088, -15.5815]]]]}}, {"type": "Feature", "properties": {"nome": "Afluente s/n do Rio Coxipó", "area": 3.74, "urb": 3.74, "pct_urb": 100.0, "lx": -55.98737, "ly": -15.62489}, "geometry": {"type": "MultiPolygon", "coordinates": [[[[-56.01243, -15.61762], [-56.01162, -15.61708], [-56.01135, -15.616], [-56.01054, -15.616], [-56.01, -15.61546], [-56.00866, -15.61546], [-56.00758, -15.61438], [-56.00596, -15.61438], [-56.00461, -15.6133], [-56.00219, -15.61357], [-56.00165, -15.6133], [-56.00057, -15.61438], [-56.0003, -15.61411], [-56.00003, -15.61438], [-55.99761, -15.61438], [-55.99707, -15.61465], [-55.9968, -15.61519], [-55.99599, -15.61519], [-55.99518, -15.61627], [-55.99464, -15.61627], [-55.99464, -15.61681], [-55.9941, -15.61735], [-55.99329, -15.61708], [-55.99222, -15.61788], [-55.99249, -15.61815], [-55.99006, -15.62058], [-55.98952, -15.62004], [-55.98898, -15.62004], [-55.98844, -15.62058], [-55.98763, -15.6195], [-55.98737, -15.6195], [-55.98548, -15.62085], [-55.98467, -15.62085], [-55.9844, -15.62058], [-55.98386, -15.62139], [-55.98305, -15.62139], [-55.98198, -15.62058], [-55.98224, -15.62031], [-55.98224, -15.6195], [-55.98171, -15.6195], [-55.98063, -15.61869], [-55.98009, -15.61977], [-55.97874, -15.62085], [-55.97901, -15.62112], [-55.97847, -15.62166], [-55.97847, -15.6222], [-55.9782, -15.62247], [-55.97739, -15.62247], [-55.97686, -15.62301], [-55.97686, -15.62354], [-55.97766, -15.62489], [-55.97659, -15.6257], [-55.97686, -15.62651], [-55.97632, -15.62705], [-55.97659, -15.62786], [-55.97524, -15.62947], [-55.97632, -15.63082], [-55.97712, -15.63082], [-55.9782, -15.6292], [-55.97874, -15.62974], [-55.97955, -15.6292], [-55.98144, -15.62947], [-55.98171, -15.6292], [-55.98171, -15.6284], [-55.9809, -15.62786], [-55.98144, -15.62678], [-55.98251, -15.62678], [-55.98359, -15.62759], [-55.98413, -15.6284], [-55.98413, -15.62974], [-55.98521, -15.63109], [-55.98548, -15.63082], [-55.98575, -15.63109], [-55.98629, -15.63055], [-55.98656, -15.63082], [-55.9871, -15.63028], [-55.9879, -15.63028], [-55.98925, -15.62893], [-55.99087, -15.6284], [-55.99168, -15.62759], [-55.99195, -15.62786], [-55.99329, -15.62732], [-55.99383, -15.62759], [-55.99437, -15.62678], [-55.99518, -15.62651], [-55.99572, -15.6257], [-55.99761, -15.6257], [-55.99949, -15.62381], [-56.00003, -15.62381], [-56.00084, -15.62301], [-56.00219, -15.62327], [-56.0038, -15.62247], [-56.00461, -15.62247], [-56.00515, -15.62112], [-56.00596, -15.62166], [-56.00704, -15.62085], [-56.00919, -15.62058], [-56.01, -15.62112], [-56.01189, -15.61896], [-56.01189, -15.61815], [-56.01243, -15.61762]]]]}}, {"type": "Feature", "properties": {"nome": "Afluente s/n do Rio Pari", "area": 3.64, "urb": 0.51, "pct_urb": 14.0, "lx": -56.21158, "ly": -15.63163}, "geometry": {"type": "MultiPolygon", "coordinates": [[[[-56.21536, -15.61788], [-56.21482, -15.61815], [-56.21428, -15.61896], [-56.21455, -15.61923], [-56.21401, -15.61977], [-56.21401, -15.62031], [-56.21293, -15.62139], [-56.21239, -15.62085], [-56.21078, -15.6222], [-56.21051, -15.62193], [-56.2097, -15.62274], [-56.20889, -15.62301], [-56.20727, -15.62193], [-56.20619, -15.62301], [-56.20673, -15.62543], [-56.20566, -15.62651], [-56.20593, -15.62678], [-56.20593, -15.62786], [-56.20539, -15.6284], [-56.20539, -15.6292], [-56.20566, -15.62974], [-56.20458, -15.63055], [-56.20458, -15.63136], [-56.20485, -15.63163], [-56.20458, -15.6319], [-56.20458, -15.63271], [-56.20566, -15.63459], [-56.20431, -15.63783], [-56.20458, -15.6381], [-56.20458, -15.63891], [-56.20646, -15.64106], [-56.207, -15.64106], [-56.20781, -15.64187], [-56.20781, -15.64241], [-56.20943, -15.64349], [-56.21158, -15.64376], [-56.21212, -15.64322], [-56.2132, -15.64349], [-56.21347, -15.64322], [-56.21482, -15.64403], [-56.21671, -15.64403], [-56.21697, -15.64349], [-56.21724, -15.64349], [-56.21913, -15.6451], [-56.22075, -15.6451], [-56.22183, -15.64456], [-56.22263, -15.6451], [-56.22317, -15.64483], [-56.22317, -15.64456], [-56.21994, -15.64133], [-56.21913, -15.64025], [-56.21913, -15.63944], [-56.21859, -15.63891], [-56.21886, -15.63756], [-56.21859, -15.63702], [-56.21886, -15.63648], [-56.21859, -15.63567], [-56.21886, -15.63513], [-56.21859, -15.63486], [-56.21859, -15.63352], [-56.21805, -15.63271], [-56.21805, -15.63217], [-56.21859, -15.63163], [-56.21859, -15.63109], [-56.21778, -15.62947], [-56.22021, -15.62705], [-56.22048, -15.62624], [-56.21859, -15.62435], [-56.21832, -15.62462], [-56.21724, -15.62354], [-56.21671, -15.62408], [-56.21509, -15.62274], [-56.21536, -15.62247], [-56.21536, -15.62139], [-56.21617, -15.62085], [-56.21617, -15.62031], [-56.21671, -15.61977], [-56.21671, -15.61923], [-56.21536, -15.61788]]]]}}, {"type": "Feature", "properties": {"nome": "Afluente s/n do Córrego do General", "area": 18.7, "urb": 18.23, "pct_urb": 97.5, "lx": -56.17143, "ly": -15.62354}, "geometry": {"type": "MultiPolygon", "coordinates": [[[[-56.13667, -15.62031], [-56.1364, -15.62139], [-56.13586, -15.62193], [-56.13586, -15.62247], [-56.13613, -15.62274], [-56.1364, -15.62247], [-56.13747, -15.62354], [-56.13828, -15.62327], [-56.13909, -15.62435], [-56.13936, -15.62408], [-56.14179, -15.62381], [-56.1434, -15.62462], [-56.14556, -15.62678], [-56.14718, -15.62678], [-56.14745, -15.62651], [-56.14879, -15.62759], [-56.14933, -15.62893], [-56.15041, -15.63001], [-56.1496, -15.63082], [-56.1496, -15.63163], [-56.15068, -15.63325], [-56.15068, -15.63379], [-56.1523, -15.63513], [-56.1523, -15.63594], [-56.15391, -15.63756], [-56.15499, -15.63783], [-56.15688, -15.63944], [-56.15822, -15.63971], [-56.1593, -15.64079], [-56.16065, -15.64106], [-56.16227, -15.63918], [-56.16281, -15.63891], [-56.16254, -15.63837], [-56.16361, -15.63729], [-56.16442, -15.63783], [-56.16523, -15.63918], [-56.1655, -15.63891], [-56.16631, -15.63891], [-56.16739, -15.64025], [-56.16874, -15.64052], [-56.16981, -15.6416], [-56.17116, -15.6416], [-56.17143, -15.64187], [-56.17305, -15.64133], [-56.17413, -15.64133], [-56.17466, -15.64079], [-56.17547, -15.64106], [-56.17655, -15.64052], [-56.17817, -15.63891], [-56.17925, -15.63998], [-56.17978, -15.64106], [-56.18059, -15.64133], [-56.1841, -15.64483], [-56.1841, -15.64537], [-56.18625, -15.64645], [-56.18868, -15.64591], [-56.18895, -15.64672], [-56.18949, -15.64699], [-56.18976, -15.64753], [-56.19164, -15.64834], [-56.19218, -15.64915], [-56.19299, -15.64888], [-56.19515, -15.6513], [-56.19542, -15.65076], [-56.19488, -15.64995], [-56.19488, -15.64942], [-56.19542, -15.64888], [-56.19542, -15.64834], [-56.19703, -15.64699], [-56.1973, -15.64564], [-56.19865, -15.64456], [-56.19892, -15.64403], [-56.2, -15.64403], [-56.20107, -15.64322], [-56.20161, -15.64322], [-56.20242, -15.64376], [-56.20269, -15.64322], [-56.20188, -15.64241], [-56.20188, -15.6416], [-56.20134, -15.64079], [-56.20081, -15.64079], [-56.20027, -15.64025], [-56.20054, -15.63971], [-56.19946, -15.63864], [-56.19865, -15.63837], [-56.19434, -15.63379], [-56.19299, -15.6319], [-56.19245, -15.63055], [-56.19164, -15.62974], [-56.1911, -15.62974], [-56.18895, -15.62786], [-56.18895, -15.62705], [-56.18814, -15.62597], [-56.19137, -15.62301], [-56.19191, -15.6222], [-56.19191, -15.62139], [-56.19137, -15.62058], [-56.19056, -15.62004], [-56.19056, -15.6195], [-56.19003, -15.61896], [-56.18976, -15.61654], [-56.18868, -15.61573], [-56.18787, -15.6133], [-56.18679, -15.6125], [-56.18679, -15.61169], [-56.18814, -15.61034], [-56.18706, -15.61061], [-56.18652, -15.61115], [-56.18517, -15.6098], [-56.18464, -15.6098], [-56.18383, -15.60926], [-56.18356, -15.60953], [-56.18248, -15.60953], [-56.18167, -15.61034], [-56.18005, -15.60899], [-56.17978, -15.60845], [-56.17898, -15.60818], [-56.17709, -15.60603], [-56.17628, -15.60657], [-56.17601, -15.60711], [-56.17547, -15.60711], [-56.17493, -15.60657], [-56.17386, -15.60737], [-56.17332, -15.60684], [-56.17278, -15.60711], [-56.17197, -15.6063], [-56.17116, -15.6063], [-56.16954, -15.60522], [-56.16847, -15.60549], [-56.16766, -15.60495], [-56.16739, -15.60576], [-56.16604, -15.60684], [-56.16523, -15.60657], [-56.16415, -15.60764], [-56.16281, -15.60791], [-56.162, -15.60711], [-56.16146, -15.60711], [-56.16065, -15.60791], [-56.16119, -15.60872], [-56.16011, -15.61007], [-56.1593, -15.61061], [-56.15796, -15.61061], [-56.15769, -15.61007], [-56.15661, -15.61034], [-56.15526, -15.61169], [-56.15337, -15.61088], [-56.1531, -15.61115], [-56.1523, -15.61115], [-56.15095, -15.61061], [-56.15014, -15.61142], [-56.14906, -15.61169], [-56.14798, -15.61061], [-56.14718, -15.61061], [-56.14664, -15.6098], [-56.14583, -15.6098], [-56.14502, -15.60926], [-56.14448, -15.60926], [-56.14367, -15.61061], [-56.1434, -15.61303], [-56.14259, -15.61438], [-56.14286, -15.61519], [-56.14206, -15.61627], [-56.14125, -15.6195], [-56.13936, -15.62085], [-56.13909, -15.62058], [-56.13747, -15.62058], [-56.13693, -15.62004], [-56.13667, -15.62031]]]]}}, {"type": "Feature", "properties": {"nome": "Afluente s/n do Rio Cuiabá", "area": 5.74, "urb": 5.74, "pct_urb": 100.0, "lx": -56.10567, "ly": -15.62786}, "geometry": {"type": "MultiPolygon", "coordinates": [[[[-56.1054, -15.61762], [-56.10406, -15.61815], [-56.10082, -15.62085], [-56.09732, -15.62462], [-56.09678, -15.62489], [-56.0957, -15.62651], [-56.09409, -15.62732], [-56.09328, -15.62813], [-56.09301, -15.62759], [-56.09193, -15.62678], [-56.09166, -15.62732], [-56.09247, -15.62813], [-56.09193, -15.6292], [-56.0922, -15.62947], [-56.0922, -15.63109], [-56.09355, -15.63271], [-56.09489, -15.63271], [-56.0957, -15.63217], [-56.09732, -15.63432], [-56.09894, -15.63459], [-56.09921, -15.63513], [-56.10082, -15.63648], [-56.10244, -15.63594], [-56.10298, -15.6354], [-56.10379, -15.63567], [-56.10379, -15.63621], [-56.10433, -15.63675], [-56.10406, -15.63783], [-56.10433, -15.6381], [-56.10433, -15.63891], [-56.10379, -15.64025], [-56.10486, -15.6416], [-56.10433, -15.64241], [-56.1046, -15.64322], [-56.10379, -15.64376], [-56.10379, -15.6451], [-56.1046, -15.6451], [-56.10513, -15.64618], [-56.10486, -15.64672], [-56.1054, -15.64726], [-56.10702, -15.64753], [-56.10756, -15.64672], [-56.10918, -15.64807], [-56.10972, -15.6478], [-56.10999, -15.64726], [-56.11079, -15.64753], [-56.1116, -15.64699], [-56.11187, -15.64645], [-56.11484, -15.64537], [-56.11564, -15.64456], [-56.11645, -15.64456], [-56.11996, -15.64106], [-56.12077, -15.64106], [-56.12265, -15.63944], [-56.12238, -15.63864], [-56.12184, -15.63864], [-56.1213, -15.6381], [-56.12077, -15.63702], [-56.11969, -15.63594], [-56.11969, -15.6354], [-56.11942, -15.63567], [-56.1178, -15.63432], [-56.11726, -15.63432], [-56.11618, -15.63325], [-56.11618, -15.63271], [-56.11457, -15.63109], [-56.11564, -15.63001], [-56.11645, -15.62974], [-56.11645, -15.62893], [-56.11564, -15.62813], [-56.11538, -15.62732], [-56.11322, -15.62597], [-56.11457, -15.62489], [-56.11484, -15.62354], [-56.11214, -15.62139], [-56.11079, -15.62112], [-56.10972, -15.62004], [-56.10999, -15.61977], [-56.10972, -15.6195], [-56.10702, -15.61788], [-56.10567, -15.61788], [-56.1054, -15.61762]]]]}}, {"type": "Feature", "properties": {"nome": "Afluente s/n do Rio Cuiabá", "area": 2.13, "urb": 2.13, "pct_urb": 100.0, "lx": -56.13181, "ly": -15.63783}, "geometry": {"type": "MultiPolygon", "coordinates": [[[[-56.1364, -15.62489], [-56.13505, -15.62489], [-56.13451, -15.6257], [-56.13397, -15.6257], [-56.13397, -15.62651], [-56.13316, -15.62759], [-56.13208, -15.62705], [-56.13154, -15.62759], [-56.13181, -15.62893], [-56.13289, -15.63001], [-56.13181, -15.63109], [-56.13154, -15.6319], [-56.12966, -15.63244], [-56.12885, -15.63352], [-56.12804, -15.63405], [-56.1275, -15.63567], [-56.12777, -15.63594], [-56.12696, -15.63621], [-56.12669, -15.63756], [-56.12535, -15.63918], [-56.1275, -15.64025], [-56.1275, -15.6416], [-56.12885, -15.64214], [-56.12939, -15.64268], [-56.12966, -15.6443], [-56.12912, -15.64483], [-56.13074, -15.64645], [-56.13128, -15.64645], [-56.13262, -15.6478], [-56.13424, -15.64672], [-56.13478, -15.64672], [-56.13532, -15.64726], [-56.13613, -15.64726], [-56.1364, -15.64753], [-56.13667, -15.64726], [-56.1372, -15.6478], [-56.13774, -15.64726], [-56.13909, -15.64753], [-56.1399, -15.64672], [-56.13855, -15.64591], [-56.13559, -15.64268], [-56.13586, -15.64214], [-56.13559, -15.64187], [-56.13559, -15.64025], [-56.13774, -15.63837], [-56.13828, -15.63756], [-56.13801, -15.63675], [-56.13828, -15.63648], [-56.13774, -15.63567], [-56.13801, -15.63513], [-56.13801, -15.63379], [-56.13774, -15.63325], [-56.13882, -15.6319], [-56.13693, -15.62947], [-56.13747, -15.62893], [-56.13747, -15.62786], [-56.13693, -15.62759], [-56.13693, -15.62624], [-56.1364, -15.6257], [-56.1364, -15.62489]]]]}}, {"type": "Feature", "properties": {"nome": "Afluente s/n do Córrego Aricazinho", "area": 2.94, "urb": 2.94, "pct_urb": 100.0, "lx": -55.91487, "ly": -15.63298}, "geometry": {"type": "MultiPolygon", "coordinates": [[[[-55.91218, -15.62193], [-55.91298, -15.62327], [-55.91218, -15.62354], [-55.91191, -15.62408], [-55.91245, -15.62516], [-55.91245, -15.62597], [-55.9111, -15.62759], [-55.9111, -15.6292], [-55.91137, -15.62947], [-55.9084, -15.63244], [-55.90759, -15.63271], [-55.91379, -15.63891], [-55.91406, -15.63891], [-55.9146, -15.6381], [-55.91622, -15.6381], [-55.91703, -15.63729], [-55.91784, -15.63729], [-55.91864, -15.63675], [-55.91999, -15.63675], [-55.92026, -15.63756], [-55.92107, -15.63783], [-55.92215, -15.63675], [-55.9235, -15.63594], [-55.92592, -15.63702], [-55.92646, -15.63675], [-55.92754, -15.63756], [-55.92889, -15.63756], [-55.92942, -15.63702], [-55.92996, -15.63729], [-55.93131, -15.63891], [-55.93131, -15.64106], [-55.93185, -15.6416], [-55.93239, -15.6416], [-55.9332, -15.64214], [-55.93374, -15.64133], [-55.93481, -15.64133], [-55.93535, -15.64214], [-55.93562, -15.64187], [-55.93616, -15.64214], [-55.93778, -15.64376], [-55.93778, -15.64456], [-55.93993, -15.64322], [-55.9394, -15.64133], [-55.93993, -15.64052], [-55.9394, -15.63998], [-55.93993, -15.63971], [-55.94047, -15.63891], [-55.93913, -15.63891], [-55.93778, -15.63729], [-55.93589, -15.63756], [-55.93427, -15.63567], [-55.93454, -15.6354], [-55.93427, -15.63513], [-55.93427, -15.63432], [-55.93293, -15.63298], [-55.92996, -15.63271], [-55.92915, -15.63217], [-55.92862, -15.63217], [-55.92781, -15.63271], [-55.92565, -15.63055], [-55.92511, -15.63136], [-55.9243, -15.63163], [-55.92403, -15.63217], [-55.92215, -15.6319], [-55.92161, -15.63271], [-55.92026, -15.63163], [-55.91999, -15.6319], [-55.91918, -15.63109], [-55.91945, -15.63001], [-55.9173, -15.62759], [-55.91703, -15.62786], [-55.91649, -15.62732], [-55.91676, -15.62705], [-55.91568, -15.62597], [-55.91622, -15.62516], [-55.91649, -15.62327], [-55.91703, -15.62301], [-55.91703, -15.62247], [-55.91757, -15.62193], [-55.9173, -15.62112], [-55.91784, -15.62058], [-55.91649, -15.62058], [-55.91595, -15.62112], [-55.91568, -15.62085], [-55.91379, -15.62085], [-55.91325, -15.62166], [-55.91218, -15.62193]]]]}}, {"type": "Feature", "properties": {"nome": "Afluente s/n do Córrego Aricazinho", "area": 4.28, "urb": 4.25, "pct_urb": 99.4, "lx": -55.92511, "ly": -15.64376}, "geometry": {"type": "MultiPolygon", "coordinates": [[[[-55.90759, -15.63298], [-55.90813, -15.63352], [-55.90733, -15.63405], [-55.90733, -15.63513], [-55.90759, -15.6354], [-55.90679, -15.63648], [-55.90786, -15.63783], [-55.9084, -15.63783], [-55.90975, -15.63918], [-55.91002, -15.63998], [-55.91325, -15.64322], [-55.91272, -15.64376], [-55.91298, -15.64403], [-55.91298, -15.64483], [-55.91272, -15.6451], [-55.91433, -15.64645], [-55.91406, -15.64807], [-55.91622, -15.64915], [-55.91757, -15.65076], [-55.91837, -15.6513], [-55.91811, -15.65157], [-55.91837, -15.65184], [-55.91837, -15.65265], [-55.91891, -15.65319], [-55.91945, -15.65292], [-55.92026, -15.6513], [-55.9208, -15.6513], [-55.92242, -15.64942], [-55.92269, -15.64942], [-55.9235, -15.65049], [-55.9243, -15.65049], [-55.92511, -15.6513], [-55.92511, -15.65184], [-55.92673, -15.65319], [-55.92727, -15.65292], [-55.92942, -15.65292], [-55.92996, -15.65238], [-55.93104, -15.65238], [-55.93131, -15.65211], [-55.93185, -15.65238], [-55.93293, -15.65346], [-55.93266, -15.65427], [-55.93427, -15.65534], [-55.93481, -15.65508], [-55.93508, -15.65454], [-55.93454, -15.65319], [-55.93616, -15.65238], [-55.9367, -15.65184], [-55.9367, -15.6513], [-55.93832, -15.64969], [-55.93886, -15.64995], [-55.93966, -15.64915], [-55.93913, -15.6478], [-55.94047, -15.64672], [-55.93966, -15.64483], [-55.9402, -15.64322], [-55.93778, -15.64483], [-55.93751, -15.64456], [-55.93751, -15.64376], [-55.93616, -15.64241], [-55.93562, -15.64214], [-55.93535, -15.64241], [-55.93481, -15.6416], [-55.93374, -15.6416], [-55.9332, -15.64241], [-55.93239, -15.64187], [-55.93185, -15.64187], [-55.93104, -15.64106], [-55.93104, -15.63891], [-55.92996, -15.63756], [-55.92942, -15.63729], [-55.92889, -15.63783], [-55.92754, -15.63783], [-55.92646, -15.63702], [-55.92592, -15.63729], [-55.92323, -15.63621], [-55.92107, -15.6381], [-55.91972, -15.63729], [-55.91999, -15.63702], [-55.91864, -15.63702], [-55.91784, -15.63756], [-55.91703, -15.63756], [-55.91622, -15.63837], [-55.9146, -15.63837], [-55.91406, -15.63918], [-55.91379, -15.63918], [-55.90759, -15.63298]]]]}}, {"type": "Feature", "properties": {"nome": "Afluente s/n do Rio Cuiabá", "area": 5.11, "urb": 5.11, "pct_urb": 100.0, "lx": -56.09382, "ly": -15.64214}, "geometry": {"type": "MultiPolygon", "coordinates": [[[[-56.09139, -15.62866], [-56.09058, -15.62893], [-56.08977, -15.62974], [-56.0895, -15.63055], [-56.08977, -15.63082], [-56.08977, -15.63244], [-56.08789, -15.63459], [-56.08762, -15.6354], [-56.08681, -15.6354], [-56.086, -15.63432], [-56.08519, -15.63379], [-56.08465, -15.63379], [-56.08438, -15.63325], [-56.08357, -15.63432], [-56.08223, -15.63325], [-56.08331, -15.63432], [-56.08304, -15.6354], [-56.08465, -15.63648], [-56.08546, -15.63837], [-56.08519, -15.63864], [-56.08519, -15.64025], [-56.08492, -15.64052], [-56.08519, -15.64187], [-56.08357, -15.64376], [-56.08438, -15.6451], [-56.08357, -15.64618], [-56.08384, -15.64645], [-56.0825, -15.64807], [-56.08411, -15.64942], [-56.08411, -15.6513], [-56.08357, -15.65211], [-56.08277, -15.65184], [-56.08277, -15.65346], [-56.0825, -15.65373], [-56.08277, -15.654], [-56.08169, -15.65481], [-56.08115, -15.65481], [-56.08088, -15.65561], [-56.0825, -15.65642], [-56.08277, -15.65696], [-56.0825, -15.65777], [-56.08331, -15.65831], [-56.08331, -15.65912], [-56.08304, -15.65939], [-56.08357, -15.65966], [-56.08384, -15.6602], [-56.08465, -15.6602], [-56.08492, -15.66047], [-56.08573, -15.66047], [-56.08627, -15.65993], [-56.08654, -15.6602], [-56.08816, -15.6602], [-56.09139, -15.65912], [-56.09166, -15.65831], [-56.09139, -15.65804], [-56.09139, -15.65615], [-56.09301, -15.65481], [-56.09328, -15.65427], [-56.09409, -15.65427], [-56.09462, -15.65481], [-56.09786, -15.65157], [-56.09759, -15.65076], [-56.10028, -15.64807], [-56.10055, -15.64834], [-56.10217, -15.64672], [-56.10271, -15.64672], [-56.10271, -15.64537], [-56.10352, -15.64483], [-56.10352, -15.64376], [-56.10433, -15.64322], [-56.10406, -15.64241], [-56.1046, -15.6416], [-56.10352, -15.64025], [-56.10406, -15.63891], [-56.10379, -15.63729], [-56.10406, -15.63675], [-56.10352, -15.63621], [-56.10352, -15.63567], [-56.10298, -15.63567], [-56.10136, -15.63675], [-56.10082, -15.63675], [-56.09894, -15.63513], [-56.09894, -15.63486], [-56.09732, -15.63459], [-56.0957, -15.63244], [-56.09489, -15.63298], [-56.09355, -15.63298], [-56.09193, -15.63109], [-56.09193, -15.62947], [-56.09166, -15.6292], [-56.09193, -15.62893], [-56.09139, -15.62866]]]]}}, {"type": "Feature", "properties": {"nome": "Afluente s/n do Rio Cuiabá", "area": 12.09, "urb": 12.09, "pct_urb": 100.0, "lx": -56.07226, "ly": -15.61169}, "geometry": {"type": "MultiPolygon", "coordinates": [[[[-56.06471, -15.56021], [-56.0639, -15.56048], [-56.06309, -15.56129], [-56.06255, -15.56129], [-56.0639, -15.56264], [-56.06255, -15.56453], [-56.06309, -15.56533], [-56.06282, -15.5656], [-56.06336, -15.56614], [-56.06336, -15.56695], [-56.0639, -15.56749], [-56.06255, -15.56884], [-56.06202, -15.56884], [-56.06094, -15.56965], [-56.06121, -15.57045], [-56.05986, -15.5718], [-56.05986, -15.57234], [-56.05905, -15.57342], [-56.05905, -15.57477], [-56.05986, -15.57584], [-56.05851, -15.57692], [-56.05824, -15.57773], [-56.05905, -15.57908], [-56.05932, -15.57881], [-56.05986, -15.57935], [-56.0604, -15.57935], [-56.06175, -15.57881], [-56.06228, -15.57962], [-56.06363, -15.58069], [-56.06444, -15.58016], [-56.06633, -15.58177], [-56.0666, -15.58258], [-56.06417, -15.58528], [-56.06687, -15.5877], [-56.06714, -15.58851], [-56.06821, -15.58932], [-56.06848, -15.59013], [-56.06983, -15.59174], [-56.06848, -15.59309], [-56.06794, -15.59309], [-56.06633, -15.59228], [-56.06471, -15.59067], [-56.06363, -15.59094], [-56.06255, -15.59174], [-56.06175, -15.5912], [-56.06175, -15.59067], [-56.06121, -15.59067], [-56.06094, -15.59174], [-56.06175, -15.59282], [-56.06121, -15.59363], [-56.06148, -15.59417], [-56.06067, -15.59498], [-56.06067, -15.59552], [-56.05905, -15.59713], [-56.05932, -15.59794], [-56.05905, -15.59875], [-56.05959, -15.59956], [-56.05932, -15.59983], [-56.06013, -15.60064], [-56.06013, -15.60145], [-56.0604, -15.60172], [-56.05986, -15.60225], [-56.05986, -15.60333], [-56.06121, -15.60522], [-56.06067, -15.60657], [-56.05959, -15.60764], [-56.06013, -15.60791], [-56.0604, -15.60872], [-56.06013, -15.60953], [-56.06067, -15.6098], [-56.06121, -15.60953], [-56.06202, -15.61034], [-56.06202, -15.61115], [-56.06255, -15.61142], [-56.06228, -15.61169], [-56.06228, -15.6125], [-56.06336, -15.61357], [-56.06309, -15.61546], [-56.06363, -15.61627], [-56.06444, -15.61681], [-56.06471, -15.61762], [-56.06444, -15.61869], [-56.0639, -15.61923], [-56.0639, -15.61977], [-56.06336, -15.62031], [-56.06687, -15.62354], [-56.06821, -15.62408], [-56.0701, -15.62435], [-56.07172, -15.62301], [-56.07253, -15.62381], [-56.0728, -15.62489], [-56.07333, -15.62489], [-56.07495, -15.62624], [-56.07522, -15.62813], [-56.07495, -15.6284], [-56.07495, -15.62974], [-56.07522, -15.63001], [-56.0763, -15.63001], [-56.07792, -15.63136], [-56.07845, -15.63136], [-56.07899, -15.63271], [-56.08007, -15.63352], [-56.08061, -15.63432], [-56.08088, -15.63352], [-56.08061, -15.63325], [-56.08061, -15.63244], [-56.08169, -15.63163], [-56.08169, -15.63109], [-56.08061, -15.63109], [-56.08034, -15.63082], [-56.08034, -15.63001], [-56.08088, -15.6292], [-56.08007, -15.62813], [-56.08034, -15.62732], [-56.0798, -15.62678], [-56.08034, -15.62624], [-56.08034, -15.62516], [-56.08088, -15.62462], [-56.08007, -15.62435], [-56.07926, -15.62354], [-56.07926, -15.62301], [-56.08034, -15.62247], [-56.08061, -15.62139], [-56.08277, -15.61977], [-56.08277, -15.61869], [-56.0825, -15.61842], [-56.08304, -15.61788], [-56.08277, -15.61735], [-56.08357, -15.61654], [-56.08331, -15.61546], [-56.08357, -15.61519], [-56.08357, -15.61438], [-56.08304, -15.6133], [-56.08304, -15.6125], [-56.08142, -15.61034], [-56.0825, -15.60899], [-56.08223, -15.60737], [-56.0825, -15.60711], [-56.08169, -15.60603], [-56.08115, -15.6063], [-56.08061, -15.60603], [-56.0798, -15.60495], [-56.07899, -15.60468], [-56.07576, -15.60172], [-56.07576, -15.60091], [-56.07495, -15.59929], [-56.07387, -15.59821], [-56.07549, -15.59686], [-56.07549, -15.59552], [-56.07576, -15.59525], [-56.07657, -15.59525], [-56.07738, -15.59444], [-56.07711, -15.59336], [-56.07792, -15.59282], [-56.07872, -15.59282], [-56.07899, -15.59309], [-56.08061, -15.59067], [-56.08088, -15.58905], [-56.08034, -15.58824], [-56.08115, -15.58716], [-56.08061, -15.58608], [-56.08088, -15.58582], [-56.08088, -15.58447], [-56.08061, -15.5842], [-56.08115, -15.58339], [-56.0798, -15.58177], [-56.07899, -15.5815], [-56.07819, -15.58069], [-56.07792, -15.57989], [-56.07738, -15.57989], [-56.07657, -15.57935], [-56.07576, -15.578], [-56.07603, -15.57773], [-56.07468, -15.57692], [-56.07387, -15.57557], [-56.07414, -15.57423], [-56.07522, -15.57315], [-56.07414, -15.57234], [-56.0736, -15.57072], [-56.0728, -15.56991], [-56.07333, -15.56884], [-56.07253, -15.5683], [-56.07172, -15.5683], [-56.07118, -15.56776], [-56.07118, -15.56695], [-56.07037, -15.56641], [-56.07064, -15.56614], [-56.07037, -15.56587], [-56.06929, -15.56587], [-56.06767, -15.56426], [-56.06767, -15.56372], [-56.06606, -15.56183], [-56.06633, -15.56156], [-56.06471, -15.56021]]]]}}, {"type": "Feature", "properties": {"nome": "Afluente s/n do Córrego São Gonçalo", "area": 2.86, "urb": 2.86, "pct_urb": 100.0, "lx": -56.0542, "ly": -15.63837}, "geometry": {"type": "MultiPolygon", "coordinates": [[[[-56.0445, -15.63459], [-56.0445, -15.63594], [-56.04423, -15.63648], [-56.0445, -15.63729], [-56.04396, -15.63783], [-56.04504, -15.63891], [-56.04612, -15.63918], [-56.04773, -15.64079], [-56.04827, -15.64079], [-56.04908, -15.6416], [-56.05016, -15.6416], [-56.05097, -15.64295], [-56.05231, -15.64268], [-56.05312, -15.64349], [-56.05501, -15.64322], [-56.05582, -15.64376], [-56.05716, -15.64349], [-56.0577, -15.6443], [-56.05582, -15.64618], [-56.05689, -15.6478], [-56.05716, -15.64753], [-56.05932, -15.64753], [-56.0604, -15.64834], [-56.06228, -15.64834], [-56.06282, -15.64915], [-56.06363, -15.64861], [-56.06444, -15.64915], [-56.06498, -15.64915], [-56.06687, -15.64834], [-56.06794, -15.64834], [-56.06848, -15.64888], [-56.06956, -15.6478], [-56.06848, -15.64672], [-56.06875, -15.64591], [-56.06848, -15.64564], [-56.06848, -15.64483], [-56.06794, -15.6443], [-56.06821, -15.64349], [-56.06741, -15.64241], [-56.06767, -15.64187], [-56.06687, -15.64106], [-56.06579, -15.64106], [-56.06417, -15.64052], [-56.06309, -15.63918], [-56.06309, -15.63837], [-56.06255, -15.63783], [-56.06175, -15.63756], [-56.05959, -15.63513], [-56.05878, -15.63513], [-56.0577, -15.63405], [-56.05716, -15.63405], [-56.05663, -15.63352], [-56.05636, -15.63352], [-56.05609, -15.63405], [-56.05555, -15.63405], [-56.05501, -15.63352], [-56.05366, -15.63352], [-56.05285, -15.63298], [-56.05231, -15.63298], [-56.05204, -15.63244], [-56.05177, -15.63271], [-56.05043, -15.63271], [-56.04989, -15.63163], [-56.0507, -15.63082], [-56.0507, -15.63028], [-56.04935, -15.63001], [-56.04908, -15.62974], [-56.04908, -15.62893], [-56.04854, -15.62893], [-56.048, -15.62947], [-56.048, -15.63109], [-56.04692, -15.6319], [-56.04719, -15.63271], [-56.04692, -15.63352], [-56.04585, -15.63459], [-56.0445, -15.63459]]]]}}, {"type": "Feature", "properties": {"nome": "Afluente s/n do Rio Cuiabá", "area": 5.1, "urb": 5.1, "pct_urb": 100.0, "lx": -56.05824, "ly": -15.654}, "geometry": {"type": "MultiPolygon", "coordinates": [[[[-56.06794, -15.64861], [-56.06687, -15.64861], [-56.06498, -15.64942], [-56.06444, -15.64942], [-56.06363, -15.64888], [-56.06282, -15.64942], [-56.06228, -15.64861], [-56.0604, -15.64861], [-56.05932, -15.6478], [-56.05716, -15.6478], [-56.05689, -15.64807], [-56.05609, -15.64753], [-56.05501, -15.64888], [-56.05393, -15.64888], [-56.05366, -15.64915], [-56.05366, -15.64995], [-56.05312, -15.65049], [-56.05204, -15.65049], [-56.05124, -15.64995], [-56.05124, -15.64969], [-56.05043, -15.64995], [-56.04962, -15.64969], [-56.04935, -15.64995], [-56.04908, -15.64969], [-56.04773, -15.65157], [-56.048, -15.65238], [-56.04746, -15.654], [-56.04315, -15.65831], [-56.04288, -15.65912], [-56.04315, -15.65939], [-56.04234, -15.66127], [-56.04261, -15.66262], [-56.04153, -15.66343], [-56.04046, -15.66505], [-56.04019, -15.66639], [-56.04046, -15.66666], [-56.04046, -15.66801], [-56.03992, -15.66855], [-56.04046, -15.66909], [-56.04019, -15.67044], [-56.04046, -15.67124], [-56.0418, -15.67232], [-56.04234, -15.67232], [-56.04423, -15.67394], [-56.04423, -15.67448], [-56.04504, -15.67502], [-56.04558, -15.67421], [-56.04558, -15.67286], [-56.048, -15.67124], [-56.04881, -15.6699], [-56.04881, -15.66936], [-56.04962, -15.66855], [-56.04962, -15.66774], [-56.05043, -15.66693], [-56.05124, -15.66693], [-56.05151, -15.66747], [-56.0542, -15.66451], [-56.05393, -15.6637], [-56.0542, -15.66343], [-56.0542, -15.66262], [-56.05582, -15.66127], [-56.05743, -15.66127], [-56.05932, -15.65966], [-56.06067, -15.65966], [-56.06094, -15.65939], [-56.06121, -15.65966], [-56.06255, -15.65966], [-56.06336, -15.6602], [-56.06309, -15.661], [-56.06363, -15.66154], [-56.06363, -15.66235], [-56.0639, -15.66262], [-56.06336, -15.66316], [-56.06309, -15.66478], [-56.06444, -15.66639], [-56.06417, -15.66693], [-56.06444, -15.66666], [-56.06525, -15.66693], [-56.06687, -15.66612], [-56.0666, -15.66478], [-56.06794, -15.66289], [-56.06767, -15.66154], [-56.06821, -15.661], [-56.06848, -15.66127], [-56.06956, -15.66127], [-56.06983, -15.661], [-56.0701, -15.66127], [-56.07091, -15.66047], [-56.0701, -15.65966], [-56.06956, -15.6602], [-56.06929, -15.65993], [-56.06929, -15.65912], [-56.06848, -15.65804], [-56.06902, -15.65696], [-56.06875, -15.65669], [-56.06848, -15.65022], [-56.06794, -15.64969], [-56.06821, -15.64888], [-56.06794, -15.64861]]]]}}, {"type": "Feature", "properties": {"nome": "Afluente s/n do Rio Aricalzinho", "area": 7.33, "urb": 1.43, "pct_urb": 19.5, "lx": -55.90867, "ly": -15.65615}, "geometry": {"type": "MultiPolygon", "coordinates": [[[[-55.89196, -15.66505], [-55.89223, -15.66559], [-55.89304, -15.66559], [-55.89358, -15.66639], [-55.89412, -15.66639], [-55.89439, -15.66666], [-55.89412, -15.6672], [-55.8952, -15.66801], [-55.89601, -15.66774], [-55.89682, -15.66828], [-55.89708, -15.66774], [-55.90059, -15.66801], [-55.90086, -15.66774], [-55.90113, -15.66801], [-55.90194, -15.66801], [-55.90274, -15.66747], [-55.90328, -15.66801], [-55.90355, -15.66774], [-55.90436, -15.66801], [-55.90517, -15.66882], [-55.90625, -15.66774], [-55.90733, -15.66774], [-55.90733, -15.66693], [-55.90786, -15.66639], [-55.90921, -15.66666], [-55.91002, -15.66612], [-55.9111, -15.66478], [-55.91164, -15.66532], [-55.91218, -15.66478], [-55.91245, -15.66505], [-55.91272, -15.66424], [-55.91352, -15.66424], [-55.91379, -15.66397], [-55.91514, -15.66451], [-55.91622, -15.6637], [-55.91649, -15.66397], [-55.91676, -15.6637], [-55.91703, -15.66397], [-55.91784, -15.66397], [-55.91918, -15.66478], [-55.92026, -15.66478], [-55.92107, -15.66397], [-55.92215, -15.6637], [-55.92323, -15.66208], [-55.9243, -15.66208], [-55.92457, -15.66181], [-55.92484, -15.66208], [-55.92511, -15.66181], [-55.92646, -15.66289], [-55.92673, -15.66262], [-55.92754, -15.66262], [-55.92915, -15.6637], [-55.92942, -15.66343], [-55.92942, -15.66262], [-55.92915, -15.66235], [-55.92996, -15.66154], [-55.92942, -15.66073], [-55.92942, -15.6602], [-55.93077, -15.65804], [-55.93131, -15.65804], [-55.93293, -15.65642], [-55.9332, -15.65669], [-55.93427, -15.65561], [-55.93239, -15.65427], [-55.93266, -15.65346], [-55.93131, -15.65238], [-55.93104, -15.65265], [-55.92996, -15.65265], [-55.92942, -15.65319], [-55.92727, -15.65319], [-55.92673, -15.65346], [-55.92484, -15.65184], [-55.92484, -15.6513], [-55.9243, -15.65076], [-55.9235, -15.65076], [-55.92269, -15.64969], [-55.92188, -15.65022], [-55.9208, -15.65157], [-55.92026, -15.65157], [-55.92026, -15.65211], [-55.91972, -15.65292], [-55.91891, -15.65346], [-55.91811, -15.65265], [-55.91811, -15.65184], [-55.91784, -15.65157], [-55.91811, -15.6513], [-55.91622, -15.64969], [-55.91622, -15.64942], [-55.91433, -15.64861], [-55.91379, -15.64807], [-55.91406, -15.64645], [-55.91164, -15.6443], [-55.9111, -15.6443], [-55.91029, -15.64349], [-55.91056, -15.64268], [-55.90975, -15.64133], [-55.90867, -15.64133], [-55.90813, -15.64079], [-55.90706, -15.64052], [-55.90571, -15.64133], [-55.9049, -15.64106], [-55.90463, -15.64133], [-55.90463, -15.64241], [-55.90571, -15.64456], [-55.90571, -15.6451], [-55.9049, -15.64591], [-55.90328, -15.64618], [-55.90301, -15.64753], [-55.90086, -15.65076], [-55.90005, -15.6513], [-55.89978, -15.65238], [-55.89897, -15.65319], [-55.89762, -15.65373], [-55.89655, -15.65508], [-55.89682, -15.65588], [-55.89574, -15.65642], [-55.8952, -15.65723], [-55.89385, -15.6575], [-55.89277, -15.65885], [-55.89304, -15.65966], [-55.89277, -15.6602], [-55.89304, -15.66047], [-55.89277, -15.66073], [-55.89277, -15.66316], [-55.89196, -15.66397], [-55.89223, -15.66478], [-55.89196, -15.66505]]]]}}, {"type": "Feature", "properties": {"nome": "Afluente s/n do Rio Cuiabá", "area": 2.17, "urb": 2.17, "pct_urb": 100.0, "lx": -56.05851, "ly": -15.6672}, "geometry": {"type": "MultiPolygon", "coordinates": [[[[-56.07145, -15.66963], [-56.06956, -15.66747], [-56.06848, -15.6672], [-56.06767, -15.66774], [-56.06687, -15.6672], [-56.06687, -15.66639], [-56.06606, -15.66693], [-56.06471, -15.6672], [-56.0639, -15.66585], [-56.06282, -15.66478], [-56.06309, -15.66316], [-56.06363, -15.66262], [-56.06336, -15.66235], [-56.06336, -15.66154], [-56.06282, -15.661], [-56.06309, -15.6602], [-56.06255, -15.65993], [-56.06121, -15.65993], [-56.06094, -15.65966], [-56.06067, -15.65993], [-56.05932, -15.65993], [-56.05878, -15.6602], [-56.05743, -15.66154], [-56.05582, -15.66154], [-56.05447, -15.66262], [-56.05447, -15.66343], [-56.0542, -15.6637], [-56.05447, -15.66451], [-56.05151, -15.66774], [-56.05124, -15.6672], [-56.05043, -15.6672], [-56.04989, -15.66774], [-56.04989, -15.66855], [-56.04908, -15.66936], [-56.04881, -15.67044], [-56.04773, -15.67205], [-56.04881, -15.67205], [-56.04989, -15.67286], [-56.05097, -15.67286], [-56.05124, -15.67259], [-56.05258, -15.6734], [-56.05312, -15.6734], [-56.05474, -15.67205], [-56.05528, -15.67259], [-56.05663, -15.67313], [-56.05851, -15.67259], [-56.05986, -15.67313], [-56.06121, -15.67313], [-56.06309, -15.67178], [-56.06498, -15.67232], [-56.06552, -15.67178], [-56.0666, -15.67367], [-56.06687, -15.6734], [-56.06794, -15.6734], [-56.06875, -15.67286], [-56.06821, -15.67232], [-56.06821, -15.67178], [-56.06902, -15.67044], [-56.0701, -15.67044], [-56.07145, -15.66963]]]]}}, {"type": "Feature", "properties": {"nome": "Afluente s/n do Rio Cuiabá", "area": 3.51, "urb": 1.71, "pct_urb": 48.8, "lx": -56.05528, "ly": -15.68068}, "geometry": {"type": "MultiPolygon", "coordinates": [[[[-56.06956, -15.67286], [-56.06848, -15.67313], [-56.06794, -15.67367], [-56.06687, -15.67367], [-56.0666, -15.67394], [-56.06606, -15.6734], [-56.06552, -15.67205], [-56.06498, -15.67259], [-56.06309, -15.67205], [-56.06121, -15.6734], [-56.05986, -15.6734], [-56.05797, -15.67286], [-56.05716, -15.6734], [-56.05663, -15.6734], [-56.05528, -15.67286], [-56.05474, -15.67232], [-56.05312, -15.67367], [-56.05258, -15.67367], [-56.05124, -15.67286], [-56.05097, -15.67313], [-56.04989, -15.67313], [-56.04881, -15.67232], [-56.04692, -15.67205], [-56.04665, -15.67259], [-56.04585, -15.67286], [-56.04585, -15.67421], [-56.04504, -15.67529], [-56.04396, -15.67529], [-56.04369, -15.67663], [-56.0445, -15.67744], [-56.04477, -15.67825], [-56.04585, -15.67906], [-56.04612, -15.68068], [-56.04719, -15.6831], [-56.04719, -15.68472], [-56.04827, -15.68553], [-56.04908, -15.68526], [-56.04935, -15.68553], [-56.04881, -15.68607], [-56.04881, -15.68688], [-56.04935, -15.68795], [-56.04989, -15.68768], [-56.0507, -15.68822], [-56.05124, -15.68822], [-56.05204, -15.68903], [-56.05285, -15.68876], [-56.05312, -15.68903], [-56.05447, -15.68903], [-56.05582, -15.69011], [-56.0577, -15.68984], [-56.05851, -15.69011], [-56.06013, -15.68849], [-56.0604, -15.68688], [-56.06094, -15.6858], [-56.06175, -15.68526], [-56.06202, -15.68472], [-56.06175, -15.68418], [-56.06255, -15.68337], [-56.06228, -15.6831], [-56.06444, -15.68041], [-56.0666, -15.67879], [-56.0666, -15.67744], [-56.06552, -15.67663], [-56.0666, -15.67529], [-56.06714, -15.67556], [-56.06767, -15.67529], [-56.06848, -15.67556], [-56.06983, -15.67394], [-56.0701, -15.67394], [-56.06956, -15.6734], [-56.06956, -15.67286]]]]}}, {"type": "Feature", "properties": {"nome": "Afluente s/n do Rio Formigueiro", "area": 12.99, "urb": 3.51, "pct_urb": 27.0, "lx": -56.21563, "ly": -15.65912}, "geometry": {"type": "MultiPolygon", "coordinates": [[[[-56.23234, -15.64187], [-56.23153, -15.6416], [-56.22991, -15.64268], [-56.2291, -15.64268], [-56.22856, -15.64322], [-56.22829, -15.64483], [-56.22722, -15.64591], [-56.22695, -15.64564], [-56.22533, -15.64564], [-56.22452, -15.64456], [-56.22425, -15.64483], [-56.22398, -15.64456], [-56.22263, -15.64537], [-56.22183, -15.64483], [-56.22075, -15.64537], [-56.21913, -15.64537], [-56.21724, -15.64376], [-56.21697, -15.64376], [-56.21671, -15.6443], [-56.21482, -15.6443], [-56.21347, -15.64349], [-56.21293, -15.64376], [-56.21212, -15.64349], [-56.21158, -15.64403], [-56.20943, -15.64376], [-56.20781, -15.64268], [-56.20754, -15.64187], [-56.207, -15.64133], [-56.20646, -15.64133], [-56.20566, -15.64025], [-56.20242, -15.64403], [-56.20161, -15.64349], [-56.20107, -15.64349], [-56.2, -15.6443], [-56.19892, -15.6443], [-56.19811, -15.64537], [-56.19757, -15.64564], [-56.1973, -15.64699], [-56.19568, -15.64834], [-56.19568, -15.64888], [-56.19515, -15.64942], [-56.19515, -15.64995], [-56.19568, -15.65076], [-56.19542, -15.65103], [-56.19542, -15.65211], [-56.19622, -15.65238], [-56.19676, -15.65319], [-56.19649, -15.654], [-56.19461, -15.65561], [-56.19461, -15.65615], [-56.1973, -15.65912], [-56.19865, -15.65939], [-56.19892, -15.6602], [-56.20134, -15.66262], [-56.20134, -15.66424], [-56.20161, -15.66478], [-56.20377, -15.66666], [-56.2035, -15.66747], [-56.20431, -15.66828], [-56.20431, -15.66882], [-56.20646, -15.67124], [-56.20646, -15.67232], [-56.20512, -15.67394], [-56.20512, -15.67448], [-56.20269, -15.67663], [-56.20134, -15.67852], [-56.20134, -15.67987], [-56.20188, -15.68068], [-56.20188, -15.68122], [-56.20323, -15.68122], [-56.20404, -15.6796], [-56.20539, -15.68068], [-56.20619, -15.68068], [-56.207, -15.68176], [-56.20754, -15.68149], [-56.20835, -15.68229], [-56.20862, -15.68202], [-56.20889, -15.68229], [-56.20862, -15.68202], [-56.20997, -15.68068], [-56.21078, -15.68041], [-56.21239, -15.67879], [-56.21347, -15.67852], [-56.21509, -15.67744], [-56.21724, -15.67529], [-56.21832, -15.67556], [-56.21859, -15.67529], [-56.21994, -15.67529], [-56.22129, -15.67421], [-56.22156, -15.67448], [-56.22263, -15.6734], [-56.22344, -15.67394], [-56.2256, -15.67421], [-56.22695, -15.67313], [-56.22695, -15.67232], [-56.22775, -15.67124], [-56.22802, -15.6699], [-56.23018, -15.66747], [-56.23153, -15.6672], [-56.23234, -15.66639], [-56.23234, -15.66585], [-56.2318, -15.66505], [-56.2318, -15.6637], [-56.23099, -15.66289], [-56.23126, -15.66181], [-56.23018, -15.66047], [-56.23018, -15.65993], [-56.23045, -15.65966], [-56.23261, -15.65993], [-56.23287, -15.65966], [-56.23395, -15.65966], [-56.23422, -15.65993], [-56.23476, -15.65912], [-56.23665, -15.6575], [-56.2353, -15.65642], [-56.23503, -15.65588], [-56.23503, -15.65481], [-56.23557, -15.65373], [-56.23422, -15.65211], [-56.23422, -15.6513], [-56.23314, -15.64969], [-56.23314, -15.64807], [-56.23422, -15.64618], [-56.23422, -15.64483], [-56.23287, -15.64376], [-56.23341, -15.64268], [-56.23234, -15.64187]]]]}}, {"type": "Feature", "properties": {"nome": "Afluente s/n do Rio Cuiabá", "area": 2.99, "urb": 2.99, "pct_urb": 100.0, "lx": -56.07845, "ly": -15.67906}, "geometry": {"type": "MultiPolygon", "coordinates": [[[[-56.08196, -15.6575], [-56.08088, -15.65885], [-56.07926, -15.65966], [-56.07953, -15.66073], [-56.07926, -15.661], [-56.07926, -15.66181], [-56.07953, -15.66208], [-56.07953, -15.66316], [-56.08034, -15.66343], [-56.08007, -15.66424], [-56.08061, -15.66559], [-56.08196, -15.66666], [-56.08196, -15.66801], [-56.08115, -15.66828], [-56.08007, -15.66936], [-56.08034, -15.67017], [-56.0798, -15.67098], [-56.07738, -15.67151], [-56.07684, -15.67259], [-56.07468, -15.67286], [-56.07441, -15.67313], [-56.07387, -15.67259], [-56.0728, -15.67259], [-56.0736, -15.67475], [-56.0736, -15.67583], [-56.07414, -15.67744], [-56.07387, -15.67771], [-56.07387, -15.67852], [-56.07226, -15.67987], [-56.07226, -15.68014], [-56.07495, -15.68256], [-56.0763, -15.68256], [-56.07711, -15.6831], [-56.07738, -15.68364], [-56.07926, -15.68445], [-56.08034, -15.68445], [-56.08223, -15.68499], [-56.0825, -15.6858], [-56.08331, -15.68526], [-56.08384, -15.68445], [-56.08627, -15.68391], [-56.08627, -15.68364], [-56.08465, -15.68229], [-56.08465, -15.68149], [-56.08384, -15.68095], [-56.08384, -15.67987], [-56.08357, -15.6796], [-56.08384, -15.67933], [-56.08384, -15.67798], [-56.08357, -15.67744], [-56.08169, -15.67556], [-56.08142, -15.67583], [-56.08115, -15.67529], [-56.08519, -15.67286], [-56.08492, -15.67205], [-56.086, -15.67151], [-56.08789, -15.66963], [-56.08816, -15.66828], [-56.08977, -15.66666], [-56.09058, -15.6672], [-56.09112, -15.6672], [-56.0922, -15.66585], [-56.09301, -15.66585], [-56.09328, -15.66559], [-56.09301, -15.66478], [-56.09166, -15.66397], [-56.09193, -15.6637], [-56.09193, -15.66289], [-56.09139, -15.66235], [-56.09058, -15.66235], [-56.09031, -15.66208], [-56.09058, -15.65966], [-56.09085, -15.65939], [-56.09004, -15.65993], [-56.08923, -15.65993], [-56.08816, -15.66047], [-56.08654, -15.66047], [-56.08627, -15.6602], [-56.08573, -15.66073], [-56.08492, -15.66073], [-56.08465, -15.66047], [-56.08384, -15.66047], [-56.08331, -15.65966], [-56.08277, -15.65939], [-56.08304, -15.65912], [-56.08304, -15.65831], [-56.08196, -15.6575]]]]}}, {"type": "Feature", "properties": {"nome": "Afluente s/n do Rio Cuiabá", "area": 8.83, "urb": 8.83, "pct_urb": 100.0, "lx": -56.09462, "ly": -15.67475}, "geometry": {"type": "MultiPolygon", "coordinates": [[[[-56.124, -15.63837], [-56.12346, -15.63837], [-56.12292, -15.63891], [-56.12292, -15.63944], [-56.12077, -15.64133], [-56.11996, -15.64133], [-56.11645, -15.64483], [-56.11564, -15.64483], [-56.11376, -15.64618], [-56.11295, -15.64618], [-56.11187, -15.64672], [-56.11133, -15.64753], [-56.11079, -15.6478], [-56.10999, -15.64753], [-56.10972, -15.64807], [-56.10918, -15.64834], [-56.10756, -15.64699], [-56.10702, -15.6478], [-56.1054, -15.64753], [-56.1046, -15.64672], [-56.10486, -15.64591], [-56.1046, -15.64537], [-56.10325, -15.6451], [-56.10298, -15.64537], [-56.10298, -15.64672], [-56.10217, -15.64699], [-56.10055, -15.64861], [-56.10028, -15.64834], [-56.09786, -15.65076], [-56.09813, -15.65157], [-56.09462, -15.65508], [-56.09409, -15.65454], [-56.09328, -15.65454], [-56.09193, -15.65615], [-56.09166, -15.65615], [-56.09166, -15.65804], [-56.09193, -15.65831], [-56.09166, -15.65858], [-56.09193, -15.65885], [-56.09085, -15.65966], [-56.09058, -15.66208], [-56.09139, -15.66208], [-56.0922, -15.66289], [-56.0922, -15.6637], [-56.09193, -15.66397], [-56.09328, -15.66478], [-56.09355, -15.66559], [-56.09301, -15.66612], [-56.0922, -15.66612], [-56.09112, -15.66747], [-56.09058, -15.66747], [-56.08977, -15.66693], [-56.08843, -15.66828], [-56.08816, -15.66963], [-56.086, -15.67178], [-56.08519, -15.67205], [-56.08546, -15.67286], [-56.08465, -15.67367], [-56.08142, -15.67529], [-56.08142, -15.67556], [-56.08169, -15.67529], [-56.08384, -15.67744], [-56.08411, -15.67798], [-56.08411, -15.67933], [-56.08384, -15.6796], [-56.08411, -15.67987], [-56.08411, -15.68095], [-56.08492, -15.68149], [-56.08492, -15.68229], [-56.08654, -15.68364], [-56.08627, -15.68418], [-56.086, -15.68418], [-56.08627, -15.68445], [-56.08627, -15.68526], [-56.086, -15.68553], [-56.08708, -15.68553], [-56.08735, -15.6858], [-56.08789, -15.68553], [-56.0887, -15.68688], [-56.0895, -15.68499], [-56.09031, -15.68499], [-56.09085, -15.68553], [-56.09085, -15.68607], [-56.09139, -15.68634], [-56.09166, -15.68607], [-56.09301, -15.68607], [-56.09409, -15.68526], [-56.09462, -15.68607], [-56.09516, -15.68607], [-56.0957, -15.68526], [-56.09651, -15.68553], [-56.09705, -15.68499], [-56.09678, -15.68364], [-56.09759, -15.68283], [-56.0984, -15.6831], [-56.09894, -15.68283], [-56.10163, -15.67987], [-56.10217, -15.67987], [-56.10352, -15.67852], [-56.10406, -15.67852], [-56.10486, -15.67906], [-56.1054, -15.67825], [-56.10594, -15.67825], [-56.10621, -15.6769], [-56.10567, -15.67583], [-56.10513, -15.67556], [-56.10486, -15.67421], [-56.10325, -15.67286], [-56.10325, -15.67259], [-56.10271, -15.67259], [-56.10217, -15.67205], [-56.1019, -15.67124], [-56.10217, -15.67044], [-56.1019, -15.67017], [-56.10244, -15.66963], [-56.1019, -15.66828], [-56.1019, -15.66747], [-56.10244, -15.66639], [-56.10217, -15.66585], [-56.10406, -15.6637], [-56.10567, -15.6637], [-56.10675, -15.66424], [-56.10756, -15.66424], [-56.1081, -15.6637], [-56.10864, -15.66397], [-56.11025, -15.66235], [-56.11079, -15.66235], [-56.11187, -15.66127], [-56.11295, -15.66181], [-56.11376, -15.66289], [-56.11322, -15.66343], [-56.11349, -15.6637], [-56.11376, -15.66289], [-56.11322, -15.66208], [-56.11349, -15.66181], [-56.11268, -15.661], [-56.11268, -15.6602], [-56.11322, -15.65966], [-56.11322, -15.65885], [-56.11511, -15.65642], [-56.11538, -15.65561], [-56.11618, -15.65508], [-56.11618, -15.65454], [-56.11699, -15.65346], [-56.11699, -15.65265], [-56.11807, -15.6513], [-56.1178, -15.65103], [-56.11861, -15.64995], [-56.11861, -15.64915], [-56.11942, -15.64807], [-56.11942, -15.64726], [-56.1213, -15.64403], [-56.12157, -15.64295], [-56.12454, -15.64025], [-56.12481, -15.63944], [-56.124, -15.63837]]]]}}, {"type": "Feature", "properties": {"nome": "Afluente s/n do Rio Formigueiro", "area": 6.03, "urb": 2.27, "pct_urb": 37.6, "lx": -56.19595, "ly": -15.67124}, "geometry": {"type": "MultiPolygon", "coordinates": [[[[-56.19137, -15.65481], [-56.19137, -15.65561], [-56.19272, -15.65723], [-56.19245, -15.6575], [-56.19245, -15.65885], [-56.19191, -15.65939], [-56.19191, -15.66073], [-56.1911, -15.66208], [-56.19029, -15.66127], [-56.18814, -15.66316], [-56.18787, -15.6637], [-56.18706, -15.66424], [-56.18571, -15.66424], [-56.18544, -15.66532], [-56.18598, -15.66585], [-56.18544, -15.66666], [-56.18571, -15.66909], [-56.18544, -15.66963], [-56.18625, -15.67044], [-56.18706, -15.67044], [-56.1876, -15.67098], [-56.1876, -15.67178], [-56.18733, -15.67205], [-56.1876, -15.67259], [-56.18464, -15.67529], [-56.18464, -15.67583], [-56.18383, -15.67663], [-56.18437, -15.67744], [-56.1841, -15.67825], [-56.18517, -15.67987], [-56.18652, -15.68095], [-56.18571, -15.68176], [-56.18652, -15.68283], [-56.18652, -15.68445], [-56.18922, -15.68661], [-56.18895, -15.68715], [-56.19083, -15.68849], [-56.19164, -15.68984], [-56.19245, -15.68984], [-56.19326, -15.68903], [-56.1938, -15.68903], [-56.19434, -15.68957], [-56.19488, -15.68903], [-56.19622, -15.69011], [-56.19676, -15.68984], [-56.19757, -15.69038], [-56.19811, -15.69038], [-56.19865, -15.68984], [-56.19892, -15.69011], [-56.2, -15.69011], [-56.20081, -15.68957], [-56.20188, -15.69065], [-56.20269, -15.69038], [-56.2035, -15.68957], [-56.20404, -15.68957], [-56.20566, -15.68795], [-56.20539, -15.68768], [-56.20566, -15.68741], [-56.20485, -15.68715], [-56.20458, -15.68634], [-56.20377, -15.68553], [-56.20404, -15.68499], [-56.20242, -15.68337], [-56.20215, -15.68364], [-56.20134, -15.68283], [-56.20188, -15.68176], [-56.20107, -15.67987], [-56.20107, -15.67852], [-56.20242, -15.67663], [-56.20485, -15.67448], [-56.20485, -15.67394], [-56.20619, -15.67232], [-56.20619, -15.67124], [-56.20404, -15.66882], [-56.20404, -15.66828], [-56.20323, -15.66747], [-56.2035, -15.66666], [-56.20134, -15.66478], [-56.20107, -15.66424], [-56.20107, -15.66262], [-56.19865, -15.6602], [-56.19865, -15.65966], [-56.1973, -15.65939], [-56.19461, -15.65669], [-56.19434, -15.65561], [-56.19299, -15.65588], [-56.19191, -15.65481], [-56.19137, -15.65481]]]]}}, {"type": "Feature", "properties": {"nome": "Afluente s/n do Córrego Traíra", "area": 18.09, "urb": 18.09, "pct_urb": 100.0, "lx": -56.15391, "ly": -15.661}, "geometry": {"type": "MultiPolygon", "coordinates": [[[[-56.19649, -15.65319], [-56.19622, -15.65265], [-56.19515, -15.65211], [-56.19515, -15.65157], [-56.19299, -15.64915], [-56.19218, -15.64942], [-56.19164, -15.64861], [-56.18976, -15.6478], [-56.18922, -15.64699], [-56.18868, -15.64672], [-56.18868, -15.64618], [-56.18625, -15.64672], [-56.1841, -15.64564], [-56.18383, -15.64483], [-56.18059, -15.6416], [-56.17925, -15.64079], [-56.17898, -15.63998], [-56.17817, -15.63918], [-56.17655, -15.64079], [-56.17547, -15.64133], [-56.17466, -15.64106], [-56.17413, -15.6416], [-56.1717, -15.64187], [-56.17143, -15.64214], [-56.17116, -15.64187], [-56.16981, -15.64187], [-56.16874, -15.64079], [-56.16739, -15.64052], [-56.16631, -15.63918], [-56.1655, -15.63918], [-56.16523, -15.63944], [-56.16442, -15.63864], [-56.16415, -15.63783], [-56.16361, -15.63756], [-56.16281, -15.63837], [-56.16308, -15.63891], [-56.16227, -15.63944], [-56.16065, -15.64133], [-56.15957, -15.64106], [-56.15903, -15.64214], [-56.15742, -15.64322], [-56.15769, -15.6443], [-56.15688, -15.64456], [-56.15661, -15.6443], [-56.15634, -15.64456], [-56.15661, -15.64564], [-56.1558, -15.64618], [-56.15526, -15.64618], [-56.15418, -15.64726], [-56.1523, -15.6478], [-56.15095, -15.64726], [-56.14852, -15.64753], [-56.14771, -15.64888], [-56.14664, -15.64915], [-56.14556, -15.65022], [-56.14421, -15.64861], [-56.1434, -15.64807], [-56.14259, -15.64807], [-56.13963, -15.65157], [-56.13963, -15.65238], [-56.13909, -15.65319], [-56.13828, -15.65319], [-56.13801, -15.65265], [-56.13774, -15.65265], [-56.13747, -15.65454], [-56.13828, -15.65642], [-56.13774, -15.65723], [-56.13801, -15.65885], [-56.13936, -15.65993], [-56.1399, -15.661], [-56.1399, -15.66154], [-56.13855, -15.66262], [-56.13828, -15.66397], [-56.13909, -15.66505], [-56.13909, -15.66585], [-56.13936, -15.66612], [-56.13963, -15.66936], [-56.14044, -15.67044], [-56.13909, -15.67205], [-56.13963, -15.67259], [-56.13855, -15.67394], [-56.13747, -15.67367], [-56.13559, -15.67583], [-56.13235, -15.67259], [-56.13208, -15.67286], [-56.13128, -15.67205], [-56.1302, -15.67205], [-56.12993, -15.67178], [-56.12939, -15.67205], [-56.12858, -15.6734], [-56.12804, -15.67367], [-56.12777, -15.6734], [-56.12454, -15.67637], [-56.124, -15.67663], [-56.12373, -15.67637], [-56.12023, -15.6796], [-56.1205, -15.67987], [-56.1205, -15.68095], [-56.12103, -15.68149], [-56.12077, -15.68176], [-56.12184, -15.6831], [-56.12077, -15.68391], [-56.12103, -15.68472], [-56.1205, -15.68526], [-56.12184, -15.68634], [-56.12184, -15.68688], [-56.12265, -15.68634], [-56.12373, -15.68688], [-56.12642, -15.68957], [-56.12723, -15.6893], [-56.12858, -15.69011], [-56.1302, -15.68849], [-56.13047, -15.68876], [-56.13154, -15.68795], [-56.13181, -15.68822], [-56.13397, -15.68822], [-56.1364, -15.68607], [-56.13747, -15.6858], [-56.13828, -15.68499], [-56.13963, -15.68445], [-56.14098, -15.68445], [-56.14152, -15.68364], [-56.14232, -15.6831], [-56.1434, -15.68283], [-56.14421, -15.68202], [-56.14448, -15.68229], [-56.14798, -15.67879], [-56.14879, -15.67906], [-56.14933, -15.67879], [-56.14987, -15.67744], [-56.15176, -15.67744], [-56.15203, -15.67771], [-56.1531, -15.6769], [-56.15364, -15.67717], [-56.15553, -15.67529], [-56.15661, -15.67583], [-56.15822, -15.67448], [-56.15957, -15.67529], [-56.16119, -15.67313], [-56.162, -15.67286], [-56.16173, -15.67232], [-56.162, -15.67178], [-56.16685, -15.6672], [-56.16685, -15.66666], [-56.16766, -15.66612], [-56.16954, -15.66397], [-56.17008, -15.6637], [-56.17089, -15.66127], [-56.17008, -15.66047], [-56.17116, -15.65939], [-56.17224, -15.6602], [-56.17332, -15.6602], [-56.17386, -15.66073], [-56.17466, -15.65993], [-56.17628, -15.65966], [-56.17682, -15.65912], [-56.17736, -15.65939], [-56.17763, -15.65858], [-56.17978, -15.65642], [-56.18059, -15.65508], [-56.18059, -15.65427], [-56.18167, -15.65265], [-56.18194, -15.65292], [-56.18275, -15.65292], [-56.18302, -15.65265], [-56.18329, -15.65292], [-56.18437, -15.65238], [-56.18517, -15.65346], [-56.18598, -15.65292], [-56.1876, -15.65427], [-56.1876, -15.65454], [-56.19056, -15.65642], [-56.19191, -15.65642], [-56.1911, -15.65561], [-56.1911, -15.65481], [-56.19137, -15.65454], [-56.19191, -15.65454], [-56.19299, -15.65561], [-56.19488, -15.65534], [-56.19622, -15.654], [-56.19649, -15.65319]]]]}}, {"type": "Feature", "properties": {"nome": "Afluente s/n do Rio Cuiabá", "area": 11.05, "urb": 11.04, "pct_urb": 100.0, "lx": -56.12562, "ly": -15.65831}, "geometry": {"type": "MultiPolygon", "coordinates": [[[[-56.12562, -15.63944], [-56.12508, -15.63944], [-56.12481, -15.64025], [-56.12184, -15.64295], [-56.12077, -15.64564], [-56.11969, -15.64726], [-56.11969, -15.64807], [-56.11888, -15.64915], [-56.11888, -15.64995], [-56.11807, -15.65103], [-56.11834, -15.6513], [-56.11726, -15.65265], [-56.11726, -15.65346], [-56.11645, -15.65454], [-56.11645, -15.65508], [-56.11564, -15.65561], [-56.1143, -15.65804], [-56.11349, -15.65885], [-56.11349, -15.65966], [-56.11295, -15.6602], [-56.11295, -15.661], [-56.11376, -15.66181], [-56.11322, -15.66262], [-56.11295, -15.66208], [-56.11187, -15.66154], [-56.11079, -15.66262], [-56.11025, -15.66262], [-56.10864, -15.66424], [-56.1081, -15.66397], [-56.10756, -15.66451], [-56.10675, -15.66451], [-56.10567, -15.66397], [-56.10406, -15.66397], [-56.10244, -15.66585], [-56.10271, -15.66639], [-56.10217, -15.66747], [-56.10217, -15.66828], [-56.10271, -15.66963], [-56.10217, -15.67017], [-56.10244, -15.67098], [-56.10217, -15.67124], [-56.10244, -15.67205], [-56.10325, -15.67232], [-56.10433, -15.67367], [-56.10513, -15.67421], [-56.1054, -15.67556], [-56.10594, -15.67583], [-56.10648, -15.6769], [-56.10621, -15.67825], [-56.10567, -15.67852], [-56.10567, -15.67933], [-56.10675, -15.68014], [-56.10783, -15.68176], [-56.10837, -15.68176], [-56.10999, -15.68364], [-56.10999, -15.68418], [-56.11106, -15.68499], [-56.11079, -15.68526], [-56.11133, -15.6858], [-56.11133, -15.68822], [-56.11106, -15.68849], [-56.11106, -15.69011], [-56.1116, -15.69092], [-56.11241, -15.69146], [-56.11187, -15.692], [-56.11214, -15.6928], [-56.11241, -15.69253], [-56.11322, -15.6928], [-56.11403, -15.69253], [-56.11457, -15.69307], [-56.11538, -15.69307], [-56.11538, -15.69146], [-56.1178, -15.68876], [-56.11699, -15.68741], [-56.11699, -15.68688], [-56.11915, -15.68526], [-56.11996, -15.6858], [-56.12077, -15.68472], [-56.1205, -15.68391], [-56.12157, -15.6831], [-56.1205, -15.68176], [-56.12077, -15.68149], [-56.12023, -15.68095], [-56.12023, -15.67987], [-56.11996, -15.6796], [-56.12373, -15.6761], [-56.124, -15.67637], [-56.12454, -15.6761], [-56.12777, -15.67313], [-56.12804, -15.6734], [-56.12858, -15.67313], [-56.12939, -15.67178], [-56.12912, -15.67151], [-56.12939, -15.67124], [-56.12939, -15.67044], [-56.1302, -15.66963], [-56.13101, -15.6699], [-56.13128, -15.66963], [-56.13128, -15.66882], [-56.13101, -15.66855], [-56.13128, -15.66828], [-56.13128, -15.66747], [-56.13262, -15.66585], [-56.13316, -15.66585], [-56.1337, -15.66639], [-56.13424, -15.66585], [-56.13424, -15.66532], [-56.13343, -15.66478], [-56.13397, -15.66424], [-56.13397, -15.66289], [-56.13532, -15.66208], [-56.1364, -15.661], [-56.13613, -15.66073], [-56.1364, -15.66047], [-56.13693, -15.66047], [-56.13801, -15.65939], [-56.13747, -15.65723], [-56.13801, -15.65642], [-56.1372, -15.65454], [-56.13747, -15.65265], [-56.13801, -15.65238], [-56.13828, -15.65292], [-56.13909, -15.65292], [-56.13936, -15.65157], [-56.14259, -15.6478], [-56.14232, -15.64726], [-56.14152, -15.64726], [-56.14098, -15.6478], [-56.14044, -15.6478], [-56.1399, -15.64699], [-56.13909, -15.6478], [-56.13774, -15.64753], [-56.1372, -15.64807], [-56.13667, -15.64753], [-56.1364, -15.6478], [-56.13613, -15.64753], [-56.13532, -15.64753], [-56.13478, -15.64699], [-56.13424, -15.64699], [-56.13262, -15.64807], [-56.13128, -15.64672], [-56.13074, -15.64672], [-56.12885, -15.64483], [-56.12939, -15.6443], [-56.12912, -15.64268], [-56.12831, -15.64214], [-56.12777, -15.64214], [-56.12723, -15.6416], [-56.12723, -15.64025], [-56.12562, -15.63944]]]]}}, {"type": "Feature", "properties": {"nome": "Afluente s/n do Rio dos Cágados", "area": 8.13, "urb": 3.27, "pct_urb": 40.2, "lx": -55.95826, "ly": -15.68283}, "geometry": {"type": "MultiPolygon", "coordinates": [[[[-55.98602, -15.65265], [-55.98413, -15.65265], [-55.98332, -15.6513], [-55.98278, -15.6513], [-55.98224, -15.65076], [-55.98117, -15.6513], [-55.98171, -15.65292], [-55.98009, -15.65481], [-55.98036, -15.65642], [-55.97901, -15.65831], [-55.97928, -15.65858], [-55.97928, -15.65966], [-55.97901, -15.65993], [-55.97793, -15.65993], [-55.97632, -15.66073], [-55.97578, -15.6602], [-55.97443, -15.661], [-55.97281, -15.66127], [-55.97093, -15.66235], [-55.96985, -15.66262], [-55.97012, -15.66343], [-55.96958, -15.66397], [-55.96958, -15.66505], [-55.96985, -15.66532], [-55.96877, -15.66585], [-55.96796, -15.66559], [-55.96715, -15.66585], [-55.96715, -15.66747], [-55.96742, -15.66774], [-55.96742, -15.66936], [-55.96769, -15.6699], [-55.96715, -15.67071], [-55.96715, -15.67205], [-55.96634, -15.67421], [-55.96634, -15.6761], [-55.965, -15.67744], [-55.96311, -15.6761], [-55.96311, -15.67556], [-55.96122, -15.67367], [-55.96069, -15.67367], [-55.95718, -15.67044], [-55.95718, -15.66963], [-55.95664, -15.66936], [-55.9561, -15.66963], [-55.95637, -15.67071], [-55.95449, -15.67205], [-55.95422, -15.6734], [-55.95368, -15.67421], [-55.95395, -15.67448], [-55.95368, -15.67502], [-55.95206, -15.67663], [-55.95206, -15.67717], [-55.95152, -15.67771], [-55.95098, -15.67771], [-55.95018, -15.67717], [-55.94748, -15.6796], [-55.94721, -15.67933], [-55.9464, -15.6796], [-55.9464, -15.68041], [-55.94559, -15.68122], [-55.94559, -15.68149], [-55.94613, -15.68176], [-55.94613, -15.6831], [-55.94694, -15.68418], [-55.94694, -15.68472], [-55.94937, -15.68688], [-55.9491, -15.69307], [-55.94856, -15.69415], [-55.94856, -15.69496], [-55.94721, -15.69685], [-55.94694, -15.69658], [-55.94856, -15.69819], [-55.94964, -15.69766], [-55.95018, -15.69819], [-55.95018, -15.69954], [-55.95071, -15.70008], [-55.95152, -15.70008], [-55.95206, -15.70062], [-55.9526, -15.70035], [-55.95745, -15.69523], [-55.95988, -15.69658], [-55.96203, -15.69658], [-55.96257, -15.69604], [-55.96257, -15.69523], [-55.96284, -15.69496], [-55.96203, -15.69388], [-55.96176, -15.6928], [-55.96042, -15.692], [-55.96284, -15.68957], [-55.96338, -15.68984], [-55.96311, -15.69038], [-55.96365, -15.69092], [-55.96473, -15.69119], [-55.96473, -15.69038], [-55.96554, -15.68957], [-55.96634, -15.6893], [-55.96661, -15.68957], [-55.96742, -15.68903], [-55.96715, -15.68876], [-55.96715, -15.68768], [-55.96877, -15.68715], [-55.9685, -15.68607], [-55.96877, -15.68553], [-55.97012, -15.68445], [-55.97093, -15.68418], [-55.97093, -15.68364], [-55.97039, -15.68364], [-55.97012, -15.6831], [-55.97173, -15.68149], [-55.97173, -15.68095], [-55.97281, -15.68014], [-55.97362, -15.67771], [-55.97497, -15.6761], [-55.9747, -15.67529], [-55.97712, -15.67286], [-55.97712, -15.67259], [-55.97659, -15.67232], [-55.97686, -15.67205], [-55.97686, -15.67071], [-55.97739, -15.67017], [-55.97793, -15.67017], [-55.97766, -15.66936], [-55.97874, -15.66828], [-55.97982, -15.66774], [-55.98009, -15.66801], [-55.98036, -15.66774], [-55.98171, -15.66855], [-55.98224, -15.66801], [-55.98359, -15.66801], [-55.98386, -15.66828], [-55.9844, -15.66774], [-55.98359, -15.66666], [-55.98413, -15.66559], [-55.98278, -15.66478], [-55.98224, -15.66316], [-55.98117, -15.66289], [-55.98036, -15.66208], [-55.98009, -15.66073], [-55.98036, -15.66047], [-55.98036, -15.65966], [-55.98144, -15.65831], [-55.98305, -15.65777], [-55.98467, -15.65642], [-55.98548, -15.65642], [-55.98602, -15.65723], [-55.98656, -15.6575], [-55.98763, -15.6575], [-55.9879, -15.65723], [-55.98737, -15.65669], [-55.9879, -15.65588], [-55.98737, -15.65534], [-55.98737, -15.65427], [-55.98602, -15.65346], [-55.98602, -15.65265]]]]}}, {"type": "Feature", "properties": {"nome": "Afluente s/n do Rio dos Cágados", "area": 6.3, "urb": 0.55, "pct_urb": 8.7, "lx": -55.94128, "ly": -15.67098}, "geometry": {"type": "MultiPolygon", "coordinates": [[[[-55.93454, -15.65534], [-55.9332, -15.65696], [-55.93293, -15.65669], [-55.93131, -15.65831], [-55.93077, -15.65831], [-55.92969, -15.6602], [-55.92969, -15.66073], [-55.93023, -15.66154], [-55.92942, -15.66235], [-55.92969, -15.66262], [-55.92969, -15.66343], [-55.92915, -15.66397], [-55.92915, -15.66451], [-55.92969, -15.66532], [-55.92969, -15.66612], [-55.92915, -15.66666], [-55.92889, -15.66747], [-55.92915, -15.66774], [-55.92862, -15.66855], [-55.92942, -15.66882], [-55.93131, -15.67098], [-55.93212, -15.67071], [-55.93293, -15.67124], [-55.9332, -15.67178], [-55.93293, -15.67259], [-55.93347, -15.67367], [-55.93293, -15.67421], [-55.93293, -15.67502], [-55.9332, -15.67556], [-55.93401, -15.67583], [-55.93401, -15.67663], [-55.93454, -15.67637], [-55.93562, -15.67717], [-55.93616, -15.67717], [-55.93697, -15.67771], [-55.93778, -15.67771], [-55.93805, -15.67798], [-55.93805, -15.67879], [-55.93993, -15.68068], [-55.94047, -15.68068], [-55.94101, -15.68122], [-55.94074, -15.68256], [-55.94128, -15.68337], [-55.94128, -15.68445], [-55.94236, -15.6858], [-55.94209, -15.68607], [-55.94209, -15.68715], [-55.94236, -15.68795], [-55.94128, -15.68903], [-55.94209, -15.68984], [-55.94236, -15.68957], [-55.94505, -15.69227], [-55.9464, -15.69253], [-55.94721, -15.69227], [-55.94802, -15.6928], [-55.94748, -15.69469], [-55.9464, -15.69631], [-55.94721, -15.69658], [-55.94748, -15.69577], [-55.94829, -15.69496], [-55.94829, -15.69415], [-55.94883, -15.69307], [-55.9491, -15.68688], [-55.94667, -15.68472], [-55.94667, -15.68418], [-55.94586, -15.6831], [-55.94586, -15.68176], [-55.94532, -15.68149], [-55.94532, -15.68122], [-55.94613, -15.68041], [-55.94613, -15.6796], [-55.94721, -15.67906], [-55.94748, -15.67933], [-55.95018, -15.6769], [-55.95098, -15.67744], [-55.95152, -15.67744], [-55.95179, -15.67663], [-55.95341, -15.67502], [-55.95368, -15.67448], [-55.95341, -15.67421], [-55.95395, -15.6734], [-55.95422, -15.67205], [-55.9561, -15.67071], [-55.95583, -15.67017], [-55.9561, -15.66936], [-55.95583, -15.66855], [-55.95664, -15.6672], [-55.95691, -15.66585], [-55.95826, -15.66397], [-55.95799, -15.66316], [-55.95691, -15.66208], [-55.9553, -15.66154], [-55.95503, -15.6602], [-55.95368, -15.65912], [-55.94721, -15.66532], [-55.94559, -15.66424], [-55.94532, -15.66451], [-55.94479, -15.66397], [-55.94479, -15.66343], [-55.9429, -15.66154], [-55.94209, -15.66181], [-55.93913, -15.65885], [-55.93966, -15.65831], [-55.9394, -15.65777], [-55.93832, -15.65777], [-55.93778, -15.65723], [-55.93616, -15.65696], [-55.93454, -15.65534]]]]}}, {"type": "Feature", "properties": {"nome": "Afluente s/n do Rio Aricá-Açu", "area": 10.02, "urb": 0.11, "pct_urb": 1.1, "lx": -55.90194, "ly": -15.68822}, "geometry": {"type": "MultiPolygon", "coordinates": [[[[-55.92889, -15.66397], [-55.92754, -15.66289], [-55.92673, -15.66289], [-55.92646, -15.66316], [-55.92511, -15.66208], [-55.92484, -15.66235], [-55.92457, -15.66208], [-55.9243, -15.66235], [-55.92323, -15.66235], [-55.92215, -15.66397], [-55.92107, -15.66424], [-55.92026, -15.66505], [-55.91918, -15.66505], [-55.91784, -15.66424], [-55.91703, -15.66424], [-55.91676, -15.66397], [-55.91649, -15.66424], [-55.91622, -15.66397], [-55.91514, -15.66478], [-55.91406, -15.66424], [-55.91272, -15.66451], [-55.91272, -15.66532], [-55.91298, -15.66559], [-55.91272, -15.66585], [-55.91298, -15.66612], [-55.9111, -15.66747], [-55.91137, -15.66828], [-55.90894, -15.67098], [-55.90921, -15.67124], [-55.9084, -15.67205], [-55.90733, -15.67259], [-55.90598, -15.67394], [-55.90544, -15.6734], [-55.9049, -15.6734], [-55.90436, -15.67259], [-55.90301, -15.67178], [-55.90113, -15.67313], [-55.90167, -15.6734], [-55.90167, -15.67394], [-55.90086, -15.67529], [-55.90113, -15.6761], [-55.90005, -15.6769], [-55.89897, -15.6769], [-55.89843, -15.67744], [-55.89843, -15.67798], [-55.89708, -15.67906], [-55.89547, -15.67906], [-55.89439, -15.67852], [-55.89277, -15.67663], [-55.89169, -15.6761], [-55.89116, -15.67771], [-55.89008, -15.67771], [-55.89035, -15.67798], [-55.89035, -15.67906], [-55.889, -15.68068], [-55.88927, -15.68122], [-55.88981, -15.68149], [-55.88981, -15.68202], [-55.88927, -15.68283], [-55.89035, -15.68364], [-55.89116, -15.68526], [-55.88954, -15.6858], [-55.89035, -15.68634], [-55.89008, -15.68661], [-55.89035, -15.68688], [-55.89035, -15.68822], [-55.889, -15.69011], [-55.88927, -15.69173], [-55.88981, -15.692], [-55.89089, -15.69092], [-55.89196, -15.69146], [-55.89196, -15.69227], [-55.89089, -15.6928], [-55.89062, -15.69361], [-55.89062, -15.69469], [-55.89116, -15.6955], [-55.89116, -15.69604], [-55.89169, -15.69658], [-55.89169, -15.69766], [-55.89223, -15.69819], [-55.89277, -15.69819], [-55.89331, -15.69927], [-55.89385, -15.69954], [-55.89601, -15.69954], [-55.89708, -15.699], [-55.89789, -15.699], [-55.8987, -15.69954], [-55.89924, -15.69927], [-55.90005, -15.69981], [-55.90005, -15.70062], [-55.89951, -15.70116], [-55.89978, -15.70197], [-55.90247, -15.70224], [-55.90409, -15.70358], [-55.90382, -15.70331], [-55.90382, -15.70251], [-55.90517, -15.70089], [-55.90598, -15.70062], [-55.90652, -15.70089], [-55.90706, -15.70035], [-55.90759, -15.70035], [-55.90813, -15.69954], [-55.9084, -15.69846], [-55.90759, -15.69792], [-55.90759, -15.69766], [-55.9084, -15.69658], [-55.90948, -15.69685], [-55.90975, -15.69739], [-55.91002, -15.69739], [-55.91083, -15.69658], [-55.91218, -15.69631], [-55.91272, -15.6955], [-55.91379, -15.6955], [-55.91406, -15.69523], [-55.91352, -15.69496], [-55.91352, -15.69442], [-55.91245, -15.69361], [-55.91272, -15.6928], [-55.91245, -15.69253], [-55.91245, -15.69173], [-55.91352, -15.69065], [-55.91325, -15.69038], [-55.91406, -15.68957], [-55.91352, -15.68876], [-55.91325, -15.68741], [-55.91406, -15.68661], [-55.91487, -15.68688], [-55.91622, -15.68607], [-55.91649, -15.68499], [-55.92188, -15.68014], [-55.92215, -15.67825], [-55.92565, -15.67475], [-55.92592, -15.67394], [-55.92727, -15.67313], [-55.92727, -15.67259], [-55.92808, -15.67124], [-55.92808, -15.66963], [-55.92862, -15.66882], [-55.92835, -15.66828], [-55.92889, -15.66774], [-55.92862, -15.66747], [-55.92889, -15.66666], [-55.92942, -15.66612], [-55.92942, -15.66532], [-55.92889, -15.66451], [-55.92889, -15.66397]]]]}}, {"type": "Feature", "properties": {"nome": "Afluente s/n do Córrego Caité", "area": 19.6, "urb": 6.65, "pct_urb": 33.9, "lx": -55.99922, "ly": -15.66478}, "geometry": {"type": "MultiPolygon", "coordinates": [[[[-56.01674, -15.65076], [-56.01539, -15.64969], [-56.01512, -15.64995], [-56.01431, -15.64995], [-56.01351, -15.64915], [-56.01324, -15.6478], [-56.01135, -15.64618], [-56.01054, -15.64699], [-56.00946, -15.64645], [-56.00892, -15.64699], [-56.00731, -15.64672], [-56.00677, -15.64699], [-56.00677, -15.6478], [-56.0065, -15.64807], [-56.00542, -15.64753], [-56.00407, -15.64834], [-56.00111, -15.64915], [-55.99976, -15.64699], [-55.99895, -15.64645], [-55.99788, -15.6451], [-55.99572, -15.64699], [-55.99572, -15.64861], [-55.99437, -15.65022], [-55.9941, -15.65022], [-55.9941, -15.65076], [-55.99383, -15.65103], [-55.99356, -15.65076], [-55.99222, -15.65076], [-55.99168, -15.65184], [-55.99114, -15.65211], [-55.98979, -15.65103], [-55.98817, -15.65049], [-55.98737, -15.64969], [-55.98683, -15.64969], [-55.98575, -15.64861], [-55.98467, -15.64861], [-55.98332, -15.64699], [-55.98224, -15.64672], [-55.98171, -15.64618], [-55.98036, -15.64618], [-55.97955, -15.64537], [-55.97847, -15.64618], [-55.9809, -15.64915], [-55.98144, -15.65076], [-55.98224, -15.65049], [-55.98386, -15.65157], [-55.98413, -15.65238], [-55.98602, -15.65238], [-55.98629, -15.65265], [-55.98629, -15.65346], [-55.98763, -15.65427], [-55.98763, -15.65534], [-55.98817, -15.65588], [-55.98763, -15.65669], [-55.98817, -15.65723], [-55.98763, -15.65777], [-55.98656, -15.65777], [-55.98575, -15.65723], [-55.98548, -15.65669], [-55.98467, -15.65669], [-55.98305, -15.65804], [-55.98144, -15.65858], [-55.98063, -15.65966], [-55.98036, -15.66127], [-55.98063, -15.66208], [-55.98171, -15.66289], [-55.98224, -15.66289], [-55.98305, -15.66478], [-55.98359, -15.66478], [-55.9844, -15.66559], [-55.98386, -15.66666], [-55.98467, -15.66774], [-55.98386, -15.66855], [-55.98359, -15.66828], [-55.98224, -15.66828], [-55.98171, -15.66882], [-55.98036, -15.66801], [-55.98009, -15.66828], [-55.97982, -15.66801], [-55.97793, -15.66936], [-55.9782, -15.67017], [-55.97712, -15.67071], [-55.97712, -15.67205], [-55.97686, -15.67232], [-55.97739, -15.67259], [-55.97739, -15.67286], [-55.97497, -15.67529], [-55.97524, -15.6761], [-55.97389, -15.67771], [-55.97308, -15.68014], [-55.972, -15.68095], [-55.972, -15.68149], [-55.97039, -15.6831], [-55.97039, -15.68337], [-55.9712, -15.68364], [-55.9712, -15.68418], [-55.96904, -15.68553], [-55.96877, -15.68634], [-55.96904, -15.68715], [-55.96877, -15.68741], [-55.96742, -15.68768], [-55.96742, -15.68876], [-55.96769, -15.68903], [-55.96661, -15.68984], [-55.96608, -15.68957], [-55.965, -15.69038], [-55.965, -15.69119], [-55.96473, -15.69146], [-55.96365, -15.69119], [-55.96284, -15.69038], [-55.96311, -15.68984], [-55.96284, -15.68984], [-55.96069, -15.692], [-55.96122, -15.692], [-55.96203, -15.6928], [-55.9623, -15.69388], [-55.96311, -15.69496], [-55.96284, -15.69523], [-55.96284, -15.69604], [-55.96203, -15.69685], [-55.96122, -15.69685], [-55.96095, -15.69712], [-55.96149, -15.69766], [-55.96149, -15.69846], [-55.9623, -15.699], [-55.96284, -15.699], [-55.96365, -15.69846], [-55.96419, -15.69766], [-55.96554, -15.69766], [-55.96581, -15.69658], [-55.96634, -15.69604], [-55.96715, -15.69604], [-55.96742, -15.69523], [-55.96904, -15.69388], [-55.96931, -15.69415], [-55.9712, -15.69415], [-55.97147, -15.69388], [-55.97578, -15.69819], [-55.97524, -15.69873], [-55.97551, -15.699], [-55.97524, -15.69927], [-55.97766, -15.7017], [-55.97739, -15.70224], [-55.97901, -15.70439], [-55.97874, -15.70466], [-55.98144, -15.70736], [-55.98171, -15.70709], [-55.98198, -15.70736], [-55.98251, -15.70655], [-55.98305, -15.70628], [-55.98332, -15.70493], [-55.98224, -15.70358], [-55.98278, -15.70278], [-55.98278, -15.70224], [-55.98359, -15.70143], [-55.98413, -15.70197], [-55.98763, -15.69846], [-55.98737, -15.69819], [-55.98898, -15.69631], [-55.98871, -15.69496], [-55.98898, -15.69415], [-55.99087, -15.692], [-55.9906, -15.69173], [-55.99249, -15.68984], [-55.99276, -15.68849], [-55.99302, -15.68822], [-55.99383, -15.68822], [-55.9941, -15.68849], [-55.99437, -15.68822], [-55.99518, -15.68822], [-55.99572, -15.68768], [-55.99545, -15.68607], [-55.99653, -15.68526], [-55.99761, -15.68391], [-55.99734, -15.68364], [-55.99922, -15.68202], [-55.99949, -15.68095], [-56.00111, -15.67933], [-56.00138, -15.6796], [-56.00165, -15.67933], [-56.00246, -15.67987], [-56.00327, -15.67933], [-56.0038, -15.6796], [-56.00407, -15.67933], [-56.00488, -15.67933], [-56.00758, -15.68095], [-56.00839, -15.68095], [-56.00919, -15.68014], [-56.00973, -15.68041], [-56.01108, -15.67852], [-56.01216, -15.67933], [-56.01243, -15.68014], [-56.0127, -15.67987], [-56.01458, -15.67987], [-56.01485, -15.68014], [-56.01539, -15.6796], [-56.01593, -15.67987], [-56.01593, -15.67933], [-56.01647, -15.67879], [-56.0162, -15.67852], [-56.0162, -15.67637], [-56.01647, -15.6761], [-56.01809, -15.6761], [-56.01836, -15.67583], [-56.01863, -15.6761], [-56.01944, -15.67556], [-56.01863, -15.67448], [-56.01809, -15.67421], [-56.01836, -15.6734], [-56.0162, -15.67151], [-56.01485, -15.6699], [-56.01458, -15.66855], [-56.01324, -15.66747], [-56.0127, -15.66666], [-56.01351, -15.66639], [-56.01458, -15.66505], [-56.01458, -15.66316], [-56.01324, -15.66208], [-56.01324, -15.66181], [-56.01458, -15.65993], [-56.01405, -15.65939], [-56.01405, -15.65858], [-56.01539, -15.65723], [-56.0162, -15.65588], [-56.0162, -15.65454], [-56.01566, -15.654], [-56.01647, -15.65292], [-56.0162, -15.65211], [-56.01701, -15.6513], [-56.01674, -15.65076]]]]}}, {"type": "Feature", "properties": {"nome": "Microbacia sem nome", "area": 9.28, "urb": 1.24, "pct_urb": 13.3, "lx": -56.05312, "ly": -15.69873}, "geometry": {"type": "MultiPolygon", "coordinates": [[[[-56.0348, -15.67421], [-56.03453, -15.67448], [-56.03453, -15.67529], [-56.03668, -15.67798], [-56.03587, -15.67906], [-56.0356, -15.68149], [-56.03695, -15.68229], [-56.03668, -15.68283], [-56.03776, -15.68391], [-56.03722, -15.68499], [-56.03614, -15.68553], [-56.03507, -15.68661], [-56.03507, -15.68715], [-56.0356, -15.68768], [-56.03668, -15.68795], [-56.03722, -15.68849], [-56.03587, -15.69038], [-56.03776, -15.69253], [-56.03614, -15.69442], [-56.03587, -15.69523], [-56.03857, -15.69792], [-56.03857, -15.69846], [-56.03938, -15.69927], [-56.04073, -15.69954], [-56.04234, -15.70116], [-56.04342, -15.70143], [-56.04477, -15.70278], [-56.0445, -15.70331], [-56.04477, -15.70412], [-56.04638, -15.7052], [-56.04719, -15.70655], [-56.048, -15.70628], [-56.04827, -15.70655], [-56.04854, -15.70628], [-56.04935, -15.70736], [-56.04881, -15.7079], [-56.04881, -15.7087], [-56.05016, -15.71005], [-56.05016, -15.71086], [-56.05043, -15.71113], [-56.04989, -15.71329], [-56.05016, -15.71356], [-56.05016, -15.71463], [-56.0507, -15.71544], [-56.04935, -15.71706], [-56.04935, -15.7176], [-56.04989, -15.71814], [-56.04962, -15.71787], [-56.05151, -15.71625], [-56.05177, -15.71571], [-56.05231, -15.71544], [-56.05258, -15.71571], [-56.05797, -15.71005], [-56.05851, -15.71032], [-56.05851, -15.71059], [-56.0604, -15.70897], [-56.06309, -15.7114], [-56.0639, -15.71113], [-56.06552, -15.71221], [-56.0666, -15.71113], [-56.06767, -15.71194], [-56.06794, -15.71167], [-56.06821, -15.71194], [-56.06902, -15.71167], [-56.06956, -15.71194], [-56.07333, -15.70844], [-56.0728, -15.7079], [-56.07306, -15.70763], [-56.07226, -15.70709], [-56.07226, -15.70628], [-56.07199, -15.70601], [-56.07253, -15.7052], [-56.07253, -15.70358], [-56.07495, -15.70089], [-56.07414, -15.70008], [-56.07253, -15.69954], [-56.07091, -15.69766], [-56.06929, -15.69739], [-56.06875, -15.69685], [-56.06633, -15.69658], [-56.06552, -15.6955], [-56.06444, -15.6955], [-56.06417, -15.69523], [-56.06363, -15.69604], [-56.06309, -15.69604], [-56.06148, -15.69388], [-56.0604, -15.69307], [-56.06013, -15.69173], [-56.05932, -15.69173], [-56.05824, -15.69038], [-56.0577, -15.69011], [-56.05582, -15.69038], [-56.05447, -15.6893], [-56.05312, -15.6893], [-56.05258, -15.68903], [-56.05204, -15.6893], [-56.05124, -15.68849], [-56.0507, -15.68849], [-56.04989, -15.68795], [-56.04935, -15.68822], [-56.04854, -15.68688], [-56.04854, -15.68607], [-56.04908, -15.68553], [-56.04827, -15.6858], [-56.04692, -15.68472], [-56.04692, -15.6831], [-56.04558, -15.67987], [-56.04558, -15.67906], [-56.0445, -15.67825], [-56.04423, -15.67744], [-56.04342, -15.67663], [-56.04369, -15.67529], [-56.0445, -15.67502], [-56.04396, -15.67448], [-56.04396, -15.67394], [-56.04234, -15.67259], [-56.0418, -15.67259], [-56.04046, -15.67151], [-56.03992, -15.67151], [-56.03911, -15.67259], [-56.03776, -15.6734], [-56.03695, -15.67313], [-56.0356, -15.67475], [-56.0348, -15.67421]]]]}}, {"type": "Feature", "properties": {"nome": "Microbacia sem nome", "area": 6.93, "urb": 1.68, "pct_urb": 24.3, "lx": -56.05905, "ly": -15.72083}, "geometry": {"type": "MultiPolygon", "coordinates": [[[[-56.08088, -15.71167], [-56.07953, -15.71275], [-56.07926, -15.71248], [-56.07845, -15.71302], [-56.07792, -15.71275], [-56.07522, -15.71005], [-56.07441, -15.70844], [-56.07387, -15.70897], [-56.07306, -15.7087], [-56.06956, -15.71221], [-56.06848, -15.71194], [-56.06821, -15.71221], [-56.06794, -15.71194], [-56.06767, -15.71221], [-56.0666, -15.7114], [-56.06552, -15.71248], [-56.0639, -15.7114], [-56.06309, -15.71167], [-56.0604, -15.70924], [-56.05851, -15.71086], [-56.05824, -15.71032], [-56.05797, -15.71032], [-56.05258, -15.71598], [-56.05231, -15.71571], [-56.05177, -15.71598], [-56.05124, -15.71679], [-56.04989, -15.71787], [-56.05016, -15.71868], [-56.04908, -15.71975], [-56.05124, -15.72218], [-56.0507, -15.72272], [-56.05097, -15.72326], [-56.04908, -15.72514], [-56.04881, -15.72676], [-56.04746, -15.72811], [-56.048, -15.72892], [-56.048, -15.72946], [-56.04746, -15.72999], [-56.04746, -15.73053], [-56.04908, -15.73188], [-56.04827, -15.73296], [-56.04854, -15.73377], [-56.04827, -15.73404], [-56.04854, -15.73431], [-56.04827, -15.73458], [-56.04827, -15.73565], [-56.05124, -15.73808], [-56.05151, -15.73781], [-56.05177, -15.73808], [-56.05285, -15.73808], [-56.05312, -15.73781], [-56.05366, -15.73835], [-56.05339, -15.73916], [-56.0542, -15.7405], [-56.0542, -15.74212], [-56.05555, -15.74374], [-56.05528, -15.74428], [-56.05689, -15.74455], [-56.0577, -15.74374], [-56.05797, -15.74401], [-56.05959, -15.74239], [-56.05959, -15.73943], [-56.05905, -15.73889], [-56.05905, -15.73808], [-56.06175, -15.73592], [-56.06148, -15.73565], [-56.06363, -15.7335], [-56.06363, -15.73215], [-56.06336, -15.73188], [-56.06363, -15.73161], [-56.06336, -15.73134], [-56.06471, -15.73053], [-56.06498, -15.72999], [-56.06471, -15.72973], [-56.06552, -15.72892], [-56.06525, -15.72811], [-56.06552, -15.72757], [-56.06525, -15.7273], [-56.06552, -15.72703], [-56.06552, -15.72595], [-56.06525, -15.72541], [-56.06552, -15.7246], [-56.06848, -15.72191], [-56.06929, -15.72191], [-56.0701, -15.7211], [-56.07091, -15.72137], [-56.07172, -15.72056], [-56.0728, -15.72029], [-56.0736, -15.7211], [-56.07576, -15.71921], [-56.07792, -15.71895], [-56.07926, -15.71814], [-56.08088, -15.71787], [-56.08384, -15.71517], [-56.08384, -15.71463], [-56.08331, -15.71463], [-56.08115, -15.71248], [-56.08088, -15.71167]]]]}}, {"type": "Feature", "properties": {"nome": "Afluente s/n do Córrego Caité", "area": 11.99, "urb": 0.13, "pct_urb": 1.0, "lx": -56.00704, "ly": -15.6955}, "geometry": {"type": "MultiPolygon", "coordinates": [[[[-56.02105, -15.68176], [-56.02024, -15.68122], [-56.0197, -15.68202], [-56.01836, -15.68095], [-56.01809, -15.6796], [-56.01674, -15.67906], [-56.0162, -15.67933], [-56.01593, -15.68014], [-56.01539, -15.67987], [-56.01485, -15.68041], [-56.01458, -15.68014], [-56.0127, -15.68014], [-56.01243, -15.68041], [-56.01189, -15.67987], [-56.01189, -15.67933], [-56.01108, -15.67879], [-56.00973, -15.68068], [-56.00919, -15.68041], [-56.00839, -15.68122], [-56.00758, -15.68122], [-56.00488, -15.6796], [-56.00407, -15.6796], [-56.0038, -15.67987], [-56.00327, -15.6796], [-56.00219, -15.68014], [-56.00165, -15.6796], [-56.00138, -15.67987], [-56.00111, -15.6796], [-55.99976, -15.68095], [-55.99949, -15.68202], [-55.99761, -15.68364], [-55.99788, -15.68391], [-55.9968, -15.68526], [-55.99572, -15.68607], [-55.99599, -15.68768], [-55.99518, -15.68849], [-55.99437, -15.68849], [-55.9941, -15.68876], [-55.99383, -15.68849], [-55.99302, -15.68849], [-55.99276, -15.68984], [-55.99087, -15.69173], [-55.99114, -15.692], [-55.98925, -15.69415], [-55.98898, -15.6955], [-55.98925, -15.69631], [-55.98763, -15.69819], [-55.9879, -15.69846], [-55.98413, -15.70224], [-55.98359, -15.7017], [-55.98305, -15.70224], [-55.98305, -15.70278], [-55.98251, -15.70358], [-55.98359, -15.70493], [-55.98332, -15.70628], [-55.98224, -15.70709], [-55.98198, -15.70817], [-55.98144, -15.7087], [-55.98171, -15.70897], [-55.98305, -15.70736], [-55.98467, -15.70682], [-55.98548, -15.70763], [-55.98521, -15.7079], [-55.98656, -15.70844], [-55.98737, -15.70924], [-55.9879, -15.70924], [-55.98952, -15.71113], [-55.99168, -15.71275], [-55.99302, -15.71167], [-55.99329, -15.71194], [-55.99383, -15.7114], [-55.9941, -15.71167], [-55.99518, -15.71113], [-55.99653, -15.71248], [-55.99841, -15.71329], [-55.99895, -15.71275], [-56.00111, -15.7149], [-56.00192, -15.71409], [-56.00165, -15.71383], [-56.00192, -15.71248], [-56.00165, -15.71221], [-56.00165, -15.7114], [-56.003, -15.71059], [-56.00461, -15.71086], [-56.00515, -15.7114], [-56.00569, -15.71113], [-56.00758, -15.71329], [-56.00731, -15.71356], [-56.00785, -15.71383], [-56.00812, -15.71302], [-56.00919, -15.71221], [-56.01, -15.71275], [-56.00946, -15.71194], [-56.00973, -15.71113], [-56.01108, -15.70978], [-56.01297, -15.70924], [-56.01297, -15.7079], [-56.01405, -15.70682], [-56.01458, -15.70736], [-56.01836, -15.70709], [-56.01917, -15.70763], [-56.02105, -15.70601], [-56.02186, -15.70655], [-56.02321, -15.70628], [-56.02402, -15.70493], [-56.02402, -15.70385], [-56.02348, -15.70278], [-56.02429, -15.70143], [-56.02402, -15.70035], [-56.02429, -15.70008], [-56.02429, -15.69846], [-56.02375, -15.69766], [-56.02375, -15.69658], [-56.02321, -15.69604], [-56.02375, -15.69496], [-56.02321, -15.69415], [-56.02267, -15.69388], [-56.02294, -15.6928], [-56.02348, -15.69227], [-56.02294, -15.69146], [-56.02348, -15.69119], [-56.02348, -15.69011], [-56.02267, -15.68984], [-56.02267, -15.6893], [-56.02213, -15.68876], [-56.02213, -15.68768], [-56.02321, -15.68688], [-56.02348, -15.68634], [-56.02078, -15.6831], [-56.02078, -15.68202], [-56.02105, -15.68176]]]]}}, {"type": "Feature", "properties": {"nome": "Afluente s/n do Rio Cuiabá", "area": 9.97, "urb": 9.97, "pct_urb": 100.0, "lx": -56.12238, "ly": -15.7149}, "geometry": {"type": "MultiPolygon", "coordinates": [[[[-56.12669, -15.69469], [-56.12589, -15.69496], [-56.12535, -15.69577], [-56.12535, -15.69631], [-56.12346, -15.69766], [-56.12373, -15.69873], [-56.12292, -15.70035], [-56.12265, -15.70008], [-56.12157, -15.70116], [-56.11942, -15.70143], [-56.11888, -15.70197], [-56.11807, -15.70197], [-56.1178, -15.70224], [-56.11726, -15.70224], [-56.11538, -15.70116], [-56.11457, -15.70251], [-56.11187, -15.70412], [-56.1116, -15.70466], [-56.11187, -15.70493], [-56.11106, -15.70547], [-56.10945, -15.70763], [-56.10945, -15.70817], [-56.10756, -15.70951], [-56.10756, -15.71059], [-56.10918, -15.71086], [-56.10945, -15.71167], [-56.10918, -15.71194], [-56.1081, -15.71194], [-56.10783, -15.71167], [-56.10675, -15.71167], [-56.10594, -15.71302], [-56.1054, -15.71275], [-56.10486, -15.71329], [-56.10648, -15.71544], [-56.10702, -15.71544], [-56.10783, -15.71625], [-56.10756, -15.71652], [-56.1081, -15.71733], [-56.10783, -15.7176], [-56.10783, -15.71895], [-56.10837, -15.71948], [-56.10891, -15.71948], [-56.10945, -15.72056], [-56.11079, -15.72137], [-56.11079, -15.72272], [-56.10864, -15.7238], [-56.10864, -15.72487], [-56.10918, -15.72595], [-56.10918, -15.72703], [-56.11025, -15.72865], [-56.11025, -15.72973], [-56.11079, -15.73134], [-56.11187, -15.73296], [-56.11187, -15.73431], [-56.11268, -15.73458], [-56.11295, -15.73431], [-56.11376, -15.73431], [-56.11457, -15.73512], [-56.1143, -15.73565], [-56.11484, -15.73646], [-56.11376, -15.73808], [-56.11484, -15.73889], [-56.11538, -15.73889], [-56.11538, -15.73835], [-56.11591, -15.73781], [-56.11618, -15.73808], [-56.11726, -15.737], [-56.11753, -15.73646], [-56.11726, -15.73592], [-56.11807, -15.73485], [-56.11888, -15.73458], [-56.11861, -15.73431], [-56.11915, -15.73377], [-56.12077, -15.73404], [-56.1213, -15.73296], [-56.12103, -15.73242], [-56.12157, -15.73215], [-56.1213, -15.73134], [-56.12184, -15.7308], [-56.12319, -15.73053], [-56.12346, -15.73107], [-56.12481, -15.73215], [-56.12669, -15.73134], [-56.12831, -15.72946], [-56.12804, -15.72892], [-56.12858, -15.72838], [-56.12885, -15.72865], [-56.12966, -15.72865], [-56.13101, -15.72757], [-56.13047, -15.72703], [-56.13074, -15.72595], [-56.13181, -15.72487], [-56.13235, -15.72487], [-56.13505, -15.72218], [-56.13532, -15.72245], [-56.13586, -15.72164], [-56.13586, -15.72056], [-56.13747, -15.72002], [-56.13747, -15.71895], [-56.13667, -15.71814], [-56.13693, -15.71787], [-56.13667, -15.7176], [-56.13747, -15.71652], [-56.1372, -15.71409], [-56.13828, -15.71329], [-56.13882, -15.71248], [-56.13855, -15.71221], [-56.13855, -15.71113], [-56.13882, -15.71086], [-56.13801, -15.71086], [-56.1372, -15.70978], [-56.13667, -15.70951], [-56.13559, -15.70736], [-56.13559, -15.70655], [-56.13505, -15.70601], [-56.13505, -15.70547], [-56.1337, -15.70493], [-56.13316, -15.70412], [-56.13235, -15.70412], [-56.13101, -15.70251], [-56.13101, -15.70143], [-56.13128, -15.70116], [-56.13047, -15.70008], [-56.12993, -15.70008], [-56.12858, -15.699], [-56.12939, -15.69766], [-56.12939, -15.69631], [-56.12912, -15.69577], [-56.12858, -15.69577], [-56.12669, -15.69469]]]]}}, {"type": "Feature", "properties": {"nome": "Afluente s/n do Rio Formigueiro", "area": 5.85, "urb": 1.51, "pct_urb": 25.8, "lx": -56.18625, "ly": -15.699}, "geometry": {"type": "MultiPolygon", "coordinates": [[[[-56.1938, -15.6893], [-56.19326, -15.6893], [-56.19245, -15.69011], [-56.19164, -15.69011], [-56.19029, -15.68822], [-56.18949, -15.68795], [-56.18868, -15.68715], [-56.18895, -15.68661], [-56.18868, -15.68634], [-56.18544, -15.68957], [-56.18464, -15.68903], [-56.18464, -15.68849], [-56.18356, -15.68903], [-56.18113, -15.69146], [-56.18086, -15.69119], [-56.17978, -15.69253], [-56.17925, -15.69253], [-56.17844, -15.69173], [-56.17763, -15.69173], [-56.17736, -15.692], [-56.17763, -15.69253], [-56.17628, -15.69388], [-56.17601, -15.6955], [-56.17439, -15.69712], [-56.17547, -15.69846], [-56.1779, -15.70062], [-56.1779, -15.70143], [-56.17736, -15.70224], [-56.17547, -15.70385], [-56.17466, -15.70331], [-56.17224, -15.70574], [-56.17278, -15.70655], [-56.17251, -15.70709], [-56.17278, -15.70736], [-56.17278, -15.70844], [-56.1717, -15.70951], [-56.1717, -15.71032], [-56.17413, -15.71059], [-56.17574, -15.71248], [-56.17628, -15.71275], [-56.17628, -15.71356], [-56.17601, -15.71383], [-56.17574, -15.71356], [-56.17359, -15.71598], [-56.17197, -15.71598], [-56.17143, -15.71652], [-56.17197, -15.71706], [-56.17251, -15.71652], [-56.17359, -15.71652], [-56.1752, -15.71733], [-56.17628, -15.71733], [-56.17655, -15.71679], [-56.17709, -15.71706], [-56.17871, -15.71706], [-56.17898, -15.71625], [-56.17978, -15.71571], [-56.18059, -15.71571], [-56.18167, -15.71517], [-56.18275, -15.71409], [-56.18383, -15.7149], [-56.18598, -15.71275], [-56.18652, -15.71329], [-56.18868, -15.71356], [-56.19191, -15.71005], [-56.19218, -15.71005], [-56.19164, -15.70978], [-56.19164, -15.70897], [-56.19326, -15.70709], [-56.19299, -15.70628], [-56.19326, -15.70574], [-56.19488, -15.70439], [-56.19461, -15.70331], [-56.19407, -15.70278], [-56.19407, -15.70197], [-56.19515, -15.70143], [-56.19542, -15.7017], [-56.19649, -15.70089], [-56.19676, -15.70008], [-56.19757, -15.69927], [-56.1973, -15.69739], [-56.19676, -15.69685], [-56.19676, -15.69604], [-56.19622, -15.6955], [-56.19649, -15.69334], [-56.19676, -15.69307], [-56.19434, -15.69092], [-56.19434, -15.68984], [-56.1938, -15.6893]]]]}}, {"type": "Feature", "properties": {"nome": "Afluente s/n do Córrego Formigueiro", "area": 6.33, "urb": 5.09, "pct_urb": 80.3, "lx": -56.16146, "ly": -15.70736}, "geometry": {"type": "MultiPolygon", "coordinates": [[[[-56.17763, -15.70062], [-56.17466, -15.69792], [-56.17359, -15.69658], [-56.17305, -15.69685], [-56.1717, -15.6955], [-56.17062, -15.69496], [-56.16874, -15.69496], [-56.1682, -15.69442], [-56.16766, -15.69442], [-56.16712, -15.69388], [-56.16577, -15.69334], [-56.16496, -15.69334], [-56.16415, -15.69442], [-56.16361, -15.69469], [-56.16281, -15.69469], [-56.162, -15.69577], [-56.16038, -15.69631], [-56.1593, -15.69577], [-56.15876, -15.69658], [-56.15903, -15.69712], [-56.15742, -15.69846], [-56.15634, -15.69712], [-56.15553, -15.69685], [-56.15499, -15.69819], [-56.15418, -15.69846], [-56.15364, -15.69792], [-56.15391, -15.69819], [-56.15364, -15.699], [-56.1523, -15.70089], [-56.15041, -15.70062], [-56.14987, -15.70008], [-56.14906, -15.70197], [-56.14933, -15.70224], [-56.14933, -15.70331], [-56.14798, -15.70493], [-56.14745, -15.70493], [-56.14718, -15.70439], [-56.14691, -15.70439], [-56.1461, -15.70547], [-56.14556, -15.70574], [-56.14556, -15.70736], [-56.14771, -15.70844], [-56.14771, -15.70951], [-56.14825, -15.71086], [-56.14798, -15.71221], [-56.14852, -15.71275], [-56.14852, -15.71329], [-56.14798, -15.71409], [-56.14745, -15.71409], [-56.14745, -15.71463], [-56.14798, -15.7149], [-56.14852, -15.71463], [-56.14933, -15.71356], [-56.14987, -15.71356], [-56.15041, -15.71409], [-56.15149, -15.71383], [-56.15203, -15.71436], [-56.15257, -15.71409], [-56.15364, -15.71517], [-56.15418, -15.71517], [-56.15499, -15.71625], [-56.15526, -15.71598], [-56.1558, -15.71625], [-56.15634, -15.71598], [-56.15957, -15.71921], [-56.15984, -15.71895], [-56.16092, -15.71895], [-56.16146, -15.71921], [-56.16281, -15.7176], [-56.16415, -15.71733], [-56.16523, -15.71652], [-56.16604, -15.71652], [-56.16631, -15.71625], [-56.16685, -15.71625], [-56.16874, -15.71814], [-56.17008, -15.71706], [-56.17116, -15.71679], [-56.17197, -15.71571], [-56.17359, -15.71571], [-56.17574, -15.71329], [-56.17601, -15.71356], [-56.17601, -15.71275], [-56.17547, -15.71248], [-56.17413, -15.71086], [-56.1717, -15.71059], [-56.17143, -15.71032], [-56.17143, -15.70951], [-56.17251, -15.70844], [-56.17224, -15.70682], [-56.17251, -15.70655], [-56.17197, -15.70574], [-56.17466, -15.70305], [-56.17547, -15.70358], [-56.17736, -15.70197], [-56.17763, -15.70062]]]]}}, {"type": "Feature", "properties": {"nome": "Afluente s/n do Rio Formigueiro", "area": 3.83, "urb": 2.65, "pct_urb": 69.2, "lx": -56.1496, "ly": -15.72137}, "geometry": {"type": "MultiPolygon", "coordinates": [[[[-56.13801, -15.7087], [-56.13801, -15.70924], [-56.13747, -15.71005], [-56.13801, -15.71059], [-56.13882, -15.71059], [-56.13909, -15.71086], [-56.13882, -15.71113], [-56.13882, -15.71221], [-56.13909, -15.71248], [-56.13801, -15.71383], [-56.13747, -15.71409], [-56.13774, -15.71652], [-56.13693, -15.7176], [-56.1372, -15.71787], [-56.13693, -15.71814], [-56.13774, -15.71895], [-56.13801, -15.72137], [-56.13963, -15.72191], [-56.14044, -15.72272], [-56.14017, -15.72353], [-56.14044, -15.72434], [-56.14152, -15.72514], [-56.14152, -15.72541], [-56.14232, -15.72595], [-56.14313, -15.72568], [-56.14583, -15.72811], [-56.14745, -15.72757], [-56.14825, -15.72811], [-56.14852, -15.72919], [-56.14879, -15.72919], [-56.15014, -15.72811], [-56.15095, -15.72784], [-56.15176, -15.72811], [-56.15391, -15.7308], [-56.15472, -15.7308], [-56.15526, -15.73134], [-56.15553, -15.73107], [-56.15553, -15.73026], [-56.15526, -15.72973], [-56.15634, -15.72811], [-56.15688, -15.72811], [-56.15688, -15.7273], [-56.15742, -15.72676], [-56.15715, -15.72514], [-56.15822, -15.7238], [-56.15849, -15.7238], [-56.15849, -15.72218], [-56.1593, -15.72137], [-56.15957, -15.71948], [-56.15634, -15.71625], [-56.15553, -15.71652], [-56.15526, -15.71625], [-56.15499, -15.71652], [-56.15418, -15.71544], [-56.15364, -15.71544], [-56.15257, -15.71436], [-56.15203, -15.71463], [-56.15122, -15.71409], [-56.15041, -15.71436], [-56.14987, -15.71383], [-56.14933, -15.71383], [-56.14852, -15.7149], [-56.14771, -15.71517], [-56.14718, -15.71463], [-56.14718, -15.71409], [-56.14798, -15.71383], [-56.14825, -15.71275], [-56.14771, -15.71221], [-56.14798, -15.71086], [-56.14745, -15.70951], [-56.14745, -15.70844], [-56.14637, -15.70817], [-56.14529, -15.70736], [-56.14529, -15.70628], [-56.14448, -15.70655], [-56.14421, -15.70628], [-56.14179, -15.70924], [-56.14071, -15.70844], [-56.14017, -15.70844], [-56.13936, -15.70897], [-56.13801, -15.7087]]]]}}, {"type": "Feature", "properties": {"nome": "Afluente s/n do Córrego Morrinho", "area": 19.85, "urb": 5.12, "pct_urb": 25.8, "lx": -56.08061, "ly": -15.737}, "geometry": {"type": "MultiPolygon", "coordinates": [[[[-56.08384, -15.71544], [-56.08088, -15.71814], [-56.07926, -15.71841], [-56.07792, -15.71921], [-56.07576, -15.71948], [-56.0736, -15.72137], [-56.07253, -15.72056], [-56.07172, -15.72083], [-56.07091, -15.72164], [-56.0701, -15.72137], [-56.06929, -15.72218], [-56.06848, -15.72218], [-56.06579, -15.7246], [-56.06552, -15.72568], [-56.06579, -15.72595], [-56.06579, -15.72703], [-56.06552, -15.7273], [-56.06579, -15.72784], [-56.06552, -15.72811], [-56.06579, -15.72892], [-56.06498, -15.72973], [-56.06525, -15.72999], [-56.06417, -15.73134], [-56.06363, -15.73134], [-56.0639, -15.73161], [-56.06363, -15.73188], [-56.0639, -15.73215], [-56.0639, -15.7335], [-56.06175, -15.73565], [-56.06202, -15.73592], [-56.06067, -15.73727], [-56.05932, -15.73808], [-56.05932, -15.73889], [-56.05986, -15.73943], [-56.05986, -15.74239], [-56.05797, -15.74428], [-56.0577, -15.74401], [-56.05716, -15.74455], [-56.0577, -15.74563], [-56.05932, -15.74724], [-56.06013, -15.74751], [-56.06094, -15.74832], [-56.06094, -15.7494], [-56.06148, -15.75021], [-56.06148, -15.75128], [-56.06067, -15.75209], [-56.06067, -15.75263], [-56.06202, -15.75398], [-56.06175, -15.75425], [-56.06309, -15.75587], [-56.06282, -15.75614], [-56.06363, -15.75694], [-56.06309, -15.75775], [-56.06363, -15.75829], [-56.06336, -15.7591], [-56.0639, -15.76072], [-56.0639, -15.76233], [-56.06471, -15.76287], [-56.06471, -15.76368], [-56.06794, -15.76611], [-56.06983, -15.76799], [-56.07064, -15.76934], [-56.07333, -15.77231], [-56.07468, -15.77231], [-56.0763, -15.77177], [-56.07684, -15.77123], [-56.07711, -15.7715], [-56.07765, -15.77096], [-56.07926, -15.7715], [-56.08007, -15.77096], [-56.08061, -15.77096], [-56.08142, -15.77015], [-56.08196, -15.77042], [-56.08277, -15.76961], [-56.08331, -15.77015], [-56.08465, -15.77042], [-56.08762, -15.76799], [-56.08843, -15.76826], [-56.0887, -15.76799], [-56.08896, -15.76826], [-56.08977, -15.76745], [-56.09139, -15.76853], [-56.09193, -15.76853], [-56.09274, -15.76799], [-56.09516, -15.76799], [-56.09597, -15.76826], [-56.09678, -15.76772], [-56.09732, -15.76772], [-56.09651, -15.7653], [-56.09462, -15.76341], [-56.09462, -15.7626], [-56.09516, -15.7618], [-56.09435, -15.76018], [-56.09355, -15.75937], [-56.09382, -15.75775], [-56.09435, -15.75694], [-56.09382, -15.75533], [-56.09328, -15.75479], [-56.09489, -15.75317], [-56.09489, -15.75155], [-56.09409, -15.75075], [-56.09355, -15.75102], [-56.09301, -15.75021], [-56.09435, -15.74886], [-56.09462, -15.74805], [-56.09435, -15.74724], [-56.09543, -15.74589], [-56.09651, -15.74563], [-56.09732, -15.74482], [-56.09813, -15.74482], [-56.0984, -15.74509], [-56.09948, -15.74401], [-56.09921, -15.74374], [-56.10082, -15.74158], [-56.10082, -15.74131], [-56.09974, -15.7405], [-56.09867, -15.74024], [-56.09813, -15.7397], [-56.09867, -15.73835], [-56.10055, -15.73754], [-56.1019, -15.73781], [-56.10244, -15.73727], [-56.10055, -15.73538], [-56.10082, -15.73458], [-56.09948, -15.7335], [-56.09974, -15.73296], [-56.09948, -15.73269], [-56.09948, -15.73134], [-56.09974, -15.7308], [-56.09948, -15.73053], [-56.09786, -15.73053], [-56.09462, -15.72622], [-56.09489, -15.72568], [-56.09462, -15.72487], [-56.09489, -15.7246], [-56.09489, -15.7238], [-56.09462, -15.72326], [-56.09489, -15.72299], [-56.09435, -15.72245], [-56.09355, -15.72245], [-56.09274, -15.72164], [-56.09193, -15.72137], [-56.09112, -15.72218], [-56.0895, -15.72164], [-56.08923, -15.72083], [-56.08735, -15.71921], [-56.08762, -15.71868], [-56.08735, -15.71841], [-56.08735, -15.7176], [-56.086, -15.71733], [-56.08573, -15.7176], [-56.08438, -15.71571], [-56.08384, -15.71544]]]]}}, {"type": "Feature", "properties": {"nome": "Afluente s/n do Rio Cuiabá", "area": 3.54, "urb": 3.47, "pct_urb": 97.8, "lx": -56.12184, "ly": -15.73862}, "geometry": {"type": "MultiPolygon", "coordinates": [[[[-56.14017, -15.72272], [-56.13855, -15.72164], [-56.13801, -15.72164], [-56.13747, -15.72029], [-56.13613, -15.72056], [-56.13613, -15.72164], [-56.13532, -15.72272], [-56.13505, -15.72245], [-56.13235, -15.72514], [-56.13181, -15.72514], [-56.13101, -15.72595], [-56.13074, -15.72703], [-56.13128, -15.72757], [-56.12966, -15.72892], [-56.12885, -15.72892], [-56.12858, -15.72865], [-56.12831, -15.72919], [-56.12858, -15.72946], [-56.12669, -15.73161], [-56.12481, -15.73242], [-56.12319, -15.73107], [-56.12319, -15.7308], [-56.12184, -15.73107], [-56.12157, -15.73161], [-56.12184, -15.73215], [-56.1213, -15.73242], [-56.12157, -15.73296], [-56.1213, -15.73377], [-56.12077, -15.73431], [-56.11915, -15.73404], [-56.11888, -15.73431], [-56.11915, -15.73458], [-56.11861, -15.73512], [-56.11807, -15.73512], [-56.11753, -15.73592], [-56.1178, -15.73646], [-56.11753, -15.737], [-56.11618, -15.73835], [-56.11591, -15.73808], [-56.11564, -15.73835], [-56.11564, -15.73889], [-56.11484, -15.7397], [-56.11484, -15.74024], [-56.11591, -15.74104], [-56.11618, -15.74185], [-56.11591, -15.74293], [-56.11457, -15.74347], [-56.11322, -15.74347], [-56.11241, -15.74455], [-56.11268, -15.74482], [-56.11295, -15.74455], [-56.11376, -15.74482], [-56.11511, -15.74374], [-56.11645, -15.7432], [-56.11726, -15.74428], [-56.11699, -15.74455], [-56.11726, -15.74509], [-56.11861, -15.74616], [-56.11861, -15.74697], [-56.11969, -15.74913], [-56.12077, -15.75048], [-56.1213, -15.75075], [-56.12184, -15.74994], [-56.12238, -15.74967], [-56.12238, -15.74832], [-56.124, -15.74643], [-56.12508, -15.74751], [-56.12535, -15.74724], [-56.12535, -15.74643], [-56.12562, -15.74616], [-56.12508, -15.74589], [-56.12481, -15.74536], [-56.12454, -15.74347], [-56.12481, -15.7432], [-56.12454, -15.74239], [-56.12535, -15.74185], [-56.12562, -15.74077], [-56.1275, -15.73916], [-56.12831, -15.73781], [-56.12939, -15.73781], [-56.13047, -15.73646], [-56.13154, -15.73646], [-56.13235, -15.73512], [-56.13289, -15.73538], [-56.13316, -15.73512], [-56.13397, -15.73646], [-56.13613, -15.73619], [-56.13855, -15.73377], [-56.13828, -15.73188], [-56.13882, -15.73161], [-56.13909, -15.73026], [-56.13963, -15.72973], [-56.13963, -15.72865], [-56.14071, -15.72784], [-56.14071, -15.7273], [-56.13963, -15.72595], [-56.13963, -15.72514], [-56.14017, -15.72434], [-56.1399, -15.72353], [-56.14017, -15.72272]]]]}}, {"type": "Feature", "properties": {"nome": "Afluente s/n do Ribeirão dos Cocais", "area": 6.54, "urb": 0.05, "pct_urb": 0.8, "lx": -56.1814, "ly": -15.7405}, "geometry": {"type": "MultiPolygon", "coordinates": [[[[-56.20323, -15.73673], [-56.20242, -15.73565], [-56.20161, -15.73512], [-56.20107, -15.73404], [-56.20027, -15.73485], [-56.19946, -15.73512], [-56.19973, -15.73592], [-56.19919, -15.73646], [-56.19946, -15.73673], [-56.19865, -15.73754], [-56.19838, -15.73727], [-56.19676, -15.73727], [-56.19622, -15.73781], [-56.19542, -15.73781], [-56.19515, -15.73754], [-56.19515, -15.73646], [-56.19542, -15.73565], [-56.19353, -15.73512], [-56.19218, -15.73592], [-56.18868, -15.73188], [-56.1876, -15.73161], [-56.18706, -15.73053], [-56.1849, -15.72865], [-56.18356, -15.72973], [-56.18302, -15.72946], [-56.18302, -15.72892], [-56.18221, -15.72892], [-56.1814, -15.72811], [-56.1814, -15.7273], [-56.17844, -15.72353], [-56.1779, -15.72353], [-56.17736, -15.7246], [-56.17871, -15.72757], [-56.17871, -15.72838], [-56.17925, -15.72919], [-56.17925, -15.73053], [-56.17844, -15.7308], [-56.17844, -15.73161], [-56.17655, -15.73377], [-56.17574, -15.73377], [-56.17466, -15.73538], [-56.17386, -15.73565], [-56.17278, -15.73512], [-56.17143, -15.73592], [-56.17089, -15.737], [-56.16954, -15.737], [-56.169, -15.73754], [-56.16874, -15.73727], [-56.16793, -15.73808], [-56.16658, -15.73835], [-56.1655, -15.73943], [-56.16577, -15.74024], [-56.1655, -15.7405], [-56.1655, -15.74158], [-56.16415, -15.74239], [-56.16335, -15.74347], [-56.16308, -15.7432], [-56.16146, -15.74482], [-56.162, -15.74536], [-56.16173, -15.74563], [-56.16146, -15.74778], [-56.16227, -15.74859], [-56.16254, -15.7494], [-56.16227, -15.74994], [-56.16308, -15.74994], [-56.16335, -15.75021], [-56.16335, -15.75102], [-56.16442, -15.75182], [-56.16442, -15.75209], [-56.16523, -15.75155], [-56.16658, -15.75155], [-56.16712, -15.75209], [-56.16981, -15.75182], [-56.17008, -15.75236], [-56.1717, -15.75263], [-56.17251, -15.75317], [-56.17305, -15.7529], [-56.17359, -15.75317], [-56.17439, -15.75236], [-56.17574, -15.75209], [-56.17709, -15.75021], [-56.17844, -15.74994], [-56.17898, -15.75021], [-56.18032, -15.7494], [-56.1814, -15.7494], [-56.18194, -15.74886], [-56.18302, -15.7494], [-56.1849, -15.74913], [-56.18571, -15.75021], [-56.18598, -15.75021], [-56.18679, -15.74913], [-56.18679, -15.74859], [-56.18814, -15.74724], [-56.18787, -15.74563], [-56.18841, -15.74509], [-56.19164, -15.7432], [-56.19272, -15.74212], [-56.19461, -15.74239], [-56.19649, -15.7432], [-56.19919, -15.74104], [-56.20323, -15.73673]]]]}}, {"type": "Feature", "properties": {"nome": "Afluente s/n do Rio Cuiabá", "area": 3.08, "urb": 0.23, "pct_urb": 7.5, "lx": -56.13262, "ly": -15.74347}, "geometry": {"type": "MultiPolygon", "coordinates": [[[[-56.13882, -15.7335], [-56.13613, -15.73646], [-56.13397, -15.73673], [-56.13316, -15.73538], [-56.13262, -15.73565], [-56.13235, -15.73538], [-56.13154, -15.73673], [-56.13047, -15.73673], [-56.12939, -15.73808], [-56.12831, -15.73808], [-56.12777, -15.73916], [-56.12589, -15.74077], [-56.12562, -15.74185], [-56.12481, -15.74239], [-56.12508, -15.7432], [-56.12481, -15.74347], [-56.12481, -15.74428], [-56.12508, -15.74455], [-56.12508, -15.74536], [-56.12535, -15.74589], [-56.12589, -15.74616], [-56.12562, -15.74643], [-56.12562, -15.74724], [-56.12508, -15.74778], [-56.124, -15.7467], [-56.12265, -15.74832], [-56.12265, -15.74967], [-56.12157, -15.75048], [-56.1213, -15.75102], [-56.12292, -15.75236], [-56.12292, -15.75263], [-56.124, -15.7529], [-56.12454, -15.75263], [-56.12508, -15.75317], [-56.12481, -15.75344], [-56.12508, -15.75398], [-56.12831, -15.75587], [-56.13074, -15.75587], [-56.13181, -15.75506], [-56.13316, -15.7556], [-56.13343, -15.75614], [-56.13397, -15.75587], [-56.13559, -15.75587], [-56.13667, -15.75694], [-56.13559, -15.75587], [-56.13586, -15.75506], [-56.13559, -15.75479], [-56.13613, -15.75425], [-56.13613, -15.75371], [-56.13478, -15.75263], [-56.13532, -15.75128], [-56.13505, -15.75075], [-56.13693, -15.74832], [-56.13747, -15.74832], [-56.13828, -15.74724], [-56.13801, -15.74697], [-56.1399, -15.74509], [-56.13936, -15.74401], [-56.14071, -15.74347], [-56.14017, -15.74185], [-56.13963, -15.74158], [-56.13963, -15.74077], [-56.13936, -15.7405], [-56.13963, -15.74024], [-56.13909, -15.73943], [-56.13909, -15.73862], [-56.14017, -15.73673], [-56.13882, -15.73512], [-56.13909, -15.73485], [-56.13882, -15.73431], [-56.13909, -15.73377], [-56.13882, -15.7335]]]]}}, {"type": "Feature", "properties": {"nome": "Microbacia sem nome", "area": 19.3, "urb": 9.83, "pct_urb": 50.9, "lx": -56.09786, "ly": -15.78201}, "geometry": {"type": "MultiPolygon", "coordinates": [[[[-56.14394, -15.7653], [-56.14313, -15.7653], [-56.1434, -15.76557], [-56.14232, -15.76665], [-56.14152, -15.76692], [-56.14125, -15.76665], [-56.14098, -15.76692], [-56.14071, -15.7688], [-56.13909, -15.77069], [-56.13747, -15.76961], [-56.13667, -15.77042], [-56.13478, -15.77042], [-56.13397, -15.76988], [-56.13316, -15.76988], [-56.13289, -15.77015], [-56.13262, -15.76988], [-56.13181, -15.77069], [-56.13101, -15.77015], [-56.12993, -15.77042], [-56.12858, -15.76934], [-56.12804, -15.76826], [-56.12804, -15.76745], [-56.12696, -15.76745], [-56.12562, -15.76692], [-56.12346, -15.76772], [-56.12319, -15.76745], [-56.12292, -15.76772], [-56.12238, -15.76718], [-56.12103, -15.76853], [-56.12023, -15.76718], [-56.11861, -15.76638], [-56.11807, -15.76638], [-56.11564, -15.76449], [-56.11484, -15.76476], [-56.11403, -15.76449], [-56.1116, -15.76638], [-56.11079, -15.76665], [-56.10918, -15.76826], [-56.1081, -15.76745], [-56.10675, -15.7688], [-56.10594, -15.76853], [-56.10406, -15.76988], [-56.10352, -15.76961], [-56.10298, -15.77015], [-56.10109, -15.76853], [-56.10055, -15.76853], [-56.10001, -15.76799], [-56.09678, -15.76799], [-56.09597, -15.76853], [-56.09516, -15.76826], [-56.09274, -15.76826], [-56.09193, -15.7688], [-56.09031, -15.76826], [-56.08977, -15.76772], [-56.08896, -15.76853], [-56.0887, -15.76826], [-56.08843, -15.76853], [-56.08762, -15.76826], [-56.08465, -15.77069], [-56.08331, -15.77042], [-56.08277, -15.76988], [-56.08196, -15.77069], [-56.08142, -15.77042], [-56.08061, -15.77123], [-56.08007, -15.77123], [-56.07926, -15.77177], [-56.07765, -15.77123], [-56.07711, -15.77177], [-56.07684, -15.7715], [-56.0763, -15.77204], [-56.07387, -15.77257], [-56.0736, -15.77365], [-56.07414, -15.77392], [-56.07414, -15.77473], [-56.07495, -15.77608], [-56.07333, -15.77743], [-56.07333, -15.77796], [-56.07414, -15.77877], [-56.07333, -15.77958], [-56.07333, -15.78066], [-56.0736, -15.78093], [-56.0728, -15.78174], [-56.07306, -15.78228], [-56.07253, -15.78282], [-56.0728, -15.78309], [-56.0728, -15.78416], [-56.07387, -15.78497], [-56.07495, -15.78794], [-56.07549, -15.78821], [-56.07522, -15.78848], [-56.07792, -15.79144], [-56.07792, -15.79198], [-56.07899, -15.79279], [-56.07899, -15.79333], [-56.08061, -15.79413], [-56.08088, -15.79494], [-56.08061, -15.79521], [-56.08169, -15.79629], [-56.08196, -15.79737], [-56.08331, -15.79845], [-56.08465, -15.79845], [-56.08708, -15.79602], [-56.08762, -15.79629], [-56.0887, -15.79521], [-56.08923, -15.79575], [-56.08923, -15.79629], [-56.09058, -15.79602], [-56.0922, -15.79737], [-56.09516, -15.79494], [-56.09624, -15.79602], [-56.09678, -15.79575], [-56.09786, -15.79656], [-56.0984, -15.79629], [-56.09921, -15.79656], [-56.10028, -15.79791], [-56.10136, -15.79737], [-56.10379, -15.79494], [-56.10433, -15.79494], [-56.10486, -15.79386], [-56.1054, -15.79413], [-56.10567, -15.79494], [-56.10648, -15.7944], [-56.10756, -15.79521], [-56.10918, -15.79333], [-56.10972, -15.79386], [-56.11025, -15.79333], [-56.11214, -15.79333], [-56.11295, -15.7936], [-56.11511, -15.79548], [-56.11618, -15.7944], [-56.11672, -15.7944], [-56.11726, -15.79386], [-56.11888, -15.79386], [-56.11915, -15.7936], [-56.11942, -15.79386], [-56.1205, -15.79279], [-56.12265, -15.79171], [-56.12319, -15.79117], [-56.12346, -15.78982], [-56.12427, -15.78928], [-56.12454, -15.78955], [-56.12535, -15.78955], [-56.12616, -15.78901], [-56.12696, -15.78955], [-56.12831, -15.78928], [-56.12858, -15.78767], [-56.12696, -15.78632], [-56.1275, -15.78578], [-56.12939, -15.78578], [-56.13074, -15.78416], [-56.13128, -15.78389], [-56.13397, -15.78416], [-56.13397, -15.78335], [-56.13505, -15.78282], [-56.13559, -15.78335], [-56.13693, -15.78362], [-56.13693, -15.78282], [-56.1372, -15.78255], [-56.13963, -15.78228], [-56.14098, -15.78147], [-56.14098, -15.78012], [-56.14179, -15.77958], [-56.14206, -15.77904], [-56.14206, -15.77743], [-56.14259, -15.77689], [-56.14286, -15.77419], [-56.14313, -15.77392], [-56.14313, -15.77204], [-56.14367, -15.7715], [-56.14367, -15.77042], [-56.14421, -15.76934], [-56.14367, -15.76853], [-56.14394, -15.76638], [-56.14367, -15.76611], [-56.14394, -15.7653]]]]}}, {"type": "Feature", "properties": {"nome": "Microbacia sem nome", "area": 2.42, "urb": 0.09, "pct_urb": 3.6, "lx": -56.13235, "ly": -15.76422}, "geometry": {"type": "MultiPolygon", "coordinates": [[[[-56.14098, -15.76665], [-56.14071, -15.76638], [-56.14044, -15.76233], [-56.14017, -15.76206], [-56.14071, -15.76126], [-56.14071, -15.76045], [-56.14017, -15.75991], [-56.14017, -15.7591], [-56.14044, -15.75883], [-56.13963, -15.75883], [-56.13936, -15.75856], [-56.13855, -15.75964], [-56.13667, -15.75964], [-56.13613, -15.75937], [-56.13559, -15.76018], [-56.13532, -15.75991], [-56.13451, -15.75991], [-56.13397, -15.75937], [-56.13397, -15.75883], [-56.13289, -15.75829], [-56.13074, -15.75856], [-56.12966, -15.75937], [-56.12885, -15.75937], [-56.12723, -15.76018], [-56.12508, -15.76018], [-56.12481, -15.75991], [-56.124, -15.76072], [-56.12211, -15.76099], [-56.1205, -15.76233], [-56.12023, -15.76206], [-56.11915, -15.76206], [-56.11834, -15.7626], [-56.11726, -15.76395], [-56.11699, -15.76368], [-56.11618, -15.76368], [-56.11538, -15.76422], [-56.11618, -15.76449], [-56.11807, -15.76611], [-56.11861, -15.76611], [-56.12023, -15.76692], [-56.12103, -15.76826], [-56.12238, -15.76692], [-56.12292, -15.76745], [-56.12535, -15.76665], [-56.12696, -15.76718], [-56.12804, -15.76718], [-56.12885, -15.76934], [-56.12939, -15.76988], [-56.13047, -15.77015], [-56.13101, -15.76988], [-56.13154, -15.77042], [-56.13262, -15.76961], [-56.13289, -15.76988], [-56.13316, -15.76961], [-56.13397, -15.76961], [-56.13478, -15.77015], [-56.13667, -15.77015], [-56.13747, -15.76934], [-56.13909, -15.77042], [-56.14044, -15.7688], [-56.14071, -15.76692], [-56.14098, -15.76665]]]]}}, {"type": "Feature", "properties": {"nome": "Afluente s/n do Córrego Ribeirão dos Cocais", "area": 7.16, "urb": 0.37, "pct_urb": 5.2, "lx": -56.34849, "ly": -15.76233}, "geometry": {"type": "MultiPolygon", "coordinates": [[[[-56.37113, -15.75182], [-56.36951, -15.75021], [-56.3687, -15.74886], [-56.36816, -15.74913], [-56.36735, -15.74832], [-56.36708, -15.74859], [-56.36601, -15.74859], [-56.36547, -15.74805], [-56.36466, -15.74805], [-56.36412, -15.74751], [-56.36304, -15.74724], [-56.3625, -15.74616], [-56.36062, -15.74563], [-56.35981, -15.74509], [-56.35954, -15.74563], [-56.35711, -15.74778], [-56.35657, -15.74778], [-56.35576, -15.74859], [-56.35523, -15.74994], [-56.35388, -15.7494], [-56.35253, -15.75102], [-56.35199, -15.75102], [-56.35145, -15.75155], [-56.35145, -15.75236], [-56.35064, -15.75317], [-56.34984, -15.75344], [-56.34957, -15.7529], [-56.34876, -15.75236], [-56.34822, -15.75317], [-56.34768, -15.75344], [-56.34687, -15.75344], [-56.34606, -15.7529], [-56.34472, -15.75398], [-56.34418, -15.75398], [-56.34094, -15.75614], [-56.33986, -15.75533], [-56.33933, -15.75533], [-56.33852, -15.75614], [-56.33771, -15.75614], [-56.33717, -15.75694], [-56.33744, -15.75748], [-56.33609, -15.75883], [-56.33447, -15.75856], [-56.3342, -15.75937], [-56.33367, -15.75964], [-56.33286, -15.76072], [-56.33259, -15.76045], [-56.33232, -15.76072], [-56.33259, -15.76153], [-56.33178, -15.7626], [-56.33016, -15.76233], [-56.32935, -15.76287], [-56.32962, -15.76341], [-56.32908, -15.76395], [-56.32828, -15.76395], [-56.32747, -15.76287], [-56.32666, -15.76287], [-56.32666, -15.76341], [-56.32531, -15.76449], [-56.32531, -15.76503], [-56.32477, -15.76557], [-56.32504, -15.76665], [-56.32477, -15.76692], [-56.32881, -15.77069], [-56.32935, -15.77042], [-56.32935, -15.76988], [-56.33016, -15.76907], [-56.33151, -15.76961], [-56.33232, -15.76853], [-56.3334, -15.76853], [-56.33474, -15.76961], [-56.33555, -15.76934], [-56.33636, -15.76961], [-56.33825, -15.76772], [-56.33986, -15.77042], [-56.34094, -15.76961], [-56.34067, -15.76907], [-56.34094, -15.7688], [-56.34256, -15.7688], [-56.34418, -15.77096], [-56.34498, -15.77069], [-56.34579, -15.77123], [-56.34579, -15.7715], [-56.3466, -15.7715], [-56.34687, -15.77123], [-56.34741, -15.77204], [-56.34903, -15.77204], [-56.34957, -15.77257], [-56.35011, -15.77257], [-56.35199, -15.77177], [-56.35307, -15.77069], [-56.35415, -15.77015], [-56.35496, -15.76934], [-56.35523, -15.76853], [-56.35496, -15.76826], [-56.35765, -15.76584], [-56.35765, -15.76503], [-56.36196, -15.76099], [-56.36385, -15.75829], [-56.3652, -15.75694], [-56.36654, -15.75667], [-56.36816, -15.75506], [-56.36924, -15.75452], [-56.37113, -15.75263], [-56.37113, -15.75182]]]]}}, {"type": "Feature", "properties": {"nome": "Microbacia sem nome", "area": 19.8, "urb": 5.28, "pct_urb": 26.7, "lx": -56.03587, "ly": -15.75398}, "geometry": {"type": "MultiPolygon", "coordinates": [[[[-56.06067, -15.74832], [-56.05932, -15.74751], [-56.05689, -15.74482], [-56.05582, -15.74482], [-56.05501, -15.74428], [-56.05528, -15.74374], [-56.05393, -15.74212], [-56.05393, -15.7405], [-56.05312, -15.73916], [-56.05339, -15.73835], [-56.05312, -15.73808], [-56.05285, -15.73835], [-56.05177, -15.73835], [-56.05151, -15.73808], [-56.05124, -15.73835], [-56.048, -15.73565], [-56.04827, -15.73323], [-56.048, -15.73296], [-56.04881, -15.73188], [-56.04719, -15.73053], [-56.04719, -15.72999], [-56.04692, -15.73026], [-56.04665, -15.72999], [-56.04585, -15.73026], [-56.04558, -15.72999], [-56.04315, -15.73242], [-56.04261, -15.73242], [-56.04126, -15.73134], [-56.04019, -15.72999], [-56.03776, -15.73188], [-56.03722, -15.73188], [-56.03641, -15.73242], [-56.03587, -15.73323], [-56.03426, -15.73458], [-56.03345, -15.73458], [-56.03237, -15.73538], [-56.03156, -15.73538], [-56.03021, -15.73646], [-56.0286, -15.73592], [-56.02725, -15.73646], [-56.02671, -15.73565], [-56.02563, -15.73592], [-56.02483, -15.737], [-56.02429, -15.737], [-56.02375, -15.73754], [-56.02456, -15.73997], [-56.02429, -15.74104], [-56.02536, -15.74212], [-56.02536, -15.74293], [-56.02509, -15.7432], [-56.02321, -15.74293], [-56.02267, -15.7432], [-56.02186, -15.74239], [-56.02105, -15.74266], [-56.01863, -15.74509], [-56.01701, -15.74455], [-56.01647, -15.74536], [-56.01539, -15.74536], [-56.01405, -15.74374], [-56.01351, -15.74374], [-56.0127, -15.74455], [-56.01135, -15.74374], [-56.01108, -15.74428], [-56.01054, -15.74428], [-56.01, -15.74482], [-56.01027, -15.74509], [-56.00731, -15.74805], [-56.0065, -15.74805], [-56.00515, -15.74967], [-56.00596, -15.75075], [-56.00488, -15.75209], [-56.00515, -15.75344], [-56.00461, -15.75452], [-56.00434, -15.75614], [-56.00354, -15.75694], [-56.00327, -15.75667], [-56.00219, -15.75667], [-56.00246, -15.75694], [-56.00246, -15.75775], [-56.00434, -15.76018], [-56.00488, -15.75991], [-56.00623, -15.75991], [-56.00731, -15.76072], [-56.00785, -15.76153], [-56.00946, -15.76126], [-56.00973, -15.76153], [-56.01054, -15.76072], [-56.01162, -15.76126], [-56.01216, -15.76072], [-56.01297, -15.7618], [-56.01378, -15.76233], [-56.01431, -15.76233], [-56.01566, -15.76395], [-56.01539, -15.76449], [-56.01485, -15.76449], [-56.01512, -15.76503], [-56.01216, -15.76799], [-56.01054, -15.76853], [-56.00839, -15.77015], [-56.0065, -15.77231], [-56.00704, -15.77311], [-56.0065, -15.77365], [-56.00839, -15.77177], [-56.00946, -15.77284], [-56.00946, -15.77338], [-56.01189, -15.77581], [-56.01243, -15.77527], [-56.01297, -15.77527], [-56.01378, -15.77608], [-56.01405, -15.77689], [-56.01485, -15.77635], [-56.01755, -15.77635], [-56.0189, -15.77716], [-56.01997, -15.77608], [-56.01997, -15.77554], [-56.02078, -15.775], [-56.02132, -15.77392], [-56.02132, -15.77311], [-56.02105, -15.77284], [-56.02213, -15.77204], [-56.02186, -15.7715], [-56.02348, -15.76961], [-56.02294, -15.76907], [-56.02375, -15.76826], [-56.02752, -15.76638], [-56.02806, -15.76718], [-56.02995, -15.76799], [-56.03075, -15.76907], [-56.03129, -15.76934], [-56.03129, -15.76988], [-56.03237, -15.77096], [-56.03291, -15.77204], [-56.03722, -15.77392], [-56.03776, -15.77446], [-56.03911, -15.77392], [-56.03938, -15.77419], [-56.04019, -15.77392], [-56.04046, -15.77446], [-56.04099, -15.77473], [-56.04126, -15.77446], [-56.0418, -15.77473], [-56.04234, -15.77554], [-56.04423, -15.77392], [-56.04531, -15.77392], [-56.04558, -15.77419], [-56.04612, -15.77123], [-56.04773, -15.77015], [-56.048, -15.76853], [-56.04935, -15.76692], [-56.04935, -15.76665], [-56.04854, -15.76638], [-56.04908, -15.76584], [-56.04881, -15.76557], [-56.04908, -15.76476], [-56.04881, -15.76449], [-56.04881, -15.76287], [-56.04935, -15.76206], [-56.04935, -15.76072], [-56.04881, -15.75991], [-56.04989, -15.75829], [-56.05177, -15.75829], [-56.05231, -15.75856], [-56.05501, -15.76126], [-56.05663, -15.76072], [-56.05716, -15.76153], [-56.0577, -15.7618], [-56.05905, -15.7618], [-56.06228, -15.75856], [-56.06309, -15.75856], [-56.06336, -15.75829], [-56.06282, -15.75775], [-56.06336, -15.75694], [-56.06255, -15.75614], [-56.06282, -15.75587], [-56.06148, -15.75425], [-56.06175, -15.75398], [-56.0604, -15.75263], [-56.0604, -15.75209], [-56.06121, -15.75128], [-56.06121, -15.75021], [-56.06067, -15.7494], [-56.06067, -15.74832]]]]}}, {"type": "Feature", "properties": {"nome": "Afluente s/n do Córrego Ribeirão dos Cocais", "area": 8.77, "urb": 1.02, "pct_urb": 11.6, "lx": -56.3528, "ly": -15.78659}, "geometry": {"type": "MultiPolygon", "coordinates": [[[[-56.3873, -15.76934], [-56.38622, -15.76853], [-56.38568, -15.76853], [-56.3846, -15.76934], [-56.38433, -15.76907], [-56.38298, -15.77042], [-56.38217, -15.77042], [-56.38083, -15.7715], [-56.37921, -15.7715], [-56.3784, -15.77069], [-56.37705, -15.77177], [-56.37625, -15.77177], [-56.37598, -15.77311], [-56.37517, -15.77392], [-56.37463, -15.77365], [-56.37328, -15.77365], [-56.37274, -15.77392], [-56.3722, -15.77311], [-56.37166, -15.77365], [-56.37005, -15.77284], [-56.36708, -15.77473], [-56.36439, -15.77527], [-56.36277, -15.77635], [-56.36223, -15.77635], [-56.36142, -15.77581], [-56.36088, -15.77635], [-56.36062, -15.77608], [-56.36035, -15.77635], [-56.359, -15.77635], [-56.35765, -15.77743], [-56.35684, -15.77689], [-56.35603, -15.77689], [-56.35576, -15.77716], [-56.35334, -15.77527], [-56.3528, -15.77527], [-56.35253, -15.77608], [-56.35118, -15.77716], [-56.35064, -15.77662], [-56.35091, -15.77635], [-56.35011, -15.77635], [-56.34903, -15.77554], [-56.34903, -15.775], [-56.34795, -15.77392], [-56.34849, -15.77311], [-56.34849, -15.77231], [-56.34741, -15.77231], [-56.34687, -15.7715], [-56.3466, -15.77177], [-56.34579, -15.77177], [-56.34552, -15.77123], [-56.34498, -15.77096], [-56.34418, -15.77123], [-56.3431, -15.77015], [-56.34256, -15.77069], [-56.34175, -15.77069], [-56.34148, -15.77096], [-56.34148, -15.7715], [-56.33959, -15.77365], [-56.33798, -15.77338], [-56.33771, -15.77473], [-56.33744, -15.775], [-56.33663, -15.775], [-56.3369, -15.77527], [-56.33636, -15.77608], [-56.33447, -15.7777], [-56.33528, -15.77877], [-56.3369, -15.77904], [-56.33717, -15.77877], [-56.33744, -15.77904], [-56.33771, -15.7812], [-56.33906, -15.78201], [-56.33933, -15.78309], [-56.34094, -15.78389], [-56.34202, -15.78497], [-56.34229, -15.78686], [-56.34337, -15.78794], [-56.34283, -15.78874], [-56.34391, -15.78982], [-56.34391, -15.79198], [-56.34445, -15.79252], [-56.34472, -15.7936], [-56.34633, -15.79494], [-56.3466, -15.79467], [-56.34687, -15.79521], [-56.34768, -15.79521], [-56.34849, -15.79629], [-56.34876, -15.79602], [-56.35011, -15.79737], [-56.34984, -15.79764], [-56.34984, -15.79845], [-56.35145, -15.79925], [-56.35199, -15.79899], [-56.35307, -15.79764], [-56.35361, -15.79791], [-56.35469, -15.7971], [-56.35523, -15.79764], [-56.35523, -15.79872], [-56.35603, -15.79899], [-56.35603, -15.79818], [-56.35954, -15.7944], [-56.36008, -15.79413], [-56.35981, -15.79333], [-56.36088, -15.79225], [-56.36169, -15.79198], [-56.36547, -15.78821], [-56.36681, -15.78901], [-56.3687, -15.7874], [-56.36951, -15.78632], [-56.37005, -15.78659], [-56.3714, -15.78659], [-56.3722, -15.78578], [-56.37247, -15.78605], [-56.37328, -15.78578], [-56.37382, -15.78497], [-56.37409, -15.78524], [-56.37517, -15.78524], [-56.37517, -15.78416], [-56.37625, -15.78309], [-56.37598, -15.78282], [-56.37813, -15.78066], [-56.37813, -15.77985], [-56.38002, -15.77823], [-56.38083, -15.77877], [-56.3811, -15.7785], [-56.38137, -15.77877], [-56.38164, -15.77823], [-56.38217, -15.77796], [-56.38298, -15.77823], [-56.38298, -15.7777], [-56.38217, -15.77635], [-56.38325, -15.77527], [-56.38379, -15.77527], [-56.38514, -15.77392], [-56.38622, -15.77473], [-56.38649, -15.77446], [-56.38541, -15.77284], [-56.38514, -15.77177], [-56.38595, -15.77069], [-56.38676, -15.77042], [-56.38676, -15.76988], [-56.3873, -15.76934]]]]}}, {"type": "Feature", "properties": {"nome": "Microbacia sem nome", "area": 17.88, "urb": 2.49, "pct_urb": 13.9, "lx": -56.05689, "ly": -15.78551}, "geometry": {"type": "MultiPolygon", "coordinates": [[[[-56.06309, -15.75883], [-56.06228, -15.75883], [-56.05905, -15.76206], [-56.0577, -15.76206], [-56.05689, -15.76153], [-56.05663, -15.76099], [-56.05501, -15.76153], [-56.05177, -15.75856], [-56.04989, -15.75856], [-56.04908, -15.75991], [-56.04962, -15.76072], [-56.04962, -15.76206], [-56.04908, -15.76287], [-56.04935, -15.7653], [-56.04908, -15.76557], [-56.04935, -15.76584], [-56.04881, -15.76638], [-56.04935, -15.76638], [-56.04962, -15.76692], [-56.04827, -15.76853], [-56.048, -15.77015], [-56.04638, -15.77123], [-56.04585, -15.77419], [-56.04558, -15.77446], [-56.04531, -15.77419], [-56.04423, -15.77419], [-56.04234, -15.77581], [-56.0418, -15.775], [-56.04046, -15.77473], [-56.04019, -15.77419], [-56.03938, -15.77446], [-56.03911, -15.77419], [-56.03776, -15.77473], [-56.03722, -15.77419], [-56.03587, -15.77365], [-56.03453, -15.775], [-56.03372, -15.775], [-56.03129, -15.77716], [-56.03156, -15.77796], [-56.02941, -15.78012], [-56.02968, -15.78201], [-56.02725, -15.78416], [-56.02887, -15.78551], [-56.02968, -15.78524], [-56.03183, -15.78686], [-56.03318, -15.78686], [-56.03345, -15.78659], [-56.03507, -15.78713], [-56.03668, -15.78901], [-56.03722, -15.78928], [-56.03803, -15.78848], [-56.03857, -15.78901], [-56.0383, -15.78982], [-56.03938, -15.79198], [-56.03938, -15.79306], [-56.03992, -15.79386], [-56.04126, -15.79413], [-56.04342, -15.79602], [-56.04369, -15.79575], [-56.04477, -15.79575], [-56.04665, -15.79791], [-56.04746, -15.79791], [-56.048, -15.79845], [-56.048, -15.79899], [-56.04854, -15.79952], [-56.04881, -15.80195], [-56.04854, -15.80222], [-56.04881, -15.80276], [-56.04854, -15.80303], [-56.04773, -15.80303], [-56.048, -15.80491], [-56.04773, -15.80518], [-56.04854, -15.80572], [-56.04908, -15.80572], [-56.05016, -15.8068], [-56.04989, -15.80707], [-56.05043, -15.80761], [-56.05016, -15.80815], [-56.05258, -15.81057], [-56.05204, -15.81138], [-56.0542, -15.81354], [-56.05447, -15.81489], [-56.05878, -15.8103], [-56.05905, -15.80869], [-56.06175, -15.80572], [-56.06255, -15.80545], [-56.0639, -15.80384], [-56.06579, -15.80384], [-56.06633, -15.80438], [-56.06687, -15.80438], [-56.06767, -15.80384], [-56.06821, -15.80464], [-56.06929, -15.80464], [-56.0701, -15.80411], [-56.07118, -15.80438], [-56.07199, -15.80357], [-56.07333, -15.80491], [-56.07522, -15.8033], [-56.07603, -15.8033], [-56.07657, -15.80276], [-56.07711, -15.80276], [-56.07765, -15.80222], [-56.0763, -15.8006], [-56.07657, -15.79845], [-56.07549, -15.79683], [-56.07684, -15.79575], [-56.07845, -15.79575], [-56.07926, -15.79467], [-56.07926, -15.79386], [-56.07872, -15.79333], [-56.07872, -15.79279], [-56.07765, -15.79198], [-56.07765, -15.79144], [-56.07495, -15.78848], [-56.07522, -15.78821], [-56.07468, -15.78794], [-56.0736, -15.78497], [-56.07253, -15.78416], [-56.07253, -15.78309], [-56.07226, -15.78282], [-56.0728, -15.78201], [-56.07253, -15.78174], [-56.07333, -15.78093], [-56.07306, -15.78066], [-56.07306, -15.77958], [-56.07387, -15.77877], [-56.07306, -15.77796], [-56.07306, -15.77743], [-56.07468, -15.77608], [-56.07387, -15.77473], [-56.07387, -15.77392], [-56.07333, -15.77365], [-56.0736, -15.77257], [-56.07253, -15.77177], [-56.06794, -15.76638], [-56.06444, -15.76368], [-56.06444, -15.76287], [-56.06363, -15.76233], [-56.06363, -15.76072], [-56.06309, -15.75883]]]]}}, {"type": "Feature", "properties": {"nome": "Microbacia sem nome", "area": 19.8, "urb": 0.12, "pct_urb": 0.6, "lx": -56.32855, "ly": -15.80087}, "geometry": {"type": "MultiPolygon", "coordinates": [[[[-56.3245, -15.77608], [-56.32369, -15.77689], [-56.32289, -15.77689], [-56.32154, -15.77823], [-56.321, -15.77823], [-56.31965, -15.77958], [-56.31911, -15.77931], [-56.31884, -15.77823], [-56.31777, -15.77716], [-56.31723, -15.77716], [-56.31318, -15.78093], [-56.31103, -15.78335], [-56.30995, -15.78416], [-56.30941, -15.78416], [-56.30779, -15.78578], [-56.30779, -15.78632], [-56.30914, -15.78821], [-56.30752, -15.78955], [-56.30752, -15.79063], [-56.30887, -15.79117], [-56.30483, -15.79548], [-56.30429, -15.79494], [-56.30564, -15.79629], [-56.30672, -15.79602], [-56.30699, -15.79629], [-56.30806, -15.79629], [-56.30941, -15.7971], [-56.30968, -15.79818], [-56.30887, -15.79899], [-56.30914, -15.79952], [-56.3086, -15.80033], [-56.30914, -15.80087], [-56.30914, -15.80249], [-56.3113, -15.80491], [-56.31184, -15.80653], [-56.31157, -15.80734], [-56.31238, -15.80842], [-56.31184, -15.80896], [-56.31103, -15.80842], [-56.31049, -15.80896], [-56.30995, -15.81084], [-56.31076, -15.81219], [-56.30914, -15.81381], [-56.30914, -15.81435], [-56.3086, -15.81489], [-56.31265, -15.81893], [-56.31265, -15.81947], [-56.31372, -15.82028], [-56.3148, -15.81974], [-56.31642, -15.81947], [-56.31804, -15.82028], [-56.31884, -15.82108], [-56.31884, -15.82216], [-56.31777, -15.82351], [-56.31777, -15.82432], [-56.31804, -15.82459], [-56.3175, -15.82513], [-56.31884, -15.82674], [-56.31857, -15.82701], [-56.31857, -15.82998], [-56.31938, -15.83079], [-56.31992, -15.83079], [-56.321, -15.83213], [-56.32262, -15.8324], [-56.32316, -15.83294], [-56.32423, -15.83159], [-56.32558, -15.83213], [-56.32666, -15.83159], [-56.32774, -15.83159], [-56.32855, -15.83106], [-56.32935, -15.83159], [-56.33097, -15.82971], [-56.33178, -15.83025], [-56.33259, -15.83025], [-56.33313, -15.83079], [-56.3342, -15.82971], [-56.33501, -15.82971], [-56.3369, -15.82782], [-56.3369, -15.82701], [-56.33663, -15.82674], [-56.3369, -15.8262], [-56.33582, -15.8254], [-56.33555, -15.82486], [-56.3369, -15.82297], [-56.33771, -15.82297], [-56.33825, -15.82405], [-56.33906, -15.82432], [-56.33906, -15.82378], [-56.34256, -15.82054], [-56.34337, -15.82081], [-56.34445, -15.82189], [-56.34498, -15.82189], [-56.34472, -15.82162], [-56.34472, -15.82028], [-56.34391, -15.81947], [-56.34391, -15.81866], [-56.34337, -15.81812], [-56.34445, -15.81704], [-56.34391, -15.81623], [-56.34418, -15.81596], [-56.34391, -15.81542], [-56.34633, -15.813], [-56.34525, -15.81165], [-56.34472, -15.81165], [-56.34391, -15.81111], [-56.34391, -15.8103], [-56.34364, -15.81003], [-56.34445, -15.80896], [-56.34445, -15.80842], [-56.34525, -15.80788], [-56.34552, -15.80734], [-56.34606, -15.80734], [-56.34606, -15.80626], [-56.34633, -15.80599], [-56.34606, -15.80572], [-56.3466, -15.80491], [-56.34849, -15.80357], [-56.34849, -15.80249], [-56.34957, -15.80141], [-56.35011, -15.80168], [-56.35145, -15.80168], [-56.35172, -15.80087], [-56.35118, -15.79979], [-56.35145, -15.79952], [-56.35011, -15.79899], [-56.34957, -15.79845], [-56.34957, -15.79764], [-56.34984, -15.79737], [-56.34876, -15.79629], [-56.34849, -15.79656], [-56.34768, -15.79548], [-56.34687, -15.79548], [-56.3466, -15.79494], [-56.34633, -15.79521], [-56.34445, -15.7936], [-56.34418, -15.79252], [-56.34364, -15.79198], [-56.34364, -15.78982], [-56.34256, -15.78874], [-56.3431, -15.78794], [-56.34202, -15.78686], [-56.34175, -15.78497], [-56.34094, -15.78416], [-56.33933, -15.78335], [-56.33879, -15.78255], [-56.33879, -15.78201], [-56.33744, -15.7812], [-56.33717, -15.77904], [-56.3369, -15.77931], [-56.33528, -15.77904], [-56.3342, -15.7777], [-56.33394, -15.7777], [-56.3307, -15.78066], [-56.32989, -15.78093], [-56.32908, -15.78174], [-56.32881, -15.78147], [-56.32747, -15.78147], [-56.3245, -15.77877], [-56.32423, -15.77796], [-56.32477, -15.77716], [-56.32477, -15.77635], [-56.3245, -15.77608]]]]}}, {"type": "Feature", "properties": {"nome": "Afluente s/n do Rio Cuiabá", "area": 3.54, "urb": 0.26, "pct_urb": 7.3, "lx": -56.09894, "ly": -15.80518}, "geometry": {"type": "MultiPolygon", "coordinates": [[[[-56.08654, -15.80006], [-56.08681, -15.8006], [-56.08654, -15.80087], [-56.08654, -15.80222], [-56.086, -15.80276], [-56.08735, -15.80276], [-56.08789, -15.80249], [-56.08923, -15.80384], [-56.08896, -15.80518], [-56.08923, -15.80545], [-56.08923, -15.8068], [-56.08977, -15.80734], [-56.09139, -15.80761], [-56.0922, -15.80707], [-56.09462, -15.8095], [-56.09489, -15.8103], [-56.09651, -15.81138], [-56.09678, -15.81192], [-56.09759, -15.81111], [-56.09867, -15.81111], [-56.10028, -15.81273], [-56.10109, -15.81246], [-56.10271, -15.81354], [-56.10298, -15.81435], [-56.10271, -15.81462], [-56.10271, -15.81623], [-56.10352, -15.81623], [-56.10379, -15.81596], [-56.10406, -15.81623], [-56.1054, -15.81623], [-56.10621, -15.81677], [-56.10756, -15.8165], [-56.10729, -15.81569], [-56.10756, -15.81515], [-56.10891, -15.81435], [-56.10891, -15.81381], [-56.10945, -15.813], [-56.11025, -15.81327], [-56.11106, -15.81273], [-56.11106, -15.81219], [-56.1116, -15.81165], [-56.11214, -15.81246], [-56.11295, -15.813], [-56.11322, -15.81273], [-56.11322, -15.81192], [-56.1143, -15.81111], [-56.11511, -15.81192], [-56.1143, -15.81111], [-56.1143, -15.81003], [-56.11376, -15.80977], [-56.11322, -15.81003], [-56.11133, -15.80815], [-56.1116, -15.80761], [-56.10999, -15.80599], [-56.10918, -15.80653], [-56.10702, -15.80491], [-56.10621, -15.80464], [-56.1054, -15.80357], [-56.10567, -15.80303], [-56.10486, -15.80222], [-56.10433, -15.80276], [-56.10352, -15.80168], [-56.10352, -15.80114], [-56.10244, -15.80006], [-56.10163, -15.80033], [-56.10001, -15.79872], [-56.10001, -15.79764], [-56.09921, -15.79683], [-56.0984, -15.79656], [-56.09786, -15.79683], [-56.09678, -15.79602], [-56.09624, -15.79629], [-56.09516, -15.79521], [-56.0922, -15.79764], [-56.09058, -15.79629], [-56.08923, -15.79656], [-56.08735, -15.79845], [-56.08762, -15.79872], [-56.08654, -15.80006]]]]}}, {"type": "Feature", "properties": {"nome": "Microbacia sem nome", "area": 19.87, "urb": 7.41, "pct_urb": 37.3, "lx": -56.07926, "ly": -15.82108}, "geometry": {"type": "MultiPolygon", "coordinates": [[[[-56.07953, -15.79386], [-56.07926, -15.79521], [-56.07845, -15.79602], [-56.07684, -15.79602], [-56.07576, -15.79683], [-56.07684, -15.79845], [-56.07657, -15.8006], [-56.07792, -15.80222], [-56.07711, -15.80303], [-56.07657, -15.80303], [-56.07603, -15.80357], [-56.07522, -15.80357], [-56.07333, -15.80518], [-56.07199, -15.80384], [-56.07118, -15.80464], [-56.0701, -15.80438], [-56.06929, -15.80491], [-56.06821, -15.80491], [-56.06767, -15.80411], [-56.06687, -15.80464], [-56.06633, -15.80464], [-56.06579, -15.80411], [-56.0639, -15.80411], [-56.06255, -15.80572], [-56.06175, -15.80599], [-56.05932, -15.80869], [-56.05905, -15.8103], [-56.05447, -15.81515], [-56.05447, -15.81569], [-56.05528, -15.81677], [-56.05528, -15.81785], [-56.05555, -15.81812], [-56.05555, -15.81893], [-56.05474, -15.81974], [-56.05474, -15.82054], [-56.05528, -15.82135], [-56.05528, -15.82189], [-56.05609, -15.8227], [-56.05663, -15.8227], [-56.05743, -15.82324], [-56.0577, -15.82297], [-56.06175, -15.82674], [-56.06175, -15.82755], [-56.06121, -15.82863], [-56.06175, -15.82863], [-56.06633, -15.83321], [-56.06633, -15.83375], [-56.06741, -15.83483], [-56.06794, -15.83483], [-56.06875, -15.83564], [-56.07064, -15.83833], [-56.07172, -15.83806], [-56.07199, -15.83833], [-56.07306, -15.83833], [-56.07441, -15.83752], [-56.0763, -15.83887], [-56.07657, -15.8413], [-56.07819, -15.84264], [-56.07953, -15.84103], [-56.08142, -15.84103], [-56.08196, -15.84076], [-56.08384, -15.84264], [-56.08384, -15.84318], [-56.08654, -15.84561], [-56.08762, -15.84722], [-56.0895, -15.84938], [-56.08923, -15.85019], [-56.09058, -15.85154], [-56.09139, -15.85181], [-56.09139, -15.85288], [-56.09112, -15.85315], [-56.09139, -15.85396], [-56.09112, -15.85477], [-56.09193, -15.85639], [-56.09166, -15.8572], [-56.09355, -15.85908], [-56.09355, -15.86016], [-56.09409, -15.8607], [-56.09301, -15.86232], [-56.09193, -15.86259], [-56.0922, -15.86339], [-56.09166, -15.8642], [-56.09328, -15.86555], [-56.09382, -15.86555], [-56.09516, -15.86636], [-56.09651, -15.86771], [-56.09732, -15.86744], [-56.09867, -15.86636], [-56.09921, -15.86717], [-56.09921, -15.86851], [-56.10001, -15.86905], [-56.10028, -15.86851], [-56.10109, -15.86798], [-56.10163, -15.8669], [-56.10271, -15.86663], [-56.10271, -15.86582], [-56.10298, -15.86555], [-56.10271, -15.8642], [-56.10298, -15.86339], [-56.10217, -15.86232], [-56.10217, -15.86151], [-56.10109, -15.86151], [-56.10055, -15.86016], [-56.10136, -15.85908], [-56.10109, -15.85774], [-56.10217, -15.85666], [-56.10217, -15.85585], [-56.10244, -15.85558], [-56.10244, -15.85288], [-56.1019, -15.85288], [-56.10109, -15.85235], [-56.10082, -15.85073], [-56.10163, -15.84992], [-56.10163, -15.84911], [-56.10136, -15.84884], [-56.10271, -15.84722], [-56.10298, -15.84588], [-56.10271, -15.84561], [-56.10271, -15.8448], [-56.10217, -15.84426], [-56.1019, -15.84453], [-56.10055, -15.84453], [-56.09597, -15.84022], [-56.09759, -15.83833], [-56.09759, -15.83806], [-56.09705, -15.83779], [-56.09705, -15.83671], [-56.09759, -15.83618], [-56.09759, -15.83537], [-56.09705, -15.83429], [-56.09705, -15.83213], [-56.09732, -15.83186], [-56.09759, -15.82917], [-56.09786, -15.8289], [-56.09705, -15.8289], [-56.09678, -15.82863], [-56.09651, -15.82728], [-56.09705, -15.8262], [-56.09759, -15.8262], [-56.09813, -15.82567], [-56.09813, -15.82513], [-56.09705, -15.82432], [-56.09705, -15.8227], [-56.09678, -15.82243], [-56.09732, -15.82162], [-56.09813, -15.82108], [-56.09786, -15.82081], [-56.0984, -15.81893], [-56.09786, -15.81839], [-56.0984, -15.81704], [-56.09759, -15.81704], [-56.09705, -15.8165], [-56.09678, -15.81408], [-56.09705, -15.81381], [-56.09705, -15.81246], [-56.09651, -15.81165], [-56.09462, -15.8103], [-56.09435, -15.8095], [-56.0922, -15.80734], [-56.09112, -15.80788], [-56.09085, -15.80761], [-56.08977, -15.80761], [-56.08896, -15.8068], [-56.0887, -15.80464], [-56.08896, -15.80384], [-56.08789, -15.80276], [-56.08735, -15.80303], [-56.086, -15.80303], [-56.08573, -15.80276], [-56.08627, -15.80222], [-56.08627, -15.80087], [-56.08654, -15.80033], [-56.08627, -15.80006], [-56.08735, -15.79872], [-56.08708, -15.79845], [-56.08896, -15.79656], [-56.08896, -15.79575], [-56.0887, -15.79548], [-56.08762, -15.79656], [-56.08708, -15.79629], [-56.08465, -15.79872], [-56.08331, -15.79872], [-56.08169, -15.79737], [-56.08142, -15.79629], [-56.08034, -15.79521], [-56.08061, -15.79467], [-56.08034, -15.79413], [-56.07953, -15.79386]]]]}}, {"type": "Feature", "properties": {"nome": "Afluente s/n do Rio Cuiabá", "area": 17.35, "urb": 7.59, "pct_urb": 43.8, "lx": -56.06579, "ly": -15.851}, "geometry": {"type": "MultiPolygon", "coordinates": [[[[-56.05204, -15.82162], [-56.04827, -15.82513], [-56.04854, -15.82701], [-56.04665, -15.82917], [-56.04396, -15.8289], [-56.04153, -15.83159], [-56.04073, -15.83159], [-56.03992, -15.83267], [-56.03938, -15.83213], [-56.0383, -15.83213], [-56.03776, -15.83294], [-56.03803, -15.83321], [-56.0383, -15.83564], [-56.03884, -15.83618], [-56.03884, -15.83671], [-56.03803, -15.83725], [-56.03776, -15.83806], [-56.03695, -15.83887], [-56.03614, -15.83914], [-56.03587, -15.83968], [-56.03641, -15.83968], [-56.03668, -15.84022], [-56.03749, -15.84022], [-56.03857, -15.84157], [-56.03965, -15.8421], [-56.03992, -15.84345], [-56.04073, -15.84372], [-56.04234, -15.84561], [-56.04261, -15.84669], [-56.04207, -15.84722], [-56.04342, -15.84857], [-56.0445, -15.84884], [-56.04477, -15.84857], [-56.04612, -15.84857], [-56.04719, -15.84696], [-56.04935, -15.84911], [-56.05016, -15.84965], [-56.0507, -15.84938], [-56.05151, -15.84992], [-56.05151, -15.85073], [-56.0507, -15.85181], [-56.05097, -15.85235], [-56.0507, -15.85261], [-56.05124, -15.85342], [-56.05016, -15.85477], [-56.05097, -15.85531], [-56.05339, -15.85908], [-56.0542, -15.85908], [-56.05474, -15.85962], [-56.0542, -15.86043], [-56.0542, -15.86124], [-56.05528, -15.86339], [-56.05501, -15.8642], [-56.05528, -15.86501], [-56.05447, -15.86555], [-56.05339, -15.86474], [-56.05231, -15.86474], [-56.05097, -15.86393], [-56.05043, -15.86474], [-56.05043, -15.86555], [-56.05177, -15.86636], [-56.05285, -15.86798], [-56.05312, -15.86932], [-56.0542, -15.86986], [-56.05285, -15.87175], [-56.05204, -15.87175], [-56.05124, -15.87283], [-56.05043, -15.87283], [-56.05016, -15.87364], [-56.0507, -15.8739], [-56.05016, -15.87444], [-56.04854, -15.87471], [-56.048, -15.87552], [-56.04827, -15.87579], [-56.04827, -15.8766], [-56.04935, -15.87822], [-56.04908, -15.87849], [-56.04908, -15.87929], [-56.05231, -15.8828], [-56.05339, -15.8828], [-56.05528, -15.88145], [-56.05555, -15.88091], [-56.05528, -15.88064], [-56.05663, -15.87956], [-56.05716, -15.87768], [-56.05797, -15.87822], [-56.05663, -15.87687], [-56.05797, -15.87606], [-56.0577, -15.87552], [-56.0577, -15.8739], [-56.05797, -15.87364], [-56.05986, -15.87417], [-56.06121, -15.8731], [-56.06175, -15.8731], [-56.06202, -15.87175], [-56.06363, -15.8704], [-56.06498, -15.8704], [-56.06579, -15.86959], [-56.06606, -15.86986], [-56.06687, -15.86959], [-56.06741, -15.86986], [-56.06848, -15.86878], [-56.06902, -15.86905], [-56.06956, -15.86825], [-56.06956, -15.8669], [-56.06848, -15.86609], [-56.06848, -15.86528], [-56.06821, -15.86501], [-56.06902, -15.8642], [-56.07199, -15.86501], [-56.0736, -15.86339], [-56.07441, -15.86393], [-56.07468, -15.86366], [-56.07792, -15.86393], [-56.07872, -15.86366], [-56.07926, -15.86393], [-56.08061, -15.86259], [-56.08115, -15.86259], [-56.08196, -15.86178], [-56.08196, -15.85908], [-56.08223, -15.85881], [-56.08196, -15.85827], [-56.0825, -15.858], [-56.08277, -15.85827], [-56.08465, -15.85854], [-56.08465, -15.85774], [-56.08384, -15.85666], [-56.08492, -15.85531], [-56.08492, -15.8545], [-56.08438, -15.85396], [-56.08438, -15.85315], [-56.08735, -15.85046], [-56.08708, -15.85019], [-56.08708, -15.84884], [-56.08681, -15.8483], [-56.08735, -15.84696], [-56.08465, -15.84399], [-56.08357, -15.84318], [-56.08357, -15.84264], [-56.08196, -15.84103], [-56.08142, -15.8413], [-56.07953, -15.8413], [-56.07819, -15.84291], [-56.0763, -15.8413], [-56.07603, -15.83887], [-56.07549, -15.83833], [-56.07495, -15.83833], [-56.07441, -15.83779], [-56.07306, -15.8386], [-56.07145, -15.83833], [-56.07064, -15.8386], [-56.06794, -15.8351], [-56.06741, -15.8351], [-56.06606, -15.83375], [-56.06606, -15.83321], [-56.06175, -15.8289], [-56.06094, -15.82863], [-56.06148, -15.82755], [-56.06148, -15.82674], [-56.0577, -15.82324], [-56.05743, -15.82351], [-56.05555, -15.8227], [-56.0542, -15.82378], [-56.05339, -15.8227], [-56.05204, -15.82162]]]]}}, {"type": "Feature", "properties": {"nome": "Microbacia sem nome", "area": 14.58, "urb": 0.96, "pct_urb": 6.6, "lx": -56.02968, "ly": -15.85558}, "geometry": {"type": "MultiPolygon", "coordinates": [[[[-56.02348, -15.83968], [-56.02159, -15.84103], [-56.02105, -15.84264], [-56.02105, -15.84372], [-56.02051, -15.84453], [-56.02105, -15.84561], [-56.02078, -15.84588], [-56.02051, -15.84561], [-56.01917, -15.84696], [-56.01809, -15.84696], [-56.01782, -15.84938], [-56.01863, -15.85046], [-56.01809, -15.85127], [-56.01701, -15.85046], [-56.0162, -15.851], [-56.01485, -15.84992], [-56.01351, -15.84992], [-56.01324, -15.85019], [-56.01378, -15.85127], [-56.01351, -15.85154], [-56.01351, -15.85235], [-56.01431, -15.85342], [-56.01566, -15.85423], [-56.01566, -15.85477], [-56.01485, -15.85531], [-56.01351, -15.85774], [-56.01351, -15.85854], [-56.01405, -15.85962], [-56.01378, -15.85989], [-56.01405, -15.86016], [-56.01405, -15.86097], [-56.01458, -15.86151], [-56.01566, -15.86151], [-56.01674, -15.86313], [-56.01566, -15.86447], [-56.01485, -15.86447], [-56.01431, -15.86555], [-56.01351, -15.86636], [-56.01297, -15.86798], [-56.01378, -15.86905], [-56.01243, -15.87202], [-56.01297, -15.87283], [-56.01458, -15.87337], [-56.01485, -15.87444], [-56.01458, -15.87498], [-56.01539, -15.87606], [-56.01458, -15.87714], [-56.01485, -15.87903], [-56.01378, -15.87983], [-56.01458, -15.88118], [-56.01297, -15.88199], [-56.0127, -15.88495], [-56.01297, -15.88549], [-56.01351, -15.88549], [-56.01431, -15.88495], [-56.01512, -15.88495], [-56.01593, -15.88576], [-56.01647, -15.88576], [-56.01782, -15.88442], [-56.01997, -15.88657], [-56.01917, -15.88576], [-56.0197, -15.88522], [-56.0197, -15.88468], [-56.0189, -15.88415], [-56.01863, -15.88253], [-56.02132, -15.88037], [-56.02159, -15.87903], [-56.0224, -15.87822], [-56.02348, -15.87795], [-56.02429, -15.87903], [-56.02509, -15.87876], [-56.02563, -15.87795], [-56.02509, -15.87741], [-56.02509, -15.8766], [-56.02617, -15.87579], [-56.02617, -15.87417], [-56.02671, -15.8739], [-56.02833, -15.87471], [-56.02914, -15.87471], [-56.02995, -15.8739], [-56.03021, -15.87229], [-56.03102, -15.87175], [-56.03156, -15.87067], [-56.0321, -15.87067], [-56.03183, -15.86878], [-56.03237, -15.86825], [-56.03372, -15.86825], [-56.03372, -15.86771], [-56.03426, -15.86744], [-56.0348, -15.86663], [-56.0356, -15.86717], [-56.03507, -15.86851], [-56.03641, -15.86905], [-56.03641, -15.87013], [-56.03749, -15.87094], [-56.03803, -15.87067], [-56.0383, -15.87094], [-56.03803, -15.87175], [-56.03857, -15.87202], [-56.03992, -15.87202], [-56.04019, -15.87175], [-56.04073, -15.8731], [-56.04153, -15.87364], [-56.04207, -15.87364], [-56.04234, -15.87417], [-56.04369, -15.87417], [-56.04423, -15.87471], [-56.04396, -15.87552], [-56.04477, -15.87633], [-56.04477, -15.87687], [-56.04369, -15.87768], [-56.04315, -15.87741], [-56.04288, -15.87768], [-56.04396, -15.87876], [-56.04396, -15.87956], [-56.04423, -15.87983], [-56.04369, -15.88064], [-56.04423, -15.88226], [-56.0445, -15.88253], [-56.04585, -15.88091], [-56.04665, -15.88037], [-56.04746, -15.88037], [-56.04773, -15.88118], [-56.04908, -15.88253], [-56.05043, -15.88334], [-56.05151, -15.88226], [-56.04881, -15.87929], [-56.04881, -15.87849], [-56.04908, -15.87822], [-56.048, -15.8766], [-56.04773, -15.87525], [-56.04854, -15.87444], [-56.05016, -15.87417], [-56.05043, -15.8739], [-56.04989, -15.87364], [-56.04989, -15.87337], [-56.05043, -15.87256], [-56.05124, -15.87256], [-56.05204, -15.87148], [-56.05285, -15.87148], [-56.05393, -15.86986], [-56.05285, -15.86932], [-56.05231, -15.86744], [-56.05124, -15.86609], [-56.0507, -15.86609], [-56.05016, -15.86555], [-56.05016, -15.86474], [-56.05097, -15.86366], [-56.05124, -15.86366], [-56.05231, -15.86447], [-56.05339, -15.86447], [-56.05447, -15.86528], [-56.05501, -15.86501], [-56.05474, -15.8642], [-56.05501, -15.86339], [-56.05393, -15.86124], [-56.05393, -15.86043], [-56.05447, -15.85962], [-56.0542, -15.85935], [-56.05339, -15.85935], [-56.05285, -15.85881], [-56.0507, -15.85531], [-56.04989, -15.85477], [-56.05097, -15.85342], [-56.05043, -15.85261], [-56.0507, -15.85235], [-56.05043, -15.85181], [-56.05124, -15.85073], [-56.05124, -15.84992], [-56.0507, -15.84965], [-56.05016, -15.84992], [-56.04935, -15.84938], [-56.04719, -15.84722], [-56.04692, -15.84803], [-56.04612, -15.84884], [-56.04396, -15.84911], [-56.04342, -15.84884], [-56.0418, -15.84722], [-56.04234, -15.84642], [-56.04153, -15.8448], [-56.03965, -15.84345], [-56.03938, -15.8421], [-56.03857, -15.84183], [-56.03749, -15.84049], [-56.03668, -15.84049], [-56.03641, -15.83995], [-56.03534, -15.83995], [-56.0348, -15.84049], [-56.03453, -15.84022], [-56.03237, -15.84264], [-56.03129, -15.84183], [-56.03021, -15.84237], [-56.02995, -15.8421], [-56.02806, -15.84183], [-56.02536, -15.83914], [-56.02429, -15.83968], [-56.02348, -15.83968]]]]}}, {"type": "Feature", "properties": {"nome": "Microbacia sem nome", "area": 18.48, "urb": 0.63, "pct_urb": 3.4, "lx": -55.16271, "ly": -15.5268}, "geometry": {"type": "MultiPolygon", "coordinates": [[[[-55.13684, -15.48017], [-55.13468, -15.48233], [-55.13415, -15.48233], [-55.13145, -15.48502], [-55.13064, -15.48502], [-55.13091, -15.4861], [-55.13145, -15.48664], [-55.13118, -15.48799], [-55.13172, -15.48853], [-55.13172, -15.48961], [-55.13199, -15.48988], [-55.13118, -15.49122], [-55.13226, -15.49257], [-55.13199, -15.49284], [-55.13334, -15.49446], [-55.14358, -15.5047], [-55.1425, -15.50578], [-55.14466, -15.5082], [-55.14573, -15.50847], [-55.14897, -15.51197], [-55.14897, -15.51278], [-55.1487, -15.51305], [-55.14897, -15.51386], [-55.1487, -15.51413], [-55.14897, -15.5144], [-55.1487, -15.51467], [-55.1487, -15.51602], [-55.14897, -15.51655], [-55.1487, -15.51682], [-55.14897, -15.51763], [-55.15005, -15.51871], [-55.14978, -15.51952], [-55.15112, -15.52087], [-55.14951, -15.52248], [-55.15032, -15.52329], [-55.15005, -15.52356], [-55.15058, -15.5241], [-55.15032, -15.52437], [-55.15058, -15.52464], [-55.14816, -15.52733], [-55.14843, -15.52814], [-55.14816, -15.52841], [-55.14951, -15.52976], [-55.14816, -15.53111], [-55.14897, -15.53192], [-55.1487, -15.53272], [-55.15058, -15.53434], [-55.15112, -15.53434], [-55.15274, -15.53596], [-55.15301, -15.53569], [-55.15355, -15.53596], [-55.15705, -15.53946], [-55.15813, -15.53946], [-55.15867, -15.54], [-55.15948, -15.54], [-55.16002, -15.54054], [-55.16083, -15.54054], [-55.16244, -15.54243], [-55.16325, -15.54243], [-55.16541, -15.54485], [-55.16648, -15.5435], [-55.16783, -15.54485], [-55.16756, -15.54539], [-55.17026, -15.5427], [-55.17026, -15.54216], [-55.16945, -15.54162], [-55.17376, -15.53731], [-55.17457, -15.53623], [-55.17403, -15.53569], [-55.17592, -15.5338], [-55.17726, -15.53192], [-55.17673, -15.53138], [-55.177, -15.53111], [-55.17673, -15.53057], [-55.177, -15.52976], [-55.17646, -15.52868], [-55.17646, -15.5276], [-55.17592, -15.5268], [-55.17592, -15.52599], [-55.17538, -15.52545], [-55.17565, -15.52437], [-55.17538, -15.5241], [-55.17538, -15.52302], [-55.17484, -15.52248], [-55.17511, -15.52221], [-55.17484, -15.52168], [-55.17511, -15.52141], [-55.17457, -15.5206], [-55.17457, -15.51952], [-55.17403, -15.51898], [-55.17403, -15.51817], [-55.17322, -15.51682], [-55.17295, -15.51467], [-55.17268, -15.5144], [-55.17322, -15.51359], [-55.17322, -15.51251], [-55.17349, -15.51224], [-55.17322, -15.51143], [-55.17403, -15.51036], [-55.1619, -15.49796], [-55.16244, -15.49661], [-55.16325, -15.4958], [-55.16379, -15.4958], [-55.16433, -15.495], [-55.16514, -15.49473], [-55.16541, -15.49392], [-55.16487, -15.49365], [-55.16514, -15.49338], [-55.16487, -15.49311], [-55.16487, -15.49149], [-55.16514, -15.49122], [-55.16487, -15.49068], [-55.16622, -15.48934], [-55.16541, -15.48826], [-55.16406, -15.48799], [-55.16325, -15.48718], [-55.16379, -15.48664], [-55.16244, -15.48664], [-55.16217, -15.4861], [-55.16163, -15.4861], [-55.16029, -15.48745], [-55.15948, -15.48745], [-55.15786, -15.48907], [-55.15678, -15.48826], [-55.15571, -15.48799], [-55.15436, -15.48664], [-55.15409, -15.48691], [-55.14735, -15.48017], [-55.13684, -15.48017]]]]}}, {"type": "Feature", "properties": {"nome": "Microbacia sem nome", "area": 18.57, "urb": 0.2, "pct_urb": 1.1, "lx": -55.12525, "ly": -15.50901}, "geometry": {"type": "MultiPolygon", "coordinates": [[[[-55.10073, -15.49203], [-55.09534, -15.49742], [-55.09615, -15.49931], [-55.09615, -15.50119], [-55.09561, -15.502], [-55.09534, -15.50416], [-55.09453, -15.50497], [-55.09453, -15.50604], [-55.09561, -15.50712], [-55.09588, -15.50847], [-55.09669, -15.50928], [-55.09669, -15.50982], [-55.09992, -15.51305], [-55.10154, -15.51278], [-55.10504, -15.51602], [-55.10612, -15.51655], [-55.10666, -15.51736], [-55.108, -15.51763], [-55.10935, -15.51898], [-55.10989, -15.51925], [-55.11232, -15.51925], [-55.11339, -15.52033], [-55.11366, -15.52006], [-55.1142, -15.52033], [-55.11905, -15.52464], [-55.12013, -15.52491], [-55.12202, -15.52653], [-55.12364, -15.52707], [-55.12417, -15.5276], [-55.12471, -15.5276], [-55.12687, -15.52976], [-55.12714, -15.52949], [-55.12795, -15.53003], [-55.12929, -15.52976], [-55.13037, -15.53084], [-55.13091, -15.53272], [-55.13495, -15.53704], [-55.13549, -15.53731], [-55.1398, -15.53353], [-55.14061, -15.53353], [-55.14142, -15.53272], [-55.14223, -15.53326], [-55.14358, -15.53246], [-55.14466, -15.53299], [-55.14546, -15.53299], [-55.14627, -15.53246], [-55.14708, -15.53299], [-55.14843, -15.53272], [-55.1487, -15.53299], [-55.14843, -15.53272], [-55.1487, -15.53192], [-55.14789, -15.53111], [-55.14924, -15.52976], [-55.14789, -15.52841], [-55.14816, -15.52814], [-55.14789, -15.52733], [-55.15032, -15.52464], [-55.15005, -15.52437], [-55.15032, -15.5241], [-55.14978, -15.52356], [-55.15005, -15.52329], [-55.14924, -15.52248], [-55.15085, -15.52087], [-55.14951, -15.51952], [-55.14978, -15.51871], [-55.1487, -15.51763], [-55.14843, -15.51682], [-55.1487, -15.51655], [-55.14843, -15.51602], [-55.14843, -15.51467], [-55.1487, -15.5144], [-55.14843, -15.51413], [-55.1487, -15.51359], [-55.14843, -15.51305], [-55.1487, -15.51278], [-55.1487, -15.51197], [-55.14573, -15.50874], [-55.14466, -15.50847], [-55.14223, -15.50578], [-55.14331, -15.5047], [-55.13172, -15.49284], [-55.13199, -15.49257], [-55.13091, -15.49122], [-55.13172, -15.49014], [-55.13145, -15.48853], [-55.13091, -15.48799], [-55.13118, -15.48664], [-55.13037, -15.48529], [-55.12633, -15.48934], [-55.12579, -15.48907], [-55.1231, -15.49176], [-55.12175, -15.49257], [-55.12013, -15.49257], [-55.11717, -15.49526], [-55.11582, -15.49688], [-55.11474, -15.49715], [-55.11259, -15.49607], [-55.11124, -15.49769], [-55.1107, -15.49985], [-55.10989, -15.50039], [-55.108, -15.49985], [-55.1072, -15.49904], [-55.10747, -15.4985], [-55.10693, -15.49715], [-55.10693, -15.49607], [-55.10639, -15.49553], [-55.10639, -15.49473], [-55.10612, -15.49446], [-55.10585, -15.49203], [-55.1045, -15.49041], [-55.10396, -15.49068], [-55.10342, -15.49014], [-55.10261, -15.49122], [-55.10208, -15.49122], [-55.10073, -15.49203]]]]}}, {"type": "Feature", "properties": {"nome": "Afluente s/n do Rio das Mortes", "area": 13.93, "urb": 5.65, "pct_urb": 40.5, "lx": -55.18858, "ly": -15.54701}, "geometry": {"type": "MultiPolygon", "coordinates": [[[[-55.22443, -15.52841], [-55.22119, -15.53165], [-55.21742, -15.52787], [-55.21472, -15.52814], [-55.21445, -15.52841], [-55.21176, -15.52841], [-55.21149, -15.52814], [-55.21014, -15.52895], [-55.20933, -15.52895], [-55.20799, -15.53003], [-55.20718, -15.53003], [-55.20691, -15.5303], [-55.20664, -15.53003], [-55.20556, -15.53084], [-55.20475, -15.5303], [-55.20394, -15.53057], [-55.20314, -15.53003], [-55.20152, -15.52976], [-55.20044, -15.52922], [-55.1999, -15.52949], [-55.19909, -15.52922], [-55.19721, -15.52787], [-55.19667, -15.52814], [-55.19478, -15.5268], [-55.19397, -15.52707], [-55.1937, -15.5268], [-55.19316, -15.5276], [-55.19182, -15.52841], [-55.19074, -15.52949], [-55.18993, -15.52976], [-55.18912, -15.53057], [-55.18777, -15.53057], [-55.18697, -15.53165], [-55.18562, -15.53219], [-55.18292, -15.53219], [-55.18265, -15.53246], [-55.18212, -15.53192], [-55.18104, -15.53299], [-55.18023, -15.53326], [-55.16783, -15.54539], [-55.1681, -15.54701], [-55.16864, -15.54782], [-55.16864, -15.54889], [-55.17026, -15.55024], [-55.17053, -15.55105], [-55.17161, -15.55213], [-55.17349, -15.55348], [-55.17349, -15.55401], [-55.17538, -15.55617], [-55.17511, -15.55644], [-55.17834, -15.56021], [-55.18212, -15.56399], [-55.18319, -15.56345], [-55.184, -15.56372], [-55.18427, -15.56345], [-55.18508, -15.56399], [-55.18643, -15.56399], [-55.18777, -15.56345], [-55.18885, -15.56426], [-55.18912, -15.56399], [-55.1902, -15.56506], [-55.19101, -15.56533], [-55.19532, -15.56129], [-55.19613, -15.56102], [-55.19667, -15.56021], [-55.19775, -15.5594], [-55.19882, -15.55914], [-55.20017, -15.55752], [-55.20017, -15.55698], [-55.20071, -15.55617], [-55.20448, -15.5524], [-55.20529, -15.55105], [-55.20502, -15.55024], [-55.20691, -15.54836], [-55.20664, -15.54809], [-55.21014, -15.54458], [-55.20987, -15.54431], [-55.21904, -15.53515], [-55.21958, -15.53407], [-55.21931, -15.53326], [-55.21958, -15.53299], [-55.22092, -15.53299], [-55.22065, -15.53246], [-55.22443, -15.52841]]]]}}, {"type": "Feature", "properties": {"nome": "Microbacia sem nome", "area": 6.46, "urb": 0.52, "pct_urb": 8.0, "lx": -55.12337, "ly": -15.53704}, "geometry": {"type": "MultiPolygon", "coordinates": [[[[-55.10774, -15.53515], [-55.10827, -15.53569], [-55.108, -15.53596], [-55.11124, -15.53946], [-55.11178, -15.53946], [-55.11393, -15.54162], [-55.11501, -15.54162], [-55.11636, -15.54243], [-55.1169, -15.54243], [-55.11825, -15.54377], [-55.11825, -15.54431], [-55.11851, -15.54404], [-55.11932, -15.54431], [-55.11986, -15.54404], [-55.1204, -15.54431], [-55.12417, -15.54809], [-55.12471, -15.55024], [-55.12579, -15.55078], [-55.12606, -15.55051], [-55.1266, -15.55105], [-55.12768, -15.55132], [-55.12849, -15.5524], [-55.1301, -15.55186], [-55.13199, -15.55267], [-55.13361, -15.55213], [-55.13711, -15.54836], [-55.13765, -15.54836], [-55.139, -15.54701], [-55.139, -15.54566], [-55.1398, -15.54404], [-55.14978, -15.5338], [-55.14843, -15.53299], [-55.14708, -15.53326], [-55.14627, -15.53272], [-55.14546, -15.53326], [-55.14466, -15.53326], [-55.14358, -15.53272], [-55.1425, -15.53353], [-55.14142, -15.53299], [-55.14061, -15.5338], [-55.1398, -15.5338], [-55.13549, -15.53758], [-55.13307, -15.53542], [-55.13064, -15.53272], [-55.1301, -15.53084], [-55.12929, -15.53003], [-55.12795, -15.5303], [-55.12714, -15.52976], [-55.12687, -15.53003], [-55.12471, -15.52787], [-55.12417, -15.52787], [-55.1231, -15.52707], [-55.12202, -15.5268], [-55.1204, -15.52545], [-55.11582, -15.52976], [-55.11474, -15.53003], [-55.11366, -15.53111], [-55.11097, -15.53165], [-55.10908, -15.53461], [-55.10854, -15.53515], [-55.108, -15.53488], [-55.10774, -15.53515]]]]}}, {"type": "Feature", "properties": {"nome": "Microbacia sem nome", "area": 3.21, "urb": 0.41, "pct_urb": 12.9, "lx": -55.15058, "ly": -15.54162}, "geometry": {"type": "MultiPolygon", "coordinates": [[[[-55.15678, -15.53946], [-55.15355, -15.53623], [-55.15301, -15.53596], [-55.15274, -15.53623], [-55.15112, -15.53461], [-55.15058, -15.53461], [-55.14978, -15.53407], [-55.14007, -15.54404], [-55.13927, -15.54566], [-55.13927, -15.54701], [-55.13765, -15.54862], [-55.13711, -15.54862], [-55.13361, -15.5524], [-55.13226, -15.55267], [-55.13172, -15.55455], [-55.13226, -15.55509], [-55.13307, -15.55509], [-55.13361, -15.55563], [-55.13495, -15.55563], [-55.13549, -15.55536], [-55.13576, -15.55563], [-55.13603, -15.55536], [-55.13657, -15.5559], [-55.13765, -15.5559], [-55.13927, -15.55509], [-55.1398, -15.55536], [-55.14061, -15.55509], [-55.14196, -15.55401], [-55.14304, -15.55428], [-55.14358, -15.55401], [-55.14466, -15.55455], [-55.14573, -15.55455], [-55.15436, -15.54593], [-55.1549, -15.54593], [-55.15544, -15.54404], [-55.15651, -15.54297], [-55.15678, -15.54189], [-55.15732, -15.54135], [-55.15678, -15.54054], [-55.15678, -15.53946]]]]}}, {"type": "Feature", "properties": {"nome": "Microbacia sem nome", "area": 2.47, "urb": 1.87, "pct_urb": 75.9, "lx": -55.16056, "ly": -15.54836}, "geometry": {"type": "MultiPolygon", "coordinates": [[[[-55.15813, -15.53973], [-55.15705, -15.53973], [-55.15705, -15.54054], [-55.15759, -15.54135], [-55.15678, -15.54243], [-55.15678, -15.54297], [-55.15571, -15.54404], [-55.15517, -15.54593], [-55.15463, -15.5462], [-55.1549, -15.54647], [-55.15436, -15.54701], [-55.1549, -15.54809], [-55.15166, -15.55159], [-55.15112, -15.55375], [-55.15193, -15.55455], [-55.15139, -15.55536], [-55.15193, -15.5559], [-55.15193, -15.55644], [-55.15301, -15.55752], [-55.15274, -15.55779], [-55.15382, -15.55914], [-55.15301, -15.56048], [-55.15382, -15.56156], [-55.15355, -15.5621], [-55.15436, -15.56129], [-55.15544, -15.56129], [-55.15624, -15.56075], [-55.15651, -15.56102], [-55.15732, -15.56048], [-55.15732, -15.55967], [-55.16514, -15.55186], [-55.16622, -15.55132], [-55.16837, -15.54862], [-55.16783, -15.5462], [-55.16729, -15.54539], [-55.16756, -15.54485], [-55.16648, -15.54377], [-55.16541, -15.54512], [-55.16325, -15.5427], [-55.16244, -15.5427], [-55.16083, -15.54081], [-55.16002, -15.54081], [-55.15948, -15.54027], [-55.15867, -15.54027], [-55.15813, -15.53973]]]]}}, {"type": "Feature", "properties": {"nome": "Microbacia sem nome", "area": 10.44, "urb": 3.69, "pct_urb": 35.3, "lx": -55.17969, "ly": -15.57746}, "geometry": {"type": "MultiPolygon", "coordinates": [[[[-55.17807, -15.56318], [-55.17457, -15.56641], [-55.17376, -15.56614], [-55.16487, -15.57504], [-55.16622, -15.57638], [-55.16622, -15.57746], [-55.16648, -15.57773], [-55.16595, -15.57854], [-55.16595, -15.57962], [-55.16541, -15.58016], [-55.17107, -15.58582], [-55.17161, -15.58662], [-55.17134, -15.58689], [-55.17268, -15.58824], [-55.17241, -15.58851], [-55.17295, -15.58959], [-55.17295, -15.5904], [-55.17349, -15.59094], [-55.17349, -15.59174], [-55.17484, -15.59309], [-55.17457, -15.59363], [-55.17646, -15.59606], [-55.17646, -15.59659], [-55.177, -15.5974], [-55.17673, -15.59767], [-55.17753, -15.59848], [-55.17753, -15.59929], [-55.17834, -15.60037], [-55.17807, -15.60064], [-55.17915, -15.60198], [-55.17888, -15.60225], [-55.17969, -15.60306], [-55.17996, -15.60387], [-55.17942, -15.60468], [-55.17996, -15.60522], [-55.1805, -15.60657], [-55.18292, -15.60899], [-55.18292, -15.61142], [-55.18212, -15.61223], [-55.18212, -15.61276], [-55.18319, -15.61411], [-55.18346, -15.61546], [-55.18508, -15.61735], [-55.18427, -15.61869], [-55.19047, -15.62516], [-55.1902, -15.62489], [-55.1902, -15.62408], [-55.19074, -15.62327], [-55.1902, -15.62274], [-55.1902, -15.62193], [-55.19047, -15.62166], [-55.19047, -15.62031], [-55.18912, -15.61896], [-55.18993, -15.61708], [-55.18993, -15.61654], [-55.18912, -15.61573], [-55.18993, -15.61492], [-55.18912, -15.61357], [-55.18966, -15.61169], [-55.18885, -15.61034], [-55.18912, -15.60899], [-55.18885, -15.60872], [-55.18885, -15.60764], [-55.18777, -15.60576], [-55.18804, -15.60495], [-55.18777, -15.60468], [-55.18777, -15.6036], [-55.18831, -15.60306], [-55.18804, -15.60225], [-55.18858, -15.60172], [-55.18858, -15.6001], [-55.18885, -15.59983], [-55.18858, -15.59875], [-55.18912, -15.59713], [-55.18885, -15.59686], [-55.18912, -15.59659], [-55.18885, -15.59633], [-55.18885, -15.59498], [-55.18939, -15.59417], [-55.18939, -15.59336], [-55.19047, -15.59282], [-55.18966, -15.59174], [-55.18966, -15.59094], [-55.18939, -15.59067], [-55.18939, -15.58986], [-55.18993, -15.58905], [-55.18966, -15.58824], [-55.1902, -15.58797], [-55.18939, -15.58716], [-55.18993, -15.58662], [-55.1902, -15.58231], [-55.19101, -15.58069], [-55.19074, -15.58016], [-55.19209, -15.57881], [-55.19236, -15.57827], [-55.19209, -15.578], [-55.19316, -15.57692], [-55.1937, -15.57504], [-55.1937, -15.57369], [-55.19316, -15.57288], [-55.19343, -15.57207], [-55.19316, -15.5718], [-55.19316, -15.57045], [-55.19263, -15.56911], [-55.19128, -15.56722], [-55.19128, -15.56668], [-55.19074, -15.56614], [-55.19074, -15.5656], [-55.18912, -15.56426], [-55.18885, -15.56453], [-55.18777, -15.56372], [-55.18643, -15.56426], [-55.18508, -15.56426], [-55.18427, -15.56372], [-55.18346, -15.56399], [-55.18319, -15.56372], [-55.18239, -15.56426], [-55.18104, -15.56399], [-55.18023, -15.56479], [-55.17807, -15.56318]]]]}}, {"type": "Feature", "properties": {"nome": "Afluente s/n do Rio das Mortes", "area": 17.43, "urb": 0.39, "pct_urb": 2.2, "lx": -55.20637, "ly": -15.59525}, "geometry": {"type": "MultiPolygon", "coordinates": [[[[-55.23062, -15.57827], [-55.22928, -15.57962], [-55.2247, -15.57504], [-55.22362, -15.57504], [-55.222, -15.57611], [-55.22065, -15.57746], [-55.21984, -15.57746], [-55.21877, -15.578], [-55.21742, -15.57746], [-55.21607, -15.57773], [-55.21526, -15.57719], [-55.21472, -15.57719], [-55.21338, -15.578], [-55.21311, -15.57854], [-55.21176, -15.57962], [-55.21068, -15.57908], [-55.21041, -15.57935], [-55.20906, -15.57935], [-55.20826, -15.57908], [-55.20745, -15.57827], [-55.20583, -15.57827], [-55.20529, -15.57773], [-55.20421, -15.57746], [-55.20287, -15.57665], [-55.20098, -15.57638], [-55.20071, -15.57611], [-55.20044, -15.57638], [-55.20017, -15.57611], [-55.19882, -15.57611], [-55.19829, -15.57638], [-55.19802, -15.57611], [-55.19694, -15.57611], [-55.1964, -15.57557], [-55.19478, -15.57557], [-55.19424, -15.5753], [-55.1937, -15.57557], [-55.19343, -15.57692], [-55.19236, -15.578], [-55.19263, -15.57827], [-55.19236, -15.57881], [-55.19101, -15.58016], [-55.19128, -15.58069], [-55.19047, -15.58231], [-55.1902, -15.58662], [-55.18966, -15.58716], [-55.19047, -15.58797], [-55.18993, -15.58824], [-55.1902, -15.58905], [-55.18966, -15.58986], [-55.18966, -15.59067], [-55.1902, -15.59228], [-55.19074, -15.59282], [-55.18966, -15.59336], [-55.18966, -15.59417], [-55.18912, -15.59498], [-55.18912, -15.59633], [-55.18939, -15.59659], [-55.18912, -15.59686], [-55.18939, -15.59713], [-55.18912, -15.5974], [-55.18885, -15.59929], [-55.18912, -15.59983], [-55.18885, -15.6001], [-55.18885, -15.60172], [-55.18831, -15.60225], [-55.18858, -15.60306], [-55.18804, -15.6036], [-55.18831, -15.60549], [-55.18804, -15.60576], [-55.18912, -15.60764], [-55.18939, -15.6098], [-55.18912, -15.61034], [-55.18993, -15.61169], [-55.18939, -15.61357], [-55.1902, -15.61492], [-55.18939, -15.61573], [-55.1902, -15.61654], [-55.1902, -15.61708], [-55.18939, -15.61896], [-55.19074, -15.62031], [-55.19047, -15.62274], [-55.19101, -15.62327], [-55.19047, -15.62408], [-55.19074, -15.62597], [-55.19047, -15.62651], [-55.19074, -15.62705], [-55.19047, -15.62759], [-55.19074, -15.62786], [-55.19047, -15.62813], [-55.19047, -15.62947], [-55.19101, -15.63082], [-55.18993, -15.63352], [-55.19613, -15.62732], [-55.19667, -15.62732], [-55.19802, -15.62597], [-55.19829, -15.62624], [-55.1999, -15.62462], [-55.20044, -15.62462], [-55.2026, -15.62327], [-55.20341, -15.62327], [-55.20368, -15.62301], [-55.20421, -15.62327], [-55.20448, -15.62301], [-55.20556, -15.62301], [-55.20637, -15.62327], [-55.20691, -15.62301], [-55.20772, -15.62166], [-55.20772, -15.62058], [-55.20853, -15.61977], [-55.20853, -15.61896], [-55.20987, -15.61735], [-55.20987, -15.61681], [-55.21365, -15.61303], [-55.21338, -15.61276], [-55.2158, -15.61061], [-55.2158, -15.60953], [-55.21607, -15.60926], [-55.21715, -15.60926], [-55.21877, -15.60711], [-55.21984, -15.60657], [-55.21984, -15.60576], [-55.21904, -15.60522], [-55.21904, -15.60468], [-55.22092, -15.60225], [-55.22281, -15.60064], [-55.22335, -15.59929], [-55.22443, -15.59875], [-55.2247, -15.59821], [-55.22389, -15.59686], [-55.22389, -15.59606], [-55.22416, -15.59579], [-55.22362, -15.59417], [-55.22362, -15.59282], [-55.2247, -15.59174], [-55.2255, -15.5904], [-55.22523, -15.58932], [-55.22658, -15.58797], [-55.22658, -15.58716], [-55.22604, -15.58635], [-55.22658, -15.58582], [-55.22631, -15.58555], [-55.22712, -15.58474], [-55.22685, -15.58366], [-55.22712, -15.58339], [-55.22658, -15.58204], [-55.23062, -15.57827]]]]}}]}