{"type": "FeatureCollection", "features": [{"type": "Feature", "properties": {"nome": "Cuiabá"}, "geometry": {"type": "MultiPolygon", "coordinates": [[[[-56.1459, -15.7697], [-56.1439, -15.7576], [-56.1421, -15.7555], [-56.1397, -15.755], [-56.1299, -15.7566], [-56.126, -15.7565], [-56.1244, -15.7557], [-56.1113, -15.7424], [-56.108, -15.7329], [-56.1069, -15.7283], [-56.1031, -15.7189], [-56.103, -15.7154], [-56.1038, -15.713], [-56.1086, -15.7049], [-56.1136, -15.6987], [-56.1136, -15.6947], [-56.1115, -15.6916], [-56.1045, -15.6868], [-56.1002, -15.6865], [-56.0908, -15.6868], [-56.0871, -15.6865], [-56.0807, -15.6853], [-56.0733, -15.6826], [-56.0708, -15.6797], [-56.0696, -15.6776], [-56.0695, -15.676], [-56.0714, -15.67], [-56.0717, -15.6634], [-56.07, -15.6514], [-56.0702, -15.6443], [-56.0717, -15.6427], [-56.0752, -15.6411], [-56.0779, -15.6388], [-56.0823, -15.6328], [-56.0867, -15.6289], [-56.0929, -15.6255], [-56.1042, -15.6159], [-56.1066, -15.6158], [-56.1119, -15.6192], [-56.121, -15.6279], [-56.1266, -15.6289], [-56.1298, -15.6281], [-56.1347, -15.6206], [-56.1378, -15.6118], [-56.1377, -15.6073], [-56.1386, -15.605], [-56.1415, -15.6021], [-56.1433, -15.5998], [-56.1439, -15.5982], [-56.144, -15.5917], [-56.1425, -15.5893], [-56.137, -15.5853], [-56.1344, -15.5818], [-56.1339, -15.5792], [-56.1346, -15.5778], [-56.1348, -15.5744], [-56.136, -15.5721], [-56.1385, -15.5695], [-56.141, -15.5657], [-56.1421, -15.5613], [-56.144, -15.5603], [-56.1469, -15.5601], [-56.1545, -15.5612], [-56.1603, -15.5602], [-56.1638, -15.5589], [-56.1683, -15.5534], [-56.1704, -15.5523], [-56.1724, -15.5501], [-56.1728, -15.5486], [-56.1725, -15.5469], [-56.1733, -15.5426], [-56.1719, -15.5389], [-56.1719, -15.5356], [-56.1734, -15.5338], [-56.1766, -15.5323], [-56.1815, -15.5294], [-56.1866, -15.5284], [-56.1895, -15.5268], [-56.19, -15.525], [-56.1919, -15.5247], [-56.193, -15.5232], [-56.1926, -15.5206], [-56.183, -15.5118], [-56.1831, -15.5099], [-56.1841, -15.5086], [-56.1901, -15.5057], [-56.1923, -15.5038], [-56.1972, -15.5014], [-56.1981, -15.5004], [-56.2008, -15.4987], [-56.2067, -15.4913], [-56.2103, -15.4875], [-56.2128, -15.4832], [-56.2174, -15.472], [-56.2189, -15.4705], [-56.2226, -15.4685], [-56.2246, -15.4679], [-56.2303, -15.4668], [-56.2367, -15.4662], [-56.2402, -15.4648], [-56.2451, -15.4603], [-56.2472, -15.4568], [-56.248, -15.4546], [-56.2487, -15.4507], [-56.2464, -15.4352], [-56.2452, -15.4314], [-56.2432, -15.428], [-56.2389, -15.4253], [-56.2357, -15.4215], [-56.2335, -15.4179], [-56.2325, -15.4155], [-56.2326, -15.4113], [-56.238, -15.4017], [-56.2388, -15.3991], [-56.2404, -15.3893], [-56.2404, -15.3846], [-56.2414, -15.3784], [-56.2416, -15.3723], [-56.2422, -15.3692], [-56.2432, -15.3665], [-56.2448, -15.3644], [-56.2469, -15.3624], [-56.2535, -15.3585], [-56.2595, -15.3559], [-56.2634, -15.3535], [-56.2712, -15.3464], [-56.2743, -15.3425], [-56.277, -15.3404], [-56.2787, -15.3401], [-56.2806, -15.3387], [-56.2809, -15.3373], [-56.2796, -15.3346], [-56.2797, -15.333], [-56.2835, -15.3267], [-56.2841, -15.325], [-56.2849, -15.3199], [-56.2859, -15.3168], [-56.2858, -15.3155], [-56.2849, -15.3131], [-56.2845, -15.3101], [-56.2832, -15.3081], [-56.2794, -15.304], [-56.2785, -15.3016], [-56.2789, -15.2966], [-56.278, -15.2924], [-56.2772, -15.2913], [-56.2769, -15.2891], [-56.278, -15.2863], [-56.282, -15.2818], [-56.2829, -15.2796], [-56.2853, -15.2756], [-56.2853, -15.2746], [-56.2832, -15.2725], [-56.2828, -15.2711], [-56.2835, -15.2696], [-56.2849, -15.2683], [-56.2889, -15.2668], [-56.2964, -15.2611], [-56.2999, -15.2559], [-56.302, -15.2539], [-56.3017, -15.2501], [-56.301, -15.2481], [-56.3018, -15.2468], [-56.3003, -15.2456], [-56.2973, -15.2462], [-56.2959, -15.2437], [-56.2942, -15.244], [-56.2922, -15.2423], [-56.2921, -15.241], [-56.2904, -15.24], [-56.2895, -15.2382], [-56.2879, -15.2379], [-56.2872, -15.2359], [-56.2845, -15.234], [-56.2833, -15.2343], [-56.2819, -15.2337], [-56.2821, -15.2322], [-56.2801, -15.2315], [-56.2792, -15.2287], [-56.2779, -15.2278], [-56.2784, -15.2256], [-56.278, -15.2223], [-56.2782, -15.2206], [-56.279, -15.2186], [-56.2785, -15.2178], [-56.2771, -15.2183], [-56.2769, -15.217], [-56.2752, -15.2161], [-56.276, -15.2148], [-56.2753, -15.2139], [-56.2748, -15.2111], [-56.2753, -15.2102], [-56.2716, -15.2073], [-56.2703, -15.2069], [-56.2692, -15.2058], [-56.2667, -15.205], [-56.2655, -15.2039], [-56.2662, -15.2005], [-56.2617, -15.1993], [-56.2592, -15.2017], [-56.2576, -15.2008], [-56.256, -15.2011], [-56.2546, -15.1999], [-56.2534, -15.2002], [-56.2527, -15.2027], [-56.2496, -15.1993], [-56.2482, -15.1985], [-56.2455, -15.1962], [-56.244, -15.1954], [-56.2413, -15.1954], [-56.2402, -15.1976], [-56.2393, -15.1978], [-56.2375, -15.1966], [-56.2357, -15.1967], [-56.2339, -15.1953], [-56.2315, -15.194], [-56.2305, -15.1925], [-56.2294, -15.192], [-56.2246, -15.1916], [-56.2231, -15.1929], [-56.2214, -15.1925], [-56.2213, -15.1908], [-56.2199, -15.1899], [-56.2174, -15.1894], [-56.2169, -15.1878], [-56.2151, -15.1876], [-56.2144, -15.1867], [-56.214, -15.1847], [-56.2125, -15.1844], [-56.2118, -15.1823], [-56.2096, -15.1822], [-56.2056, -15.1801], [-56.2054, -15.1777], [-56.2036, -15.1756], [-56.2018, -15.1747], [-56.2, -15.1744], [-56.1979, -15.1753], [-56.1966, -15.1745], [-56.1967, -15.1732], [-56.1947, -15.1733], [-56.1938, -15.1727], [-56.1941, -15.1713], [-56.1927, -15.1702], [-56.1883, -15.1702], [-56.1862, -15.1698], [-56.1782, -15.1627], [-56.1755, -15.1612], [-56.1732, -15.1605], [-56.1703, -15.1568], [-56.169, -15.1564], [-56.1679, -15.1582], [-56.1652, -15.159], [-56.164, -15.158], [-56.165, -15.1566], [-56.1632, -15.154], [-56.1594, -15.1536], [-56.1597, -15.152], [-56.1576, -15.1527], [-56.1549, -15.1526], [-56.1547, -15.151], [-56.1526, -15.1484], [-56.1504, -15.1472], [-56.1502, -15.1453], [-56.1494, -15.1445], [-56.1469, -15.1433], [-56.1454, -15.1433], [-56.1423, -15.1419], [-56.1413, -15.1395], [-56.1396, -15.1388], [-56.1365, -15.1364], [-56.1325, -15.1352], [-56.1304, -15.1355], [-56.1293, -15.1346], [-56.1296, -15.1336], [-56.1272, -15.1319], [-56.126, -15.1304], [-56.1234, -15.1304], [-56.1217, -15.1267], [-56.1194, -15.1248], [-56.1168, -15.1188], [-56.1148, -15.117], [-56.1118, -15.1176], [-56.1098, -15.1175], [-56.1049, -15.1161], [-56.1016, -15.1144], [-56.1038, -15.1131], [-56.1052, -15.1133], [-56.108, -15.109], [-56.1114, -15.1064], [-56.1136, -15.1059], [-56.1165, -15.1069], [-56.1201, -15.1048], [-56.1206, -15.1037], [-56.13, -15.0963], [-56.1268, -15.0938], [-56.1219, -15.0911], [-56.1197, -15.0902], [-56.1168, -15.0904], [-56.1149, -15.0896], [-56.1126, -15.0865], [-56.1119, -15.0837], [-56.111, -15.0824], [-56.1091, -15.0818], [-56.1071, -15.0824], [-56.1039, -15.0845], [-56.1001, -15.0853], [-56.0985, -15.085], [-56.0909, -15.0874], [-56.0831, -15.0853], [-56.0794, -15.0829], [-56.0726, -15.0809], [-56.0708, -15.0823], [-56.0708, -15.0849], [-56.0686, -15.0863], [-56.0672, -15.0854], [-56.0562, -15.0845], [-56.0492, -15.088], [-56.0458, -15.089], [-56.0441, -15.0891], [-56.0408, -15.0887], [-56.0397, -15.0893], [-56.0402, -15.0907], [-56.0381, -15.0922], [-56.0358, -15.0923], [-56.0334, -15.0918], [-56.0233, -15.0964], [-56.0188, -15.0945], [-56.018, -15.0945], [-56.0166, -15.0961], [-56.0129, -15.097], [-56.0057, -15.0971], [-55.9849, -15.0939], [-55.9814, -15.0939], [-55.974, -15.0926], [-55.972, -15.0921], [-55.9676, -15.0901], [-55.9621, -15.0881], [-55.9566, -15.0866], [-55.9517, -15.0859], [-55.9474, -15.0846], [-55.9434, -15.0842], [-55.941, -15.0829], [-55.9357, -15.0791], [-55.9325, -15.0764], [-55.9278, -15.0713], [-55.9255, -15.0703], [-55.9219, -15.0701], [-55.9206, -15.0705], [-55.9193, -15.072], [-55.9186, -15.074], [-55.9185, -15.077], [-55.9191, -15.0818], [-55.9205, -15.0888], [-55.9222, -15.0941], [-55.9227, -15.1028], [-55.9192, -15.1125], [-55.9179, -15.1208], [-55.9174, -15.1279], [-55.9155, -15.1402], [-55.9154, -15.1424], [-55.9172, -15.1452], [-55.9164, -15.1461], [-55.9162, -15.1478], [-55.9135, -15.1487], [-55.9129, -15.1494], [-55.9132, -15.1529], [-55.9107, -15.1565], [-55.9103, -15.1598], [-55.9109, -15.1615], [-55.913, -15.165], [-55.9122, -15.1669], [-55.9104, -15.1691], [-55.9079, -15.1711], [-55.9078, -15.1739], [-55.9068, -15.1755], [-55.9067, -15.1766], [-55.9087, -15.1793], [-55.9094, -15.1818], [-55.9115, -15.1851], [-55.9117, -15.1873], [-55.911, -15.1886], [-55.9098, -15.1893], [-55.9108, -15.1912], [-55.91, -15.192], [-55.908, -15.1911], [-55.9045, -15.1912], [-55.9019, -15.1932], [-55.9046, -15.2001], [-55.9066, -15.2043], [-55.9089, -15.2069], [-55.9111, -15.2075], [-55.9115, -15.212], [-55.9126, -15.2143], [-55.9137, -15.215], [-55.9142, -15.2135], [-55.919, -15.2211], [-55.9202, -15.2246], [-55.9213, -15.2266], [-55.9232, -15.228], [-55.9279, -15.2282], [-55.9288, -15.2295], [-55.9279, -15.2302], [-55.9284, -15.2318], [-55.9281, -15.233], [-55.928, -15.237], [-55.9291, -15.2383], [-55.9312, -15.2384], [-55.9314, -15.2392], [-55.9351, -15.2414], [-55.9365, -15.2435], [-55.9385, -15.2438], [-55.9402, -15.2455], [-55.9409, -15.244], [-55.9412, -15.2415], [-55.9438, -15.2415], [-55.9435, -15.2399], [-55.9449, -15.2397], [-55.9449, -15.2386], [-55.9427, -15.236], [-55.9436, -15.2351], [-55.9463, -15.2368], [-55.9462, -15.2346], [-55.9429, -15.2331], [-55.9402, -15.2313], [-55.9401, -15.2296], [-55.9391, -15.2284], [-55.9391, -15.227], [-55.9445, -15.2273], [-55.9459, -15.2267], [-55.9476, -15.2293], [-55.9462, -15.2303], [-55.9502, -15.2325], [-55.9523, -15.2354], [-55.9535, -15.2345], [-55.9568, -15.2349], [-55.9586, -15.2363], [-55.9606, -15.2363], [-55.9607, -15.2373], [-55.9622, -15.2376], [-55.9627, -15.2385], [-55.9646, -15.2384], [-55.9655, -15.2371], [-55.9673, -15.2386], [-55.9677, -15.242], [-55.9657, -15.2418], [-55.9648, -15.2425], [-55.9635, -15.2412], [-55.9621, -15.2416], [-55.962, -15.2436], [-55.9594, -15.2432], [-55.959, -15.2441], [-55.9616, -15.2468], [-55.9613, -15.2473], [-55.9575, -15.2477], [-55.9548, -15.2473], [-55.9542, -15.2491], [-55.9549, -15.2514], [-55.9542, -15.2526], [-55.9516, -15.2526], [-55.9521, -15.2545], [-55.953, -15.2556], [-55.9553, -15.2568], [-55.9558, -15.2578], [-55.9544, -15.2601], [-55.955, -15.2612], [-55.9539, -15.2622], [-55.9535, -15.2643], [-55.9556, -15.2674], [-55.955, -15.2692], [-55.9521, -15.2684], [-55.9512, -15.2672], [-55.95, -15.2666], [-55.9471, -15.267], [-55.9463, -15.2681], [-55.9485, -15.2709], [-55.9494, -15.2751], [-55.9464, -15.2744], [-55.9457, -15.2754], [-55.9468, -15.2772], [-55.9456, -15.2788], [-55.9445, -15.2788], [-55.9403, -15.2764], [-55.9376, -15.274], [-55.9359, -15.2734], [-55.9354, -15.2745], [-55.9339, -15.2748], [-55.9343, -15.2769], [-55.9326, -15.2779], [-55.9302, -15.2782], [-55.9293, -15.2808], [-55.9282, -15.2823], [-55.9266, -15.2831], [-55.9238, -15.2834], [-55.9232, -15.2818], [-55.9231, -15.2799], [-55.9211, -15.2775], [-55.9193, -15.2767], [-55.9173, -15.2771], [-55.9164, -15.2786], [-55.9148, -15.2783], [-55.9133, -15.2771], [-55.9101, -15.2766], [-55.9086, -15.2773], [-55.9085, -15.2789], [-55.9065, -15.279], [-55.9048, -15.2776], [-55.9019, -15.2762], [-55.8998, -15.2756], [-55.8975, -15.2743], [-55.8964, -15.2731], [-55.8948, -15.2741], [-55.8933, -15.2735], [-55.8916, -15.2736], [-55.8906, -15.2722], [-55.8886, -15.2722], [-55.8876, -15.2731], [-55.8873, -15.2747], [-55.8883, -15.2775], [-55.8883, -15.2793], [-55.887, -15.2798], [-55.8876, -15.2813], [-55.8841, -15.2803], [-55.8832, -15.281], [-55.8803, -15.2793], [-55.8789, -15.2803], [-55.8752, -15.2802], [-55.8751, -15.2815], [-55.8726, -15.2828], [-55.8733, -15.2847], [-55.8747, -15.286], [-55.8749, -15.2874], [-55.8738, -15.2877], [-55.8747, -15.2893], [-55.8729, -15.2908], [-55.8746, -15.2925], [-55.8713, -15.2927], [-55.8705, -15.2937], [-55.8691, -15.2935], [-55.8693, -15.2917], [-55.8671, -15.2897], [-55.8642, -15.2892], [-55.8645, -15.2905], [-55.8627, -15.2901], [-55.8609, -15.292], [-55.8581, -15.2914], [-55.8558, -15.2918], [-55.8563, -15.2934], [-55.8548, -15.294], [-55.8537, -15.2953], [-55.8564, -15.2966], [-55.8554, -15.2978], [-55.8565, -15.2984], [-55.8572, -15.3002], [-55.8552, -15.301], [-55.8524, -15.3014], [-55.8501, -15.2997], [-55.8448, -15.3006], [-55.8428, -15.3], [-55.8416, -15.3028], [-55.8395, -15.3033], [-55.8378, -15.3043], [-55.8351, -15.3033], [-55.8361, -15.308], [-55.8371, -15.309], [-55.8384, -15.3093], [-55.8393, -15.3104], [-55.8383, -15.3113], [-55.8353, -15.3111], [-55.8342, -15.3106], [-55.8332, -15.3118], [-55.8299, -15.313], [-55.83, -15.311], [-55.8267, -15.3109], [-55.8246, -15.3096], [-55.8225, -15.3104], [-55.8222, -15.3098], [-55.8196, -15.3088], [-55.8172, -15.309], [-55.8165, -15.3099], [-55.8187, -15.3114], [-55.8194, -15.3128], [-55.8198, -15.3163], [-55.8213, -15.3167], [-55.8223, -15.319], [-55.8246, -15.3201], [-55.828, -15.3253], [-55.8315, -15.3255], [-55.833, -15.3268], [-55.8351, -15.3271], [-55.8349, -15.3283], [-55.8335, -15.3293], [-55.8316, -15.3281], [-55.8304, -15.3289], [-55.8307, -15.333], [-55.8284, -15.333], [-55.8286, -15.3296], [-55.8278, -15.3288], [-55.8279, -15.3275], [-55.8262, -15.326], [-55.8247, -15.3266], [-55.8234, -15.3262], [-55.8222, -15.3235], [-55.8199, -15.3222], [-55.8196, -15.3242], [-55.8181, -15.3234], [-55.8156, -15.3229], [-55.8142, -15.3211], [-55.8107, -15.3211], [-55.8099, -15.3216], [-55.8101, -15.3242], [-55.8076, -15.3234], [-55.8068, -15.3227], [-55.8028, -15.3227], [-55.8029, -15.3242], [-55.804, -15.3258], [-55.803, -15.3275], [-55.801, -15.327], [-55.8009, -15.3291], [-55.8027, -15.3304], [-55.8026, -15.3315], [-55.8039, -15.332], [-55.8007, -15.3336], [-55.7996, -15.3361], [-55.7998, -15.3377], [-55.801, -15.3373], [-55.802, -15.3379], [-55.8039, -15.337], [-55.8046, -15.3358], [-55.808, -15.3353], [-55.8075, -15.3374], [-55.8066, -15.3378], [-55.806, -15.3397], [-55.8064, -15.342], [-55.8098, -15.3412], [-55.8126, -15.3415], [-55.8093, -15.3434], [-55.8066, -15.3478], [-55.8062, -15.3494], [-55.8073, -15.3502], [-55.8105, -15.3507], [-55.8113, -15.3515], [-55.8104, -15.3549], [-55.8117, -15.3566], [-55.8146, -15.3566], [-55.8131, -15.358], [-55.8138, -15.3594], [-55.8159, -15.3594], [-55.8191, -15.3601], [-55.8208, -15.3622], [-55.8227, -15.3614], [-55.8245, -15.3619], [-55.8238, -15.3642], [-55.826, -15.3671], [-55.829, -15.3644], [-55.8309, -15.3634], [-55.8321, -15.3622], [-55.8332, -15.3621], [-55.8355, -15.364], [-55.8384, -15.3645], [-55.8392, -15.3666], [-55.8429, -15.3684], [-55.8467, -15.3676], [-55.8479, -15.3679], [-55.8498, -15.3719], [-55.849, -15.3729], [-55.8484, -15.3776], [-55.8478, -15.3786], [-55.8426, -15.3826], [-55.8399, -15.3826], [-55.8391, -15.3842], [-55.84, -15.3847], [-55.8414, -15.3875], [-55.8449, -15.3908], [-55.8461, -15.393], [-55.848, -15.3949], [-55.8486, -15.3965], [-55.8482, -15.3991], [-55.8475, -15.401], [-55.8466, -15.4014], [-55.8443, -15.4013], [-55.8413, -15.4018], [-55.8371, -15.4043], [-55.834, -15.404], [-55.8325, -15.4046], [-55.831, -15.4072], [-55.8321, -15.4087], [-55.834, -15.4084], [-55.8369, -15.4096], [-55.8383, -15.411], [-55.8391, -15.4109], [-55.84, -15.4088], [-55.8416, -15.408], [-55.8437, -15.4099], [-55.8435, -15.4121], [-55.8444, -15.414], [-55.846, -15.414], [-55.848, -15.4148], [-55.8499, -15.4172], [-55.8515, -15.4173], [-55.8529, -15.4182], [-55.8556, -15.4188], [-55.8578, -15.4187], [-55.8554, -15.4166], [-55.8519, -15.415], [-55.8514, -15.4134], [-55.8492, -15.413], [-55.8487, -15.4116], [-55.8535, -15.409], [-55.8568, -15.406], [-55.8585, -15.4069], [-55.8586, -15.4107], [-55.8595, -15.4135], [-55.8609, -15.4145], [-55.8632, -15.4147], [-55.8663, -15.4137], [-55.8675, -15.4143], [-55.8689, -15.4168], [-55.8707, -15.4188], [-55.872, -15.4192], [-55.873, -15.4177], [-55.8747, -15.4186], [-55.8773, -15.4206], [-55.8774, -15.4213], [-55.8744, -15.4233], [-55.8733, -15.4245], [-55.8706, -15.4223], [-55.8681, -15.4216], [-55.8656, -15.4229], [-55.8652, -15.4247], [-55.8628, -15.4277], [-55.8615, -15.4286], [-55.8633, -15.432], [-55.8629, -15.4342], [-55.8586, -15.4374], [-55.8571, -15.4396], [-55.8566, -15.4413], [-55.8569, -15.444], [-55.8565, -15.4449], [-55.8518, -15.447], [-55.8493, -15.4473], [-55.8473, -15.45], [-55.8432, -15.4506], [-55.8429, -15.4511], [-55.845, -15.4534], [-55.8457, -15.4554], [-55.8452, -15.4572], [-55.8432, -15.4589], [-55.842, -15.4594], [-55.841, -15.4609], [-55.8409, -15.4623], [-55.8386, -15.4629], [-55.8351, -15.462], [-55.8332, -15.4627], [-55.8315, -15.4658], [-55.8314, -15.4726], [-55.829, -15.4739], [-55.8292, -15.4751], [-55.8286, -15.4778], [-55.8268, -15.4775], [-55.8227, -15.4781], [-55.8217, -15.4804], [-55.819, -15.4815], [-55.818, -15.4832], [-55.8156, -15.4828], [-55.8134, -15.4833], [-55.8112, -15.4843], [-55.8084, -15.4837], [-55.8068, -15.4838], [-55.8046, -15.483], [-55.8041, -15.4824], [-55.8043, -15.4805], [-55.8029, -15.4771], [-55.8006, -15.4756], [-55.7979, -15.4756], [-55.7923, -15.4784], [-55.7889, -15.4781], [-55.7865, -15.4787], [-55.786, -15.4794], [-55.783, -15.4804], [-55.782, -15.4825], [-55.7811, -15.4828], [-55.7783, -15.4818], [-55.7744, -15.4825], [-55.7722, -15.4846], [-55.7712, -15.4838], [-55.7707, -15.482], [-55.7697, -15.4806], [-55.7698, -15.4783], [-55.769, -15.4764], [-55.7677, -15.4753], [-55.764, -15.4766], [-55.7638, -15.4774], [-55.7612, -15.479], [-55.7608, -15.4799], [-55.7592, -15.4806], [-55.7564, -15.4799], [-55.7517, -15.483], [-55.7488, -15.4826], [-55.7467, -15.4836], [-55.7464, -15.4844], [-55.7435, -15.4857], [-55.742, -15.4871], [-55.7403, -15.4861], [-55.7384, -15.4871], [-55.7355, -15.4867], [-55.7332, -15.4868], [-55.7319, -15.4877], [-55.7258, -15.4871], [-55.7198, -15.4854], [-55.7156, -15.4854], [-55.709, -15.4839], [-55.7079, -15.4815], [-55.7067, -15.4804], [-55.7037, -15.4812], [-55.701, -15.4807], [-55.6986, -15.481], [-55.6972, -15.4804], [-55.6946, -15.4808], [-55.6915, -15.4803], [-55.6866, -15.4815], [-55.6853, -15.481], [-55.6827, -15.4809], [-55.6812, -15.4825], [-55.6784, -15.4842], [-55.6778, -15.4864], [-55.6753, -15.4887], [-55.6744, -15.491], [-55.6729, -15.4891], [-55.6716, -15.4884], [-55.6705, -15.4829], [-55.6689, -15.4821], [-55.6682, -15.4846], [-55.6675, -15.4856], [-55.6655, -15.4867], [-55.6641, -15.4886], [-55.6632, -15.4886], [-55.6618, -15.4875], [-55.6595, -15.4846], [-55.6575, -15.4835], [-55.6548, -15.4842], [-55.6507, -15.482], [-55.6494, -15.4824], [-55.6479, -15.4836], [-55.6452, -15.4833], [-55.6351, -15.4843], [-55.6312, -15.4876], [-55.6299, -15.4927], [-55.6288, -15.4929], [-55.627, -15.4923], [-55.6257, -15.4926], [-55.6259, -15.4948], [-55.6285, -15.4977], [-55.629, -15.4993], [-55.6284, -15.5008], [-55.6274, -15.5011], [-55.624, -15.4987], [-55.622, -15.4986], [-55.6198, -15.4976], [-55.6173, -15.497], [-55.6154, -15.4958], [-55.6148, -15.4946], [-55.6094, -15.4911], [-55.6084, -15.4897], [-55.606, -15.4906], [-55.6054, -15.4923], [-55.6062, -15.4938], [-55.6084, -15.4951], [-55.6092, -15.497], [-55.6103, -15.4983], [-55.6094, -15.4991], [-55.6098, -15.5011], [-55.6098, -15.5047], [-55.6113, -15.5097], [-55.6095, -15.5108], [-55.6061, -15.5083], [-55.6045, -15.5081], [-55.6018, -15.5061], [-55.6004, -15.5041], [-55.5984, -15.5024], [-55.5961, -15.503], [-55.5963, -15.5059], [-55.5988, -15.5074], [-55.6012, -15.5097], [-55.6021, -15.5114], [-55.6009, -15.5117], [-55.597, -15.5105], [-55.5945, -15.5103], [-55.5934, -15.5119], [-55.5932, -15.5137], [-55.5965, -15.5197], [-55.5999, -15.5236], [-55.5998, -15.5252], [-55.6005, -15.5264], [-55.6002, -15.528], [-55.5984, -15.5283], [-55.5949, -15.5263], [-55.5927, -15.5259], [-55.5914, -15.5266], [-55.5908, -15.529], [-55.5909, -15.5315], [-55.5901, -15.5329], [-55.5907, -15.5345], [-55.5903, -15.5361], [-55.5916, -15.5373], [-55.5913, -15.5402], [-55.5889, -15.54], [-55.587, -15.543], [-55.5887, -15.549], [-55.5899, -15.5507], [-55.5896, -15.552], [-55.5883, -15.5523], [-55.5807, -15.547], [-55.5722, -15.5416], [-55.5667, -15.5369], [-55.565, -15.5361], [-55.5636, -15.5366], [-55.5623, -15.5425], [-55.5628, -15.5439], [-55.5649, -15.5453], [-55.5665, -15.547], [-55.5675, -15.5496], [-55.57, -15.5505], [-55.5724, -15.5524], [-55.5744, -15.5558], [-55.578, -15.5579], [-55.5798, -15.5602], [-55.5798, -15.5612], [-55.5774, -15.5618], [-55.5748, -15.5618], [-55.5749, -15.5638], [-55.5737, -15.5637], [-55.5668, -15.5607], [-55.5649, -15.5608], [-55.5621, -15.5596], [-55.5584, -15.5589], [-55.5578, -15.5601], [-55.5667, -15.5671], [-55.5665, -15.5686], [-55.5712, -15.5751], [-55.5708, -15.5769], [-55.5665, -15.5805], [-55.5677, -15.5815], [-55.5668, -15.5826], [-55.564, -15.5819], [-55.5617, -15.5805], [-55.5604, -15.5786], [-55.5538, -15.5748], [-55.5503, -15.5733], [-55.547, -15.5699], [-55.5394, -15.5641], [-55.5382, -15.5639], [-55.5366, -15.5648], [-55.5364, -15.5682], [-55.538, -15.5713], [-55.5396, -15.5757], [-55.5394, -15.5773], [-55.5376, -15.5774], [-55.5349, -15.5767], [-55.5291, -15.5738], [-55.5275, -15.5719], [-55.5258, -15.5709], [-55.5245, -15.5712], [-55.5242, -15.5732], [-55.5248, -15.5767], [-55.5276, -15.5778], [-55.5303, -15.5797], [-55.5294, -15.5813], [-55.528, -15.5829], [-55.5296, -15.5835], [-55.5318, -15.5838], [-55.5337, -15.5852], [-55.5353, -15.587], [-55.5352, -15.5882], [-55.5278, -15.5881], [-55.5259, -15.5866], [-55.5216, -15.5844], [-55.5182, -15.5836], [-55.5165, -15.5828], [-55.5151, -15.5811], [-55.5129, -15.5816], [-55.5118, -15.5843], [-55.5091, -15.5855], [-55.5087, -15.5873], [-55.5095, -15.5881], [-55.5147, -15.5888], [-55.5165, -15.5896], [-55.5162, -15.5916], [-55.5189, -15.5939], [-55.5163, -15.5956], [-55.5175, -15.5964], [-55.5178, -15.5977], [-55.5169, -15.5987], [-55.5152, -15.5985], [-55.509, -15.5964], [-55.5035, -15.5932], [-55.4979, -15.5909], [-55.4965, -15.591], [-55.4954, -15.5917], [-55.4942, -15.5912], [-55.4925, -15.5893], [-55.4888, -15.589], [-55.4873, -15.5892], [-55.4868, -15.5908], [-55.488, -15.5918], [-55.4878, -15.5946], [-55.4887, -15.5963], [-55.4906, -15.598], [-55.4922, -15.6001], [-55.4945, -15.6017], [-55.498, -15.6034], [-55.499, -15.6052], [-55.5012, -15.6059], [-55.504, -15.6077], [-55.5052, -15.6099], [-55.5079, -15.611], [-55.5083, -15.6131], [-55.5097, -15.6131], [-55.5106, -15.614], [-55.5108, -15.6152], [-55.5097, -15.6181], [-55.5102, -15.619], [-55.5139, -15.6205], [-55.5168, -15.6203], [-55.515, -15.625], [-55.5105, -15.6253], [-55.5066, -15.6245], [-55.5032, -15.6244], [-55.502, -15.625], [-55.4905, -15.6204], [-55.4829, -15.619], [-55.4816, -15.6183], [-55.4798, -15.6165], [-55.4789, -15.6163], [-55.4765, -15.6169], [-55.4748, -15.6169], [-55.4707, -15.6187], [-55.4686, -15.6191], [-55.4677, -15.6181], [-55.4604, -15.618], [-55.4586, -15.6191], [-55.4583, -15.6213], [-55.457, -15.6226], [-55.4558, -15.6219], [-55.454, -15.6217], [-55.4519, -15.6233], [-55.4511, -15.6266], [-55.4491, -15.6308], [-55.4479, -15.6318], [-55.4314, -15.6292], [-55.4214, -15.6313], [-55.4066, -15.6293], [-55.3836, -15.6328], [-55.382, -15.6337], [-55.387, -15.6374], [-55.3904, -15.6385], [-55.3927, -15.6402], [-55.3954, -15.6411], [-55.3994, -15.6431], [-55.4042, -15.6436], [-55.4052, -15.6431], [-55.4071, -15.6443], [-55.4063, -15.6466], [-55.408, -15.6486], [-55.4088, -15.6501], [-55.4104, -15.6501], [-55.4116, -15.6494], [-55.4143, -15.6494], [-55.4174, -15.6519], [-55.4174, -15.6545], [-55.4206, -15.6575], [-55.4245, -15.6592], [-55.4235, -15.6602], [-55.4246, -15.6611], [-55.4254, -15.6628], [-55.4242, -15.6642], [-55.4228, -15.6652], [-55.4214, -15.6652], [-55.4205, -15.6664], [-55.4191, -15.6668], [-55.4185, -15.6679], [-55.4187, -15.6695], [-55.4178, -15.671], [-55.4178, -15.674], [-55.4174, -15.6753], [-55.4145, -15.6754], [-55.4147, -15.677], [-55.4142, -15.6782], [-55.4126, -15.6786], [-55.4094, -15.6775], [-55.4082, -15.6782], [-55.407, -15.677], [-55.4051, -15.6771], [-55.4045, -15.6781], [-55.4024, -15.6794], [-55.3992, -15.683], [-55.3974, -15.6858], [-55.3961, -15.6914], [-55.3968, -15.6924], [-55.4021, -15.6949], [-55.4058, -15.6972], [-55.4088, -15.7021], [-55.4143, -15.7054], [-55.4181, -15.7111], [-55.4205, -15.7138], [-55.421, -15.715], [-55.4207, -15.7213], [-55.4196, -15.7263], [-55.4179, -15.7298], [-55.4158, -15.7309], [-55.4129, -15.7337], [-55.412, -15.7376], [-55.4128, -15.7388], [-55.4156, -15.7405], [-55.4168, -15.7419], [-55.4203, -15.7447], [-55.4217, -15.747], [-55.4218, -15.7511], [-55.4212, -15.7541], [-55.4192, -15.7551], [-55.4171, -15.757], [-55.4154, -15.7579], [-55.4132, -15.7617], [-55.4101, -15.7633], [-55.404, -15.7672], [-55.3961, -15.7711], [-55.394, -15.7715], [-55.3897, -15.7712], [-55.3881, -15.7706], [-55.3862, -15.7705], [-55.4105, -15.8199], [-55.4095, -15.8203], [-55.3796, -15.8114], [-55.3769, -15.8112], [-55.3622, -15.8137], [-55.3142, -15.8414], [-55.3109, -15.8439], [-55.3093, -15.8455], [-55.3026, -15.8538], [-55.3024, -15.856], [-55.305, -15.8752], [-55.3094, -15.8879], [-55.3191, -15.8732], [-55.3277, -15.8814], [-55.3291, -15.8821], [-55.3338, -15.8818], [-55.3407, -15.8808], [-55.3427, -15.8799], [-55.3443, -15.8806], [-55.347, -15.8802], [-55.3493, -15.8805], [-55.3522, -15.8802], [-55.3568, -15.8804], [-55.3591, -15.8813], [-55.3653, -15.8826], [-55.3716, -15.8829], [-55.3731, -15.8833], [-55.375, -15.8832], [-55.3769, -15.8837], [-55.3795, -15.8829], [-55.3828, -15.883], [-55.3844, -15.8842], [-55.385, -15.8865], [-55.3848, -15.8877], [-55.386, -15.8896], [-55.386, -15.8919], [-55.3871, -15.8933], [-55.39, -15.8948], [-55.3909, -15.8979], [-55.3907, -15.8989], [-55.3892, -15.9008], [-55.3897, -15.9029], [-55.3921, -15.9049], [-55.3979, -15.9114], [-55.3992, -15.9114], [-55.4001, -15.9091], [-55.4011, -15.9083], [-55.4035, -15.908], [-55.4046, -15.9094], [-55.4066, -15.9103], [-55.4071, -15.913], [-55.4082, -15.9155], [-55.4077, -15.9177], [-55.4055, -15.9199], [-55.4056, -15.9211], [-55.4069, -15.9232], [-55.4071, -15.9246], [-55.4085, -15.9265], [-55.4105, -15.9255], [-55.4116, -15.9255], [-55.4137, -15.9274], [-55.4143, -15.9291], [-55.4163, -15.9301], [-55.4173, -15.9321], [-55.4184, -15.9322], [-55.4196, -15.9311], [-55.4216, -15.9316], [-55.4233, -15.934], [-55.4249, -15.9347], [-55.4266, -15.9344], [-55.4291, -15.9352], [-55.4301, -15.9342], [-55.4291, -15.9313], [-55.4299, -15.9306], [-55.4316, -15.9315], [-55.4333, -15.9313], [-55.4349, -15.9317], [-55.4347, -15.9327], [-55.4362, -15.9342], [-55.4359, -15.9358], [-55.4366, -15.9367], [-55.4339, -15.9381], [-55.433, -15.9394], [-55.4358, -15.9434], [-55.4383, -15.9446], [-55.4408, -15.9441], [-55.4458, -15.9458], [-55.4491, -15.9448], [-55.4516, -15.9466], [-55.4532, -15.9458], [-55.454, -15.9442], [-55.4557, -15.9433], [-55.455, -15.9399], [-55.4566, -15.9398], [-55.4567, -15.9417], [-55.4583, -15.9421], [-55.4593, -15.944], [-55.4608, -15.9446], [-55.4611, -15.9467], [-55.4592, -15.9468], [-55.4599, -15.95], [-55.4624, -15.948], [-55.4638, -15.9483], [-55.4641, -15.9501], [-55.4666, -15.9505], [-55.4683, -15.95], [-55.4679, -15.9521], [-55.4666, -15.9533], [-55.4666, -15.955], [-55.4674, -15.9558], [-55.4708, -15.9561], [-55.4711, -15.9575], [-55.4723, -15.9593], [-55.4741, -15.9609], [-55.4758, -15.9616], [-55.4774, -15.9639], [-55.4802, -15.9648], [-55.4824, -15.9675], [-55.4845, -15.9675], [-55.4846, -15.9692], [-55.4866, -15.9706], [-55.4891, -15.9704], [-55.4899, -15.9708], [-55.4886, -15.9725], [-55.4887, -15.975], [-55.4897, -15.9783], [-55.4914, -15.98], [-55.4924, -15.9828], [-55.4941, -15.9832], [-55.4949, -15.9842], [-55.4957, -15.9884], [-55.4979, -15.9892], [-55.4983, -15.9842], [-55.4978, -15.9825], [-55.4978, -15.9792], [-55.4991, -15.9795], [-55.5008, -15.982], [-55.502, -15.9825], [-55.5035, -15.9848], [-55.5056, -15.9869], [-55.5074, -15.9879], [-55.509, -15.9875], [-55.5104, -15.9854], [-55.5133, -15.9835], [-55.5149, -15.9836], [-55.5163, -15.9825], [-55.516, -15.9806], [-55.5147, -15.9792], [-55.516, -15.975], [-55.5127, -15.9725], [-55.5124, -15.9705], [-55.5108, -15.9695], [-55.5101, -15.9683], [-55.5073, -15.9682], [-55.5067, -15.9692], [-55.5051, -15.9675], [-55.506, -15.9669], [-55.5078, -15.9642], [-55.5076, -15.9633], [-55.506, -15.9631], [-55.5057, -15.9617], [-55.5067, -15.9608], [-55.5058, -15.9588], [-55.5049, -15.9583], [-55.5033, -15.9589], [-55.5022, -15.9581], [-55.5033, -15.9567], [-55.5028, -15.9542], [-55.4976, -15.9515], [-55.4955, -15.9519], [-55.4952, -15.95], [-55.4958, -15.9483], [-55.494, -15.946], [-55.4921, -15.945], [-55.4916, -15.9433], [-55.4902, -15.9431], [-55.4874, -15.944], [-55.4864, -15.9436], [-55.4874, -15.9416], [-55.489, -15.9408], [-55.489, -15.9392], [-55.4874, -15.9367], [-55.4846, -15.935], [-55.4846, -15.9333], [-55.4833, -15.9324], [-55.4816, -15.9331], [-55.481, -15.9325], [-55.4817, -15.9307], [-55.4816, -15.9283], [-55.4812, -15.9271], [-55.4799, -15.9262], [-55.4782, -15.9258], [-55.4795, -15.9233], [-55.4795, -15.9225], [-55.4782, -15.9201], [-55.4758, -15.918], [-55.473, -15.9133], [-55.4721, -15.9125], [-55.472, -15.9108], [-55.4726, -15.9092], [-55.4695, -15.9058], [-55.4696, -15.903], [-55.4726, -15.9017], [-55.4716, -15.9001], [-55.4728, -15.8983], [-55.4732, -15.8967], [-55.4743, -15.8956], [-55.4736, -15.8933], [-55.4742, -15.8908], [-55.4735, -15.8875], [-55.4741, -15.8858], [-55.4725, -15.8841], [-55.4691, -15.8823], [-55.4672, -15.8831], [-55.4666, -15.8849], [-55.4656, -15.8844], [-55.4645, -15.8825], [-55.4646, -15.8813], [-55.4664, -15.88], [-55.4658, -15.8786], [-55.4648, -15.8785], [-55.4633, -15.8772], [-55.4622, -15.8748], [-55.4633, -15.8742], [-55.4616, -15.8708], [-55.4627, -15.87], [-55.4637, -15.8712], [-55.4664, -15.8717], [-55.4683, -15.8725], [-55.4683, -15.8734], [-55.4665, -15.8742], [-55.4665, -15.8759], [-55.4697, -15.8777], [-55.474, -15.8784], [-55.4742, -15.88], [-55.4766, -15.8835], [-55.4783, -15.884], [-55.4809, -15.8825], [-55.4817, -15.8843], [-55.4815, -15.8868], [-55.4824, -15.8876], [-55.4841, -15.8874], [-55.4851, -15.8882], [-55.4838, -15.8892], [-55.4843, -15.8908], [-55.483, -15.8933], [-55.4829, -15.8958], [-55.4841, -15.8972], [-55.4858, -15.896], [-55.4874, -15.8958], [-55.4874, -15.8975], [-55.4853, -15.9008], [-55.4874, -15.9022], [-55.4893, -15.9018], [-55.4916, -15.9008], [-55.493, -15.9025], [-55.4932, -15.9041], [-55.4949, -15.9063], [-55.4966, -15.9068], [-55.4986, -15.9058], [-55.4983, -15.9041], [-55.4973, -15.9027], [-55.4961, -15.8992], [-55.4958, -15.8975], [-55.4963, -15.895], [-55.4974, -15.8943], [-55.4991, -15.8967], [-55.5012, -15.8979], [-55.5024, -15.9006], [-55.5038, -15.9008], [-55.5035, -15.8992], [-55.5023, -15.8977], [-55.5021, -15.8942], [-55.5041, -15.8945], [-55.5061, -15.8942], [-55.5063, -15.8933], [-55.505, -15.8916], [-55.5038, -15.8908], [-55.5041, -15.8859], [-55.507, -15.8867], [-55.5083, -15.8893], [-55.5102, -15.8886], [-55.511, -15.8869], [-55.5109, -15.8858], [-55.5141, -15.8842], [-55.5132, -15.8867], [-55.5143, -15.8883], [-55.5124, -15.8899], [-55.5123, -15.8917], [-55.5115, -15.8942], [-55.5142, -15.8958], [-55.5145, -15.8967], [-55.5134, -15.8983], [-55.5144, -15.8997], [-55.5144, -15.9008], [-55.5158, -15.9035], [-55.517, -15.905], [-55.5164, -15.9067], [-55.5183, -15.907], [-55.5202, -15.9058], [-55.5208, -15.9041], [-55.5224, -15.9027], [-55.5259, -15.9032], [-55.5274, -15.9029], [-55.5283, -15.9019], [-55.5316, -15.9033], [-55.5316, -15.9042], [-55.5332, -15.9076], [-55.5333, -15.9092], [-55.5327, -15.91], [-55.53, -15.9117], [-55.5312, -15.9138], [-55.5333, -15.9138], [-55.5362, -15.9108], [-55.5359, -15.9093], [-55.5401, -15.9085], [-55.5416, -15.9068], [-55.5435, -15.9077], [-55.5461, -15.91], [-55.5454, -15.9117], [-55.5455, -15.9136], [-55.5466, -15.9144], [-55.5474, -15.9158], [-55.5468, -15.9175], [-55.5483, -15.9198], [-55.5499, -15.9182], [-55.5511, -15.9183], [-55.5508, -15.9208], [-55.5533, -15.9217], [-55.5558, -15.921], [-55.5591, -15.9214], [-55.5608, -15.9201], [-55.5649, -15.9202], [-55.5674, -15.9206], [-55.5677, -15.9192], [-55.5673, -15.9158], [-55.5661, -15.9142], [-55.5657, -15.9108], [-55.5683, -15.9118], [-55.569, -15.9108], [-55.5691, -15.909], [-55.5699, -15.9082], [-55.5729, -15.9133], [-55.5741, -15.9142], [-55.5772, -15.9122], [-55.5776, -15.911], [-55.5811, -15.9092], [-55.5808, -15.9075], [-55.5814, -15.9065], [-55.5817, -15.9042], [-55.5799, -15.9026], [-55.5766, -15.903], [-55.5758, -15.9023], [-55.5741, -15.899], [-55.573, -15.8983], [-55.571, -15.8958], [-55.5722, -15.8933], [-55.5725, -15.8918], [-55.5722, -15.8883], [-55.57, -15.8867], [-55.5698, -15.8858], [-55.5711, -15.8842], [-55.5699, -15.8826], [-55.5682, -15.8824], [-55.5666, -15.8836], [-55.5641, -15.8846], [-55.5633, -15.8836], [-55.5633, -15.8815], [-55.5658, -15.8811], [-55.5673, -15.8792], [-55.5674, -15.8769], [-55.5691, -15.8773], [-55.5699, -15.8767], [-55.5703, -15.8745], [-55.5716, -15.8733], [-55.5719, -15.8714], [-55.5705, -15.8708], [-55.5695, -15.8696], [-55.5674, -15.8689], [-55.5649, -15.8705], [-55.5599, -15.8699], [-55.559, -15.8683], [-55.5601, -15.8667], [-55.5639, -15.8633], [-55.5616, -15.8618], [-55.5591, -15.8618], [-55.5568, -15.8644], [-55.5549, -15.8647], [-55.5536, -15.863], [-55.5499, -15.8617], [-55.5476, -15.8615], [-55.547, -15.8608], [-55.5486, -15.8592], [-55.5487, -15.8575], [-55.5516, -15.8564], [-55.555, -15.8558], [-55.5593, -15.8542], [-55.5596, -15.8533], [-55.5583, -15.8513], [-55.5564, -15.851], [-55.5546, -15.8495], [-55.554, -15.8483], [-55.5508, -15.8508], [-55.5483, -15.8514], [-55.5466, -15.8533], [-55.5458, -15.8534], [-55.5447, -15.8517], [-55.5433, -15.8517], [-55.542, -15.8529], [-55.5409, -15.8517], [-55.5417, -15.85], [-55.5421, -15.8467], [-55.5429, -15.845], [-55.546, -15.8419], [-55.5463, -15.8408], [-55.5449, -15.8391], [-55.5433, -15.8393], [-55.5425, -15.8375], [-55.5412, -15.8358], [-55.5458, -15.835], [-55.5475, -15.8333], [-55.5508, -15.8325], [-55.5555, -15.8297], [-55.5559, -15.8285], [-55.5532, -15.8276], [-55.5516, -15.826], [-55.5492, -15.825], [-55.5516, -15.8245], [-55.5535, -15.8235], [-55.5558, -15.8231], [-55.5573, -15.8217], [-55.5565, -15.82], [-55.5575, -15.8184], [-55.5562, -15.8133], [-55.5541, -15.8107], [-55.5549, -15.8099], [-55.5562, -15.8117], [-55.557, -15.8137], [-55.5616, -15.8178], [-55.5631, -15.8165], [-55.5654, -15.8179], [-55.5663, -15.8178], [-55.567, -15.8158], [-55.5663, -15.8142], [-55.5631, -15.8125], [-55.5626, -15.81], [-55.5649, -15.8085], [-55.5691, -15.8088], [-55.5733, -15.8079], [-55.5799, -15.8095], [-55.5806, -15.809], [-55.5822, -15.8058], [-55.5808, -15.8049], [-55.5774, -15.8061], [-55.5757, -15.8058], [-55.5747, -15.805], [-55.5707, -15.8041], [-55.5683, -15.8045], [-55.5649, -15.8043], [-55.5624, -15.806], [-55.5608, -15.8058], [-55.5596, -15.8067], [-55.5571, -15.8058], [-55.5574, -15.8043], [-55.5608, -15.8029], [-55.5641, -15.801], [-55.5674, -15.8002], [-55.5694, -15.7992], [-55.5698, -15.7982], [-55.5633, -15.7978], [-55.5602, -15.7981], [-55.559, -15.7975], [-55.5658, -15.7948], [-55.5676, -15.7933], [-55.5708, -15.7918], [-55.5749, -15.7924], [-55.5758, -15.7915], [-55.5726, -15.7906], [-55.5718, -15.7892], [-55.5722, -15.7867], [-55.5704, -15.7858], [-55.5698, -15.785], [-55.5702, -15.7825], [-55.5699, -15.7792], [-55.5708, -15.7775], [-55.5702, -15.7764], [-55.567, -15.7742], [-55.5677, -15.7725], [-55.5666, -15.7716], [-55.5649, -15.772], [-55.5633, -15.7716], [-55.5615, -15.7701], [-55.5583, -15.7683], [-55.5574, -15.7671], [-55.5557, -15.7667], [-55.5544, -15.7656], [-55.5514, -15.7648], [-55.5474, -15.7647], [-55.5474, -15.7659], [-55.5484, -15.7675], [-55.5485, -15.7692], [-55.5498, -15.7717], [-55.5491, -15.7719], [-55.5473, -15.7702], [-55.5457, -15.7675], [-55.5429, -15.7658], [-55.5427, -15.7633], [-55.5438, -15.7617], [-55.5436, -15.7608], [-55.5416, -15.7607], [-55.5399, -15.7628], [-55.5374, -15.7632], [-55.5359, -15.7608], [-55.5341, -15.759], [-55.5316, -15.7586], [-55.5299, -15.7577], [-55.5333, -15.7563], [-55.5364, -15.7568], [-55.5374, -15.7574], [-55.5408, -15.756], [-55.5415, -15.755], [-55.5391, -15.7503], [-55.5381, -15.75], [-55.5394, -15.745], [-55.5398, -15.7408], [-55.5389, -15.7392], [-55.5387, -15.7371], [-55.6191, -15.7374], [-55.6206, -15.7367], [-55.622, -15.7349], [-55.6226, -15.7328], [-55.6227, -15.7272], [-55.6233, -15.7241], [-55.625, -15.7202], [-55.627, -15.7183], [-55.6333, -15.7154], [-55.637, -15.7146], [-55.6414, -15.7144], [-55.6484, -15.7147], [-55.6509, -15.7151], [-55.6568, -15.7175], [-55.6708, -15.7268], [-55.6719, -15.7254], [-55.6793, -15.7203], [-55.6845, -15.7175], [-55.6975, -15.7115], [-55.7088, -15.7051], [-55.7106, -15.7048], [-55.7457, -15.7037], [-55.8357, -15.7017], [-55.8886, -15.7009], [-55.893, -15.6987], [-56.096, -15.7683], [-56.1459, -15.7697]]], [[[-55.1576, -16.4425], [-55.1561, -16.4428], [-55.1552, -16.4436], [-55.1576, -16.4458], [-55.157, -16.4475], [-55.1571, -16.4492], [-55.1583, -16.45], [-55.1599, -16.4496], [-55.1609, -16.4507], [-55.1604, -16.4525], [-55.1566, -16.4558], [-55.156, -16.4575], [-55.1566, -16.4594], [-55.1589, -16.4608], [-55.1598, -16.4642], [-55.1595, -16.4654], [-55.1566, -16.4653], [-55.1541, -16.4642], [-55.1533, -16.4633], [-55.1483, -16.4619], [-55.1466, -16.4609], [-55.1449, -16.4592], [-55.1421, -16.4589], [-55.1417, -16.46], [-55.1433, -16.4623], [-55.1446, -16.4633], [-55.1448, -16.4648], [-55.1439, -16.4658], [-55.1448, -16.4668], [-55.1499, -16.4686], [-55.1526, -16.4708], [-55.1524, -16.4717], [-55.1491, -16.472], [-55.1449, -16.4713], [-55.1408, -16.4721], [-55.1391, -16.4709], [-55.1384, -16.4692], [-55.1356, -16.4673], [-55.1373, -16.465], [-55.1371, -16.4625], [-55.136, -16.4614], [-55.1316, -16.4586], [-55.1304, -16.4583], [-55.1291, -16.459], [-55.1273, -16.4608], [-55.1281, -16.4633], [-55.1296, -16.4658], [-55.1289, -16.4681], [-55.129, -16.47], [-55.1302, -16.4703], [-55.1316, -16.4716], [-55.1333, -16.4716], [-55.1341, -16.4725], [-55.1371, -16.4729], [-55.1402, -16.4747], [-55.1422, -16.4775], [-55.1429, -16.4825], [-55.1438, -16.4842], [-55.1449, -16.4851], [-55.1468, -16.4856], [-55.1487, -16.4854], [-55.1508, -16.4845], [-55.1533, -16.4857], [-55.1566, -16.4867], [-55.1571, -16.4875], [-55.1566, -16.4892], [-55.1554, -16.4897], [-55.1533, -16.4896], [-55.1515, -16.4908], [-55.1528, -16.4925], [-55.1512, -16.4933], [-55.1512, -16.4942], [-55.1591, -16.4963], [-55.1598, -16.4975], [-55.1585, -16.4983], [-55.158, -16.5], [-55.1597, -16.5025], [-55.1591, -16.503], [-55.1549, -16.5022], [-55.1543, -16.5033], [-55.1524, -16.5048], [-55.1508, -16.5037], [-55.1498, -16.5043], [-55.1487, -16.5008], [-55.1488, -16.4989], [-55.1483, -16.4978], [-55.1458, -16.4977], [-55.1433, -16.4981], [-55.1431, -16.4992], [-55.1408, -16.4998], [-55.1416, -16.5012], [-55.1444, -16.5033], [-55.145, -16.5042], [-55.1441, -16.5058], [-55.1451, -16.5073], [-55.1466, -16.5072], [-55.1474, -16.5063], [-55.1499, -16.506], [-55.1509, -16.5065], [-55.1517, -16.5099], [-55.154, -16.5117], [-55.1549, -16.5131], [-55.1565, -16.5142], [-55.1595, -16.5142], [-55.1609, -16.5166], [-55.1624, -16.5168], [-55.1633, -16.5158], [-55.1686, -16.5197], [-55.17, -16.5201], [-55.1724, -16.5187], [-55.1735, -16.5175], [-55.1735, -16.5158], [-55.1724, -16.5144], [-55.1713, -16.5108], [-55.1716, -16.5083], [-55.1704, -16.5058], [-55.1708, -16.505], [-55.1724, -16.505], [-55.1758, -16.506], [-55.1783, -16.5052], [-55.1791, -16.5058], [-55.1809, -16.506], [-55.1833, -16.5043], [-55.1849, -16.5046], [-55.1866, -16.5041], [-55.1895, -16.5], [-55.1916, -16.4986], [-55.1933, -16.4992], [-55.1958, -16.4992], [-55.1958, -16.501], [-55.1933, -16.5006], [-55.1909, -16.501], [-55.1897, -16.5025], [-55.1891, -16.505], [-55.1867, -16.5076], [-55.1858, -16.5076], [-55.1841, -16.5092], [-55.1831, -16.5135], [-55.1838, -16.515], [-55.1842, -16.5192], [-55.1826, -16.521], [-55.1822, -16.5267], [-55.181, -16.5275], [-55.1806, -16.5293], [-55.1824, -16.5301], [-55.1838, -16.5289], [-55.1885, -16.5289], [-55.1908, -16.5296], [-55.1949, -16.5283], [-55.1958, -16.5275], [-55.1991, -16.5269], [-55.2041, -16.5292], [-55.2074, -16.5292], [-55.2108, -16.5287], [-55.2123, -16.5274], [-55.2176, -16.524], [-55.2185, -16.5265], [-55.2224, -16.5269], [-55.2247, -16.5248], [-55.226, -16.5242], [-55.2258, -16.5283], [-55.2283, -16.5297], [-55.2348, -16.5307], [-55.2366, -16.5306], [-55.2416, -16.5292], [-55.2424, -16.5284], [-55.2436, -16.5288], [-55.2447, -16.5333], [-55.2466, -16.5355], [-55.2488, -16.537], [-55.2499, -16.5369], [-55.2524, -16.5341], [-55.2535, -16.531], [-55.2558, -16.5303], [-55.2584, -16.5285], [-55.2616, -16.5276], [-55.2652, -16.5289], [-55.2664, -16.5298], [-55.2682, -16.5258], [-55.2693, -16.5243], [-55.2697, -16.5225], [-55.2708, -16.5217], [-55.2741, -16.5221], [-55.2746, -16.5225], [-55.2749, -16.5251], [-55.2758, -16.5253], [-55.2791, -16.5246], [-55.2808, -16.5256], [-55.2824, -16.5251], [-55.2834, -16.5258], [-55.2832, -16.5275], [-55.2849, -16.5283], [-55.2883, -16.5274], [-55.2916, -16.5278], [-55.2949, -16.5288], [-55.2983, -16.5281], [-55.3008, -16.528], [-55.3016, -16.5275], [-55.2987, -16.5258], [-55.299, -16.5242], [-55.2949, -16.5216], [-55.2953, -16.5192], [-55.2932, -16.5176], [-55.2933, -16.5166], [-55.2916, -16.5153], [-55.2898, -16.515], [-55.289, -16.5125], [-55.288, -16.5117], [-55.2884, -16.505], [-55.2895, -16.503], [-55.2892, -16.5017], [-55.2874, -16.5014], [-55.2858, -16.5006], [-55.2841, -16.4991], [-55.2805, -16.4977], [-55.2791, -16.4962], [-55.2774, -16.4956], [-55.2767, -16.4942], [-55.2799, -16.4924], [-55.2816, -16.4925], [-55.2829, -16.4917], [-55.2841, -16.4882], [-55.2866, -16.4871], [-55.2888, -16.4867], [-55.2884, -16.4849], [-55.2866, -16.4827], [-55.2849, -16.4834], [-55.284, -16.4818], [-55.2824, -16.4808], [-55.2841, -16.4788], [-55.2852, -16.4783], [-55.2844, -16.4758], [-55.2852, -16.475], [-55.2861, -16.4725], [-55.2856, -16.471], [-55.2838, -16.4692], [-55.2834, -16.4673], [-55.2827, -16.4667], [-55.2842, -16.4649], [-55.284, -16.4626], [-55.2874, -16.4629], [-55.2892, -16.4618], [-55.2872, -16.46], [-55.2873, -16.459], [-55.289, -16.4593], [-55.292, -16.4587], [-55.2924, -16.4575], [-55.2941, -16.4572], [-55.2966, -16.4588], [-55.2978, -16.4575], [-55.2972, -16.455], [-55.2986, -16.4536], [-55.2987, -16.4525], [-55.2966, -16.4505], [-55.2941, -16.4487], [-55.2924, -16.449], [-55.2908, -16.4515], [-55.2891, -16.4522], [-55.2877, -16.4536], [-55.2859, -16.4543], [-55.2833, -16.4569], [-55.2819, -16.4562], [-55.2823, -16.4533], [-55.2851, -16.4502], [-55.2856, -16.4475], [-55.2878, -16.445], [-55.288, -16.4442], [-55.2849, -16.4414], [-55.2825, -16.4399], [-55.2777, -16.4381], [-55.2766, -16.4367], [-55.2774, -16.4357], [-55.2756, -16.4348], [-55.2746, -16.4361], [-55.2724, -16.435], [-55.2708, -16.4325], [-55.2696, -16.4328], [-55.2683, -16.4322], [-55.2666, -16.4325], [-55.2658, -16.43], [-55.2683, -16.4275], [-55.2733, -16.4304], [-55.276, -16.4325], [-55.2763, -16.4333], [-55.28, -16.4341], [-55.2816, -16.435], [-55.2849, -16.4353], [-55.2891, -16.4364], [-55.2908, -16.4358], [-55.2933, -16.4358], [-55.2941, -16.435], [-55.2944, -16.4333], [-55.2938, -16.4317], [-55.2941, -16.4283], [-55.2953, -16.4267], [-55.2958, -16.425], [-55.2947, -16.4233], [-55.2908, -16.4192], [-55.2919, -16.4183], [-55.2926, -16.4167], [-55.2924, -16.415], [-55.2927, -16.4128], [-55.2922, -16.41], [-55.2897, -16.4048], [-55.291, -16.405], [-55.2924, -16.4072], [-55.2941, -16.4071], [-55.2945, -16.4083], [-55.2978, -16.413], [-55.2999, -16.4192], [-55.2995, -16.4217], [-55.301, -16.4233], [-55.3022, -16.4283], [-55.3035, -16.4306], [-55.3054, -16.4325], [-55.3051, -16.4333], [-55.3083, -16.4367], [-55.3124, -16.4379], [-55.3137, -16.4367], [-55.3144, -16.4342], [-55.3134, -16.4308], [-55.311, -16.4275], [-55.3124, -16.4258], [-55.3141, -16.426], [-55.3158, -16.4242], [-55.3166, -16.4211], [-55.3191, -16.421], [-55.3239, -16.4219], [-55.3258, -16.4233], [-55.3283, -16.4235], [-55.329, -16.4225], [-55.3291, -16.4206], [-55.3302, -16.4206], [-55.3324, -16.423], [-55.3341, -16.4237], [-55.3374, -16.4235], [-55.3408, -16.4222], [-55.3458, -16.4228], [-55.3488, -16.4217], [-55.3481, -16.4183], [-55.3466, -16.4158], [-55.347, -16.4146], [-55.3483, -16.4142], [-55.3483, -16.4125], [-55.3474, -16.4108], [-55.3458, -16.4092], [-55.3466, -16.4086], [-55.3491, -16.4093], [-55.35, -16.4091], [-55.3524, -16.4108], [-55.3558, -16.4107], [-55.3578, -16.4087], [-55.3592, -16.4082], [-55.3608, -16.4094], [-55.3641, -16.4103], [-55.3658, -16.4095], [-55.3683, -16.409], [-55.3721, -16.407], [-55.3772, -16.405], [-55.3787, -16.4037], [-55.381, -16.4027], [-55.383, -16.3997], [-55.3844, -16.3992], [-55.3875, -16.395], [-55.3867, -16.3933], [-55.3884, -16.3918], [-55.3897, -16.39], [-55.3893, -16.3892], [-55.39, -16.3875], [-55.3891, -16.3866], [-55.3874, -16.3867], [-55.3872, -16.3881], [-55.3833, -16.3887], [-55.3808, -16.3901], [-55.38, -16.3883], [-55.3758, -16.3866], [-55.3716, -16.3875], [-55.3693, -16.3865], [-55.3666, -16.3865], [-55.3632, -16.3859], [-55.3624, -16.3844], [-55.3589, -16.3817], [-55.3574, -16.3743], [-55.3566, -16.3726], [-55.3545, -16.3708], [-55.3525, -16.3675], [-55.3541, -16.3658], [-55.3551, -16.3657], [-55.3566, -16.3665], [-55.3599, -16.3673], [-55.3618, -16.3642], [-55.3602, -16.3625], [-55.3595, -16.3608], [-55.3615, -16.3599], [-55.3641, -16.36], [-55.3713, -16.3592], [-55.371, -16.3581], [-55.3688, -16.3578], [-55.3669, -16.3567], [-55.3658, -16.3554], [-55.3641, -16.3555], [-55.3632, -16.3533], [-55.3643, -16.3515], [-55.3639, -16.35], [-55.3627, -16.3492], [-55.3627, -16.3475], [-55.3603, -16.3442], [-55.3622, -16.3425], [-55.3597, -16.3378], [-55.3601, -16.3358], [-55.3591, -16.3355], [-55.3545, -16.3308], [-55.3533, -16.3281], [-55.3511, -16.3267], [-55.3491, -16.3237], [-55.3489, -16.3217], [-55.3479, -16.32], [-55.3472, -16.3175], [-55.3483, -16.3152], [-55.3505, -16.317], [-55.3487, -16.3141], [-55.3462, -16.3117], [-55.3448, -16.3095], [-55.3402, -16.3064], [-55.3391, -16.3051], [-55.3374, -16.3016], [-55.3347, -16.3], [-55.33, -16.2983], [-55.3279, -16.3002], [-55.3261, -16.3004], [-55.3239, -16.2999], [-55.3201, -16.2976], [-55.3169, -16.2933], [-55.3161, -16.2915], [-55.3165, -16.2877], [-55.316, -16.2864], [-55.3127, -16.2822], [-55.3092, -16.2788], [-55.3073, -16.2742], [-55.3014, -16.2676], [-55.2978, -16.2658], [-55.2926, -16.262], [-55.285, -16.2176], [-55.2827, -16.2152], [-55.2812, -16.2118], [-55.2787, -16.2101], [-55.2774, -16.2088], [-55.2702, -16.1963], [-55.2699, -16.1952], [-55.2724, -16.1909], [-55.273, -16.1883], [-55.2728, -16.1871], [-55.2695, -16.1856], [-55.2669, -16.1838], [-55.2652, -16.1789], [-55.263, -16.1779], [-55.2613, -16.1783], [-55.26, -16.1775], [-55.2604, -16.1734], [-55.2583, -16.1736], [-55.2553, -16.1726], [-55.2001, -16.4535], [-55.1993, -16.4528], [-55.1949, -16.4515], [-55.1934, -16.4504], [-55.1914, -16.4501], [-55.1892, -16.4489], [-55.188, -16.4477], [-55.1812, -16.4445], [-55.1781, -16.4437], [-55.1745, -16.444], [-55.1702, -16.4453], [-55.1676, -16.4451], [-55.1654, -16.4454], [-55.1633, -16.4452], [-55.1576, -16.4425]]]]}}, {"type": "Feature", "properties": {"nome": "Várzea Grande"}, "geometry": {"type": "Polygon", "coordinates": [[[-56.1459, -15.7697], [-56.1473, -15.7667], [-56.1485, -15.7656], [-56.149, -15.7638], [-56.1511, -15.7638], [-56.1507, -15.7624], [-56.1514, -15.7605], [-56.1504, -15.7584], [-56.1511, -15.7562], [-56.1547, -15.7518], [-56.1566, -15.7507], [-56.1586, -15.7504], [-56.1598, -15.7515], [-56.1619, -15.7515], [-56.1637, -15.7506], [-56.165, -15.7521], [-56.1665, -15.7528], [-56.1691, -15.7517], [-56.1707, -15.7523], [-56.1726, -15.7523], [-56.1745, -15.7559], [-56.1755, -15.756], [-56.1757, -15.7574], [-56.1775, -15.7578], [-56.1778, -15.7592], [-56.1789, -15.7599], [-56.1808, -15.7622], [-56.1808, -15.7645], [-56.1835, -15.7664], [-56.1832, -15.7674], [-56.1855, -15.7697], [-56.1879, -15.7702], [-56.1882, -15.7723], [-56.1893, -15.7735], [-56.1906, -15.7738], [-56.1923, -15.7773], [-56.1937, -15.7775], [-56.1967, -15.7757], [-56.1994, -15.7763], [-56.2043, -15.7752], [-56.2058, -15.7766], [-56.2065, -15.7766], [-56.2086, -15.7745], [-56.2113, -15.7727], [-56.2144, -15.7725], [-56.2165, -15.7728], [-56.2212, -15.7715], [-56.2229, -15.7704], [-56.2267, -15.7667], [-56.2286, -15.7644], [-56.2321, -15.7622], [-56.2352, -15.7613], [-56.2382, -15.7611], [-56.2407, -15.7617], [-56.2453, -15.76], [-56.2455, -15.7585], [-56.2465, -15.7578], [-56.2467, -15.7562], [-56.2456, -15.7535], [-56.2456, -15.7495], [-56.2442, -15.7472], [-56.2451, -15.7452], [-56.2442, -15.7445], [-56.2446, -15.742], [-56.244, -15.7397], [-56.245, -15.7366], [-56.2447, -15.7338], [-56.2463, -15.731], [-56.2519, -15.7263], [-56.2536, -15.7236], [-56.2577, -15.7197], [-56.2616, -15.7144], [-56.2643, -15.7115], [-56.264, -15.7096], [-56.2627, -15.7071], [-56.2608, -15.7008], [-56.2603, -15.6979], [-56.2609, -15.6876], [-56.2617, -15.686], [-56.264, -15.6841], [-56.2196, -15.6422], [-56.2181, -15.6413], [-56.213, -15.6345], [-56.2118, -15.6317], [-56.2116, -15.6267], [-56.2127, -15.6242], [-56.2149, -15.6226], [-56.2148, -15.6211], [-56.2164, -15.6181], [-56.2151, -15.617], [-56.3914, -15.5229], [-56.3939, -15.5178], [-56.3959, -15.5166], [-56.4, -15.5155], [-56.4015, -15.5111], [-56.4013, -15.5041], [-56.4007, -15.5027], [-56.3986, -15.4996], [-56.398, -15.4947], [-56.3984, -15.4923], [-56.4015, -15.4892], [-56.4045, -15.4876], [-56.4066, -15.4857], [-56.4096, -15.484], [-56.4112, -15.482], [-56.4123, -15.4795], [-56.4137, -15.4785], [-56.416, -15.4788], [-56.4223, -15.4729], [-56.4227, -15.4712], [-56.4246, -15.4677], [-56.4247, -15.4655], [-56.4231, -15.4628], [-56.4212, -15.4608], [-56.4196, -15.4597], [-56.4184, -15.4567], [-56.4173, -15.4549], [-56.417, -15.453], [-56.4177, -15.4498], [-56.4171, -15.447], [-56.4137, -15.4424], [-56.4128, -15.4399], [-56.4109, -15.4382], [-56.4101, -15.4349], [-56.4073, -15.4336], [-56.4059, -15.4339], [-56.4048, -15.435], [-56.403, -15.435], [-56.4003, -15.4331], [-56.3998, -15.4314], [-56.3999, -15.4283], [-56.3986, -15.4272], [-56.3985, -15.4237], [-56.3979, -15.4224], [-56.3959, -15.4212], [-56.3933, -15.4203], [-56.3931, -15.4185], [-56.391, -15.4177], [-56.3908, -15.4164], [-56.3896, -15.4163], [-56.3865, -15.4125], [-56.3856, -15.4119], [-56.3816, -15.4109], [-56.3803, -15.4109], [-56.3789, -15.4098], [-56.3744, -15.412], [-56.3721, -15.4139], [-56.3708, -15.4143], [-56.3686, -15.4139], [-56.3671, -15.4143], [-56.3624, -15.4146], [-56.3599, -15.414], [-56.3585, -15.413], [-56.3566, -15.4131], [-56.3555, -15.4123], [-56.3551, -15.4105], [-56.3526, -15.4087], [-56.3521, -15.4073], [-56.3502, -15.4065], [-56.3508, -15.4038], [-56.3489, -15.4023], [-56.3488, -15.4009], [-56.3479, -15.4004], [-56.3464, -15.4013], [-56.3453, -15.4012], [-56.3438, -15.3993], [-56.3419, -15.3986], [-56.3375, -15.3982], [-56.3354, -15.3965], [-56.3342, -15.3961], [-56.3328, -15.3947], [-56.3334, -15.3931], [-56.3327, -15.3924], [-56.3308, -15.3921], [-56.33, -15.3915], [-56.3293, -15.3886], [-56.3294, -15.3855], [-56.3288, -15.3843], [-56.3245, -15.3824], [-56.3221, -15.3831], [-56.321, -15.3829], [-56.3169, -15.3811], [-56.3098, -15.376], [-56.3112, -15.3726], [-56.3107, -15.3717], [-56.3081, -15.3697], [-56.3077, -15.3678], [-56.31, -15.367], [-56.31, -15.366], [-56.3073, -15.3649], [-56.3059, -15.3634], [-56.3052, -15.361], [-56.3045, -15.3602], [-56.3017, -15.3599], [-56.3003, -15.3581], [-56.298, -15.3582], [-56.2959, -15.3564], [-56.2947, -15.3539], [-56.2932, -15.3529], [-56.2918, -15.3511], [-56.2879, -15.348], [-56.2884, -15.3446], [-56.2883, -15.3433], [-56.2873, -15.343], [-56.2841, -15.3433], [-56.2825, -15.3424], [-56.2812, -15.3404], [-56.2787, -15.3401], [-56.277, -15.3404], [-56.2743, -15.3425], [-56.2712, -15.3464], [-56.2634, -15.3535], [-56.2595, -15.3559], [-56.2535, -15.3585], [-56.2469, -15.3624], [-56.2448, -15.3644], [-56.2432, -15.3665], [-56.2422, -15.3692], [-56.2416, -15.3723], [-56.2414, -15.3784], [-56.2404, -15.3846], [-56.2404, -15.3893], [-56.2388, -15.3991], [-56.238, -15.4017], [-56.2326, -15.4113], [-56.2325, -15.4155], [-56.2335, -15.4179], [-56.2357, -15.4215], [-56.2389, -15.4253], [-56.2432, -15.428], [-56.2452, -15.4314], [-56.2464, -15.4352], [-56.2487, -15.4507], [-56.248, -15.4546], [-56.2472, -15.4568], [-56.2451, -15.4603], [-56.2402, -15.4648], [-56.2367, -15.4662], [-56.2303, -15.4668], [-56.2246, -15.4679], [-56.2226, -15.4685], [-56.2189, -15.4705], [-56.2174, -15.472], [-56.2128, -15.4832], [-56.2103, -15.4875], [-56.2067, -15.4913], [-56.2008, -15.4987], [-56.1981, -15.5004], [-56.1972, -15.5014], [-56.1923, -15.5038], [-56.1901, -15.5057], [-56.1841, -15.5086], [-56.1831, -15.5099], [-56.183, -15.5118], [-56.1926, -15.5206], [-56.193, -15.5232], [-56.1919, -15.5247], [-56.19, -15.525], [-56.1895, -15.5268], [-56.1866, -15.5284], [-56.1815, -15.5294], [-56.1766, -15.5323], [-56.1734, -15.5338], [-56.1719, -15.5356], [-56.1719, -15.5389], [-56.1733, -15.5426], [-56.1725, -15.5469], [-56.1728, -15.5486], [-56.1724, -15.5501], [-56.1704, -15.5523], [-56.1683, -15.5534], [-56.1638, -15.5589], [-56.1603, -15.5602], [-56.1545, -15.5612], [-56.1469, -15.5601], [-56.144, -15.5603], [-56.1421, -15.5613], [-56.141, -15.5657], [-56.1385, -15.5695], [-56.136, -15.5721], [-56.1348, -15.5744], [-56.1346, -15.5778], [-56.1339, -15.5792], [-56.1344, -15.5818], [-56.137, -15.5853], [-56.1425, -15.5893], [-56.144, -15.5917], [-56.1439, -15.5982], [-56.1433, -15.5998], [-56.1415, -15.6021], [-56.1386, -15.605], [-56.1377, -15.6073], [-56.1378, -15.6118], [-56.1347, -15.6206], [-56.1314, -15.626], [-56.1298, -15.6281], [-56.1266, -15.6289], [-56.121, -15.6279], [-56.1119, -15.6192], [-56.1066, -15.6158], [-56.1042, -15.6159], [-56.0929, -15.6255], [-56.0867, -15.6289], [-56.0823, -15.6328], [-56.0779, -15.6388], [-56.0752, -15.6411], [-56.0717, -15.6427], [-56.0702, -15.6443], [-56.07, -15.6514], [-56.0717, -15.6634], [-56.0714, -15.67], [-56.0695, -15.676], [-56.0696, -15.6776], [-56.0708, -15.6797], [-56.0733, -15.6826], [-56.0807, -15.6853], [-56.0871, -15.6865], [-56.0908, -15.6868], [-56.1002, -15.6865], [-56.1045, -15.6868], [-56.1115, -15.6916], [-56.1136, -15.6947], [-56.1136, -15.6987], [-56.1086, -15.7049], [-56.1038, -15.713], [-56.103, -15.7154], [-56.1031, -15.7189], [-56.1069, -15.7283], [-56.108, -15.7329], [-56.1113, -15.7424], [-56.1244, -15.7557], [-56.126, -15.7565], [-56.1299, -15.7566], [-56.1397, -15.755], [-56.1421, -15.7555], [-56.1439, -15.7576], [-56.1459, -15.7697]]]}}, {"type": "Feature", "properties": {"nome": "Nossa Senhora do Livramento"}, "geometry": {"type": "Polygon", "coordinates": [[[-57.0075, -15.8037], [-57.0071, -15.8015], [-57.0079, -15.7983], [-57.0077, -15.7934], [-57.0086, -15.7913], [-57.0082, -15.7858], [-57.011, -15.7819], [-57.0119, -15.777], [-57.0126, -15.7749], [-57.0118, -15.7728], [-57.0134, -15.77], [-57.0142, -15.7672], [-57.0117, -15.7575], [-57.0104, -15.7556], [-57.01, -15.7523], [-57.009, -15.7503], [-57.0077, -15.7449], [-57.0087, -15.7415], [-57.1708, -15.8242], [-57.2248, -15.8509], [-57.2243, -15.8458], [-57.2232, -15.8419], [-57.2218, -15.8341], [-57.2225, -15.8271], [-57.2236, -15.8249], [-57.2232, -15.8176], [-57.2238, -15.8123], [-57.2229, -15.8099], [-57.2161, -15.8048], [-57.2107, -15.8024], [-57.2085, -15.8007], [-57.2062, -15.8004], [-57.2045, -15.7994], [-57.2044, -15.7972], [-57.2033, -15.7963], [-57.2012, -15.7961], [-57.1995, -15.795], [-57.1983, -15.7959], [-57.1958, -15.7958], [-57.1956, -15.7943], [-57.1927, -15.7931], [-57.1926, -15.7912], [-57.1915, -15.79], [-57.1918, -15.7879], [-57.1869, -15.7856], [-57.1839, -15.7855], [-57.1811, -15.7827], [-57.1805, -15.7811], [-57.1771, -15.7762], [-57.177, -15.7748], [-57.18, -15.7716], [-57.1812, -15.7694], [-57.1814, -15.767], [-57.1805, -15.7634], [-57.1775, -15.7588], [-57.1766, -15.7566], [-57.177, -15.7527], [-57.1769, -15.7507], [-57.1754, -15.7466], [-57.1718, -15.7423], [-57.1702, -15.7412], [-57.1667, -15.7367], [-57.165, -15.7353], [-57.1597, -15.7263], [-57.1579, -15.7248], [-57.1574, -15.7232], [-57.1579, -15.7219], [-57.1573, -15.7198], [-57.1562, -15.7185], [-57.1504, -15.7136], [-57.1487, -15.7117], [-57.1465, -15.7086], [-57.1441, -15.7044], [-57.1432, -15.7011], [-57.1412, -15.6991], [-57.1386, -15.6939], [-57.1366, -15.6916], [-57.1367, -15.6901], [-57.1378, -15.6884], [-57.1393, -15.683], [-57.1393, -15.6808], [-57.1398, -15.6796], [-57.1425, -15.6779], [-57.1411, -15.6761], [-57.1391, -15.6713], [-57.1361, -15.6665], [-57.1344, -15.6656], [-57.1316, -15.6662], [-57.1296, -15.6686], [-57.1263, -15.671], [-57.1233, -15.6721], [-57.1233, -15.6708], [-57.1243, -15.6685], [-57.1215, -15.668], [-57.1207, -15.6672], [-57.1217, -15.6651], [-57.1214, -15.6634], [-57.119, -15.6618], [-57.1172, -15.6601], [-57.1166, -15.6588], [-57.1175, -15.6571], [-57.1172, -15.6559], [-57.114, -15.654], [-57.1138, -15.6519], [-57.1131, -15.6496], [-57.1142, -15.6479], [-57.1171, -15.6467], [-57.1217, -15.6436], [-57.1238, -15.6409], [-57.124, -15.6395], [-57.1231, -15.6366], [-57.1199, -15.6372], [-57.1181, -15.6371], [-57.1181, -15.6358], [-57.122, -15.6339], [-57.122, -15.6324], [-57.1194, -15.6313], [-57.1137, -15.6314], [-57.1126, -15.6304], [-57.1139, -15.6293], [-57.1163, -15.6264], [-57.116, -15.6255], [-57.1123, -15.6256], [-57.1114, -15.6242], [-57.113, -15.6209], [-57.1122, -15.6196], [-57.1099, -15.6197], [-57.1086, -15.619], [-57.1074, -15.6172], [-57.1083, -15.6137], [-57.1073, -15.6124], [-57.1028, -15.6129], [-57.1027, -15.6106], [-57.1011, -15.6096], [-57.0989, -15.6103], [-57.0983, -15.6091], [-57.0998, -15.6074], [-57.1009, -15.6051], [-57.1024, -15.603], [-57.1017, -15.6016], [-57.0998, -15.6013], [-57.0994, -15.6001], [-57.1007, -15.5985], [-57.1004, -15.5975], [-57.0985, -15.5969], [-57.0965, -15.5958], [-57.0955, -15.5943], [-57.0928, -15.594], [-57.0925, -15.5928], [-57.0955, -15.5905], [-57.0958, -15.588], [-57.095, -15.5858], [-57.0922, -15.5865], [-57.0905, -15.5862], [-57.0903, -15.5849], [-57.0928, -15.5837], [-57.0923, -15.5827], [-57.0908, -15.5832], [-57.0882, -15.5828], [-57.0864, -15.5831], [-57.0855, -15.5818], [-57.0868, -15.5798], [-57.087, -15.5774], [-57.0881, -15.5751], [-57.0872, -15.5742], [-57.0856, -15.5752], [-57.0797, -15.5756], [-57.0784, -15.5746], [-57.0784, -15.5739], [-57.081, -15.5727], [-57.0819, -15.5713], [-57.0816, -15.5702], [-57.08, -15.5693], [-57.078, -15.5687], [-57.0761, -15.5688], [-57.0714, -15.5706], [-57.0688, -15.5704], [-57.068, -15.5696], [-57.0692, -15.5682], [-57.0713, -15.5673], [-57.071, -15.5661], [-57.0684, -15.5663], [-57.0667, -15.5683], [-57.0656, -15.5687], [-57.0635, -15.5677], [-57.0624, -15.5666], [-57.0604, -15.5657], [-57.0607, -15.5644], [-57.0625, -15.5625], [-57.066, -15.5598], [-57.0654, -15.5586], [-57.0624, -15.5578], [-57.0613, -15.556], [-57.063, -15.5543], [-57.0625, -15.5528], [-57.0595, -15.5526], [-57.0581, -15.5518], [-57.0601, -15.549], [-57.0603, -15.5467], [-57.0609, -15.545], [-57.0609, -15.5432], [-57.0618, -15.5421], [-57.0649, -15.541], [-57.0704, -15.5405], [-57.0724, -15.5389], [-57.072, -15.5374], [-57.0711, -15.5369], [-57.0666, -15.5371], [-57.0638, -15.5376], [-57.0619, -15.5367], [-57.0616, -15.5357], [-57.0625, -15.5338], [-57.0642, -15.5329], [-57.0663, -15.5307], [-57.0657, -15.5296], [-57.0622, -15.5301], [-57.0612, -15.5299], [-57.0564, -15.5318], [-57.0551, -15.5318], [-57.0534, -15.531], [-57.051, -15.5282], [-57.0499, -15.5277], [-57.0461, -15.5279], [-57.0422, -15.5274], [-57.0416, -15.5257], [-57.0438, -15.5232], [-57.0455, -15.5221], [-57.0466, -15.5204], [-57.048, -15.5199], [-57.0497, -15.5176], [-57.0429, -15.5187], [-57.04, -15.5188], [-57.0383, -15.5195], [-57.0373, -15.5185], [-57.0388, -15.5169], [-57.0405, -15.514], [-57.0407, -15.5123], [-57.0397, -15.5114], [-57.0347, -15.5119], [-57.0332, -15.5131], [-57.0323, -15.513], [-57.0297, -15.5092], [-57.0302, -15.5081], [-57.0318, -15.5064], [-57.0348, -15.5042], [-57.0348, -15.5028], [-57.0327, -15.5021], [-57.0289, -15.5045], [-57.0271, -15.5045], [-57.0261, -15.5032], [-57.0263, -15.5004], [-57.0259, -15.4991], [-57.0234, -15.4993], [-57.0225, -15.497], [-57.023, -15.4941], [-57.0222, -15.4933], [-57.0205, -15.4945], [-57.0199, -15.4926], [-57.0212, -15.4897], [-57.0235, -15.4872], [-57.0249, -15.487], [-57.0273, -15.4856], [-57.0269, -15.484], [-57.0257, -15.484], [-57.023, -15.4849], [-57.021, -15.4848], [-57.0193, -15.486], [-57.0167, -15.4869], [-57.0153, -15.4864], [-57.0158, -15.4848], [-57.0192, -15.4804], [-57.0194, -15.4792], [-57.0176, -15.4794], [-57.0132, -15.4836], [-57.0123, -15.4825], [-57.0125, -15.4808], [-57.0133, -15.4791], [-57.0124, -15.4781], [-57.0093, -15.4793], [-57.0076, -15.4783], [-57.0048, -15.4753], [-56.9984, -15.4703], [-56.9966, -15.4692], [-56.9908, -15.4674], [-56.9875, -15.4659], [-56.9863, -15.4645], [-56.9862, -15.463], [-56.9875, -15.4575], [-56.9867, -15.456], [-56.9852, -15.4563], [-56.9836, -15.4577], [-56.9826, -15.4597], [-56.983, -15.4636], [-56.9811, -15.4634], [-56.9753, -15.4652], [-56.9733, -15.4701], [-56.9728, -15.4733], [-56.9731, -15.4797], [-56.972, -15.4819], [-56.9705, -15.4837], [-56.9708, -15.4856], [-56.9728, -15.4878], [-56.9733, -15.4894], [-56.9752, -15.4886], [-56.9757, -15.4894], [-56.9748, -15.4928], [-56.9747, -15.4948], [-56.974, -15.496], [-56.9722, -15.4975], [-56.9712, -15.5014], [-56.9703, -15.5031], [-56.9703, -15.5077], [-56.9696, -15.5095], [-56.9683, -15.51], [-56.9638, -15.5093], [-56.9579, -15.513], [-56.9545, -15.5138], [-56.9545, -15.5171], [-56.957, -15.5196], [-56.9608, -15.5226], [-56.9622, -15.5254], [-56.9627, -15.5279], [-56.9618, -15.53], [-56.9604, -15.532], [-56.956, -15.5361], [-56.9546, -15.5379], [-56.9502, -15.541], [-56.9489, -15.5427], [-56.9471, -15.5433], [-56.937, -15.5407], [-56.9363, -15.539], [-56.9329, -15.5343], [-56.9299, -15.5313], [-56.9261, -15.5289], [-56.9231, -15.5283], [-56.9211, -15.529], [-56.9203, -15.5311], [-56.918, -15.5324], [-56.9168, -15.5325], [-56.9127, -15.5307], [-56.9121, -15.5298], [-56.9121, -15.5275], [-56.9097, -15.5241], [-56.9077, -15.5224], [-56.9056, -15.5195], [-56.9048, -15.517], [-56.8334, -15.4762], [-56.8291, -15.4721], [-56.8278, -15.4714], [-56.8245, -15.4704], [-56.821, -15.4714], [-56.8183, -15.4737], [-56.8171, -15.4755], [-56.8164, -15.4799], [-56.8159, -15.4812], [-56.8147, -15.4825], [-56.813, -15.4853], [-56.8112, -15.4864], [-56.8105, -15.4905], [-56.8121, -15.4959], [-56.8112, -15.499], [-56.8104, -15.4998], [-56.8063, -15.4999], [-56.8039, -15.5004], [-56.8018, -15.5018], [-56.7977, -15.5053], [-56.7907, -15.5099], [-56.7865, -15.5118], [-56.7834, -15.5155], [-56.7817, -15.5163], [-56.7796, -15.5162], [-56.777, -15.5144], [-56.7723, -15.5141], [-56.768, -15.513], [-56.7653, -15.5127], [-56.7635, -15.5134], [-56.7626, -15.5148], [-56.7624, -15.5189], [-56.7615, -15.5203], [-56.7596, -15.5216], [-56.7577, -15.5219], [-56.7522, -15.5207], [-56.7498, -15.5195], [-56.7451, -15.5193], [-56.7431, -15.5187], [-56.7415, -15.5169], [-56.741, -15.5148], [-56.7419, -15.5139], [-56.7413, -15.5118], [-56.7401, -15.5119], [-56.738, -15.5099], [-56.7367, -15.5108], [-56.7336, -15.5108], [-56.7298, -15.5081], [-56.7272, -15.5077], [-56.726, -15.5052], [-56.7248, -15.5044], [-56.7241, -15.5025], [-56.7229, -15.503], [-56.7228, -15.5004], [-56.7201, -15.4978], [-56.7168, -15.4954], [-56.7162, -15.493], [-56.7155, -15.4919], [-56.716, -15.4904], [-56.7153, -15.4878], [-56.7165, -15.4864], [-56.7178, -15.4823], [-56.7166, -15.4809], [-56.7169, -15.4791], [-56.7154, -15.4778], [-56.7133, -15.4785], [-56.7119, -15.4785], [-56.7106, -15.4772], [-56.7097, -15.4784], [-56.7086, -15.4772], [-56.7067, -15.4766], [-56.7037, -15.4782], [-56.7027, -15.4771], [-56.7014, -15.4771], [-56.6981, -15.4761], [-56.6963, -15.4768], [-56.6947, -15.4765], [-56.6945, -15.4754], [-56.6911, -15.4764], [-56.6901, -15.4774], [-56.6881, -15.4761], [-56.6864, -15.4777], [-56.683, -15.4792], [-56.5608, -15.4807], [-56.5614, -15.4817], [-56.5636, -15.4834], [-56.5648, -15.4862], [-56.5653, -15.4907], [-56.5651, -15.4919], [-56.5633, -15.4934], [-56.5612, -15.4934], [-56.5598, -15.4947], [-56.5594, -15.4987], [-56.5576, -15.5008], [-56.5553, -15.502], [-56.5553, -15.5031], [-56.559, -15.5099], [-56.5591, -15.512], [-56.5586, -15.5133], [-56.559, -15.5155], [-56.5587, -15.5172], [-56.5568, -15.5189], [-56.5518, -15.5212], [-56.5489, -15.5231], [-56.5472, -15.5247], [-56.5452, -15.525], [-56.5439, -15.5242], [-56.5415, -15.5212], [-56.536, -15.5156], [-56.5344, -15.5154], [-56.5332, -15.517], [-56.53, -15.518], [-56.529, -15.5176], [-56.5279, -15.516], [-56.5264, -15.5154], [-56.524, -15.5166], [-56.5208, -15.5165], [-56.5192, -15.5136], [-56.5178, -15.5124], [-56.5157, -15.5117], [-56.5129, -15.5118], [-56.5108, -15.5124], [-56.5097, -15.5107], [-56.5086, -15.5104], [-56.5073, -15.5115], [-56.5062, -15.5116], [-56.5045, -15.5105], [-56.5027, -15.5105], [-56.5017, -15.5082], [-56.4999, -15.5061], [-56.4993, -15.5037], [-56.4958, -15.5009], [-56.4961, -15.4983], [-56.4946, -15.4962], [-56.4931, -15.4964], [-56.4918, -15.496], [-56.4902, -15.4932], [-56.4869, -15.4899], [-56.4847, -15.4895], [-56.4828, -15.4857], [-56.4792, -15.4814], [-56.4751, -15.4767], [-56.4698, -15.4718], [-56.4673, -15.4675], [-56.467, -15.4647], [-56.4653, -15.4621], [-56.465, -15.459], [-56.4655, -15.4575], [-56.465, -15.4566], [-56.463, -15.455], [-56.46, -15.4543], [-56.4588, -15.4528], [-56.4568, -15.4518], [-56.4569, -15.4495], [-56.4558, -15.4486], [-56.4535, -15.4481], [-56.4534, -15.4465], [-56.4517, -15.4455], [-56.4492, -15.4465], [-56.4465, -15.4461], [-56.4439, -15.4446], [-56.4422, -15.4444], [-56.4414, -15.4425], [-56.4394, -15.4404], [-56.4372, -15.4388], [-56.4341, -15.4396], [-56.4337, -15.438], [-56.4321, -15.4375], [-56.4303, -15.4361], [-56.4292, -15.4344], [-56.4267, -15.4343], [-56.4254, -15.4355], [-56.4223, -15.4363], [-56.4204, -15.4374], [-56.4188, -15.4373], [-56.4172, -15.4387], [-56.4138, -15.4369], [-56.4142, -15.4355], [-56.4122, -15.4332], [-56.4105, -15.433], [-56.4088, -15.4343], [-56.4101, -15.4349], [-56.4109, -15.4382], [-56.4128, -15.4399], [-56.4137, -15.4424], [-56.4171, -15.447], [-56.4177, -15.4498], [-56.417, -15.453], [-56.4173, -15.4549], [-56.4184, -15.4567], [-56.4196, -15.4597], [-56.4212, -15.4608], [-56.4231, -15.4628], [-56.4247, -15.4655], [-56.4246, -15.4677], [-56.4227, -15.4712], [-56.4223, -15.4729], [-56.416, -15.4788], [-56.4137, -15.4785], [-56.4123, -15.4795], [-56.4112, -15.482], [-56.4096, -15.484], [-56.4066, -15.4857], [-56.4045, -15.4876], [-56.4015, -15.4892], [-56.3984, -15.4923], [-56.398, -15.4947], [-56.3986, -15.4996], [-56.4007, -15.5027], [-56.4013, -15.5041], [-56.4015, -15.5111], [-56.4, -15.5155], [-56.3959, -15.5166], [-56.3939, -15.5178], [-56.3914, -15.5229], [-56.3898, -15.5238], [-56.2151, -15.617], [-56.2164, -15.6181], [-56.2148, -15.6211], [-56.2149, -15.6226], [-56.2127, -15.6242], [-56.2116, -15.6267], [-56.2118, -15.6317], [-56.213, -15.6345], [-56.2181, -15.6413], [-56.2196, -15.6422], [-56.264, -15.6841], [-56.2617, -15.686], [-56.2609, -15.6876], [-56.2603, -15.6979], [-56.2608, -15.7008], [-56.2627, -15.7071], [-56.264, -15.7096], [-56.2643, -15.7115], [-56.2616, -15.7144], [-56.2577, -15.7197], [-56.2536, -15.7236], [-56.2519, -15.7263], [-56.2463, -15.731], [-56.2447, -15.7338], [-56.245, -15.7366], [-56.244, -15.7397], [-56.2446, -15.742], [-56.2442, -15.7445], [-56.2451, -15.7452], [-56.2442, -15.7472], [-56.2456, -15.7495], [-56.2456, -15.7535], [-56.2467, -15.7562], [-56.2465, -15.7578], [-56.2455, -15.7585], [-56.2453, -15.76], [-56.2407, -15.7617], [-56.2382, -15.7611], [-56.2352, -15.7613], [-56.2321, -15.7622], [-56.2286, -15.7644], [-56.2267, -15.7667], [-56.2229, -15.7704], [-56.2212, -15.7715], [-56.2165, -15.7728], [-56.2144, -15.7725], [-56.2113, -15.7727], [-56.2086, -15.7745], [-56.2065, -15.7766], [-56.2058, -15.7766], [-56.2043, -15.7752], [-56.1994, -15.7763], [-56.1967, -15.7757], [-56.1937, -15.7775], [-56.1923, -15.7773], [-56.1906, -15.7738], [-56.1893, -15.7735], [-56.1882, -15.7723], [-56.1879, -15.7702], [-56.1855, -15.7697], [-56.1832, -15.7674], [-56.1835, -15.7664], [-56.1808, -15.7645], [-56.1808, -15.7622], [-56.1789, -15.7599], [-56.1778, -15.7592], [-56.1775, -15.7578], [-56.1757, -15.7574], [-56.1755, -15.756], [-56.1745, -15.7559], [-56.1726, -15.7523], [-56.1707, -15.7523], [-56.1691, -15.7517], [-56.1665, -15.7528], [-56.165, -15.7521], [-56.1637, -15.7506], [-56.1619, -15.7515], [-56.1598, -15.7515], [-56.1586, -15.7504], [-56.1566, -15.7507], [-56.1547, -15.7518], [-56.1511, -15.7562], [-56.1504, -15.7584], [-56.1514, -15.7605], [-56.1507, -15.7624], [-56.1511, -15.7638], [-56.149, -15.7638], [-56.1485, -15.7656], [-56.1473, -15.7667], [-56.1459, -15.7697], [-56.1178, -15.7771], [-56.0966, -15.7849], [-56.0904, -15.8369], [-56.1005, -15.8868], [-56.0933, -15.9304], [-56.0902, -15.9339], [-56.0466, -15.9753], [-56.0378, -16.0318], [-56.0033, -16.0754], [-55.9882, -16.094], [-55.9489, -16.1663], [-55.9515, -16.1673], [-55.9533, -16.1686], [-55.9548, -16.1722], [-55.9549, -16.1774], [-55.9561, -16.1792], [-55.9572, -16.1783], [-55.9574, -16.1741], [-55.9581, -16.1731], [-55.9609, -16.1719], [-55.964, -16.1719], [-55.9668, -16.1724], [-55.9682, -16.1732], [-55.9692, -16.1752], [-55.9664, -16.1776], [-55.9652, -16.1796], [-55.9649, -16.1817], [-55.9654, -16.1883], [-55.9661, -16.1899], [-55.9697, -16.1942], [-55.9766, -16.2002], [-55.9792, -16.202], [-55.9833, -16.2033], [-55.9858, -16.2035], [-55.9908, -16.202], [-55.9972, -16.1981], [-55.9987, -16.1975], [-55.9986, -16.1965], [-55.9966, -16.1964], [-55.9961, -16.1958], [-55.998, -16.1932], [-55.9985, -16.193], [-56.0017, -16.1947], [-56.0042, -16.1949], [-56.0047, -16.1958], [-56.0049, -16.1983], [-56.0028, -16.2023], [-56.0027, -16.2039], [-56.0038, -16.2048], [-56.0069, -16.2043], [-56.0083, -16.2049], [-56.0106, -16.2079], [-56.0127, -16.2119], [-56.0138, -16.2181], [-56.0139, -16.2229], [-56.0133, -16.2278], [-56.0139, -16.2301], [-56.0149, -16.2303], [-56.016, -16.2293], [-56.0184, -16.2287], [-56.0191, -16.2272], [-56.0186, -16.2237], [-56.0173, -16.2198], [-56.0166, -16.2157], [-56.0173, -16.2145], [-56.0197, -16.2144], [-56.0206, -16.2154], [-56.0229, -16.2188], [-56.0238, -16.2213], [-56.0243, -16.2264], [-56.0254, -16.2287], [-56.0257, -16.2305], [-56.0248, -16.2323], [-56.0205, -16.2346], [-56.0182, -16.2352], [-56.0154, -16.2374], [-56.0138, -16.2404], [-56.0147, -16.2416], [-56.0151, -16.2431], [-56.0148, -16.2476], [-56.0131, -16.2517], [-56.0134, -16.2532], [-56.0143, -16.2548], [-56.0158, -16.2547], [-56.0165, -16.2529], [-56.0174, -16.2524], [-56.021, -16.2529], [-56.0237, -16.2527], [-56.0246, -16.2538], [-56.0246, -16.2554], [-56.0229, -16.2568], [-56.0205, -16.2557], [-56.0174, -16.2579], [-56.0174, -16.2594], [-56.0186, -16.2618], [-56.0195, -16.2624], [-56.0228, -16.2635], [-56.0222, -16.2664], [-56.0232, -16.267], [-56.0252, -16.2668], [-56.0261, -16.2676], [-56.0257, -16.2687], [-56.027, -16.27], [-56.0294, -16.271], [-56.03, -16.2719], [-56.029, -16.2737], [-56.0291, -16.2747], [-56.0305, -16.2751], [-56.0322, -16.2745], [-56.0331, -16.2722], [-56.0342, -16.2709], [-56.0363, -16.2707], [-56.0381, -16.2724], [-56.0398, -16.2723], [-56.0434, -16.2738], [-56.0499, -16.2735], [-56.0509, -16.2722], [-56.052, -16.2696], [-56.0536, -16.2691], [-56.0546, -16.2745], [-56.0532, -16.2782], [-56.0519, -16.2798], [-56.0503, -16.2809], [-56.0483, -16.2814], [-56.0435, -16.2812], [-56.0435, -16.2826], [-56.0447, -16.2835], [-56.0495, -16.2844], [-56.0503, -16.285], [-56.0504, -16.2871], [-56.0493, -16.2886], [-56.0483, -16.2883], [-56.0481, -16.2862], [-56.0462, -16.2858], [-56.0459, -16.2886], [-56.0472, -16.2914], [-56.0496, -16.2934], [-56.0505, -16.2954], [-56.0506, -16.2968], [-56.0515, -16.2981], [-56.0538, -16.2982], [-56.0556, -16.2975], [-56.0616, -16.2977], [-56.0645, -16.2968], [-56.0665, -16.2949], [-56.0673, -16.2932], [-56.068, -16.2894], [-56.0693, -16.2891], [-56.0726, -16.2929], [-56.0729, -16.296], [-56.0717, -16.2987], [-56.0702, -16.3008], [-56.0681, -16.3018], [-56.065, -16.3022], [-56.0644, -16.3034], [-56.0645, -16.3061], [-56.0633, -16.3098], [-56.0634, -16.3118], [-56.0657, -16.3142], [-56.068, -16.3148], [-56.0702, -16.3147], [-56.0735, -16.3136], [-56.0748, -16.3123], [-56.0754, -16.3108], [-56.0771, -16.3097], [-56.0784, -16.3102], [-56.081, -16.3132], [-56.0812, -16.3151], [-56.0804, -16.319], [-56.0812, -16.3223], [-56.0824, -16.324], [-56.0816, -16.325], [-56.0781, -16.324], [-56.076, -16.3277], [-56.0773, -16.3291], [-56.0784, -16.3279], [-56.0792, -16.3282], [-56.0819, -16.3307], [-56.0847, -16.3308], [-56.0878, -16.3291], [-56.091, -16.3263], [-56.092, -16.3246], [-56.0931, -16.3218], [-56.0937, -16.3151], [-56.096, -16.3153], [-56.0984, -16.315], [-56.1012, -16.3155], [-56.1023, -16.3168], [-56.1028, -16.3184], [-56.1025, -16.3208], [-56.1018, -16.3225], [-56.102, -16.3243], [-56.1028, -16.3257], [-56.1039, -16.3261], [-56.1069, -16.3255], [-56.1073, -16.3236], [-56.1096, -16.3188], [-56.1106, -16.3198], [-56.109, -16.3253], [-56.1103, -16.3274], [-56.1107, -16.3293], [-56.1117, -16.3306], [-56.1174, -16.3316], [-56.1193, -16.3316], [-56.1211, -16.3265], [-56.1207, -16.324], [-56.1213, -16.3207], [-56.1209, -16.317], [-56.1199, -16.3153], [-56.1199, -16.3131], [-56.1216, -16.3125], [-56.1235, -16.3137], [-56.1237, -16.3156], [-56.123, -16.3274], [-56.1236, -16.3288], [-56.1275, -16.3312], [-56.128, -16.3325], [-56.1273, -16.3336], [-56.1251, -16.3341], [-56.1232, -16.335], [-56.1219, -16.3347], [-56.1211, -16.3356], [-56.1224, -16.3372], [-56.1237, -16.3376], [-56.1305, -16.3383], [-56.1319, -16.3377], [-56.1326, -16.3343], [-56.1346, -16.3334], [-56.1367, -16.3344], [-56.1378, -16.3367], [-56.1369, -16.3391], [-56.135, -16.3405], [-56.1332, -16.3424], [-56.1334, -16.3438], [-56.1346, -16.3436], [-56.1402, -16.3405], [-56.1427, -16.3413], [-56.1442, -16.3403], [-56.1432, -16.3374], [-56.1439, -16.3362], [-56.1468, -16.3363], [-56.1496, -16.3383], [-56.1525, -16.3386], [-56.1542, -16.34], [-56.155, -16.3424], [-56.1552, -16.3443], [-56.1546, -16.346], [-56.1493, -16.3516], [-56.1478, -16.3538], [-56.1462, -16.3548], [-56.1456, -16.3558], [-56.1451, -16.3586], [-56.1427, -16.362], [-56.142, -16.3635], [-56.1428, -16.3644], [-56.1475, -16.3655], [-56.1504, -16.3648], [-56.1546, -16.3662], [-56.1576, -16.3657], [-56.1594, -16.3642], [-56.1623, -16.3604], [-56.1652, -16.3581], [-56.1672, -16.3551], [-56.1693, -16.3534], [-56.1715, -16.3526], [-56.1726, -16.3527], [-56.1747, -16.3536], [-56.1765, -16.3553], [-56.1776, -16.357], [-56.1784, -16.3593], [-56.1781, -16.3606], [-56.1767, -16.3626], [-56.1742, -16.365], [-56.1737, -16.3668], [-56.1745, -16.3688], [-56.1763, -16.3695], [-56.1788, -16.3722], [-56.1804, -16.3731], [-56.1826, -16.3727], [-56.1839, -16.371], [-56.1842, -16.3697], [-56.1835, -16.3668], [-56.1812, -16.3635], [-56.1809, -16.3618], [-56.1818, -16.3582], [-56.1841, -16.3572], [-56.1851, -16.3575], [-56.1866, -16.3594], [-56.1884, -16.3587], [-56.1898, -16.3589], [-56.1913, -16.3581], [-56.1936, -16.3519], [-56.1955, -16.3515], [-56.1969, -16.3523], [-56.1986, -16.3542], [-56.1999, -16.3567], [-56.2006, -16.3604], [-56.2012, -16.3617], [-56.2045, -16.3664], [-56.2057, -16.367], [-56.2067, -16.3643], [-56.2077, -16.3648], [-56.2078, -16.367], [-56.2104, -16.3684], [-56.2112, -16.3707], [-56.2084, -16.3699], [-56.2065, -16.3718], [-56.2076, -16.374], [-56.2068, -16.3754], [-56.21, -16.3792], [-56.211, -16.3792], [-56.2119, -16.3778], [-56.2127, -16.3779], [-56.2142, -16.3811], [-56.2135, -16.3825], [-56.2109, -16.3848], [-56.2102, -16.386], [-56.2086, -16.3847], [-56.2062, -16.3841], [-56.2051, -16.3832], [-56.205, -16.3813], [-56.204, -16.3815], [-56.2041, -16.3837], [-56.2056, -16.3859], [-56.2068, -16.3868], [-56.2106, -16.3877], [-56.2116, -16.3882], [-56.2132, -16.3903], [-56.2128, -16.3914], [-56.2105, -16.3919], [-56.21, -16.3935], [-56.2113, -16.3959], [-56.2135, -16.3961], [-56.2156, -16.399], [-56.2175, -16.3996], [-56.2228, -16.3975], [-56.2243, -16.3961], [-56.2254, -16.3941], [-56.2275, -16.3938], [-56.2293, -16.3951], [-56.2327, -16.3963], [-56.2331, -16.3949], [-56.2324, -16.3917], [-56.2327, -16.3892], [-56.2333, -16.3891], [-56.2411, -16.3928], [-56.2449, -16.3967], [-56.2489, -16.3978], [-56.2526, -16.3967], [-56.2535, -16.3976], [-56.2542, -16.4015], [-56.2539, -16.4045], [-56.255, -16.4056], [-56.2578, -16.4052], [-56.2596, -16.4004], [-56.2634, -16.397], [-56.2652, -16.3945], [-56.2667, -16.3946], [-56.2678, -16.3965], [-56.2676, -16.3983], [-56.2649, -16.4037], [-56.2654, -16.4066], [-56.2647, -16.4109], [-56.2656, -16.4108], [-56.2672, -16.4091], [-56.2728, -16.4086], [-56.2744, -16.4076], [-56.2762, -16.4053], [-56.2773, -16.4019], [-56.279, -16.4018], [-56.2793, -16.4031], [-56.2802, -16.4037], [-56.2839, -16.4039], [-56.2846, -16.4049], [-56.2853, -16.4083], [-56.2861, -16.4088], [-56.2885, -16.4088], [-56.2889, -16.4072], [-56.2865, -16.4052], [-56.2843, -16.4023], [-56.2834, -16.4004], [-56.2836, -16.3985], [-56.2845, -16.3972], [-56.2859, -16.3969], [-56.2886, -16.3986], [-56.289, -16.4013], [-56.2904, -16.4049], [-56.2914, -16.4054], [-56.2962, -16.401], [-56.2976, -16.4003], [-56.3001, -16.4], [-56.301, -16.3992], [-56.3011, -16.397], [-56.3, -16.3946], [-56.3004, -16.3932], [-56.2993, -16.3923], [-56.2979, -16.3887], [-56.2978, -16.3793], [-56.2968, -16.3734], [-56.291, -16.3664], [-56.2878, -16.3633], [-56.2861, -16.3602], [-56.2842, -16.3591], [-56.2796, -16.3543], [-56.2779, -16.3536], [-56.2756, -16.3534], [-56.273, -16.3515], [-56.2707, -16.3506], [-56.2692, -16.3483], [-56.2688, -16.3455], [-56.2668, -16.3428], [-56.2665, -16.3397], [-56.2658, -16.3385], [-56.2646, -16.3378], [-56.2632, -16.334], [-56.261, -16.3331], [-56.26, -16.3322], [-56.2589, -16.3292], [-56.2577, -16.3284], [-56.2553, -16.3281], [-56.2527, -16.3264], [-56.2517, -16.3223], [-56.2503, -16.3197], [-56.2482, -16.3169], [-56.2476, -16.315], [-56.2482, -16.3127], [-56.2473, -16.3083], [-56.2476, -16.3055], [-56.2474, -16.3033], [-56.2482, -16.3004], [-56.2481, -16.2982], [-56.247, -16.2942], [-56.2461, -16.2926], [-56.2459, -16.2908], [-56.247, -16.2889], [-56.249, -16.2866], [-56.2493, -16.2841], [-56.2487, -16.2825], [-56.2481, -16.2779], [-56.2469, -16.276], [-56.2453, -16.2718], [-56.2435, -16.2622], [-56.2426, -16.2598], [-56.2389, -16.2533], [-56.2325, -16.2466], [-56.2244, -16.2415], [-56.2225, -16.239], [-56.2204, -16.2344], [-56.2184, -16.2287], [-56.2182, -16.2259], [-56.2187, -16.2196], [-56.2183, -16.2143], [-56.2188, -16.2116], [-56.2176, -16.2055], [-56.2184, -16.2026], [-56.2184, -16.1998], [-56.217, -16.1953], [-56.2171, -16.1909], [-56.216, -16.1877], [-56.2754, -16.1933], [-56.278, -16.1947], [-56.2815, -16.1943], [-56.2863, -16.1952], [-56.2913, -16.1948], [-56.2945, -16.1935], [-56.2971, -16.1929], [-56.3004, -16.1934], [-56.3028, -16.1945], [-56.3069, -16.1981], [-56.309, -16.2014], [-56.3158, -16.2058], [-56.3212, -16.2035], [-56.325, -16.2037], [-56.3278, -16.2049], [-56.3303, -16.2072], [-56.3316, -16.2101], [-56.3321, -16.2161], [-56.3316, -16.2198], [-56.3303, -16.2226], [-56.3281, -16.2232], [-56.3259, -16.2229], [-56.3248, -16.2233], [-56.3228, -16.2259], [-56.3224, -16.2282], [-56.3227, -16.2308], [-56.3244, -16.2342], [-56.3264, -16.2365], [-56.3276, -16.2389], [-56.3289, -16.2397], [-56.3304, -16.2394], [-56.3324, -16.2395], [-56.3338, -16.2406], [-56.336, -16.2432], [-56.3392, -16.2453], [-56.3418, -16.2457], [-56.3446, -16.245], [-56.3462, -16.2438], [-56.3475, -16.2442], [-56.3485, -16.2465], [-56.3495, -16.2472], [-56.3547, -16.2481], [-56.3574, -16.2477], [-56.3589, -16.2467], [-56.36, -16.247], [-56.3615, -16.2485], [-56.3648, -16.2493], [-56.3665, -16.2508], [-56.3672, -16.2523], [-56.3689, -16.2534], [-56.3703, -16.2568], [-56.3701, -16.2598], [-56.3705, -16.2606], [-56.372, -16.2611], [-56.3733, -16.2605], [-56.3754, -16.2602], [-56.3771, -16.2608], [-56.3783, -16.2606], [-56.3805, -16.2591], [-56.3847, -16.2596], [-56.3864, -16.2587], [-56.3891, -16.2565], [-56.3915, -16.2553], [-56.3969, -16.2557], [-56.4006, -16.2568], [-56.4035, -16.2582], [-56.4076, -16.2586], [-56.4114, -16.2596], [-56.4142, -16.2598], [-56.4189, -16.259], [-56.4218, -16.2575], [-56.4234, -16.256], [-56.4248, -16.2552], [-56.4274, -16.255], [-56.4299, -16.2565], [-56.4305, -16.2578], [-56.431, -16.2612], [-56.433, -16.2631], [-56.4343, -16.2666], [-56.4362, -16.268], [-56.4379, -16.2685], [-56.4399, -16.2704], [-56.4434, -16.2727], [-56.4491, -16.2741], [-56.4511, -16.2753], [-56.4536, -16.278], [-56.4552, -16.2805], [-56.4585, -16.2796], [-56.4606, -16.2809], [-56.4617, -16.281], [-56.4638, -16.2803], [-56.4665, -16.2803], [-56.468, -16.2809], [-56.469, -16.28], [-56.47, -16.2765], [-56.4707, -16.2757], [-56.4753, -16.2732], [-56.481, -16.2713], [-56.4829, -16.2719], [-56.4851, -16.2749], [-56.4895, -16.2761], [-56.4915, -16.2761], [-56.4948, -16.2777], [-56.4962, -16.2796], [-56.4963, -16.2821], [-56.4948, -16.2852], [-56.4956, -16.2872], [-56.4978, -16.2894], [-56.4977, -16.2918], [-56.4987, -16.294], [-56.5014, -16.295], [-56.5033, -16.2948], [-56.5047, -16.2954], [-56.5069, -16.2954], [-56.5085, -16.2958], [-56.5119, -16.2977], [-56.5133, -16.2981], [-56.5184, -16.2973], [-56.5206, -16.298], [-56.5219, -16.299], [-56.5274, -16.3], [-56.5324, -16.3026], [-56.5342, -16.304], [-56.5342, -16.3072], [-56.5363, -16.3077], [-56.5372, -16.3071], [-56.5399, -16.3025], [-56.5381, -16.3018], [-56.5383, -16.301], [-56.5363, -16.2959], [-56.537, -16.2952], [-56.5348, -16.2928], [-56.5344, -16.2911], [-56.5347, -16.2887], [-56.5341, -16.2866], [-56.5323, -16.286], [-56.5315, -16.2838], [-56.5324, -16.2827], [-56.5304, -16.2804], [-56.5294, -16.2799], [-56.5277, -16.2766], [-56.5254, -16.2767], [-56.523, -16.2749], [-56.5215, -16.2747], [-56.5197, -16.2715], [-56.5187, -16.2713], [-56.5181, -16.2701], [-56.518, -16.268], [-56.5196, -16.2663], [-56.5182, -16.2644], [-56.5171, -16.2639], [-56.5156, -16.2624], [-56.5157, -16.2613], [-56.5183, -16.258], [-56.517, -16.2575], [-56.5167, -16.2557], [-56.5205, -16.2538], [-56.5216, -16.252], [-56.5201, -16.2514], [-56.5193, -16.2491], [-56.5184, -16.2482], [-56.5193, -16.2471], [-56.5187, -16.245], [-56.5174, -16.2434], [-56.5165, -16.2411], [-56.5169, -16.2399], [-56.5142, -16.2367], [-56.5132, -16.236], [-56.5119, -16.2364], [-56.5105, -16.2352], [-56.5091, -16.2349], [-56.5065, -16.2334], [-56.5062, -16.2318], [-56.5052, -16.2311], [-56.5026, -16.2306], [-56.5016, -16.2293], [-56.499, -16.2278], [-56.4949, -16.2278], [-56.4929, -16.2287], [-56.4916, -16.2286], [-56.4911, -16.2304], [-56.4895, -16.2309], [-56.4895, -16.2323], [-56.4885, -16.2333], [-56.4865, -16.2339], [-56.4854, -16.2325], [-56.4843, -16.2322], [-56.4826, -16.2303], [-56.4807, -16.2305], [-56.4799, -16.2291], [-56.4775, -16.2277], [-56.4763, -16.2292], [-56.4749, -16.2301], [-56.4737, -16.2296], [-56.4725, -16.2275], [-56.4709, -16.2276], [-56.4685, -16.2255], [-56.4668, -16.2251], [-56.4645, -16.224], [-56.4645, -16.2227], [-56.4627, -16.2211], [-56.4607, -16.2211], [-56.4593, -16.2199], [-56.4567, -16.2198], [-56.4563, -16.217], [-56.4585, -16.2147], [-56.4573, -16.2117], [-56.4563, -16.2103], [-56.4561, -16.2084], [-56.4544, -16.2068], [-56.4524, -16.2079], [-56.4541, -16.209], [-56.4527, -16.2103], [-56.4512, -16.2086], [-56.449, -16.2075], [-56.4505, -16.207], [-56.4497, -16.2058], [-56.4481, -16.2067], [-56.447, -16.2062], [-56.4473, -16.2049], [-56.4496, -16.2039], [-56.4489, -16.2031], [-56.4475, -16.2038], [-56.4466, -16.2025], [-56.4485, -16.2016], [-56.4468, -16.2008], [-56.4465, -16.1995], [-56.4475, -16.1981], [-56.4474, -16.1958], [-56.4481, -16.1934], [-56.4476, -16.1922], [-56.4464, -16.1916], [-56.4447, -16.1925], [-56.4433, -16.1926], [-56.4434, -16.1912], [-56.4419, -16.1884], [-56.4433, -16.1868], [-56.445, -16.1868], [-56.4455, -16.1856], [-56.4442, -16.1841], [-56.4447, -16.1824], [-56.4458, -16.1831], [-56.4465, -16.1848], [-56.4476, -16.1858], [-56.4485, -16.1844], [-56.4469, -16.1821], [-56.4462, -16.1792], [-56.4453, -16.1779], [-56.4426, -16.1763], [-56.4403, -16.1786], [-56.438, -16.1778], [-56.4374, -16.1765], [-56.4344, -16.1729], [-56.4326, -16.17], [-56.4322, -16.1684], [-56.4332, -16.1678], [-56.4345, -16.169], [-56.4356, -16.1691], [-56.4365, -16.1677], [-56.436, -16.1649], [-56.4336, -16.1612], [-56.4275, -16.1573], [-56.426, -16.1556], [-56.4268, -16.1531], [-56.4264, -16.1518], [-56.4242, -16.1529], [-56.4226, -16.1523], [-56.4228, -16.1507], [-56.4221, -16.1492], [-56.4126, -16.1454], [-56.4115, -16.1431], [-56.4116, -16.14], [-56.4123, -16.1378], [-56.4083, -16.1357], [-56.4065, -16.136], [-56.4055, -16.1353], [-56.4036, -16.1351], [-56.4027, -16.1338], [-56.4022, -16.1314], [-56.4007, -16.1288], [-56.401, -16.1273], [-56.399, -16.1277], [-56.3966, -16.1266], [-56.3944, -16.1269], [-56.3924, -16.123], [-56.3893, -16.1221], [-56.3883, -16.1197], [-56.3867, -16.1194], [-56.3843, -16.1166], [-56.384, -16.1154], [-56.3846, -16.1128], [-56.3844, -16.1116], [-56.3824, -16.1094], [-56.3822, -16.107], [-56.3826, -16.1054], [-56.3814, -16.1046], [-56.3802, -16.1026], [-56.3802, -16.1007], [-56.3787, -16.0998], [-56.3804, -16.0984], [-56.3813, -16.096], [-56.3802, -16.0957], [-56.3811, -16.0937], [-56.3806, -16.0918], [-56.3814, -16.0912], [-56.3814, -16.0893], [-56.3805, -16.0887], [-56.3818, -16.0874], [-56.3818, -16.0859], [-56.3827, -16.0847], [-56.3828, -16.0834], [-56.3815, -16.0816], [-56.3818, -16.0791], [-56.3811, -16.0768], [-56.3814, -16.0746], [-56.3831, -16.0733], [-56.3857, -16.0727], [-56.3863, -16.0704], [-56.3875, -16.0695], [-56.3898, -16.0693], [-56.3898, -16.0686], [-56.3916, -16.0661], [-56.3922, -16.0638], [-56.3906, -16.0624], [-56.3906, -16.0612], [-56.3892, -16.0605], [-56.3896, -16.0583], [-56.3906, -16.056], [-56.3896, -16.0534], [-56.3897, -16.0515], [-56.3911, -16.0497], [-56.39, -16.0493], [-56.3896, -16.0467], [-56.3913, -16.0451], [-56.3948, -16.0448], [-56.3942, -16.0423], [-56.3925, -16.0405], [-56.3949, -16.0392], [-56.3962, -16.0404], [-56.3974, -16.0392], [-56.3985, -16.0391], [-56.3985, -16.0375], [-56.4, -16.0367], [-56.4007, -16.0373], [-56.4032, -16.0369], [-56.4073, -16.0347], [-56.4089, -16.0329], [-56.4183, -16.0317], [-56.4197, -16.031], [-56.421, -16.029], [-56.4209, -16.0257], [-56.4219, -16.0245], [-56.4258, -16.0225], [-56.4282, -16.0226], [-56.4298, -16.022], [-56.4309, -16.0208], [-56.434, -16.0197], [-56.4356, -16.0196], [-56.4395, -16.0201], [-56.4427, -16.0184], [-56.4457, -16.0184], [-56.4474, -16.0179], [-56.4541, -16.0148], [-56.4574, -16.0116], [-56.4604, -16.0106], [-56.4628, -16.0078], [-56.463, -16.0053], [-56.4653, -16.0048], [-56.4663, -16.0058], [-56.4687, -16.0058], [-56.4714, -16.0025], [-56.4711, -16.0014], [-56.4743, -16.0008], [-56.4756, -15.9996], [-56.4783, -15.9979], [-56.4795, -15.9959], [-56.4807, -15.9953], [-56.4836, -15.9953], [-56.4841, -15.9947], [-56.4837, -15.993], [-56.4853, -15.9927], [-56.4862, -15.9942], [-56.4879, -15.9947], [-56.4887, -15.9931], [-56.49, -15.9943], [-56.4915, -15.9946], [-56.4931, -15.9933], [-56.4946, -15.9944], [-56.4957, -15.9942], [-56.4957, -15.9927], [-56.497, -15.9906], [-56.4973, -15.9891], [-56.4983, -15.9878], [-56.4989, -15.9858], [-56.4993, -15.9822], [-56.5019, -15.9795], [-56.5039, -15.9784], [-56.5068, -15.9783], [-56.5079, -15.977], [-56.5081, -15.9752], [-56.5089, -15.9741], [-56.5092, -15.9719], [-56.5108, -15.9708], [-56.5154, -15.9712], [-56.5174, -15.9706], [-56.5205, -15.9688], [-56.5225, -15.9667], [-56.5241, -15.9659], [-56.5248, -15.9646], [-56.5267, -15.9632], [-56.529, -15.9621], [-56.5314, -15.9594], [-56.5353, -15.9582], [-56.538, -15.9578], [-56.5395, -15.9558], [-56.5418, -15.9556], [-56.544, -15.9569], [-56.5469, -15.9564], [-56.5481, -15.9555], [-56.5499, -15.9526], [-56.5499, -15.9501], [-56.5515, -15.9476], [-56.5544, -15.9452], [-56.5556, -15.9451], [-56.558, -15.9432], [-56.5592, -15.9427], [-56.5608, -15.9411], [-56.5609, -15.9392], [-56.5616, -15.9382], [-56.5613, -15.9365], [-56.5601, -15.9344], [-56.5592, -15.9311], [-56.5584, -15.9304], [-56.5594, -15.9289], [-56.5588, -15.9278], [-56.5581, -15.9226], [-56.5562, -15.9201], [-56.5564, -15.918], [-56.5577, -15.9149], [-56.557, -15.9126], [-56.5557, -15.9119], [-56.5561, -15.9055], [-56.5576, -15.8978], [-56.5583, -15.8961], [-56.5603, -15.893], [-56.5627, -15.8918], [-56.5642, -15.8901], [-56.5642, -15.8852], [-56.5652, -15.8827], [-56.5633, -15.8797], [-56.5626, -15.8772], [-56.5606, -15.8745], [-56.5587, -15.8734], [-56.5565, -15.8728], [-56.5547, -15.8715], [-56.553, -15.8686], [-56.5523, -15.8662], [-56.5496, -15.8635], [-56.5488, -15.8603], [-56.5474, -15.8586], [-56.5463, -15.8554], [-56.5436, -15.8527], [-56.5427, -15.8505], [-56.5429, -15.8478], [-56.5437, -15.8455], [-56.543, -15.8434], [-56.538, -15.8395], [-56.536, -15.8368], [-56.5355, -15.8347], [-56.5356, -15.8326], [-56.535, -15.8307], [-56.5333, -15.8285], [-56.5292, -15.8249], [-56.5269, -15.8214], [-56.5222, -15.8169], [-56.5216, -15.8154], [-56.5193, -15.8133], [-56.5177, -15.8074], [-56.5178, -15.8043], [-56.5169, -15.8002], [-56.5153, -15.7976], [-56.5143, -15.7939], [-56.5137, -15.7932], [-56.5097, -15.7909], [-56.5068, -15.7906], [-56.5046, -15.7895], [-56.5017, -15.7892], [-56.5005, -15.7897], [-56.4972, -15.7901], [-56.496, -15.7894], [-56.4937, -15.7864], [-56.4913, -15.7849], [-56.4917, -15.7832], [-56.4914, -15.7803], [-56.4925, -15.7786], [-56.4918, -15.777], [-56.4886, -15.7755], [-56.4866, -15.773], [-56.4841, -15.7718], [-56.4833, -15.7708], [-56.482, -15.7678], [-56.482, -15.7653], [-56.4834, -15.763], [-56.4831, -15.7609], [-56.4817, -15.7573], [-56.4789, -15.7532], [-56.4787, -15.751], [-56.4796, -15.748], [-56.4778, -15.7458], [-56.4772, -15.7417], [-56.4767, -15.7409], [-56.4745, -15.7405], [-56.4741, -15.7386], [-56.4722, -15.7366], [-56.471, -15.733], [-56.4714, -15.7316], [-56.4708, -15.7301], [-56.4672, -15.7278], [-56.4666, -15.7268], [-56.4661, -15.7237], [-56.465, -15.7226], [-56.4636, -15.7184], [-56.4619, -15.7172], [-56.4589, -15.7138], [-56.4583, -15.7119], [-56.4566, -15.7092], [-56.4547, -15.7041], [-56.4529, -15.7023], [-56.4501, -15.7007], [-56.4483, -15.699], [-56.448, -15.6977], [-56.7265, -15.7992], [-56.7288, -15.802], [-56.7304, -15.8033], [-56.737, -15.8056], [-56.7399, -15.8052], [-56.7414, -15.8056], [-56.7425, -15.8039], [-56.7434, -15.8036], [-56.7454, -15.8039], [-56.7478, -15.8062], [-56.7491, -15.8053], [-56.7507, -15.8049], [-56.7526, -15.8029], [-56.7531, -15.8013], [-56.7522, -15.7994], [-56.7509, -15.7984], [-56.7501, -15.7963], [-56.7504, -15.7945], [-56.7525, -15.7928], [-56.7524, -15.7916], [-56.754, -15.7903], [-56.7548, -15.7903], [-56.7562, -15.7889], [-56.7577, -15.7885], [-56.7621, -15.7905], [-56.7649, -15.7908], [-56.7662, -15.7906], [-56.768, -15.7915], [-56.7694, -15.7928], [-56.7707, -15.7923], [-56.7745, -15.7897], [-56.776, -15.7901], [-56.7767, -15.7881], [-56.7804, -15.792], [-56.7808, -15.7937], [-56.7824, -15.7946], [-56.7829, -15.7933], [-56.7862, -15.7898], [-56.7857, -15.7874], [-56.7873, -15.7864], [-56.7883, -15.785], [-56.7891, -15.786], [-56.7909, -15.7862], [-56.7927, -15.7887], [-56.7946, -15.7899], [-56.7961, -15.7903], [-56.7969, -15.7932], [-56.8017, -15.7971], [-56.8036, -15.7972], [-56.8034, -15.799], [-56.8055, -15.8012], [-56.8069, -15.8022], [-56.8101, -15.807], [-56.8135, -15.8105], [-56.8138, -15.8114], [-56.8139, -15.8145], [-56.8146, -15.8158], [-56.8171, -15.817], [-56.8209, -15.8211], [-56.8238, -15.8221], [-56.8253, -15.8232], [-56.8284, -15.8265], [-56.8299, -15.8254], [-56.8327, -15.8242], [-56.8346, -15.8217], [-56.836, -15.8223], [-56.8376, -15.824], [-56.8386, -15.8235], [-56.8381, -15.8221], [-56.8391, -15.8207], [-56.8418, -15.8206], [-56.842, -15.8194], [-56.8431, -15.8192], [-56.8445, -15.82], [-56.8472, -15.8196], [-56.8497, -15.8209], [-56.8504, -15.8202], [-56.8517, -15.8206], [-56.8533, -15.8181], [-56.8541, -15.8179], [-56.8551, -15.8193], [-56.8565, -15.82], [-56.8578, -15.8219], [-56.8628, -15.8193], [-56.8643, -15.8189], [-56.8647, -15.817], [-56.864, -15.8157], [-56.8662, -15.8142], [-56.8649, -15.8122], [-56.867, -15.8098], [-56.8701, -15.8005], [-56.8711, -15.7999], [-56.8737, -15.7997], [-56.8741, -15.8014], [-56.8757, -15.8021], [-56.8754, -15.803], [-56.8764, -15.8042], [-56.8775, -15.8044], [-56.8792, -15.8016], [-56.8811, -15.8012], [-56.8822, -15.8019], [-56.8853, -15.8024], [-56.8858, -15.8017], [-56.8829, -15.7969], [-56.8805, -15.7938], [-56.8804, -15.7924], [-56.8814, -15.7912], [-56.8868, -15.7885], [-56.8878, -15.7868], [-56.8902, -15.7847], [-56.892, -15.7818], [-56.8935, -15.781], [-56.8931, -15.7795], [-56.8935, -15.7783], [-56.8954, -15.7766], [-56.8948, -15.7751], [-56.8952, -15.7714], [-56.8932, -15.7704], [-56.8916, -15.7711], [-56.8913, -15.7694], [-56.8919, -15.7682], [-56.8937, -15.7668], [-56.8951, -15.7662], [-56.8982, -15.7659], [-56.9006, -15.7662], [-56.9033, -15.7651], [-56.905, -15.7655], [-56.9069, -15.7644], [-56.9085, -15.7644], [-56.9108, -15.7634], [-56.9123, -15.764], [-56.9195, -15.7598], [-56.9212, -15.7603], [-56.9238, -15.7628], [-56.9245, -15.7649], [-56.9273, -15.7663], [-56.9303, -15.7672], [-56.9322, -15.7669], [-56.9336, -15.7681], [-56.9345, -15.7681], [-56.9367, -15.767], [-56.9387, -15.7669], [-56.9398, -15.7677], [-56.942, -15.7677], [-56.9444, -15.7689], [-56.9457, -15.7714], [-56.9469, -15.7721], [-56.949, -15.772], [-56.9515, -15.7713], [-56.952, -15.7699], [-56.9552, -15.7696], [-56.9561, -15.7713], [-56.9575, -15.7712], [-56.9598, -15.7686], [-56.9606, -15.7688], [-56.962, -15.7709], [-56.963, -15.7734], [-56.9647, -15.7746], [-56.9655, -15.7765], [-56.9684, -15.7795], [-56.9693, -15.7823], [-56.9701, -15.7832], [-56.9709, -15.7864], [-56.9724, -15.7856], [-56.9731, -15.7877], [-56.9742, -15.7882], [-56.976, -15.7881], [-56.9766, -15.789], [-56.976, -15.7908], [-56.9769, -15.7925], [-56.9769, -15.7941], [-56.9777, -15.7952], [-56.9791, -15.7954], [-56.9806, -15.7963], [-56.9823, -15.7961], [-56.9839, -15.7968], [-56.9845, -15.7985], [-56.9868, -15.7985], [-56.9897, -15.7971], [-56.9908, -15.7969], [-56.9919, -15.7998], [-56.993, -15.8007], [-56.9963, -15.8005], [-56.9974, -15.8015], [-56.9981, -15.8041], [-56.9994, -15.8059], [-57.0036, -15.8062], [-57.006, -15.804], [-57.0075, -15.8037]]]}}, {"type": "Feature", "properties": {"nome": "Santo Antônio de Leverger"}, "geometry": {"type": "Polygon", "coordinates": [[[-55.9489, -16.1663], [-55.9882, -16.094], [-56.0033, -16.0754], [-56.0378, -16.0318], [-56.0466, -15.9753], [-56.0902, -15.9339], [-56.0933, -15.9304], [-56.1005, -15.8868], [-56.0904, -15.8369], [-56.0966, -15.7849], [-56.1178, -15.7771], [-56.1459, -15.7697], [-56.096, -15.7683], [-55.893, -15.6987], [-55.8886, -15.7009], [-55.8357, -15.7017], [-55.7457, -15.7037], [-55.7106, -15.7048], [-55.7088, -15.7051], [-55.6975, -15.7115], [-55.6845, -15.7175], [-55.6793, -15.7203], [-55.6719, -15.7254], [-55.6708, -15.7268], [-55.6568, -15.7175], [-55.6509, -15.7151], [-55.6484, -15.7147], [-55.6414, -15.7144], [-55.637, -15.7146], [-55.6333, -15.7154], [-55.627, -15.7183], [-55.625, -15.7202], [-55.6233, -15.7241], [-55.6227, -15.7272], [-55.6226, -15.7328], [-55.622, -15.7349], [-55.6206, -15.7367], [-55.6191, -15.7374], [-55.5387, -15.7371], [-55.5389, -15.7392], [-55.5398, -15.7408], [-55.5394, -15.745], [-55.5381, -15.75], [-55.5391, -15.7503], [-55.5415, -15.755], [-55.5408, -15.756], [-55.5374, -15.7574], [-55.5364, -15.7568], [-55.5333, -15.7563], [-55.5299, -15.7577], [-55.5316, -15.7586], [-55.5341, -15.759], [-55.5359, -15.7608], [-55.5374, -15.7632], [-55.5399, -15.7628], [-55.5416, -15.7607], [-55.5436, -15.7608], [-55.5438, -15.7617], [-55.5427, -15.7633], [-55.5429, -15.7658], [-55.5457, -15.7675], [-55.5473, -15.7702], [-55.5491, -15.7719], [-55.5498, -15.7717], [-55.5485, -15.7692], [-55.5484, -15.7675], [-55.5474, -15.7659], [-55.5474, -15.7647], [-55.5514, -15.7648], [-55.5544, -15.7656], [-55.5557, -15.7667], [-55.5574, -15.7671], [-55.5583, -15.7683], [-55.5615, -15.7701], [-55.5633, -15.7716], [-55.5649, -15.772], [-55.5666, -15.7716], [-55.5677, -15.7725], [-55.567, -15.7742], [-55.5702, -15.7764], [-55.5708, -15.7775], [-55.5699, -15.7792], [-55.5702, -15.7825], [-55.5698, -15.785], [-55.5704, -15.7858], [-55.5722, -15.7867], [-55.5718, -15.7892], [-55.5726, -15.7906], [-55.5758, -15.7915], [-55.5749, -15.7924], [-55.5708, -15.7918], [-55.5676, -15.7933], [-55.5658, -15.7948], [-55.559, -15.7975], [-55.5602, -15.7981], [-55.5633, -15.7978], [-55.5698, -15.7982], [-55.5694, -15.7992], [-55.5674, -15.8002], [-55.5641, -15.801], [-55.5608, -15.8029], [-55.5574, -15.8043], [-55.5571, -15.8058], [-55.5596, -15.8067], [-55.5608, -15.8058], [-55.5624, -15.806], [-55.5649, -15.8043], [-55.5683, -15.8045], [-55.5707, -15.8041], [-55.5747, -15.805], [-55.5757, -15.8058], [-55.5774, -15.8061], [-55.5808, -15.8049], [-55.5822, -15.8058], [-55.5806, -15.809], [-55.5799, -15.8095], [-55.5733, -15.8079], [-55.5691, -15.8088], [-55.5649, -15.8085], [-55.5626, -15.81], [-55.5631, -15.8125], [-55.5663, -15.8142], [-55.567, -15.8158], [-55.5663, -15.8178], [-55.5654, -15.8179], [-55.5631, -15.8165], [-55.5616, -15.8178], [-55.557, -15.8137], [-55.5562, -15.8117], [-55.5549, -15.8099], [-55.5541, -15.8107], [-55.5562, -15.8133], [-55.5575, -15.8184], [-55.5565, -15.82], [-55.5573, -15.8217], [-55.5558, -15.8231], [-55.5535, -15.8235], [-55.5516, -15.8245], [-55.5492, -15.825], [-55.5516, -15.826], [-55.5532, -15.8276], [-55.5559, -15.8285], [-55.5555, -15.8297], [-55.5508, -15.8325], [-55.5475, -15.8333], [-55.5458, -15.835], [-55.5412, -15.8358], [-55.5425, -15.8375], [-55.5433, -15.8393], [-55.5449, -15.8391], [-55.5463, -15.8408], [-55.546, -15.8419], [-55.5429, -15.845], [-55.5421, -15.8467], [-55.5417, -15.85], [-55.5409, -15.8517], [-55.542, -15.8529], [-55.5433, -15.8517], [-55.5447, -15.8517], [-55.5458, -15.8534], [-55.5466, -15.8533], [-55.5483, -15.8514], [-55.5508, -15.8508], [-55.554, -15.8483], [-55.5546, -15.8495], [-55.5564, -15.851], [-55.5583, -15.8513], [-55.5596, -15.8533], [-55.5593, -15.8542], [-55.555, -15.8558], [-55.5516, -15.8564], [-55.5487, -15.8575], [-55.5486, -15.8592], [-55.547, -15.8608], [-55.5476, -15.8615], [-55.5499, -15.8617], [-55.5536, -15.863], [-55.5549, -15.8647], [-55.5568, -15.8644], [-55.5591, -15.8618], [-55.5616, -15.8618], [-55.5639, -15.8633], [-55.5601, -15.8667], [-55.559, -15.8683], [-55.5599, -15.8699], [-55.5649, -15.8705], [-55.5674, -15.8689], [-55.5695, -15.8696], [-55.5705, -15.8708], [-55.5719, -15.8714], [-55.5716, -15.8733], [-55.5703, -15.8745], [-55.5699, -15.8767], [-55.5691, -15.8773], [-55.5674, -15.8769], [-55.5673, -15.8792], [-55.5658, -15.8811], [-55.5633, -15.8815], [-55.5633, -15.8836], [-55.5641, -15.8846], [-55.5666, -15.8836], [-55.5682, -15.8824], [-55.5699, -15.8826], [-55.5711, -15.8842], [-55.5698, -15.8858], [-55.57, -15.8867], [-55.5722, -15.8883], [-55.5725, -15.8918], [-55.5722, -15.8933], [-55.571, -15.8958], [-55.573, -15.8983], [-55.5741, -15.899], [-55.5758, -15.9023], [-55.5766, -15.903], [-55.5799, -15.9026], [-55.5817, -15.9042], [-55.5814, -15.9065], [-55.5808, -15.9075], [-55.5811, -15.9092], [-55.5776, -15.911], [-55.5772, -15.9122], [-55.5741, -15.9142], [-55.5729, -15.9133], [-55.5699, -15.9082], [-55.5691, -15.909], [-55.569, -15.9108], [-55.5683, -15.9118], [-55.5657, -15.9108], [-55.5661, -15.9142], [-55.5673, -15.9158], [-55.5677, -15.9192], [-55.5674, -15.9206], [-55.5649, -15.9202], [-55.5608, -15.9201], [-55.5591, -15.9214], [-55.5558, -15.921], [-55.5533, -15.9217], [-55.5508, -15.9208], [-55.5511, -15.9183], [-55.5499, -15.9182], [-55.5483, -15.9198], [-55.5468, -15.9175], [-55.5474, -15.9158], [-55.5466, -15.9144], [-55.5455, -15.9136], [-55.5454, -15.9117], [-55.5461, -15.91], [-55.5435, -15.9077], [-55.5416, -15.9068], [-55.5401, -15.9085], [-55.5359, -15.9093], [-55.5362, -15.9108], [-55.5333, -15.9138], [-55.5312, -15.9138], [-55.53, -15.9117], [-55.5327, -15.91], [-55.5333, -15.9092], [-55.5332, -15.9076], [-55.5316, -15.9042], [-55.5316, -15.9033], [-55.5283, -15.9019], [-55.5274, -15.9029], [-55.5259, -15.9032], [-55.5224, -15.9027], [-55.5208, -15.9041], [-55.5202, -15.9058], [-55.5183, -15.907], [-55.5164, -15.9067], [-55.517, -15.905], [-55.5158, -15.9035], [-55.5144, -15.9008], [-55.5144, -15.8997], [-55.5134, -15.8983], [-55.5145, -15.8967], [-55.5142, -15.8958], [-55.5115, -15.8942], [-55.5123, -15.8917], [-55.5124, -15.8899], [-55.5143, -15.8883], [-55.5132, -15.8867], [-55.5141, -15.8842], [-55.5109, -15.8858], [-55.511, -15.8869], [-55.5102, -15.8886], [-55.5083, -15.8893], [-55.507, -15.8867], [-55.5041, -15.8859], [-55.5038, -15.8908], [-55.505, -15.8916], [-55.5063, -15.8933], [-55.5061, -15.8942], [-55.5041, -15.8945], [-55.5021, -15.8942], [-55.5023, -15.8977], [-55.5035, -15.8992], [-55.5038, -15.9008], [-55.5024, -15.9006], [-55.5012, -15.8979], [-55.4991, -15.8967], [-55.4974, -15.8943], [-55.4963, -15.895], [-55.4958, -15.8975], [-55.4961, -15.8992], [-55.4973, -15.9027], [-55.4983, -15.9041], [-55.4986, -15.9058], [-55.4966, -15.9068], [-55.4949, -15.9063], [-55.4932, -15.9041], [-55.493, -15.9025], [-55.4916, -15.9008], [-55.4893, -15.9018], [-55.4874, -15.9022], [-55.4853, -15.9008], [-55.4874, -15.8975], [-55.4874, -15.8958], [-55.4858, -15.896], [-55.4841, -15.8972], [-55.4829, -15.8958], [-55.483, -15.8933], [-55.4843, -15.8908], [-55.4838, -15.8892], [-55.4851, -15.8882], [-55.4841, -15.8874], [-55.4824, -15.8876], [-55.4815, -15.8868], [-55.4817, -15.8843], [-55.4809, -15.8825], [-55.4783, -15.884], [-55.4766, -15.8835], [-55.4742, -15.88], [-55.474, -15.8784], [-55.4697, -15.8777], [-55.4665, -15.8759], [-55.4665, -15.8742], [-55.4683, -15.8734], [-55.4683, -15.8725], [-55.4664, -15.8717], [-55.4637, -15.8712], [-55.4627, -15.87], [-55.4616, -15.8708], [-55.4633, -15.8742], [-55.4622, -15.8748], [-55.4633, -15.8772], [-55.4648, -15.8785], [-55.4658, -15.8786], [-55.4664, -15.88], [-55.4646, -15.8813], [-55.4645, -15.8825], [-55.4656, -15.8844], [-55.4666, -15.8849], [-55.4672, -15.8831], [-55.4691, -15.8823], [-55.4725, -15.8841], [-55.4741, -15.8858], [-55.4735, -15.8875], [-55.4742, -15.8908], [-55.4736, -15.8933], [-55.4743, -15.8956], [-55.4732, -15.8967], [-55.4728, -15.8983], [-55.4716, -15.9001], [-55.4726, -15.9017], [-55.4696, -15.903], [-55.4695, -15.9058], [-55.4726, -15.9092], [-55.472, -15.9108], [-55.4721, -15.9125], [-55.473, -15.9133], [-55.4758, -15.918], [-55.4782, -15.9201], [-55.4795, -15.9225], [-55.4795, -15.9233], [-55.4782, -15.9258], [-55.4799, -15.9262], [-55.4812, -15.9271], [-55.4816, -15.9283], [-55.4817, -15.9307], [-55.481, -15.9325], [-55.4816, -15.9331], [-55.4833, -15.9324], [-55.4846, -15.9333], [-55.4846, -15.935], [-55.4874, -15.9367], [-55.489, -15.9392], [-55.489, -15.9408], [-55.4874, -15.9416], [-55.4864, -15.9436], [-55.4874, -15.944], [-55.4902, -15.9431], [-55.4916, -15.9433], [-55.4921, -15.945], [-55.494, -15.946], [-55.4958, -15.9483], [-55.4952, -15.95], [-55.4955, -15.9519], [-55.4976, -15.9515], [-55.5028, -15.9542], [-55.5033, -15.9567], [-55.5022, -15.9581], [-55.5033, -15.9589], [-55.5049, -15.9583], [-55.5058, -15.9588], [-55.5067, -15.9608], [-55.5057, -15.9617], [-55.506, -15.9631], [-55.5076, -15.9633], [-55.5078, -15.9642], [-55.506, -15.9669], [-55.5051, -15.9675], [-55.5067, -15.9692], [-55.5073, -15.9682], [-55.5101, -15.9683], [-55.5108, -15.9695], [-55.5124, -15.9705], [-55.5127, -15.9725], [-55.516, -15.975], [-55.5147, -15.9792], [-55.516, -15.9806], [-55.5163, -15.9825], [-55.5149, -15.9836], [-55.5133, -15.9835], [-55.5104, -15.9854], [-55.509, -15.9875], [-55.5074, -15.9879], [-55.5056, -15.9869], [-55.5035, -15.9848], [-55.502, -15.9825], [-55.5008, -15.982], [-55.4991, -15.9795], [-55.4978, -15.9792], [-55.4978, -15.9825], [-55.4983, -15.9842], [-55.4979, -15.9892], [-55.4957, -15.9884], [-55.4949, -15.9842], [-55.4941, -15.9832], [-55.4924, -15.9828], [-55.4914, -15.98], [-55.4897, -15.9783], [-55.4887, -15.975], [-55.4886, -15.9725], [-55.4899, -15.9708], [-55.4891, -15.9704], [-55.4866, -15.9706], [-55.4846, -15.9692], [-55.4845, -15.9675], [-55.4824, -15.9675], [-55.4802, -15.9648], [-55.4774, -15.9639], [-55.4758, -15.9616], [-55.4741, -15.9609], [-55.4723, -15.9593], [-55.4711, -15.9575], [-55.4708, -15.9561], [-55.4674, -15.9558], [-55.4666, -15.955], [-55.4666, -15.9533], [-55.4679, -15.9521], [-55.4683, -15.95], [-55.4666, -15.9505], [-55.4641, -15.9501], [-55.4638, -15.9483], [-55.4624, -15.948], [-55.4599, -15.95], [-55.4592, -15.9468], [-55.4611, -15.9467], [-55.4608, -15.9446], [-55.4593, -15.944], [-55.4583, -15.9421], [-55.4567, -15.9417], [-55.4566, -15.9398], [-55.455, -15.9399], [-55.4557, -15.9433], [-55.454, -15.9442], [-55.4532, -15.9458], [-55.4516, -15.9466], [-55.4491, -15.9448], [-55.4458, -15.9458], [-55.4408, -15.9441], [-55.4383, -15.9446], [-55.4358, -15.9434], [-55.433, -15.9394], [-55.4339, -15.9381], [-55.4366, -15.9367], [-55.4359, -15.9358], [-55.4362, -15.9342], [-55.4347, -15.9327], [-55.4349, -15.9317], [-55.4333, -15.9313], [-55.4316, -15.9315], [-55.4299, -15.9306], [-55.4291, -15.9313], [-55.4301, -15.9342], [-55.4291, -15.9352], [-55.4266, -15.9344], [-55.4249, -15.9347], [-55.4233, -15.934], [-55.4216, -15.9316], [-55.4196, -15.9311], [-55.4206, -15.9333], [-55.4223, -15.9358], [-55.4209, -15.9375], [-55.4174, -15.9391], [-55.4161, -15.9408], [-55.4166, -15.9417], [-55.4199, -15.9407], [-55.4216, -15.9408], [-55.4262, -15.9425], [-55.4241, -15.944], [-55.4233, -15.944], [-55.4174, -15.9466], [-55.4172, -15.9477], [-55.419, -15.9476], [-55.4193, -15.9493], [-55.4183, -15.9501], [-55.4166, -15.9492], [-55.4146, -15.9508], [-55.4158, -15.9516], [-55.4174, -15.9514], [-55.4193, -15.9523], [-55.4208, -15.9535], [-55.4225, -15.9542], [-55.4236, -15.9537], [-55.4238, -15.9525], [-55.4249, -15.9523], [-55.4256, -15.9535], [-55.4277, -15.9542], [-55.427, -15.9575], [-55.4272, -15.9583], [-55.4308, -15.9597], [-55.4314, -15.9608], [-55.4308, -15.9625], [-55.4324, -15.9642], [-55.4333, -15.9657], [-55.4331, -15.9675], [-55.4305, -15.9692], [-55.4296, -15.9717], [-55.4302, -15.9739], [-55.4333, -15.9749], [-55.434, -15.9768], [-55.4321, -15.9762], [-55.4302, -15.9744], [-55.4266, -15.9733], [-55.4253, -15.9722], [-55.4219, -15.9681], [-55.42, -15.9676], [-55.4185, -15.9677], [-55.4176, -15.9692], [-55.4185, -15.9708], [-55.4175, -15.9725], [-55.4179, -15.9737], [-55.419, -15.975], [-55.4185, -15.9758], [-55.4188, -15.9775], [-55.4158, -15.9798], [-55.4149, -15.9796], [-55.4112, -15.9804], [-55.4117, -15.9833], [-55.4099, -15.9858], [-55.4091, -15.9864], [-55.4061, -15.9867], [-55.4058, -15.9892], [-55.4034, -15.991], [-55.4028, -15.9905], [-55.4014, -15.9867], [-55.3998, -15.9883], [-55.3974, -15.9897], [-55.3936, -15.9888], [-55.3922, -15.9869], [-55.3891, -15.9854], [-55.3868, -15.9885], [-55.3833, -15.988], [-55.3787, -15.9845], [-55.3748, -15.982], [-55.3742, -15.9832], [-55.3749, -15.9851], [-55.377, -15.9863], [-55.3793, -15.9883], [-55.3792, -15.9908], [-55.3814, -15.9919], [-55.3816, -15.9933], [-55.3833, -15.9943], [-55.3858, -15.9948], [-55.3877, -15.9967], [-55.3868, -15.9975], [-55.3874, -15.9987], [-55.3899, -15.9989], [-55.3908, -15.9969], [-55.3925, -15.9983], [-55.3914, -16.0], [-55.3924, -16.0016], [-55.3958, -16.0011], [-55.3971, -16.0017], [-55.3974, -16.0051], [-55.3961, -16.0039], [-55.3933, -16.0025], [-55.3916, -16.0036], [-55.3904, -16.0055], [-55.3879, -16.0063], [-55.3871, -16.008], [-55.3857, -16.0091], [-55.3863, -16.0108], [-55.3877, -16.0117], [-55.3879, -16.0133], [-55.3887, -16.0142], [-55.3882, -16.0159], [-55.3888, -16.0175], [-55.3866, -16.0181], [-55.386, -16.0173], [-55.3808, -16.0152], [-55.3791, -16.0153], [-55.3774, -16.0141], [-55.3755, -16.0142], [-55.3758, -16.0159], [-55.3749, -16.0175], [-55.3759, -16.02], [-55.377, -16.0217], [-55.3774, -16.025], [-55.3782, -16.0267], [-55.3785, -16.0294], [-55.3758, -16.029], [-55.3741, -16.028], [-55.3716, -16.0278], [-55.3674, -16.0264], [-55.3624, -16.0283], [-55.36, -16.0275], [-55.3605, -16.0258], [-55.36, -16.0233], [-55.3583, -16.0218], [-55.3564, -16.021], [-55.3558, -16.02], [-55.3543, -16.0198], [-55.3533, -16.0169], [-55.3522, -16.0173], [-55.3527, -16.0192], [-55.3499, -16.02], [-55.3512, -16.0212], [-55.3518, -16.0225], [-55.3576, -16.0257], [-55.3565, -16.0267], [-55.3548, -16.0274], [-55.355, -16.03], [-55.3541, -16.0308], [-55.3523, -16.0298], [-55.3508, -16.0313], [-55.3491, -16.0306], [-55.3472, -16.0314], [-55.3489, -16.0325], [-55.349, -16.0335], [-55.3508, -16.0329], [-55.3533, -16.0329], [-55.356, -16.0339], [-55.3574, -16.0355], [-55.3591, -16.0358], [-55.3605, -16.0367], [-55.3608, -16.0376], [-55.3624, -16.0394], [-55.3658, -16.0377], [-55.3666, -16.0379], [-55.3683, -16.0395], [-55.3699, -16.0391], [-55.3714, -16.04], [-55.3717, -16.0424], [-55.3716, -16.0458], [-55.3711, -16.047], [-55.3695, -16.0483], [-55.371, -16.05], [-55.3699, -16.0517], [-55.3701, -16.0533], [-55.3689, -16.0542], [-55.3681, -16.0558], [-55.3675, -16.0583], [-55.3679, -16.0592], [-55.3677, -16.0625], [-55.368, -16.0642], [-55.3696, -16.065], [-55.3702, -16.0675], [-55.3712, -16.0692], [-55.3743, -16.0715], [-55.3767, -16.0776], [-55.3763, -16.0792], [-55.3719, -16.0833], [-55.3716, -16.0842], [-55.3699, -16.086], [-55.3674, -16.087], [-55.3658, -16.0864], [-55.3647, -16.0872], [-55.3647, -16.0892], [-55.3658, -16.09], [-55.368, -16.0903], [-55.3702, -16.0914], [-55.3711, -16.0925], [-55.371, -16.0958], [-55.3722, -16.0983], [-55.3741, -16.1008], [-55.3743, -16.1033], [-55.3735, -16.1053], [-55.3708, -16.1063], [-55.3675, -16.1057], [-55.365, -16.1068], [-55.3633, -16.1055], [-55.3624, -16.1056], [-55.3608, -16.1071], [-55.3602, -16.1083], [-55.3624, -16.1088], [-55.3649, -16.1107], [-55.3683, -16.1101], [-55.3694, -16.1105], [-55.3718, -16.1123], [-55.3743, -16.1148], [-55.3754, -16.1187], [-55.3766, -16.1195], [-55.3819, -16.1175], [-55.382, -16.115], [-55.381, -16.1133], [-55.3816, -16.1125], [-55.3802, -16.1108], [-55.3816, -16.1098], [-55.3849, -16.1115], [-55.3881, -16.1118], [-55.3908, -16.1115], [-55.3933, -16.1089], [-55.395, -16.1108], [-55.3946, -16.1125], [-55.3966, -16.1153], [-55.3991, -16.1158], [-55.3997, -16.1167], [-55.4033, -16.1185], [-55.404, -16.1192], [-55.4033, -16.1208], [-55.4039, -16.1227], [-55.4049, -16.1242], [-55.4038, -16.1283], [-55.4047, -16.1292], [-55.4045, -16.1308], [-55.4069, -16.1356], [-55.4069, -16.1367], [-55.4086, -16.138], [-55.4096, -16.1395], [-55.4108, -16.14], [-55.4124, -16.1427], [-55.4141, -16.1426], [-55.4166, -16.1403], [-55.4179, -16.1408], [-55.4183, -16.1422], [-55.4199, -16.1425], [-55.4224, -16.1439], [-55.4241, -16.1428], [-55.4258, -16.1434], [-55.4275, -16.1449], [-55.4281, -16.146], [-55.4294, -16.1453], [-55.4307, -16.1466], [-55.4322, -16.1469], [-55.4327, -16.1483], [-55.4325, -16.15], [-55.4342, -16.1517], [-55.4349, -16.1533], [-55.4363, -16.1545], [-55.4365, -16.1558], [-55.438, -16.1575], [-55.4383, -16.1592], [-55.4379, -16.1608], [-55.4382, -16.1625], [-55.4391, -16.1631], [-55.4416, -16.1636], [-55.4441, -16.1655], [-55.4468, -16.1648], [-55.4483, -16.166], [-55.4491, -16.1657], [-55.4533, -16.1671], [-55.4549, -16.1671], [-55.4582, -16.1684], [-55.4587, -16.1708], [-55.4598, -16.1717], [-55.4608, -16.1741], [-55.4629, -16.175], [-55.4637, -16.1778], [-55.4675, -16.18], [-55.4683, -16.18], [-55.4702, -16.1822], [-55.4724, -16.1828], [-55.4749, -16.1796], [-55.4792, -16.1858], [-55.4816, -16.1875], [-55.4831, -16.19], [-55.4843, -16.1907], [-55.4864, -16.191], [-55.4871, -16.1925], [-55.4866, -16.1943], [-55.4891, -16.1942], [-55.4891, -16.1963], [-55.4916, -16.1958], [-55.4918, -16.1981], [-55.4924, -16.1997], [-55.491, -16.2], [-55.4916, -16.203], [-55.4924, -16.2042], [-55.4923, -16.2058], [-55.4933, -16.2069], [-55.4949, -16.2069], [-55.4966, -16.2061], [-55.4972, -16.2083], [-55.4956, -16.21], [-55.4963, -16.2117], [-55.4974, -16.2125], [-55.4977, -16.2139], [-55.4993, -16.214], [-55.499, -16.2158], [-55.4999, -16.2177], [-55.5024, -16.2171], [-55.5035, -16.2181], [-55.5036, -16.2208], [-55.5049, -16.2217], [-55.5066, -16.2235], [-55.5055, -16.2242], [-55.5058, -16.2271], [-55.5076, -16.2285], [-55.5091, -16.228], [-55.51, -16.229], [-55.5124, -16.23], [-55.514, -16.2301], [-55.5156, -16.231], [-55.5183, -16.2351], [-55.5208, -16.2373], [-55.5224, -16.2379], [-55.5258, -16.2367], [-55.5274, -16.237], [-55.5291, -16.2364], [-55.5306, -16.2376], [-55.5325, -16.2383], [-55.5341, -16.2365], [-55.5353, -16.2362], [-55.5366, -16.235], [-55.5374, -16.2364], [-55.5391, -16.2374], [-55.5407, -16.2392], [-55.5418, -16.2423], [-55.5433, -16.2423], [-55.5449, -16.2433], [-55.5433, -16.244], [-55.5408, -16.2439], [-55.5383, -16.2432], [-55.5366, -16.2421], [-55.5341, -16.2431], [-55.5322, -16.2427], [-55.5282, -16.2408], [-55.526, -16.2417], [-55.5265, -16.245], [-55.5263, -16.2467], [-55.527, -16.2475], [-55.527, -16.2492], [-55.5286, -16.25], [-55.529, -16.2517], [-55.5284, -16.2525], [-55.5285, -16.2542], [-55.5274, -16.2544], [-55.5258, -16.2536], [-55.5235, -16.2542], [-55.5241, -16.2558], [-55.5224, -16.2564], [-55.5212, -16.2575], [-55.5201, -16.2593], [-55.5184, -16.2601], [-55.5184, -16.2633], [-55.5192, -16.2658], [-55.5216, -16.27], [-55.5231, -16.271], [-55.5241, -16.2725], [-55.5258, -16.2736], [-55.5353, -16.2755], [-55.5384, -16.2774], [-55.5411, -16.28], [-55.5404, -16.2817], [-55.5405, -16.2855], [-55.5391, -16.2869], [-55.5368, -16.2865], [-55.5358, -16.2847], [-55.5343, -16.2839], [-55.5335, -16.2825], [-55.5329, -16.28], [-55.5283, -16.2769], [-55.5266, -16.2772], [-55.5235, -16.2756], [-55.5222, -16.2742], [-55.5191, -16.2732], [-55.5183, -16.2742], [-55.5189, -16.2758], [-55.5191, -16.2808], [-55.5188, -16.2825], [-55.5195, -16.2842], [-55.5194, -16.2867], [-55.5199, -16.2883], [-55.5196, -16.29], [-55.5206, -16.2925], [-55.5201, -16.295], [-55.519, -16.2976], [-55.5198, -16.2993], [-55.5197, -16.3042], [-55.5201, -16.3067], [-55.5198, -16.3083], [-55.5191, -16.309], [-55.5157, -16.3082], [-55.5133, -16.308], [-55.5116, -16.3072], [-55.5091, -16.3075], [-55.5074, -16.3068], [-55.5058, -16.3068], [-55.505, -16.3058], [-55.5051, -16.3032], [-55.5043, -16.3014], [-55.5016, -16.2985], [-55.4966, -16.2973], [-55.4949, -16.2961], [-55.4941, -16.2967], [-55.4916, -16.2966], [-55.4891, -16.295], [-55.4866, -16.2956], [-55.4848, -16.2952], [-55.4818, -16.2925], [-55.4824, -16.291], [-55.4842, -16.2899], [-55.4837, -16.2875], [-55.4799, -16.2838], [-55.4783, -16.2833], [-55.4771, -16.2817], [-55.4739, -16.281], [-55.4724, -16.2794], [-55.4708, -16.2802], [-55.4706, -16.2817], [-55.4717, -16.2825], [-55.4717, -16.2842], [-55.4703, -16.285], [-55.4693, -16.2875], [-55.4701, -16.2892], [-55.4699, -16.2908], [-55.4716, -16.2925], [-55.4705, -16.295], [-55.4706, -16.2975], [-55.4718, -16.2992], [-55.4716, -16.3008], [-55.4733, -16.3024], [-55.4735, -16.3033], [-55.475, -16.3041], [-55.4791, -16.3083], [-55.4792, -16.3101], [-55.4783, -16.3126], [-55.4764, -16.3127], [-55.4724, -16.3115], [-55.4641, -16.3075], [-55.4623, -16.306], [-55.4599, -16.3056], [-55.4583, -16.3046], [-55.4532, -16.3041], [-55.4509, -16.3058], [-55.4501, -16.306], [-55.4467, -16.3093], [-55.4449, -16.3096], [-55.4433, -16.3094], [-55.4406, -16.3083], [-55.4399, -16.3067], [-55.4374, -16.3062], [-55.4341, -16.3069], [-55.4299, -16.3047], [-55.4274, -16.3052], [-55.4249, -16.3045], [-55.4233, -16.3055], [-55.4199, -16.3061], [-55.4174, -16.3061], [-55.4162, -16.3067], [-55.4167, -16.309], [-55.4179, -16.3117], [-55.4208, -16.3135], [-55.4223, -16.3158], [-55.4228, -16.3188], [-55.4251, -16.3208], [-55.4244, -16.3217], [-55.4224, -16.3221], [-55.4174, -16.32], [-55.4163, -16.3187], [-55.4141, -16.3173], [-55.4116, -16.3172], [-55.4091, -16.3162], [-55.4074, -16.3164], [-55.4049, -16.3159], [-55.4041, -16.315], [-55.4024, -16.3152], [-55.4008, -16.3148], [-55.3991, -16.3155], [-55.3966, -16.3151], [-55.3949, -16.3136], [-55.3933, -16.3138], [-55.3924, -16.3148], [-55.3908, -16.3147], [-55.39, -16.3175], [-55.3874, -16.3191], [-55.3855, -16.3214], [-55.3846, -16.3233], [-55.3851, -16.3249], [-55.3879, -16.3275], [-55.3866, -16.3308], [-55.3858, -16.3318], [-55.3833, -16.3317], [-55.3789, -16.3308], [-55.3736, -16.3275], [-55.3708, -16.325], [-55.3703, -16.3233], [-55.3712, -16.3225], [-55.3697, -16.3183], [-55.3708, -16.3169], [-55.3694, -16.3142], [-55.3691, -16.3115], [-55.3674, -16.3098], [-55.3661, -16.312], [-55.3633, -16.313], [-55.3608, -16.3121], [-55.3574, -16.3126], [-55.3558, -16.3137], [-55.3546, -16.3125], [-55.3523, -16.3149], [-55.3526, -16.3169], [-55.3505, -16.317], [-55.3483, -16.3152], [-55.3472, -16.3175], [-55.3479, -16.32], [-55.3489, -16.3217], [-55.3491, -16.3237], [-55.3511, -16.3267], [-55.3533, -16.3281], [-55.3545, -16.3308], [-55.3591, -16.3355], [-55.3601, -16.3358], [-55.3597, -16.3378], [-55.3622, -16.3425], [-55.3603, -16.3442], [-55.3627, -16.3475], [-55.3627, -16.3492], [-55.3639, -16.35], [-55.3643, -16.3515], [-55.3632, -16.3533], [-55.3641, -16.3555], [-55.3658, -16.3554], [-55.3669, -16.3567], [-55.3688, -16.3578], [-55.371, -16.3581], [-55.3713, -16.3592], [-55.3641, -16.36], [-55.3615, -16.3599], [-55.3595, -16.3608], [-55.3602, -16.3625], [-55.3618, -16.3642], [-55.3599, -16.3673], [-55.3566, -16.3665], [-55.3551, -16.3657], [-55.3541, -16.3658], [-55.3525, -16.3675], [-55.3545, -16.3708], [-55.3566, -16.3726], [-55.3574, -16.3743], [-55.3589, -16.3817], [-55.3624, -16.3844], [-55.3632, -16.3859], [-55.3666, -16.3865], [-55.3693, -16.3865], [-55.3716, -16.3875], [-55.3758, -16.3866], [-55.38, -16.3883], [-55.3808, -16.3901], [-55.3833, -16.3887], [-55.3872, -16.3881], [-55.3874, -16.3867], [-55.3891, -16.3866], [-55.39, -16.3875], [-55.3893, -16.3892], [-55.3897, -16.39], [-55.3884, -16.3918], [-55.3867, -16.3933], [-55.3875, -16.395], [-55.3844, -16.3992], [-55.383, -16.3997], [-55.381, -16.4027], [-55.3787, -16.4037], [-55.3772, -16.405], [-55.3721, -16.407], [-55.3683, -16.409], [-55.3658, -16.4095], [-55.3641, -16.4103], [-55.3608, -16.4094], [-55.3592, -16.4082], [-55.3578, -16.4087], [-55.3558, -16.4107], [-55.3524, -16.4108], [-55.35, -16.4091], [-55.3491, -16.4093], [-55.3466, -16.4086], [-55.3458, -16.4092], [-55.3474, -16.4108], [-55.3483, -16.4125], [-55.3483, -16.4142], [-55.347, -16.4146], [-55.3466, -16.4158], [-55.3481, -16.4183], [-55.3488, -16.4217], [-55.3458, -16.4228], [-55.3408, -16.4222], [-55.3374, -16.4235], [-55.3341, -16.4237], [-55.3324, -16.423], [-55.3302, -16.4206], [-55.3291, -16.4206], [-55.329, -16.4225], [-55.3283, -16.4235], [-55.3258, -16.4233], [-55.3239, -16.4219], [-55.3191, -16.421], [-55.3166, -16.4211], [-55.3158, -16.4242], [-55.3141, -16.426], [-55.3124, -16.4258], [-55.311, -16.4275], [-55.3134, -16.4308], [-55.3144, -16.4342], [-55.3137, -16.4367], [-55.3124, -16.4379], [-55.3083, -16.4367], [-55.3051, -16.4333], [-55.3054, -16.4325], [-55.3035, -16.4306], [-55.3022, -16.4283], [-55.301, -16.4233], [-55.2995, -16.4217], [-55.2999, -16.4192], [-55.2978, -16.413], [-55.2945, -16.4083], [-55.2941, -16.4071], [-55.2924, -16.4072], [-55.291, -16.405], [-55.2897, -16.4048], [-55.2922, -16.41], [-55.2927, -16.4128], [-55.2924, -16.415], [-55.2926, -16.4167], [-55.2919, -16.4183], [-55.2908, -16.4192], [-55.2947, -16.4233], [-55.2958, -16.425], [-55.2953, -16.4267], [-55.2941, -16.4283], [-55.2938, -16.4317], [-55.2944, -16.4333], [-55.2941, -16.435], [-55.2933, -16.4358], [-55.2908, -16.4358], [-55.2891, -16.4364], [-55.2849, -16.4353], [-55.2816, -16.435], [-55.28, -16.4341], [-55.2763, -16.4333], [-55.276, -16.4325], [-55.2733, -16.4304], [-55.2683, -16.4275], [-55.2658, -16.43], [-55.2666, -16.4325], [-55.2683, -16.4322], [-55.2696, -16.4328], [-55.2708, -16.4325], [-55.2724, -16.435], [-55.2746, -16.4361], [-55.2756, -16.4348], [-55.2774, -16.4357], [-55.2766, -16.4367], [-55.2777, -16.4381], [-55.2825, -16.4399], [-55.2849, -16.4414], [-55.288, -16.4442], [-55.2878, -16.445], [-55.2856, -16.4475], [-55.2851, -16.4502], [-55.2823, -16.4533], [-55.2819, -16.4562], [-55.2833, -16.4569], [-55.2859, -16.4543], [-55.2877, -16.4536], [-55.2891, -16.4522], [-55.2908, -16.4515], [-55.2924, -16.449], [-55.2941, -16.4487], [-55.2966, -16.4505], [-55.2987, -16.4525], [-55.2986, -16.4536], [-55.2972, -16.455], [-55.2978, -16.4575], [-55.2966, -16.4588], [-55.2941, -16.4572], [-55.2924, -16.4575], [-55.292, -16.4587], [-55.289, -16.4593], [-55.2873, -16.459], [-55.2872, -16.46], [-55.2892, -16.4618], [-55.2874, -16.4629], [-55.284, -16.4626], [-55.2842, -16.4649], [-55.2827, -16.4667], [-55.2834, -16.4673], [-55.2838, -16.4692], [-55.2856, -16.471], [-55.2861, -16.4725], [-55.2852, -16.475], [-55.2844, -16.4758], [-55.2852, -16.4783], [-55.2841, -16.4788], [-55.2824, -16.4808], [-55.284, -16.4818], [-55.2849, -16.4834], [-55.2866, -16.4827], [-55.2884, -16.4849], [-55.2888, -16.4867], [-55.2866, -16.4871], [-55.2841, -16.4882], [-55.2829, -16.4917], [-55.2816, -16.4925], [-55.2799, -16.4924], [-55.2767, -16.4942], [-55.2774, -16.4956], [-55.2791, -16.4962], [-55.2805, -16.4977], [-55.2841, -16.4991], [-55.2858, -16.5006], [-55.2874, -16.5014], [-55.2892, -16.5017], [-55.2895, -16.503], [-55.2884, -16.505], [-55.288, -16.5117], [-55.289, -16.5125], [-55.2898, -16.515], [-55.2916, -16.5153], [-55.2933, -16.5166], [-55.2932, -16.5176], [-55.2953, -16.5192], [-55.2949, -16.5216], [-55.299, -16.5242], [-55.2987, -16.5258], [-55.3016, -16.5275], [-55.3008, -16.528], [-55.2983, -16.5281], [-55.2949, -16.5288], [-55.2916, -16.5278], [-55.2883, -16.5274], [-55.2849, -16.5283], [-55.2832, -16.5275], [-55.2834, -16.5258], [-55.2824, -16.5251], [-55.2808, -16.5256], [-55.2791, -16.5246], [-55.2758, -16.5253], [-55.2749, -16.5251], [-55.2746, -16.5225], [-55.2741, -16.5221], [-55.2708, -16.5217], [-55.2697, -16.5225], [-55.2693, -16.5243], [-55.2682, -16.5258], [-55.2664, -16.5298], [-55.2652, -16.5289], [-55.2616, -16.5276], [-55.2584, -16.5285], [-55.2558, -16.5303], [-55.2535, -16.531], [-55.2524, -16.5341], [-55.2499, -16.5369], [-55.2488, -16.537], [-55.2466, -16.5355], [-55.2447, -16.5333], [-55.2436, -16.5288], [-55.2424, -16.5284], [-55.2416, -16.5292], [-55.2366, -16.5306], [-55.2348, -16.5307], [-55.2283, -16.5297], [-55.2258, -16.5283], [-55.226, -16.5242], [-55.2247, -16.5248], [-55.2224, -16.5269], [-55.2185, -16.5265], [-55.2176, -16.524], [-55.2123, -16.5274], [-55.2108, -16.5287], [-55.2074, -16.5292], [-55.2041, -16.5292], [-55.1991, -16.5269], [-55.1958, -16.5275], [-55.1949, -16.5283], [-55.1908, -16.5296], [-55.1885, -16.5289], [-55.1838, -16.5289], [-55.1824, -16.5301], [-55.1806, -16.5293], [-55.181, -16.5275], [-55.1822, -16.5267], [-55.1826, -16.521], [-55.1842, -16.5192], [-55.1838, -16.515], [-55.1831, -16.5135], [-55.1841, -16.5092], [-55.1858, -16.5076], [-55.1867, -16.5076], [-55.1891, -16.505], [-55.1897, -16.5025], [-55.1909, -16.501], [-55.1933, -16.5006], [-55.1958, -16.501], [-55.1958, -16.4992], [-55.1933, -16.4992], [-55.1916, -16.4986], [-55.1895, -16.5], [-55.1866, -16.5041], [-55.1849, -16.5046], [-55.1833, -16.5043], [-55.1809, -16.506], [-55.1791, -16.5058], [-55.1783, -16.5052], [-55.1758, -16.506], [-55.1724, -16.505], [-55.1708, -16.505], [-55.1704, -16.5058], [-55.1716, -16.5083], [-55.1713, -16.5108], [-55.1724, -16.5144], [-55.1735, -16.5158], [-55.1735, -16.5175], [-55.1724, -16.5187], [-55.17, -16.5201], [-55.1686, -16.5197], [-55.1633, -16.5158], [-55.1624, -16.5168], [-55.1609, -16.5166], [-55.1595, -16.5142], [-55.1565, -16.5142], [-55.1549, -16.5131], [-55.154, -16.5117], [-55.1517, -16.5099], [-55.1509, -16.5065], [-55.1499, -16.506], [-55.1474, -16.5063], [-55.1466, -16.5072], [-55.1451, -16.5073], [-55.1441, -16.5058], [-55.145, -16.5042], [-55.1444, -16.5033], [-55.1416, -16.5012], [-55.1408, -16.4998], [-55.1431, -16.4992], [-55.1433, -16.4981], [-55.1458, -16.4977], [-55.1483, -16.4978], [-55.1488, -16.4989], [-55.1487, -16.5008], [-55.1498, -16.5043], [-55.1508, -16.5037], [-55.1524, -16.5048], [-55.1543, -16.5033], [-55.1549, -16.5022], [-55.1591, -16.503], [-55.1597, -16.5025], [-55.158, -16.5], [-55.1585, -16.4983], [-55.1598, -16.4975], [-55.1591, -16.4963], [-55.1512, -16.4942], [-55.1512, -16.4933], [-55.1528, -16.4925], [-55.1515, -16.4908], [-55.1533, -16.4896], [-55.1554, -16.4897], [-55.1566, -16.4892], [-55.1571, -16.4875], [-55.1566, -16.4867], [-55.1533, -16.4857], [-55.1508, -16.4845], [-55.1487, -16.4854], [-55.1468, -16.4856], [-55.1449, -16.4851], [-55.1438, -16.4842], [-55.1429, -16.4825], [-55.1422, -16.4775], [-55.1402, -16.4747], [-55.1371, -16.4729], [-55.1341, -16.4725], [-55.1333, -16.4716], [-55.1316, -16.4716], [-55.1302, -16.4703], [-55.129, -16.47], [-55.1289, -16.4681], [-55.1296, -16.4658], [-55.1281, -16.4633], [-55.1273, -16.4608], [-55.1291, -16.459], [-55.1304, -16.4583], [-55.1316, -16.4586], [-55.136, -16.4614], [-55.1371, -16.4625], [-55.1373, -16.465], [-55.1356, -16.4673], [-55.1384, -16.4692], [-55.1391, -16.4709], [-55.1408, -16.4721], [-55.1449, -16.4713], [-55.1491, -16.472], [-55.1524, -16.4717], [-55.1526, -16.4708], [-55.1499, -16.4686], [-55.1448, -16.4668], [-55.1439, -16.4658], [-55.1448, -16.4648], [-55.1446, -16.4633], [-55.1433, -16.4623], [-55.1417, -16.46], [-55.1421, -16.4589], [-55.1449, -16.4592], [-55.1466, -16.4609], [-55.1483, -16.4619], [-55.1533, -16.4633], [-55.1541, -16.4642], [-55.1566, -16.4653], [-55.1595, -16.4654], [-55.1598, -16.4642], [-55.1589, -16.4608], [-55.1566, -16.4594], [-55.156, -16.4575], [-55.1566, -16.4558], [-55.1604, -16.4525], [-55.1609, -16.4507], [-55.1599, -16.4496], [-55.1583, -16.45], [-55.1571, -16.4492], [-55.157, -16.4475], [-55.1576, -16.4458], [-55.1552, -16.4436], [-55.1561, -16.4428], [-55.1576, -16.4425], [-55.1548, -16.4428], [-55.1501, -16.4461], [-55.146, -16.4466], [-55.1438, -16.4463], [-55.1417, -16.447], [-55.1376, -16.447], [-55.1321, -16.448], [-55.1264, -16.4471], [-55.1237, -16.447], [-55.1209, -16.4486], [-55.1191, -16.4491], [-55.1168, -16.4491], [-55.1151, -16.4484], [-55.1135, -16.4467], [-55.1122, -16.446], [-55.1102, -16.4456], [-55.1047, -16.443], [-55.101, -16.4403], [-55.0985, -16.4396], [-55.0954, -16.4403], [-55.0937, -16.4414], [-55.0904, -16.4409], [-55.0875, -16.4413], [-55.0859, -16.4423], [-55.0796, -16.4426], [-55.0769, -16.444], [-55.0759, -16.4455], [-55.0726, -16.4465], [-55.0689, -16.4464], [-55.0671, -16.4458], [-55.0637, -16.4456], [-55.0601, -16.4462], [-55.057, -16.4473], [-55.0523, -16.4497], [-55.0494, -16.4505], [-55.0476, -16.4515], [-55.0441, -16.4554], [-55.0411, -16.4578], [-55.0395, -16.4595], [-55.0364, -16.4615], [-55.0345, -16.464], [-55.0325, -16.473], [-55.0326, -16.4803], [-55.032, -16.4827], [-55.0288, -16.4864], [-55.0272, -16.4874], [-55.0237, -16.4886], [-55.022, -16.49], [-55.0214, -16.4911], [-55.0202, -16.4978], [-55.0177, -16.5019], [-55.017, -16.5047], [-55.0175, -16.5069], [-55.017, -16.5126], [-55.0177, -16.514], [-55.0202, -16.5164], [-55.0173, -16.5185], [-55.0163, -16.5188], [-55.0126, -16.5187], [-55.0099, -16.5179], [-55.0076, -16.5158], [-55.0072, -16.5137], [-55.0073, -16.5102], [-55.0064, -16.5081], [-55.0029, -16.5067], [-54.9975, -16.5064], [-54.9964, -16.5053], [-54.9965, -16.5023], [-54.9979, -16.4991], [-55.0002, -16.4959], [-55.0005, -16.4932], [-54.9998, -16.4916], [-54.9984, -16.4905], [-54.9964, -16.4904], [-54.9936, -16.4914], [-54.9873, -16.4962], [-54.9859, -16.4963], [-54.9837, -16.4956], [-54.982, -16.4935], [-54.9816, -16.4914], [-54.9819, -16.4898], [-54.9833, -16.4882], [-54.9888, -16.4845], [-54.9913, -16.4816], [-54.9916, -16.4794], [-54.9906, -16.4776], [-54.9879, -16.477], [-54.9831, -16.4781], [-54.9799, -16.4777], [-54.9779, -16.4768], [-54.9722, -16.4717], [-54.9699, -16.4706], [-54.9365, -16.5349], [-54.9383, -16.5363], [-54.9419, -16.5366], [-54.9444, -16.5378], [-54.9458, -16.5406], [-54.9487, -16.5425], [-54.9549, -16.5405], [-54.9583, -16.5412], [-54.9608, -16.5441], [-54.9613, -16.5454], [-54.9613, -16.5476], [-54.9605, -16.5481], [-54.9583, -16.548], [-54.9573, -16.5493], [-54.9581, -16.5518], [-54.9582, -16.5542], [-54.9543, -16.5571], [-54.9512, -16.5575], [-54.9484, -16.5572], [-54.9481, -16.5583], [-54.9493, -16.5605], [-54.952, -16.5627], [-54.9562, -16.5648], [-54.9602, -16.5652], [-54.9616, -16.5666], [-54.9679, -16.5657], [-54.9698, -16.567], [-54.9725, -16.5675], [-54.9743, -16.5693], [-54.9725, -16.5696], [-54.9707, -16.5716], [-54.9687, -16.5719], [-54.9681, -16.5728], [-54.9674, -16.576], [-54.9685, -16.5776], [-54.97, -16.5782], [-54.9713, -16.5805], [-54.9715, -16.583], [-54.9733, -16.5842], [-54.9721, -16.5859], [-54.9707, -16.5868], [-54.9667, -16.5878], [-54.9656, -16.5874], [-54.9638, -16.5878], [-54.9626, -16.5897], [-54.9608, -16.5895], [-54.9592, -16.5923], [-54.9584, -16.5952], [-54.9585, -16.5978], [-54.9571, -16.6013], [-54.9553, -16.6027], [-54.9535, -16.6033], [-54.9516, -16.605], [-54.9526, -16.608], [-54.9548, -16.6063], [-54.9594, -16.6035], [-54.962, -16.6038], [-54.963, -16.6044], [-54.9638, -16.6063], [-54.9649, -16.6071], [-54.9668, -16.6073], [-54.9675, -16.6085], [-54.9661, -16.6092], [-54.9633, -16.6119], [-54.9621, -16.615], [-54.9643, -16.6183], [-54.9631, -16.6201], [-54.9614, -16.6205], [-54.9613, -16.622], [-54.9577, -16.6253], [-54.9537, -16.6268], [-54.9559, -16.6298], [-54.9571, -16.6278], [-54.9586, -16.627], [-54.9627, -16.6284], [-54.9659, -16.6308], [-54.9679, -16.6317], [-54.9683, -16.6329], [-54.9677, -16.6354], [-54.9685, -16.6369], [-54.9707, -16.639], [-54.9708, -16.6395], [-54.968, -16.6403], [-54.9667, -16.6413], [-54.9666, -16.6443], [-54.9682, -16.6477], [-54.9719, -16.6516], [-54.9742, -16.6536], [-54.9811, -16.6545], [-54.9821, -16.6551], [-54.9843, -16.655], [-54.9911, -16.66], [-54.992, -16.6614], [-54.9932, -16.6619], [-54.994, -16.6639], [-54.9937, -16.6653], [-54.9947, -16.6666], [-54.9937, -16.6681], [-54.9921, -16.6685], [-54.9923, -16.6698], [-54.9946, -16.6723], [-54.9932, -16.6743], [-54.994, -16.6764], [-54.9941, -16.6782], [-54.9953, -16.6804], [-54.9953, -16.682], [-54.9928, -16.6815], [-54.9913, -16.6821], [-54.9886, -16.6813], [-54.9869, -16.6821], [-54.9839, -16.68], [-54.9819, -16.6771], [-54.9754, -16.6732], [-54.9721, -16.6738], [-54.9664, -16.6796], [-54.9619, -16.6826], [-54.9567, -16.6846], [-54.9502, -16.6827], [-54.9482, -16.683], [-54.9488, -16.6847], [-54.9504, -16.6859], [-54.9537, -16.6894], [-54.954, -16.6909], [-54.9532, -16.6927], [-54.9531, -16.6942], [-54.9543, -16.6966], [-54.9557, -16.6975], [-54.9556, -16.6989], [-54.9567, -16.6999], [-54.9594, -16.6998], [-54.9611, -16.7004], [-54.9612, -16.7016], [-54.9591, -16.7047], [-54.9535, -16.7054], [-54.9519, -16.7051], [-54.9487, -16.7038], [-54.945, -16.7018], [-54.9416, -16.6992], [-54.9404, -16.6979], [-54.9372, -16.6969], [-54.9344, -16.6971], [-54.9331, -16.6979], [-54.9327, -16.7007], [-54.9337, -16.7022], [-54.935, -16.703], [-54.9346, -16.7051], [-54.9353, -16.7062], [-54.9409, -16.7106], [-54.9431, -16.7146], [-54.9439, -16.7169], [-54.9456, -16.7177], [-54.9498, -16.7215], [-54.9506, -16.7235], [-54.9505, -16.7253], [-54.9496, -16.7266], [-54.9458, -16.7283], [-54.9455, -16.7296], [-54.9482, -16.7325], [-54.9491, -16.7345], [-54.9481, -16.7359], [-54.9449, -16.7379], [-54.9464, -16.7391], [-54.9488, -16.7398], [-54.9497, -16.7413], [-54.9536, -16.7431], [-54.9552, -16.7442], [-54.9571, -16.7473], [-54.9578, -16.7501], [-54.9573, -16.7514], [-54.9561, -16.752], [-54.9542, -16.7514], [-54.951, -16.7478], [-54.9463, -16.7449], [-54.9449, -16.7453], [-54.9447, -16.749], [-54.9442, -16.7514], [-54.9429, -16.7526], [-54.9382, -16.7532], [-54.9358, -16.7528], [-54.9355, -16.754], [-54.9366, -16.7582], [-54.9363, -16.7598], [-54.9352, -16.7615], [-54.9327, -16.7625], [-54.9332, -16.7635], [-54.9351, -16.765], [-54.9378, -16.7691], [-54.9391, -16.772], [-54.9392, -16.7738], [-54.9358, -16.7753], [-54.9299, -16.775], [-54.9277, -16.7742], [-54.9257, -16.7727], [-54.9241, -16.7707], [-54.9221, -16.7692], [-54.9178, -16.768], [-54.9139, -16.7686], [-54.9128, -16.7698], [-54.9129, -16.772], [-54.9166, -16.7786], [-54.9168, -16.7802], [-54.9161, -16.7812], [-54.9108, -16.7806], [-54.9083, -16.7786], [-54.9086, -16.7761], [-54.9063, -16.7733], [-54.9047, -16.7723], [-54.9026, -16.772], [-54.8995, -16.7725], [-54.8975, -16.7751], [-54.8979, -16.7771], [-54.9007, -16.7804], [-54.9024, -16.7818], [-54.9108, -16.7872], [-54.9113, -16.7882], [-54.9042, -16.7908], [-54.9022, -16.7922], [-54.9018, -16.7934], [-54.902, -16.7965], [-54.9026, -16.7992], [-54.9016, -16.7999], [-54.8973, -16.7985], [-54.8952, -16.7991], [-54.8951, -16.8021], [-54.896, -16.8056], [-54.8961, -16.8092], [-54.8985, -16.812], [-54.9025, -16.8151], [-54.9034, -16.8163], [-54.903, -16.818], [-54.9016, -16.8188], [-54.8945, -16.8207], [-54.8941, -16.8234], [-54.8969, -16.8252], [-54.9006, -16.8282], [-54.9011, -16.8296], [-54.901, -16.8315], [-54.899, -16.8348], [-54.8962, -16.8365], [-54.8869, -16.836], [-54.8854, -16.8364], [-54.885, -16.8378], [-54.8877, -16.8405], [-54.893, -16.8441], [-54.8944, -16.8461], [-54.9004, -16.8523], [-54.9023, -16.8552], [-54.9035, -16.8577], [-54.9038, -16.8598], [-54.9034, -16.8622], [-54.9022, -16.8643], [-54.9006, -16.8658], [-54.8967, -16.8683], [-54.8968, -16.8708], [-54.8948, -16.8725], [-54.8954, -16.8744], [-54.9013, -16.8768], [-54.9031, -16.8765], [-54.9078, -16.8768], [-54.9108, -16.8763], [-54.9137, -16.8764], [-54.9164, -16.8769], [-54.919, -16.8789], [-54.9203, -16.8807], [-54.925, -16.8908], [-54.9278, -16.8982], [-54.9297, -16.8995], [-54.9319, -16.9021], [-54.9322, -16.9042], [-54.931, -16.9048], [-54.9284, -16.9043], [-54.9213, -16.9052], [-54.9196, -16.9063], [-54.9202, -16.9082], [-54.9226, -16.9119], [-54.9245, -16.9121], [-54.9255, -16.914], [-54.9258, -16.9167], [-54.9291, -16.9213], [-54.9313, -16.9259], [-54.9311, -16.9279], [-54.9267, -16.9292], [-54.9245, -16.9269], [-54.9231, -16.9248], [-54.9217, -16.9215], [-54.9187, -16.9202], [-54.9162, -16.9209], [-54.9156, -16.9229], [-54.9165, -16.9269], [-54.9189, -16.929], [-54.9184, -16.9346], [-54.9172, -16.9374], [-54.918, -16.9403], [-54.9212, -16.94], [-54.9238, -16.9404], [-54.9268, -16.9427], [-54.9266, -16.9451], [-54.925, -16.947], [-54.9249, -16.9487], [-54.9254, -16.9506], [-54.9324, -16.9558], [-54.9321, -16.9577], [-54.9297, -16.9592], [-54.9271, -16.9598], [-54.9238, -16.959], [-54.9217, -16.959], [-54.9183, -16.9602], [-54.9173, -16.9621], [-54.9166, -16.9649], [-54.9167, -16.9675], [-54.9155, -16.9676], [-54.9114, -16.9647], [-54.909, -16.9639], [-54.9074, -16.9648], [-54.9061, -16.9664], [-54.9067, -16.9683], [-54.9093, -16.972], [-54.9145, -16.976], [-54.9174, -16.9775], [-54.9259, -16.9799], [-54.9279, -16.9791], [-54.9285, -16.9815], [-54.9275, -16.9852], [-54.9274, -16.9928], [-54.9286, -16.9954], [-54.9334, -16.9988], [-54.9336, -17.0022], [-54.9328, -17.0054], [-54.9331, -17.0095], [-54.9325, -17.0157], [-54.9309, -17.0161], [-54.9285, -17.0155], [-54.9256, -17.0169], [-54.9238, -17.0164], [-54.9215, -17.0166], [-54.919, -17.0161], [-54.9168, -17.0167], [-54.9135, -17.0164], [-54.908, -17.0149], [-54.905, -17.0156], [-54.9042, -17.0198], [-54.9033, -17.0208], [-54.9029, -17.0226], [-54.9054, -17.0238], [-54.9094, -17.0239], [-54.9123, -17.0267], [-54.9143, -17.0276], [-54.9132, -17.0316], [-54.9106, -17.0331], [-54.9103, -17.0356], [-54.9124, -17.0392], [-54.9163, -17.0425], [-54.9179, -17.0493], [-54.9203, -17.0525], [-54.922, -17.0566], [-54.9218, -17.0581], [-54.9209, -17.0594], [-54.916, -17.0599], [-54.9155, -17.0613], [-54.9177, -17.0639], [-54.918, -17.0655], [-54.9176, -17.0673], [-54.9166, -17.0687], [-54.9148, -17.0692], [-54.9149, -17.0704], [-54.9169, -17.071], [-54.9169, -17.072], [-54.9137, -17.0755], [-54.9117, -17.0764], [-54.9093, -17.0769], [-54.907, -17.0767], [-54.9053, -17.0771], [-54.9037, -17.0767], [-54.9023, -17.0755], [-54.9018, -17.0737], [-54.8998, -17.0724], [-54.8966, -17.0727], [-54.8951, -17.0742], [-54.8975, -17.0757], [-54.8995, -17.0786], [-54.9036, -17.0817], [-54.9074, -17.0831], [-54.9107, -17.0854], [-54.9133, -17.0866], [-54.9151, -17.089], [-54.9172, -17.0911], [-54.9185, -17.0917], [-54.9202, -17.0916], [-54.9203, -17.09], [-54.9198, -17.0878], [-54.9207, -17.0855], [-54.9228, -17.0851], [-54.9269, -17.0853], [-54.9275, -17.0858], [-54.9279, -17.0893], [-54.9294, -17.0893], [-54.9308, -17.0885], [-54.9329, -17.0861], [-54.9341, -17.0856], [-54.9361, -17.0869], [-54.9362, -17.0899], [-54.938, -17.0934], [-54.9429, -17.0962], [-54.9433, -17.0975], [-54.9395, -17.0991], [-54.9381, -17.1], [-54.9374, -17.1013], [-54.9381, -17.1032], [-54.9403, -17.103], [-54.9437, -17.1015], [-54.9448, -17.1029], [-54.9472, -17.1075], [-54.9507, -17.1088], [-54.9531, -17.109], [-54.9553, -17.1087], [-54.9607, -17.1069], [-54.9658, -17.1061], [-54.9678, -17.1064], [-54.9691, -17.1073], [-54.9687, -17.1091], [-54.966, -17.1112], [-54.9672, -17.1128], [-54.9691, -17.1112], [-54.9709, -17.1115], [-54.9744, -17.1112], [-54.9769, -17.1101], [-54.9848, -17.1128], [-54.9863, -17.1137], [-54.9881, -17.1158], [-54.9894, -17.1166], [-54.9916, -17.1164], [-54.9921, -17.1148], [-54.9944, -17.1146], [-54.998, -17.1134], [-54.9995, -17.111], [-55.0042, -17.1109], [-55.0059, -17.113], [-55.0078, -17.113], [-55.008, -17.1138], [-55.0118, -17.1136], [-55.0113, -17.112], [-55.0122, -17.1102], [-55.0117, -17.109], [-55.0124, -17.1071], [-55.0145, -17.106], [-55.0161, -17.1064], [-55.0176, -17.1052], [-55.0195, -17.1055], [-55.022, -17.1036], [-55.0245, -17.1033], [-55.0259, -17.1047], [-55.027, -17.1044], [-55.028, -17.1028], [-55.0288, -17.1033], [-55.0284, -17.1048], [-55.0274, -17.1059], [-55.0284, -17.1073], [-55.03, -17.1072], [-55.0305, -17.1089], [-55.0323, -17.1078], [-55.0327, -17.1068], [-55.0352, -17.1068], [-55.0358, -17.1079], [-55.0377, -17.1077], [-55.0372, -17.1097], [-55.0392, -17.11], [-55.0399, -17.1123], [-55.0412, -17.1104], [-55.0425, -17.1113], [-55.042, -17.1133], [-55.0438, -17.1134], [-55.0458, -17.1148], [-55.046, -17.116], [-55.0449, -17.1178], [-55.0453, -17.1185], [-55.0473, -17.118], [-55.0486, -17.1182], [-55.0492, -17.1194], [-55.0536, -17.1194], [-55.0566, -17.1208], [-55.0573, -17.122], [-55.0569, -17.1237], [-55.0575, -17.1252], [-55.057, -17.1265], [-55.0536, -17.1271], [-55.0536, -17.1281], [-55.0553, -17.1286], [-55.0587, -17.1279], [-55.0605, -17.1299], [-55.0621, -17.1285], [-55.0638, -17.1298], [-55.0642, -17.1306], [-55.0659, -17.1304], [-55.0671, -17.1314], [-55.0685, -17.1309], [-55.0674, -17.1285], [-55.069, -17.1283], [-55.0693, -17.1301], [-55.072, -17.1322], [-55.075, -17.1325], [-55.0772, -17.1316], [-55.0781, -17.1321], [-55.0791, -17.1341], [-55.0808, -17.1342], [-55.0814, -17.1335], [-55.084, -17.1372], [-55.0838, -17.1382], [-55.0799, -17.1396], [-55.0792, -17.1411], [-55.0795, -17.1422], [-55.0815, -17.1423], [-55.0818, -17.1442], [-55.0836, -17.1446], [-55.0858, -17.1441], [-55.087, -17.1431], [-55.0883, -17.1449], [-55.0901, -17.1447], [-55.0902, -17.1471], [-55.0916, -17.1483], [-55.0934, -17.1482], [-55.0955, -17.1494], [-55.0975, -17.1521], [-55.0993, -17.1512], [-55.1002, -17.1521], [-55.1, -17.1532], [-55.0972, -17.1536], [-55.0958, -17.1547], [-55.0961, -17.1561], [-55.0976, -17.1564], [-55.0985, -17.1576], [-55.0998, -17.1608], [-55.1014, -17.1619], [-55.1042, -17.1627], [-55.1041, -17.1645], [-55.1031, -17.1654], [-55.1056, -17.167], [-55.1061, -17.1702], [-55.1076, -17.1704], [-55.109, -17.1698], [-55.1089, -17.1721], [-55.1104, -17.1728], [-55.111, -17.1737], [-55.1108, -17.175], [-55.1119, -17.1762], [-55.1123, -17.1786], [-55.1137, -17.1795], [-55.1139, -17.1821], [-55.1157, -17.182], [-55.1161, -17.1828], [-55.1148, -17.1843], [-55.1161, -17.1849], [-55.1171, -17.1834], [-55.1181, -17.1848], [-55.1194, -17.1848], [-55.1209, -17.1857], [-55.1224, -17.1852], [-55.1223, -17.1822], [-55.1233, -17.1826], [-55.1242, -17.1846], [-55.1246, -17.1874], [-55.1255, -17.1881], [-55.127, -17.1873], [-55.1275, -17.1851], [-55.1292, -17.1834], [-55.1303, -17.1814], [-55.132, -17.1842], [-55.132, -17.1854], [-55.1283, -17.1877], [-55.1281, -17.1889], [-55.129, -17.1909], [-55.1298, -17.1909], [-55.1319, -17.1891], [-55.1334, -17.1899], [-55.1324, -17.1918], [-55.133, -17.1932], [-55.1354, -17.1935], [-55.1363, -17.196], [-55.139, -17.1942], [-55.1404, -17.1939], [-55.1432, -17.1918], [-55.1455, -17.1909], [-55.1466, -17.1895], [-55.1479, -17.1907], [-55.1508, -17.1919], [-55.1529, -17.1922], [-55.1546, -17.1908], [-55.1561, -17.1912], [-55.1559, -17.1925], [-55.1546, -17.1935], [-55.1549, -17.1947], [-55.1574, -17.195], [-55.1594, -17.1946], [-55.1578, -17.1966], [-55.1584, -17.1979], [-55.1601, -17.1979], [-55.1623, -17.1996], [-55.1636, -17.1995], [-55.167, -17.2002], [-55.1687, -17.2036], [-55.1693, -17.2068], [-55.1701, -17.2079], [-55.1731, -17.2062], [-55.1749, -17.2063], [-55.1775, -17.2073], [-55.179, -17.2074], [-55.181, -17.2091], [-55.1841, -17.2099], [-55.1844, -17.2107], [-55.1824, -17.2121], [-55.1826, -17.213], [-55.187, -17.2139], [-55.1846, -17.2155], [-55.1839, -17.2171], [-55.1842, -17.2188], [-55.1829, -17.2189], [-55.1834, -17.2209], [-55.1817, -17.2232], [-55.1826, -17.2243], [-55.1848, -17.2241], [-55.1852, -17.2256], [-55.1873, -17.2252], [-55.1879, -17.2231], [-55.1893, -17.2226], [-55.1916, -17.2232], [-55.1909, -17.2247], [-55.1925, -17.2253], [-55.1917, -17.2265], [-55.193, -17.2297], [-55.1923, -17.2305], [-55.194, -17.2329], [-55.1958, -17.2316], [-55.196, -17.2337], [-55.1973, -17.2352], [-55.1969, -17.2365], [-55.1979, -17.2376], [-55.1997, -17.2375], [-55.2009, -17.2394], [-55.2032, -17.2386], [-55.2044, -17.2368], [-55.208, -17.2424], [-55.2084, -17.2444], [-55.2069, -17.2448], [-55.2075, -17.2465], [-55.2092, -17.2466], [-55.2085, -17.249], [-55.2099, -17.2496], [-55.2071, -17.2511], [-55.2055, -17.2555], [-55.2036, -17.2554], [-55.2019, -17.2568], [-55.2018, -17.2581], [-55.203, -17.2587], [-55.2058, -17.2577], [-55.2075, -17.258], [-55.2065, -17.2606], [-55.2071, -17.2617], [-55.2055, -17.2635], [-55.2058, -17.2649], [-55.2097, -17.2643], [-55.2098, -17.2669], [-55.2081, -17.2684], [-55.2092, -17.2696], [-55.2132, -17.2687], [-55.2142, -17.2668], [-55.2156, -17.2664], [-55.2173, -17.2674], [-55.2205, -17.2676], [-55.2217, -17.2691], [-55.2231, -17.2699], [-55.2254, -17.2704], [-55.2264, -17.2717], [-55.2279, -17.2725], [-55.2276, -17.2753], [-55.2293, -17.276], [-55.2294, -17.2726], [-55.23, -17.2714], [-55.2311, -17.2716], [-55.233, -17.2751], [-55.2368, -17.2763], [-55.2379, -17.2794], [-55.2377, -17.2808], [-55.2402, -17.2818], [-55.2416, -17.2806], [-55.2397, -17.2792], [-55.2409, -17.2782], [-55.2441, -17.2801], [-55.2459, -17.2816], [-55.2482, -17.2812], [-55.2495, -17.2823], [-55.2492, -17.2843], [-55.2485, -17.2854], [-55.2496, -17.2873], [-55.2474, -17.2873], [-55.2477, -17.2884], [-55.2497, -17.2897], [-55.2495, -17.2911], [-55.2517, -17.2919], [-55.255, -17.2945], [-55.2579, -17.2932], [-55.2596, -17.2939], [-55.2589, -17.2953], [-55.2601, -17.2965], [-55.2615, -17.2957], [-55.2616, -17.2938], [-55.261, -17.2913], [-55.2617, -17.2903], [-55.2631, -17.2923], [-55.2645, -17.2913], [-55.2654, -17.2894], [-55.2671, -17.2919], [-55.2684, -17.2912], [-55.2688, -17.2934], [-55.2705, -17.2937], [-55.2697, -17.2954], [-55.2708, -17.2967], [-55.2732, -17.2935], [-55.2755, -17.2927], [-55.276, -17.2943], [-55.2789, -17.2978], [-55.2796, -17.2975], [-55.2799, -17.2953], [-55.2817, -17.2953], [-55.283, -17.2944], [-55.2847, -17.2952], [-55.2857, -17.2944], [-55.2865, -17.2921], [-55.2878, -17.292], [-55.2877, -17.2941], [-55.2884, -17.2949], [-55.291, -17.2915], [-55.2948, -17.2918], [-55.2947, -17.2903], [-55.2933, -17.2898], [-55.2946, -17.2886], [-55.2964, -17.2899], [-55.2981, -17.2901], [-55.2997, -17.2897], [-55.3006, -17.2904], [-55.3007, -17.2927], [-55.3014, -17.2943], [-55.2989, -17.2946], [-55.2983, -17.2956], [-55.2988, -17.2971], [-55.3015, -17.2983], [-55.3018, -17.2989], [-55.3005, -17.3006], [-55.3015, -17.3009], [-55.3029, -17.3002], [-55.304, -17.3007], [-55.3022, -17.3033], [-55.3006, -17.3034], [-55.302, -17.3059], [-55.2991, -17.3067], [-55.3006, -17.3088], [-55.3001, -17.3107], [-55.3012, -17.3118], [-55.3032, -17.3117], [-55.3039, -17.3129], [-55.3029, -17.3146], [-55.303, -17.3163], [-55.3037, -17.3172], [-55.3069, -17.3182], [-55.3084, -17.3179], [-55.31, -17.3191], [-55.3067, -17.3208], [-55.3066, -17.3223], [-55.3118, -17.3252], [-55.3123, -17.3259], [-55.3128, -17.3288], [-55.3145, -17.328], [-55.3162, -17.3278], [-55.3152, -17.3303], [-55.3172, -17.3305], [-55.3191, -17.329], [-55.3199, -17.3295], [-55.3198, -17.3314], [-55.3209, -17.3321], [-55.3233, -17.331], [-55.323, -17.3342], [-55.3241, -17.335], [-55.3267, -17.3361], [-55.3307, -17.3341], [-55.3331, -17.3341], [-55.3347, -17.3334], [-55.3358, -17.332], [-55.3373, -17.3318], [-55.338, -17.333], [-55.3373, -17.3356], [-55.3403, -17.3383], [-55.3416, -17.3388], [-55.343, -17.3385], [-55.3452, -17.3367], [-55.3466, -17.3363], [-55.3493, -17.3375], [-55.3512, -17.3388], [-55.3518, -17.337], [-55.3503, -17.3349], [-55.3515, -17.3338], [-55.3526, -17.3356], [-55.3538, -17.3359], [-55.355, -17.3344], [-55.3559, -17.3362], [-55.3538, -17.339], [-55.3527, -17.3452], [-55.3528, -17.3472], [-55.3546, -17.3485], [-55.3557, -17.347], [-55.3556, -17.3437], [-55.357, -17.3443], [-55.3569, -17.3468], [-55.358, -17.3487], [-55.358, -17.3525], [-55.36, -17.3546], [-55.3599, -17.3571], [-55.3604, -17.3598], [-55.3609, -17.3603], [-55.3638, -17.3601], [-55.3658, -17.3611], [-55.367, -17.363], [-55.3687, -17.3639], [-55.3709, -17.3625], [-55.3712, -17.3611], [-55.3706, -17.3588], [-55.375, -17.3588], [-55.3746, -17.361], [-55.3725, -17.3623], [-55.3729, -17.363], [-55.3753, -17.3623], [-55.3765, -17.3613], [-55.3769, -17.3601], [-55.3769, -17.3573], [-55.3778, -17.3564], [-55.3791, -17.3574], [-55.3813, -17.3579], [-55.3824, -17.3561], [-55.3806, -17.3552], [-55.3812, -17.3541], [-55.3828, -17.3546], [-55.3851, -17.3567], [-55.3865, -17.3595], [-55.3877, -17.3605], [-55.3893, -17.3607], [-55.3934, -17.3602], [-55.395, -17.3605], [-55.3959, -17.3634], [-55.3973, -17.3637], [-55.3984, -17.3623], [-55.401, -17.361], [-55.4002, -17.3585], [-55.4025, -17.3584], [-55.4067, -17.3571], [-55.408, -17.358], [-55.4076, -17.3603], [-55.4082, -17.3624], [-55.4097, -17.3622], [-55.4103, -17.3589], [-55.4121, -17.3573], [-55.416, -17.3587], [-55.4196, -17.3586], [-55.4188, -17.3617], [-55.4211, -17.3623], [-55.4242, -17.3648], [-55.4264, -17.3655], [-55.427, -17.3671], [-55.43, -17.3674], [-55.4319, -17.3684], [-55.4336, -17.3713], [-55.4349, -17.3713], [-55.4361, -17.3702], [-55.4361, -17.3687], [-55.4349, -17.3673], [-55.4358, -17.3662], [-55.4393, -17.3689], [-55.4405, -17.3672], [-55.442, -17.3672], [-55.4427, -17.3657], [-55.4411, -17.3648], [-55.4419, -17.363], [-55.4417, -17.3609], [-55.4437, -17.3605], [-55.4444, -17.3625], [-55.4452, -17.3631], [-55.4479, -17.3636], [-55.4494, -17.3648], [-55.4511, -17.3633], [-55.4511, -17.3621], [-55.45, -17.3603], [-55.4496, -17.3588], [-55.4505, -17.3582], [-55.4534, -17.3604], [-55.4556, -17.3615], [-55.4565, -17.3603], [-55.4558, -17.3574], [-55.4573, -17.3553], [-55.4587, -17.3552], [-55.4614, -17.3566], [-55.4655, -17.354], [-55.4654, -17.3532], [-55.4618, -17.351], [-55.461, -17.3491], [-55.4623, -17.3477], [-55.4645, -17.3497], [-55.4681, -17.3474], [-55.4691, -17.3471], [-55.4739, -17.3482], [-55.4803, -17.3483], [-55.4811, -17.3477], [-55.4812, -17.3455], [-55.4828, -17.3461], [-55.4847, -17.3484], [-55.4862, -17.3471], [-55.4858, -17.3503], [-55.4865, -17.3512], [-55.4879, -17.3511], [-55.4901, -17.3492], [-55.4905, -17.3451], [-55.4955, -17.3449], [-55.4983, -17.3467], [-55.4996, -17.3521], [-55.5007, -17.3532], [-55.5031, -17.3523], [-55.5038, -17.3515], [-55.505, -17.3481], [-55.5045, -17.345], [-55.5054, -17.3439], [-55.5078, -17.3435], [-55.5103, -17.3417], [-55.5123, -17.3425], [-55.5123, -17.3449], [-55.5119, -17.3459], [-55.5106, -17.3464], [-55.509, -17.3461], [-55.5079, -17.3478], [-55.509, -17.3483], [-55.5104, -17.348], [-55.5151, -17.3457], [-55.5165, -17.3445], [-55.5167, -17.3422], [-55.5163, -17.3399], [-55.5175, -17.3394], [-55.5187, -17.3403], [-55.5189, -17.3427], [-55.5203, -17.3433], [-55.5217, -17.3395], [-55.523, -17.3386], [-55.5242, -17.3403], [-55.5227, -17.3418], [-55.5241, -17.3421], [-55.5251, -17.3409], [-55.5255, -17.3386], [-55.5265, -17.3374], [-55.5287, -17.336], [-55.5281, -17.3348], [-55.5261, -17.3352], [-55.5259, -17.3336], [-55.5279, -17.333], [-55.5303, -17.3338], [-55.5326, -17.3334], [-55.5328, -17.332], [-55.53, -17.3312], [-55.5296, -17.3302], [-55.531, -17.3283], [-55.5326, -17.3279], [-55.5339, -17.3299], [-55.5356, -17.331], [-55.5377, -17.3315], [-55.5406, -17.3306], [-55.542, -17.3306], [-55.5439, -17.3314], [-55.5446, -17.3323], [-55.5457, -17.3358], [-55.547, -17.3374], [-55.548, -17.3376], [-55.5521, -17.3359], [-55.5551, -17.3374], [-55.5567, -17.3361], [-55.5585, -17.336], [-55.5617, -17.3365], [-55.5629, -17.3373], [-55.5632, -17.3396], [-55.5624, -17.343], [-55.5628, -17.3442], [-55.5649, -17.3448], [-55.5672, -17.345], [-55.5699, -17.344], [-55.5719, -17.3424], [-55.5738, -17.3424], [-55.5741, -17.3436], [-55.5732, -17.3451], [-55.5699, -17.3456], [-55.5689, -17.3476], [-55.5695, -17.3482], [-55.5748, -17.3488], [-55.5766, -17.3495], [-55.5758, -17.3514], [-55.5758, -17.3525], [-55.577, -17.3537], [-55.579, -17.3543], [-55.5812, -17.3533], [-55.5846, -17.3538], [-55.5851, -17.3533], [-55.5848, -17.3511], [-55.5862, -17.3507], [-55.588, -17.3519], [-55.5907, -17.3522], [-55.5924, -17.3532], [-55.5941, -17.3555], [-55.5938, -17.358], [-55.5917, -17.3609], [-55.5922, -17.3627], [-55.5941, -17.3646], [-55.5941, -17.3655], [-55.5929, -17.3668], [-55.5909, -17.3675], [-55.5904, -17.3687], [-55.5914, -17.3699], [-55.5936, -17.3692], [-55.5952, -17.366], [-55.5954, -17.3641], [-55.5949, -17.3612], [-55.5953, -17.3598], [-55.5972, -17.3591], [-55.5985, -17.3591], [-55.5993, -17.3605], [-55.599, -17.3614], [-55.5969, -17.3636], [-55.5976, -17.3649], [-55.6016, -17.3661], [-55.6028, -17.3674], [-55.6039, -17.3667], [-55.4937, -16.3892], [-55.4966, -16.3873], [-55.4971, -16.3855], [-55.4989, -16.3839], [-55.4992, -16.3822], [-55.5005, -16.3814], [-55.5028, -16.3807], [-55.5034, -16.3783], [-55.5053, -16.3775], [-55.5056, -16.3763], [-55.5078, -16.3744], [-55.5091, -16.3745], [-55.5088, -16.3764], [-55.5114, -16.3751], [-55.5158, -16.3751], [-55.5187, -16.3746], [-55.5221, -16.3759], [-55.5254, -16.3723], [-55.5267, -16.373], [-55.53, -16.3737], [-55.531, -16.3709], [-55.5324, -16.3708], [-55.5328, -16.3689], [-55.5355, -16.3685], [-55.5365, -16.3672], [-55.5388, -16.368], [-55.5411, -16.3677], [-55.5438, -16.366], [-55.5458, -16.3658], [-55.5457, -16.3648], [-55.548, -16.3634], [-55.5497, -16.3633], [-55.5506, -16.3616], [-55.5527, -16.3635], [-55.5528, -16.3649], [-55.5543, -16.3663], [-55.5588, -16.364], [-55.5598, -16.3615], [-55.561, -16.3599], [-55.5608, -16.358], [-55.5629, -16.3575], [-55.5654, -16.358], [-55.5687, -16.3555], [-55.5697, -16.3531], [-55.5685, -16.3513], [-55.5695, -16.3505], [-55.5715, -16.3513], [-55.5734, -16.3511], [-55.5738, -16.35], [-55.5799, -16.349], [-55.5807, -16.3504], [-55.5818, -16.35], [-55.5839, -16.3523], [-55.585, -16.3525], [-55.5856, -16.3542], [-55.5883, -16.3546], [-55.5889, -16.3532], [-55.5916, -16.352], [-55.5932, -16.3536], [-55.5942, -16.3561], [-55.5958, -16.3564], [-55.5973, -16.3577], [-55.5981, -16.3568], [-55.6, -16.3559], [-55.6014, -16.3533], [-55.6018, -16.3518], [-55.604, -16.3494], [-55.6052, -16.3495], [-55.6071, -16.3489], [-55.6075, -16.3497], [-55.6092, -16.3494], [-55.6099, -16.3476], [-55.6123, -16.3463], [-55.6144, -16.3463], [-55.6151, -16.3456], [-55.6148, -16.3437], [-55.6164, -16.34], [-55.6187, -16.339], [-55.6193, -16.3381], [-55.6217, -16.3373], [-55.6228, -16.3378], [-55.6264, -16.3381], [-55.6276, -16.3372], [-55.6289, -16.3353], [-55.629, -16.3332], [-55.6282, -16.3309], [-55.6298, -16.3292], [-55.6324, -16.3307], [-55.6339, -16.3294], [-55.6355, -16.3264], [-55.6339, -16.3261], [-55.6341, -16.3251], [-55.6366, -16.3246], [-55.6368, -16.3259], [-55.6379, -16.3267], [-55.6389, -16.3261], [-55.641, -16.3258], [-55.6423, -16.3273], [-55.6443, -16.3289], [-55.6453, -16.328], [-55.646, -16.3259], [-55.6455, -16.3221], [-55.647, -16.3224], [-55.6497, -16.3236], [-55.6498, -16.3223], [-55.6533, -16.3206], [-55.6534, -16.3191], [-55.6542, -16.3177], [-55.6529, -16.3164], [-55.6534, -16.3148], [-55.6551, -16.3134], [-55.6559, -16.3109], [-55.6572, -16.3098], [-55.657, -16.3087], [-55.659, -16.3069], [-55.6595, -16.3051], [-55.6614, -16.3033], [-55.6644, -16.302], [-55.6648, -16.3009], [-55.6692, -16.3002], [-55.6734, -16.2975], [-55.6746, -16.2972], [-55.6763, -16.2977], [-55.6783, -16.2963], [-55.6795, -16.2971], [-55.6825, -16.2981], [-55.6839, -16.2976], [-55.6858, -16.2983], [-55.687, -16.3004], [-55.6882, -16.3011], [-55.6917, -16.2997], [-55.6936, -16.2998], [-55.6947, -16.298], [-55.8886, -16.1231], [-55.8904, -16.1247], [-55.8923, -16.1257], [-55.8952, -16.1262], [-55.8971, -16.1256], [-55.8987, -16.1244], [-55.8995, -16.1228], [-55.8998, -16.12], [-55.8996, -16.1176], [-55.9006, -16.1153], [-55.902, -16.1149], [-55.9047, -16.1152], [-55.9067, -16.1171], [-55.9075, -16.1188], [-55.9074, -16.121], [-55.9063, -16.1231], [-55.903, -16.1271], [-55.9024, -16.1283], [-55.9028, -16.1303], [-55.9041, -16.1315], [-55.9067, -16.1318], [-55.9083, -16.131], [-55.9148, -16.1256], [-55.9169, -16.1246], [-55.9189, -16.125], [-55.9189, -16.1298], [-55.9208, -16.1322], [-55.9241, -16.1343], [-55.928, -16.135], [-55.9295, -16.1347], [-55.9317, -16.1336], [-55.9359, -16.1304], [-55.9377, -16.1306], [-55.9389, -16.1322], [-55.9378, -16.1347], [-55.9333, -16.1392], [-55.9303, -16.1404], [-55.925, -16.1401], [-55.9239, -16.1414], [-55.9259, -16.1432], [-55.9281, -16.1463], [-55.937, -16.1511], [-55.9378, -16.1537], [-55.938, -16.1567], [-55.9386, -16.1586], [-55.9427, -16.1633], [-55.9471, -16.166], [-55.9489, -16.1663]]]}}, {"type": "Feature", "properties": {"nome": "Acorizal"}, "geometry": {"type": "Polygon", "coordinates": [[[-56.4505, -15.1436], [-56.4511, -15.1356], [-56.4517, -15.1331], [-56.4536, -15.1303], [-56.4552, -15.1289], [-56.4646, -15.1231], [-56.4677, -15.1203], [-56.4684, -15.1187], [-56.4681, -15.1172], [-56.4666, -15.1149], [-56.4646, -15.1135], [-56.4623, -15.1129], [-56.4589, -15.1129], [-56.4546, -15.112], [-56.4519, -15.1102], [-56.4509, -15.1076], [-56.4511, -15.1059], [-56.4518, -15.1041], [-56.4532, -15.1024], [-56.4567, -15.1008], [-56.4627, -15.0991], [-56.465, -15.0978], [-56.4661, -15.0965], [-56.4664, -15.0934], [-56.4661, -15.0895], [-56.4655, -15.0869], [-56.4646, -15.0858], [-56.4593, -15.0831], [-56.4572, -15.0832], [-56.4481, -15.0866], [-56.4454, -15.0872], [-56.4418, -15.087], [-56.4406, -15.0858], [-56.4405, -15.0827], [-56.4424, -15.0775], [-56.4437, -15.0751], [-56.4433, -15.0738], [-56.4419, -15.0741], [-56.4407, -15.0756], [-56.439, -15.0766], [-56.4371, -15.0762], [-56.4365, -15.0742], [-56.4358, -15.0732], [-56.4333, -15.0715], [-56.4316, -15.0708], [-56.4297, -15.0719], [-56.4267, -15.0713], [-56.4246, -15.0717], [-56.421, -15.0707], [-56.4166, -15.0702], [-56.4151, -15.0692], [-56.4145, -15.0669], [-56.4133, -15.0648], [-56.4102, -15.063], [-56.4083, -15.063], [-56.4067, -15.0638], [-56.4046, -15.0639], [-56.4017, -15.0648], [-56.3988, -15.0669], [-56.3967, -15.0692], [-56.3942, -15.0711], [-56.3917, -15.0737], [-56.3895, -15.0735], [-56.3867, -15.0704], [-56.3811, -15.0632], [-56.3794, -15.06], [-56.3771, -15.0531], [-56.3717, -15.0438], [-56.3666, -15.0422], [-56.3646, -15.041], [-56.3636, -15.0413], [-56.362, -15.0429], [-56.3603, -15.0438], [-56.3559, -15.0427], [-56.3522, -15.0431], [-56.3487, -15.0442], [-56.3476, -15.0452], [-56.3462, -15.0454], [-56.3414, -15.0447], [-56.3397, -15.0457], [-56.3378, -15.0427], [-56.3342, -15.0399], [-56.3315, -15.0368], [-56.3282, -15.0374], [-56.3257, -15.0368], [-56.323, -15.0382], [-56.3209, -15.0389], [-56.3205, -15.0402], [-56.3211, -15.042], [-56.3199, -15.0435], [-56.3178, -15.0432], [-56.314, -15.0403], [-56.313, -15.0391], [-56.3146, -15.0359], [-56.3143, -15.0313], [-56.3137, -15.0286], [-56.3117, -15.0258], [-56.3093, -15.0246], [-56.3069, -15.0228], [-56.3053, -15.0224], [-56.304, -15.0208], [-56.3002, -15.0186], [-56.2973, -15.018], [-56.2931, -15.0181], [-56.2905, -15.0173], [-56.2825, -15.0122], [-56.281, -15.0121], [-56.2748, -15.0091], [-56.272, -15.0073], [-56.2711, -15.0053], [-56.2711, -15.0035], [-56.27, -15.0004], [-56.2693, -14.9972], [-56.2679, -14.9957], [-56.2644, -14.994], [-56.2614, -14.9943], [-56.2597, -14.9936], [-56.2587, -14.9909], [-56.2578, -14.9896], [-56.2549, -14.9884], [-56.2515, -14.9892], [-56.2475, -14.9889], [-56.2459, -14.9881], [-56.2439, -14.9861], [-56.2433, -14.9841], [-56.2435, -14.9813], [-56.2422, -14.9788], [-56.2423, -14.9765], [-56.2349, -14.9822], [-56.2254, -14.9848], [-56.2155, -14.9839], [-56.2126, -14.9845], [-56.2084, -14.9862], [-56.2051, -14.9893], [-56.201, -14.9974], [-56.1979, -15.0004], [-56.1968, -15.0028], [-56.1917, -15.0082], [-56.1918, -15.0181], [-56.1903, -15.0205], [-56.189, -15.0259], [-56.1901, -15.0282], [-56.189, -15.0316], [-56.1887, -15.0343], [-56.1905, -15.0366], [-56.1922, -15.0402], [-56.1941, -15.0417], [-56.202, -15.0453], [-56.2031, -15.0452], [-56.204, -15.0467], [-56.204, -15.0482], [-56.205, -15.0492], [-56.2055, -15.0512], [-56.2078, -15.0519], [-56.2082, -15.0535], [-56.2098, -15.0546], [-56.2093, -15.0567], [-56.211, -15.0595], [-56.2108, -15.0603], [-56.2113, -15.0629], [-56.2089, -15.0637], [-56.208, -15.0653], [-56.2066, -15.0668], [-56.2037, -15.0671], [-56.2025, -15.0678], [-56.2017, -15.0695], [-56.2028, -15.0711], [-56.2025, -15.0724], [-56.2013, -15.0729], [-56.2001, -15.0744], [-56.2006, -15.0772], [-56.2021, -15.0779], [-56.2028, -15.079], [-56.2023, -15.0821], [-56.2013, -15.0834], [-56.2014, -15.0851], [-56.1998, -15.0857], [-56.1993, -15.0872], [-56.1967, -15.0879], [-56.1976, -15.0896], [-56.1963, -15.0922], [-56.197, -15.0936], [-56.1958, -15.0952], [-56.1918, -15.0974], [-56.1854, -15.0977], [-56.1842, -15.0984], [-56.1824, -15.1015], [-56.1792, -15.0998], [-56.1768, -15.0998], [-56.1755, -15.1013], [-56.175, -15.1033], [-56.174, -15.1037], [-56.1702, -15.1022], [-56.1686, -15.1023], [-56.1671, -15.1036], [-56.1655, -15.1036], [-56.1625, -15.1022], [-56.1603, -15.103], [-56.1583, -15.102], [-56.154, -15.1036], [-56.1474, -15.1006], [-56.1466, -15.0987], [-56.1383, -15.1007], [-56.1363, -15.1026], [-56.1293, -15.097], [-56.1206, -15.1037], [-56.1201, -15.1048], [-56.1165, -15.1069], [-56.1136, -15.1059], [-56.1114, -15.1064], [-56.108, -15.109], [-56.1052, -15.1133], [-56.1038, -15.1131], [-56.1016, -15.1144], [-56.1049, -15.1161], [-56.1098, -15.1175], [-56.1118, -15.1176], [-56.1148, -15.117], [-56.1168, -15.1188], [-56.1194, -15.1248], [-56.1217, -15.1267], [-56.1234, -15.1304], [-56.126, -15.1304], [-56.1272, -15.1319], [-56.1296, -15.1336], [-56.1293, -15.1346], [-56.1304, -15.1355], [-56.1325, -15.1352], [-56.1365, -15.1364], [-56.1396, -15.1388], [-56.1413, -15.1395], [-56.1423, -15.1419], [-56.1454, -15.1433], [-56.1469, -15.1433], [-56.1494, -15.1445], [-56.1502, -15.1453], [-56.1504, -15.1472], [-56.1526, -15.1484], [-56.1547, -15.151], [-56.1549, -15.1526], [-56.1576, -15.1527], [-56.1597, -15.152], [-56.1594, -15.1536], [-56.1632, -15.154], [-56.165, -15.1566], [-56.164, -15.158], [-56.1652, -15.159], [-56.1679, -15.1582], [-56.169, -15.1564], [-56.1703, -15.1568], [-56.1732, -15.1605], [-56.1755, -15.1612], [-56.1782, -15.1627], [-56.1862, -15.1698], [-56.1883, -15.1702], [-56.1927, -15.1702], [-56.1941, -15.1713], [-56.1938, -15.1727], [-56.1947, -15.1733], [-56.1967, -15.1732], [-56.1966, -15.1745], [-56.1979, -15.1753], [-56.2, -15.1744], [-56.2018, -15.1747], [-56.2036, -15.1756], [-56.2054, -15.1777], [-56.2056, -15.1801], [-56.2096, -15.1822], [-56.2118, -15.1823], [-56.2125, -15.1844], [-56.214, -15.1847], [-56.2144, -15.1867], [-56.2151, -15.1876], [-56.2169, -15.1878], [-56.2174, -15.1894], [-56.2199, -15.1899], [-56.2213, -15.1908], [-56.2214, -15.1925], [-56.2231, -15.1929], [-56.2246, -15.1916], [-56.2294, -15.192], [-56.2305, -15.1925], [-56.2315, -15.194], [-56.2339, -15.1953], [-56.2357, -15.1967], [-56.2375, -15.1966], [-56.2393, -15.1978], [-56.2402, -15.1976], [-56.2413, -15.1954], [-56.244, -15.1954], [-56.2455, -15.1962], [-56.2482, -15.1985], [-56.2496, -15.1993], [-56.2527, -15.2027], [-56.2534, -15.2002], [-56.2546, -15.1999], [-56.256, -15.2011], [-56.2576, -15.2008], [-56.2592, -15.2017], [-56.2617, -15.1993], [-56.2662, -15.2005], [-56.2655, -15.2039], [-56.2667, -15.205], [-56.2692, -15.2058], [-56.2703, -15.2069], [-56.2716, -15.2073], [-56.2753, -15.2102], [-56.2748, -15.2111], [-56.2753, -15.2139], [-56.276, -15.2148], [-56.2752, -15.2161], [-56.2769, -15.217], [-56.2771, -15.2183], [-56.2785, -15.2178], [-56.279, -15.2186], [-56.2782, -15.2206], [-56.278, -15.2223], [-56.2784, -15.2256], [-56.2779, -15.2278], [-56.2792, -15.2287], [-56.2801, -15.2315], [-56.2821, -15.2322], [-56.2819, -15.2337], [-56.2833, -15.2343], [-56.2845, -15.234], [-56.2872, -15.2359], [-56.2879, -15.2379], [-56.2895, -15.2382], [-56.2904, -15.24], [-56.2921, -15.241], [-56.2922, -15.2423], [-56.2942, -15.244], [-56.2959, -15.2437], [-56.2973, -15.2462], [-56.3003, -15.2456], [-56.3018, -15.2468], [-56.301, -15.2481], [-56.3017, -15.2501], [-56.302, -15.2539], [-56.2999, -15.2559], [-56.2964, -15.2611], [-56.2889, -15.2668], [-56.2849, -15.2683], [-56.2835, -15.2696], [-56.2828, -15.2711], [-56.2832, -15.2725], [-56.2853, -15.2746], [-56.2853, -15.2756], [-56.2829, -15.2796], [-56.282, -15.2818], [-56.278, -15.2863], [-56.2769, -15.2891], [-56.2772, -15.2913], [-56.278, -15.2924], [-56.2789, -15.2966], [-56.2785, -15.3016], [-56.2794, -15.304], [-56.2832, -15.3081], [-56.2845, -15.3101], [-56.2849, -15.3131], [-56.2858, -15.3155], [-56.2859, -15.3168], [-56.2849, -15.3199], [-56.2841, -15.325], [-56.2835, -15.3267], [-56.2797, -15.333], [-56.2796, -15.3346], [-56.2809, -15.3373], [-56.2806, -15.3387], [-56.2787, -15.3401], [-56.2812, -15.3404], [-56.2825, -15.3424], [-56.2841, -15.3433], [-56.2873, -15.343], [-56.2883, -15.3433], [-56.2884, -15.3446], [-56.2879, -15.348], [-56.2918, -15.3511], [-56.2932, -15.3529], [-56.2947, -15.3539], [-56.2959, -15.3564], [-56.298, -15.3582], [-56.3003, -15.3581], [-56.3017, -15.3599], [-56.3045, -15.3602], [-56.3052, -15.361], [-56.3059, -15.3634], [-56.3073, -15.3649], [-56.31, -15.366], [-56.31, -15.367], [-56.3077, -15.3678], [-56.3081, -15.3697], [-56.3107, -15.3717], [-56.3112, -15.3726], [-56.3098, -15.376], [-56.3169, -15.3811], [-56.321, -15.3829], [-56.3221, -15.3831], [-56.3245, -15.3824], [-56.3288, -15.3843], [-56.3294, -15.3855], [-56.3293, -15.3886], [-56.33, -15.3915], [-56.3308, -15.3921], [-56.3327, -15.3924], [-56.3334, -15.3931], [-56.3328, -15.3947], [-56.3342, -15.3961], [-56.3354, -15.3965], [-56.3375, -15.3982], [-56.3419, -15.3986], [-56.3438, -15.3993], [-56.3453, -15.4012], [-56.3464, -15.4013], [-56.3479, -15.4004], [-56.3488, -15.4009], [-56.3489, -15.4023], [-56.3508, -15.4038], [-56.3502, -15.4065], [-56.3521, -15.4073], [-56.3526, -15.4087], [-56.3551, -15.4105], [-56.3555, -15.4123], [-56.365, -15.4074], [-56.3753, -15.4036], [-56.3902, -15.3933], [-56.3917, -15.3912], [-56.3936, -15.3869], [-56.3962, -15.385], [-56.3975, -15.3835], [-56.3997, -15.3795], [-56.4098, -15.3643], [-56.4225, -15.3333], [-56.4314, -15.3187], [-56.4322, -15.3169], [-56.4337, -15.3099], [-56.4362, -15.3034], [-56.436, -15.2997], [-56.4347, -15.2924], [-56.4347, -15.2901], [-56.4355, -15.288], [-56.4422, -15.2775], [-56.4514, -15.2679], [-56.4509, -15.2669], [-56.4511, -15.265], [-56.45, -15.2634], [-56.448, -15.2617], [-56.4464, -15.2592], [-56.4446, -15.2495], [-56.4424, -15.2457], [-56.4425, -15.2425], [-56.4434, -15.2395], [-56.4419, -15.2382], [-56.4406, -15.2358], [-56.4405, -15.2343], [-56.4383, -15.2316], [-56.4354, -15.2301], [-56.4351, -15.2274], [-56.433, -15.2259], [-56.4302, -15.2255], [-56.4287, -15.2248], [-56.4265, -15.2226], [-56.4264, -15.2213], [-56.4275, -15.2196], [-56.4289, -15.2186], [-56.4292, -15.2175], [-56.4273, -15.2172], [-56.4256, -15.2159], [-56.4248, -15.2145], [-56.4237, -15.2141], [-56.4221, -15.2149], [-56.4205, -15.2145], [-56.4193, -15.2128], [-56.418, -15.2122], [-56.4168, -15.2126], [-56.4155, -15.2139], [-56.4144, -15.2173], [-56.4131, -15.2188], [-56.412, -15.2208], [-56.4066, -15.2218], [-56.4039, -15.218], [-56.4002, -15.2162], [-56.3988, -15.215], [-56.3988, -15.2135], [-56.4013, -15.2143], [-56.402, -15.2125], [-56.401, -15.2114], [-56.3993, -15.2106], [-56.395, -15.2106], [-56.3915, -15.2102], [-56.3891, -15.2087], [-56.3874, -15.2086], [-56.385, -15.2075], [-56.3844, -15.2059], [-56.3847, -15.2045], [-56.39, -15.2034], [-56.3998, -15.1987], [-56.4017, -15.1975], [-56.4031, -15.195], [-56.406, -15.1867], [-56.4061, -15.1836], [-56.405, -15.1805], [-56.404, -15.1787], [-56.4036, -15.1764], [-56.4043, -15.1729], [-56.4069, -15.1681], [-56.4097, -15.1616], [-56.4113, -15.1595], [-56.4136, -15.1584], [-56.4188, -15.1571], [-56.4223, -15.157], [-56.4288, -15.1589], [-56.4327, -15.161], [-56.4349, -15.1613], [-56.437, -15.1603], [-56.4457, -15.1535], [-56.4481, -15.151], [-56.4493, -15.1487], [-56.4505, -15.1436]]]}}, {"type": "Feature", "properties": {"nome": "Chapada dos Guimarães"}, "geometry": {"type": "Polygon", "coordinates": [[[-56.1293, -15.097], [-56.1363, -15.1026], [-56.1383, -15.1007], [-56.1466, -15.0987], [-56.1474, -15.1006], [-56.154, -15.1036], [-56.1583, -15.102], [-56.1603, -15.103], [-56.1625, -15.1022], [-56.1655, -15.1036], [-56.1671, -15.1036], [-56.1686, -15.1023], [-56.1702, -15.1022], [-56.174, -15.1037], [-56.175, -15.1033], [-56.1755, -15.1013], [-56.1768, -15.0998], [-56.1792, -15.0998], [-56.1824, -15.1015], [-56.1842, -15.0984], [-56.1854, -15.0977], [-56.1918, -15.0974], [-56.1958, -15.0952], [-56.197, -15.0936], [-56.1963, -15.0922], [-56.1976, -15.0896], [-56.1967, -15.0879], [-56.1993, -15.0872], [-56.1998, -15.0857], [-56.2014, -15.0851], [-56.2013, -15.0834], [-56.2023, -15.0821], [-56.2028, -15.079], [-56.2021, -15.0779], [-56.2006, -15.0772], [-56.2001, -15.0744], [-56.2013, -15.0729], [-56.2025, -15.0724], [-56.2028, -15.0711], [-56.2017, -15.0695], [-56.2025, -15.0678], [-56.2037, -15.0671], [-56.2066, -15.0668], [-56.208, -15.0653], [-56.2089, -15.0637], [-56.2113, -15.0629], [-56.2108, -15.0603], [-56.211, -15.0595], [-56.2093, -15.0567], [-56.2098, -15.0546], [-56.2082, -15.0535], [-56.2078, -15.0519], [-56.2055, -15.0512], [-56.205, -15.0492], [-56.204, -15.0482], [-56.204, -15.0467], [-56.2031, -15.0452], [-56.202, -15.0453], [-56.1941, -15.0417], [-56.1922, -15.0402], [-56.1905, -15.0366], [-56.1887, -15.0343], [-56.189, -15.0316], [-56.1901, -15.0282], [-56.189, -15.0259], [-56.1903, -15.0205], [-56.1918, -15.0181], [-56.1917, -15.0082], [-56.1968, -15.0028], [-56.1979, -15.0004], [-56.201, -14.9974], [-56.2051, -14.9893], [-56.2084, -14.9862], [-56.2126, -14.9845], [-56.2155, -14.9839], [-56.2254, -14.9848], [-56.2349, -14.9822], [-56.2423, -14.9765], [-55.9426, -15.0347], [-55.9419, -15.032], [-55.9447, -15.0282], [-55.9447, -15.0265], [-55.9437, -15.0245], [-55.9412, -15.0235], [-55.9397, -15.0224], [-55.9401, -15.0209], [-55.9416, -15.0205], [-55.9433, -15.0194], [-55.9466, -15.0185], [-55.948, -15.0178], [-55.9483, -15.0152], [-55.9474, -15.0131], [-55.9488, -15.0102], [-55.9489, -15.0074], [-55.9508, -15.0046], [-55.949, -15.003], [-55.9506, -14.9998], [-55.9521, -14.9985], [-55.9525, -14.9966], [-55.9537, -14.9965], [-55.9548, -14.9955], [-55.9561, -14.9952], [-55.9555, -14.993], [-55.9571, -14.9911], [-55.958, -14.9911], [-55.9593, -14.9896], [-55.9594, -14.9877], [-55.9581, -14.9857], [-55.9593, -14.984], [-55.9611, -14.9828], [-55.9614, -14.9808], [-55.9634, -14.9782], [-55.9666, -14.9783], [-55.967, -14.9764], [-55.968, -14.9756], [-55.9688, -14.974], [-55.9683, -14.9727], [-55.9711, -14.9714], [-55.9713, -14.9693], [-55.972, -14.9682], [-55.9719, -14.9662], [-55.9727, -14.9644], [-55.9738, -14.9633], [-55.9772, -14.9621], [-55.9798, -14.9599], [-55.9831, -14.9551], [-55.9846, -14.9543], [-55.9852, -14.953], [-55.9858, -14.948], [-55.9865, -14.9466], [-55.9881, -14.9454], [-55.9888, -14.9437], [-55.9905, -14.9419], [-55.9929, -14.9404], [-55.9929, -14.9376], [-55.9938, -14.937], [-55.996, -14.9366], [-55.9964, -14.9355], [-55.9957, -14.9344], [-55.9966, -14.9318], [-55.9975, -14.9309], [-55.9992, -14.9309], [-55.9994, -14.93], [-56.0013, -14.9294], [-56.0023, -14.9281], [-56.0048, -14.9268], [-56.0045, -14.9259], [-56.0024, -14.9247], [-56.0052, -14.9232], [-56.0066, -14.9219], [-56.0062, -14.9202], [-56.0068, -14.918], [-56.0089, -14.9175], [-56.0098, -14.9154], [-56.0113, -14.9133], [-56.0096, -14.9108], [-56.0101, -14.91], [-56.0137, -14.9083], [-56.0153, -14.9047], [-56.0135, -14.9013], [-56.0094, -14.9022], [-56.0053, -14.9025], [-56.0039, -14.9019], [-56.0024, -14.8992], [-56.0016, -14.8969], [-56.0009, -14.8931], [-55.9984, -14.8919], [-55.9962, -14.8901], [-55.9935, -14.8893], [-55.99, -14.8896], [-55.9887, -14.8894], [-55.985, -14.8853], [-55.9804, -14.884], [-55.9768, -14.8797], [-55.9707, -14.8736], [-55.9686, -14.873], [-55.9664, -14.873], [-55.9621, -14.8744], [-55.9563, -14.8778], [-55.952, -14.8791], [-55.9503, -14.8792], [-55.9466, -14.8783], [-55.9447, -14.8768], [-55.9433, -14.8746], [-55.9418, -14.8733], [-55.9396, -14.8723], [-55.9307, -14.8706], [-55.9259, -14.8702], [-55.9206, -14.8686], [-55.9174, -14.869], [-55.9141, -14.8701], [-55.912, -14.8692], [-55.9118, -14.8657], [-55.9104, -14.8638], [-55.9076, -14.8623], [-55.906, -14.8604], [-55.9009, -14.8572], [-55.8959, -14.8566], [-55.8941, -14.8555], [-55.8898, -14.8512], [-55.8879, -14.85], [-55.8862, -14.8484], [-55.882, -14.846], [-55.8793, -14.844], [-55.8755, -14.842], [-55.8738, -14.8419], [-55.8725, -14.8431], [-55.8709, -14.8437], [-55.8687, -14.8428], [-55.8623, -14.8384], [-55.8602, -14.8379], [-55.8578, -14.8426], [-55.8557, -14.8444], [-55.852, -14.8464], [-55.85, -14.8487], [-55.847, -14.8539], [-55.8454, -14.8558], [-55.8435, -14.8565], [-55.8403, -14.8556], [-55.8386, -14.8539], [-55.8376, -14.8513], [-55.8368, -14.8469], [-55.835, -14.8463], [-55.8342, -14.8476], [-55.8345, -14.8528], [-55.834, -14.8572], [-55.8326, -14.8589], [-55.8303, -14.86], [-55.8282, -14.8583], [-55.8273, -14.8552], [-55.8263, -14.8535], [-55.8244, -14.8519], [-55.8221, -14.8517], [-55.8195, -14.851], [-55.8187, -14.8498], [-55.8182, -14.8466], [-55.8166, -14.8439], [-55.8151, -14.8428], [-55.8129, -14.8432], [-55.8123, -14.8451], [-55.8109, -14.8458], [-55.81, -14.8454], [-55.808, -14.8433], [-55.8043, -14.8423], [-55.8026, -14.8402], [-55.798, -14.8402], [-55.7957, -14.8383], [-55.7944, -14.8388], [-55.7912, -14.8388], [-55.7901, -14.8397], [-55.7887, -14.8393], [-55.7876, -14.8379], [-55.7848, -14.8377], [-55.7832, -14.8359], [-55.7803, -14.8345], [-55.7782, -14.8324], [-55.776, -14.8318], [-55.7744, -14.8303], [-55.7734, -14.8288], [-55.7705, -14.8277], [-55.7691, -14.8255], [-55.7679, -14.8206], [-55.7681, -14.819], [-55.7659, -14.8174], [-55.7665, -14.8165], [-55.766, -14.8149], [-55.7641, -14.8149], [-55.7627, -14.8133], [-55.763, -14.8092], [-55.7619, -14.8073], [-55.7634, -14.8048], [-55.7633, -14.8036], [-55.7645, -14.8023], [-55.7628, -14.8002], [-55.7625, -14.7985], [-55.7641, -14.7977], [-55.7646, -14.796], [-55.7665, -14.7948], [-55.766, -14.7928], [-55.7665, -14.7905], [-55.7685, -14.7887], [-55.7682, -14.7873], [-55.7654, -14.7852], [-55.7623, -14.7849], [-55.7536, -14.7813], [-55.7525, -14.7815], [-55.7503, -14.7805], [-55.7478, -14.781], [-55.7444, -14.7799], [-55.7438, -14.7791], [-55.7434, -14.7772], [-55.7419, -14.7767], [-55.7401, -14.772], [-55.7385, -14.771], [-55.7361, -14.7708], [-55.7335, -14.7686], [-55.7325, -14.7684], [-55.7313, -14.7669], [-55.7293, -14.766], [-55.7285, -14.7642], [-55.7264, -14.7636], [-55.7261, -14.7611], [-55.7248, -14.7592], [-55.7207, -14.7588], [-55.7197, -14.758], [-55.7195, -14.7561], [-55.7182, -14.7553], [-55.7177, -14.7532], [-55.7153, -14.7511], [-55.7138, -14.7504], [-55.7106, -14.75], [-55.7071, -14.749], [-55.7052, -14.7478], [-55.7035, -14.7475], [-55.7028, -14.7458], [-55.7015, -14.7452], [-55.6992, -14.7452], [-55.6975, -14.7436], [-55.6927, -14.7428], [-55.69, -14.7413], [-55.6832, -14.74], [-55.6807, -14.7381], [-55.3967, -14.5678], [-55.3954, -14.5689], [-55.3949, -14.571], [-55.3952, -14.5737], [-55.395, -14.5754], [-55.3954, -14.5768], [-55.3968, -14.5778], [-55.3991, -14.5787], [-55.4009, -14.5807], [-55.4016, -14.5833], [-55.4051, -14.5869], [-55.4073, -14.5873], [-55.4063, -14.5897], [-55.4043, -14.5904], [-55.404, -14.5922], [-55.4019, -14.5946], [-55.4006, -14.5973], [-55.3994, -14.5972], [-55.3964, -14.5995], [-55.3936, -14.6004], [-55.392, -14.6025], [-55.3915, -14.6056], [-55.3925, -14.6093], [-55.3923, -14.6112], [-55.393, -14.6125], [-55.3935, -14.6164], [-55.3948, -14.6178], [-55.3989, -14.6239], [-55.4001, -14.6285], [-55.4014, -14.6301], [-55.4079, -14.6326], [-55.4119, -14.6351], [-55.4134, -14.6334], [-55.4144, -14.633], [-55.4165, -14.6341], [-55.4196, -14.6343], [-55.4216, -14.6359], [-55.4249, -14.6353], [-55.4259, -14.6364], [-55.4264, -14.6382], [-55.4275, -14.6402], [-55.4294, -14.642], [-55.431, -14.643], [-55.433, -14.6436], [-55.4338, -14.6447], [-55.4331, -14.6475], [-55.4331, -14.6494], [-55.4351, -14.6533], [-55.4397, -14.6594], [-55.4418, -14.6608], [-55.4446, -14.6604], [-55.4448, -14.6618], [-55.4466, -14.6635], [-55.4488, -14.6636], [-55.4503, -14.665], [-55.451, -14.6666], [-55.4526, -14.6645], [-55.4539, -14.6641], [-55.4556, -14.6646], [-55.4575, -14.6633], [-55.458, -14.6642], [-55.4598, -14.6626], [-55.4633, -14.6629], [-55.4664, -14.664], [-55.4653, -14.6649], [-55.4662, -14.6666], [-55.4673, -14.666], [-55.4682, -14.6668], [-55.4687, -14.6686], [-55.4707, -14.6701], [-55.4724, -14.6722], [-55.4749, -14.6739], [-55.4745, -14.6751], [-55.4732, -14.6759], [-55.4723, -14.6772], [-55.4735, -14.6777], [-55.4742, -14.6765], [-55.4765, -14.6776], [-55.4769, -14.6789], [-55.4768, -14.6815], [-55.4747, -14.6827], [-55.4748, -14.684], [-55.4759, -14.6842], [-55.4761, -14.686], [-55.477, -14.6878], [-55.4773, -14.6897], [-55.4792, -14.6892], [-55.4797, -14.69], [-55.4785, -14.6926], [-55.4791, -14.6934], [-55.4778, -14.6948], [-55.4801, -14.6963], [-55.4803, -14.6983], [-55.4816, -14.7003], [-55.4814, -14.7037], [-55.4829, -14.7045], [-55.4836, -14.7059], [-55.483, -14.7073], [-55.4828, -14.7089], [-55.4849, -14.7083], [-55.4856, -14.7097], [-55.4866, -14.7087], [-55.4888, -14.7088], [-55.4902, -14.7083], [-55.4925, -14.7083], [-55.492, -14.7108], [-55.4911, -14.7122], [-55.4918, -14.7128], [-55.4936, -14.7126], [-55.4936, -14.7155], [-55.4949, -14.7157], [-55.494, -14.7198], [-55.4951, -14.7211], [-55.4966, -14.721], [-55.4977, -14.7217], [-55.4985, -14.7232], [-55.498, -14.7249], [-55.4965, -14.7259], [-55.4976, -14.727], [-55.5005, -14.7242], [-55.5016, -14.7246], [-55.5016, -14.7265], [-55.5036, -14.7293], [-55.5038, -14.7316], [-55.5034, -14.734], [-55.5042, -14.7357], [-55.5024, -14.7366], [-55.5026, -14.7375], [-55.5054, -14.7402], [-55.5057, -14.7413], [-55.5053, -14.7432], [-55.5063, -14.7439], [-55.508, -14.7429], [-55.5105, -14.7439], [-55.5129, -14.7444], [-55.5125, -14.7459], [-55.5128, -14.7475], [-55.5127, -14.7496], [-55.5138, -14.7504], [-55.516, -14.7507], [-55.5168, -14.7515], [-55.5175, -14.7539], [-55.5198, -14.7534], [-55.5214, -14.7537], [-55.522, -14.7562], [-55.5232, -14.7567], [-55.5257, -14.7569], [-55.5294, -14.7579], [-55.5305, -14.7599], [-55.5298, -14.7614], [-55.5301, -14.7626], [-55.5331, -14.7656], [-55.5342, -14.7655], [-55.5344, -14.7644], [-55.537, -14.7632], [-55.5401, -14.7634], [-55.5454, -14.7655], [-55.5486, -14.7658], [-55.5508, -14.7665], [-55.5527, -14.7677], [-55.5578, -14.7678], [-55.5618, -14.7696], [-55.5649, -14.7714], [-55.5674, -14.7739], [-55.5686, -14.7769], [-55.5711, -14.779], [-55.5723, -14.7792], [-55.5737, -14.7763], [-55.5746, -14.7762], [-55.5764, -14.7773], [-55.5785, -14.7778], [-55.5807, -14.78], [-55.5824, -14.78], [-55.5836, -14.7812], [-55.5845, -14.7807], [-55.5853, -14.7788], [-55.5867, -14.7792], [-55.587, -14.7815], [-55.5875, -14.7825], [-55.5899, -14.7827], [-55.5904, -14.7834], [-55.5895, -14.7856], [-55.5901, -14.7866], [-55.5928, -14.7853], [-55.5937, -14.7831], [-55.5953, -14.7837], [-55.5962, -14.7833], [-55.5969, -14.7819], [-55.5983, -14.783], [-55.6008, -14.7839], [-55.6016, -14.785], [-55.6005, -14.7866], [-55.6008, -14.7873], [-55.6026, -14.7877], [-55.6021, -14.79], [-55.6035, -14.7906], [-55.6061, -14.7932], [-55.6068, -14.792], [-55.6049, -14.7897], [-55.6057, -14.7884], [-55.6068, -14.7885], [-55.6081, -14.7874], [-55.609, -14.7875], [-55.6088, -14.7893], [-55.6097, -14.7897], [-55.6111, -14.7889], [-55.6126, -14.7894], [-55.6134, -14.7902], [-55.6135, -14.7918], [-55.6184, -14.7939], [-55.6197, -14.7955], [-55.6218, -14.7964], [-55.6227, -14.798], [-55.6241, -14.7967], [-55.6247, -14.7988], [-55.6259, -14.8008], [-55.6268, -14.7991], [-55.6281, -14.7984], [-55.6295, -14.7986], [-55.6316, -14.8007], [-55.6332, -14.8008], [-55.634, -14.8016], [-55.634, -14.803], [-55.6366, -14.8042], [-55.6372, -14.8028], [-55.6383, -14.8031], [-55.638, -14.8049], [-55.6385, -14.806], [-55.6412, -14.8091], [-55.6414, -14.8108], [-55.6425, -14.8139], [-55.6416, -14.8171], [-55.6432, -14.8182], [-55.642, -14.8195], [-55.643, -14.8203], [-55.6467, -14.8199], [-55.6488, -14.8167], [-55.6508, -14.8172], [-55.6511, -14.8185], [-55.6506, -14.8216], [-55.6508, -14.8233], [-55.6522, -14.8245], [-55.6516, -14.8263], [-55.6497, -14.8278], [-55.6472, -14.829], [-55.6451, -14.8306], [-55.6407, -14.8347], [-55.638, -14.8357], [-55.6357, -14.8352], [-55.6326, -14.8359], [-55.6311, -14.8358], [-55.6302, -14.8349], [-55.6297, -14.8331], [-55.6281, -14.8314], [-55.6268, -14.8316], [-55.6253, -14.8346], [-55.6228, -14.8365], [-55.6149, -14.8377], [-55.6099, -14.8368], [-55.6087, -14.8372], [-55.607, -14.839], [-55.6058, -14.8393], [-55.6025, -14.839], [-55.6, -14.8403], [-55.5981, -14.8405], [-55.5961, -14.842], [-55.5948, -14.8423], [-55.5918, -14.8418], [-55.5885, -14.8403], [-55.5828, -14.8402], [-55.5797, -14.8406], [-55.5789, -14.8415], [-55.5783, -14.8441], [-55.5773, -14.8458], [-55.5774, -14.8477], [-55.5793, -14.8497], [-55.5811, -14.8523], [-55.5839, -14.8538], [-55.5842, -14.8555], [-55.588, -14.8602], [-55.5843, -14.8612], [-55.5828, -14.8626], [-55.5811, -14.8655], [-55.5809, -14.8669], [-55.5812, -14.8693], [-55.5808, -14.8711], [-55.579, -14.8723], [-55.5769, -14.872], [-55.5742, -14.8693], [-55.5725, -14.8683], [-55.5703, -14.8677], [-55.5691, -14.8685], [-55.5676, -14.8703], [-55.5658, -14.8694], [-55.564, -14.8676], [-55.5623, -14.8653], [-55.5609, -14.8646], [-55.5577, -14.8619], [-55.5558, -14.8582], [-55.5545, -14.8568], [-55.5529, -14.8567], [-55.551, -14.8583], [-55.5486, -14.8618], [-55.5473, -14.8644], [-55.5458, -14.8643], [-55.5428, -14.8578], [-55.542, -14.857], [-55.5406, -14.857], [-55.5354, -14.8632], [-55.5341, -14.8662], [-55.5342, -14.8682], [-55.5357, -14.8709], [-55.5383, -14.873], [-55.5386, -14.874], [-55.5375, -14.8751], [-55.5337, -14.8763], [-55.5314, -14.8765], [-55.5298, -14.8776], [-55.5284, -14.8776], [-55.5271, -14.8768], [-55.5265, -14.8741], [-55.5254, -14.8731], [-55.5219, -14.8733], [-55.5174, -14.872], [-55.514, -14.8719], [-55.5083, -14.8743], [-55.5047, -14.8749], [-55.5018, -14.8767], [-55.5005, -14.8767], [-55.4974, -14.8752], [-55.4955, -14.8752], [-55.4948, -14.8757], [-55.4946, -14.8775], [-55.4936, -14.8784], [-55.4915, -14.8779], [-55.4901, -14.8756], [-55.4884, -14.8745], [-55.486, -14.8737], [-55.4829, -14.8705], [-55.4795, -14.8688], [-55.4766, -14.8683], [-55.4737, -14.8689], [-55.4718, -14.8685], [-55.4687, -14.8698], [-55.4624, -14.8689], [-55.4592, -14.8698], [-55.4579, -14.8689], [-55.4573, -14.8663], [-55.4565, -14.8653], [-55.4483, -14.8617], [-55.4453, -14.8594], [-55.4358, -14.8559], [-55.4344, -14.854], [-55.4327, -14.8529], [-55.4299, -14.8525], [-55.4229, -14.8535], [-55.4214, -14.8518], [-55.4218, -14.8496], [-55.4239, -14.8474], [-55.4242, -14.8467], [-55.423, -14.8453], [-55.4219, -14.8428], [-55.4201, -14.8424], [-55.4185, -14.8435], [-55.4159, -14.8437], [-55.4131, -14.8431], [-55.4102, -14.843], [-55.4042, -14.8421], [-55.4027, -14.8434], [-55.4012, -14.844], [-55.3992, -14.8433], [-55.3983, -14.8403], [-55.3974, -14.8388], [-55.3956, -14.8397], [-55.3927, -14.8401], [-55.3917, -14.8398], [-55.3905, -14.8379], [-55.3898, -14.8348], [-55.3882, -14.8336], [-55.387, -14.834], [-55.3856, -14.8354], [-55.3849, -14.8372], [-55.384, -14.8378], [-55.3821, -14.8377], [-55.3791, -14.8353], [-55.3766, -14.8353], [-55.3741, -14.8367], [-55.3732, -14.8382], [-55.3704, -14.8394], [-55.3692, -14.839], [-55.3691, -14.8372], [-55.3695, -14.8355], [-55.3707, -14.8343], [-55.3707, -14.8331], [-55.3693, -14.8317], [-55.3637, -14.8311], [-55.3636, -14.8296], [-55.3665, -14.8281], [-55.3687, -14.8276], [-55.3699, -14.8268], [-55.37, -14.8251], [-55.3688, -14.8239], [-55.3603, -14.822], [-55.3584, -14.8208], [-55.3557, -14.8201], [-55.3537, -14.821], [-55.3544, -14.8284], [-55.3538, -14.83], [-55.3528, -14.8305], [-55.3504, -14.829], [-55.3489, -14.8261], [-55.3475, -14.8258], [-55.3462, -14.8275], [-55.3458, -14.8298], [-55.3447, -14.8325], [-55.3436, -14.8338], [-55.3399, -14.8351], [-55.3372, -14.8384], [-55.337, -14.8408], [-55.338, -14.8417], [-55.3409, -14.8427], [-55.3418, -14.8441], [-55.3413, -14.8454], [-55.3402, -14.8457], [-55.3385, -14.8444], [-55.3364, -14.8441], [-55.3343, -14.8455], [-55.3327, -14.8451], [-55.3312, -14.8432], [-55.3283, -14.8424], [-55.3275, -14.8416], [-55.327, -14.8391], [-55.3272, -14.8332], [-55.3267, -14.8312], [-55.3222, -14.8282], [-55.3202, -14.8276], [-55.3161, -14.8273], [-55.3139, -14.8247], [-55.312, -14.8237], [-55.3122, -14.8217], [-55.3136, -14.8214], [-55.3155, -14.822], [-55.3185, -14.8219], [-55.3196, -14.8202], [-55.3196, -14.8193], [-55.3179, -14.8155], [-55.3189, -14.8131], [-55.3169, -14.8123], [-55.3155, -14.8129], [-55.3137, -14.8125], [-55.3114, -14.8104], [-55.3097, -14.81], [-55.3073, -14.8144], [-55.3053, -14.8149], [-55.3042, -14.8116], [-55.3029, -14.8107], [-55.3002, -14.8103], [-55.2994, -14.8107], [-55.2994, -14.813], [-55.3009, -14.8149], [-55.3021, -14.8178], [-55.3018, -14.8202], [-55.3004, -14.8211], [-55.2987, -14.8205], [-55.2972, -14.818], [-55.2968, -14.8155], [-55.295, -14.815], [-55.2944, -14.8168], [-55.2935, -14.8176], [-55.2901, -14.8175], [-55.2879, -14.8143], [-55.2896, -14.8106], [-55.2896, -14.8078], [-55.2886, -14.8067], [-55.2865, -14.8064], [-55.2852, -14.8071], [-55.2846, -14.8083], [-55.2848, -14.8115], [-55.2844, -14.8123], [-55.282, -14.8122], [-55.2801, -14.8108], [-55.278, -14.8111], [-55.2774, -14.8124], [-55.2752, -14.8143], [-55.2759, -14.816], [-55.2776, -14.8173], [-55.2777, -14.819], [-55.2762, -14.8202], [-55.2743, -14.8204], [-55.2707, -14.8169], [-55.2692, -14.816], [-55.2666, -14.8167], [-55.2649, -14.8166], [-55.2607, -14.8146], [-55.2582, -14.815], [-55.2557, -14.8162], [-55.2546, -14.8163], [-55.254, -14.8153], [-55.2537, -14.8108], [-55.2527, -14.8102], [-55.2514, -14.8106], [-55.2506, -14.8125], [-55.2497, -14.8135], [-55.2451, -14.8157], [-55.2441, -14.818], [-55.2433, -14.8184], [-55.2404, -14.8182], [-55.2389, -14.8198], [-55.2371, -14.8197], [-55.2346, -14.8186], [-55.2329, -14.8194], [-55.2325, -14.8226], [-55.2319, -14.824], [-55.2298, -14.8243], [-55.2281, -14.8224], [-55.2264, -14.8226], [-55.2251, -14.8234], [-55.2198, -14.8288], [-55.2187, -14.8293], [-55.2175, -14.8281], [-55.2168, -14.8247], [-55.2153, -14.8246], [-55.2148, -14.8269], [-55.2134, -14.8283], [-55.2121, -14.8272], [-55.2107, -14.8238], [-55.2088, -14.8234], [-55.208, -14.8249], [-55.2069, -14.8251], [-55.2052, -14.8243], [-55.2028, -14.8246], [-55.1996, -14.8261], [-55.1979, -14.8258], [-55.198, -14.8234], [-55.199, -14.8217], [-55.1989, -14.8196], [-55.197, -14.8207], [-55.1925, -14.8205], [-55.1919, -14.8201], [-55.1922, -14.817], [-55.192, -14.8127], [-55.1934, -14.8096], [-55.1937, -14.8069], [-55.1928, -14.8049], [-55.1916, -14.8038], [-55.1903, -14.8041], [-55.1897, -14.8065], [-55.1904, -14.8095], [-55.1899, -14.8111], [-55.1875, -14.8118], [-55.1864, -14.8131], [-55.185, -14.8134], [-55.1844, -14.8119], [-55.1853, -14.81], [-55.1859, -14.8067], [-55.1852, -14.8046], [-55.1831, -14.804], [-55.1829, -14.801], [-55.1822, -14.8002], [-55.1804, -14.7994], [-55.1795, -14.7984], [-55.1784, -14.7959], [-55.1758, -14.7959], [-55.1746, -14.7971], [-55.1721, -14.7986], [-55.171, -14.7979], [-55.1712, -14.796], [-55.1683, -14.7926], [-55.1667, -14.7914], [-55.165, -14.7907], [-55.162, -14.7911], [-55.1606, -14.788], [-55.1597, -14.7871], [-55.1553, -14.7868], [-55.152, -14.7876], [-55.151, -14.7883], [-55.151, -14.7895], [-55.1531, -14.7907], [-55.1551, -14.7909], [-55.1572, -14.7917], [-55.1591, -14.793], [-55.1575, -14.7942], [-55.1576, -14.7955], [-55.1589, -14.7962], [-55.1594, -14.7974], [-55.1587, -14.7986], [-55.1568, -14.7996], [-55.1564, -14.8016], [-55.1555, -14.8032], [-55.1511, -14.8029], [-55.1484, -14.8017], [-55.1473, -14.8017], [-55.1468, -14.8033], [-55.1455, -14.8055], [-55.1449, -14.8085], [-55.1443, -14.809], [-55.1441, -14.8116], [-55.1458, -14.8111], [-55.1474, -14.8121], [-55.1452, -14.8148], [-55.143, -14.8157], [-55.1443, -14.8178], [-55.1444, -14.8195], [-55.1459, -14.8207], [-55.1464, -14.8221], [-55.1475, -14.8233], [-55.1479, -14.8255], [-55.1489, -14.8259], [-55.1522, -14.8249], [-55.1526, -14.8259], [-55.1512, -14.8276], [-55.1507, -14.829], [-55.1493, -14.8298], [-55.1477, -14.8326], [-55.1503, -14.8344], [-55.1505, -14.8367], [-55.1519, -14.8378], [-55.1514, -14.8401], [-55.1517, -14.8421], [-55.15, -14.8428], [-55.148, -14.842], [-55.1467, -14.8427], [-55.147, -14.8437], [-55.1486, -14.8436], [-55.1491, -14.8446], [-55.1482, -14.8455], [-55.1489, -14.847], [-55.148, -14.8481], [-55.1481, -14.8496], [-55.1499, -14.8504], [-55.1495, -14.8514], [-55.1472, -14.8527], [-55.1495, -14.8534], [-55.1503, -14.8544], [-55.1499, -14.8566], [-55.1517, -14.8579], [-55.1517, -14.8594], [-55.1501, -14.8592], [-55.1496, -14.8604], [-55.1504, -14.8623], [-55.1476, -14.8633], [-55.148, -14.8646], [-55.1463, -14.866], [-55.1478, -14.8673], [-55.1461, -14.871], [-55.1462, -14.8738], [-55.1458, -14.875], [-55.1471, -14.8774], [-55.1483, -14.8768], [-55.15, -14.8779], [-55.1482, -14.8795], [-55.1482, -14.8814], [-55.147, -14.8832], [-55.1481, -14.8847], [-55.1471, -14.8859], [-55.1457, -14.8851], [-55.1454, -14.8865], [-55.1457, -14.8893], [-55.1455, -14.8909], [-55.1444, -14.8936], [-55.1423, -14.8952], [-55.1424, -14.8963], [-55.1437, -14.8977], [-55.1432, -14.9011], [-55.1407, -14.9031], [-55.139, -14.9059], [-55.1393, -14.9077], [-55.1381, -14.9127], [-55.1367, -14.9132], [-55.1336, -14.9135], [-55.1346, -14.9154], [-55.1328, -14.9162], [-55.1298, -14.9161], [-55.1299, -14.9177], [-55.1276, -14.9189], [-55.1268, -14.9177], [-55.126, -14.921], [-55.1244, -14.9209], [-55.124, -14.9228], [-55.1225, -14.9237], [-55.1234, -14.926], [-55.1218, -14.9262], [-55.1223, -14.9289], [-55.1205, -14.9288], [-55.1193, -14.9279], [-55.1184, -14.9298], [-55.1173, -14.9303], [-55.1163, -14.9329], [-55.1153, -14.934], [-55.1165, -14.9368], [-55.1164, -14.938], [-55.1154, -14.941], [-55.1141, -14.9421], [-55.112, -14.9425], [-55.1113, -14.9443], [-55.1121, -14.9467], [-55.1109, -14.9473], [-55.1104, -14.9493], [-55.1086, -14.9518], [-55.1077, -14.9519], [-55.1072, -14.9538], [-55.106, -14.9555], [-55.1069, -14.9566], [-55.1055, -14.9579], [-55.1054, -14.9595], [-55.1063, -14.9602], [-55.1061, -14.9614], [-55.1069, -14.9632], [-55.1086, -14.9637], [-55.109, -14.9653], [-55.1079, -14.966], [-55.1116, -14.9678], [-55.1171, -14.9673], [-55.1184, -14.9683], [-55.1204, -14.9685], [-55.1214, -14.9693], [-55.1226, -14.9687], [-55.1279, -14.9684], [-55.1309, -14.969], [-55.1317, -14.97], [-55.1328, -14.9737], [-55.1351, -14.9743], [-55.1371, -14.9757], [-55.1407, -14.98], [-55.1405, -14.9814], [-55.1415, -14.9831], [-55.1386, -14.9877], [-55.1371, -14.9876], [-55.1355, -14.9893], [-55.1329, -14.99], [-55.13, -14.9923], [-55.1272, -14.9928], [-55.1268, -14.9941], [-55.1251, -14.9948], [-55.1238, -14.9949], [-55.1184, -14.9942], [-55.1139, -14.9948], [-55.1117, -14.9955], [-55.1105, -14.997], [-55.1097, -14.9998], [-55.1074, -14.9999], [-55.1048, -14.9994], [-55.1034, -14.9998], [-55.1012, -14.9997], [-55.0964, -14.9991], [-55.0949, -14.9995], [-55.0933, -15.001], [-55.0906, -15.0009], [-55.0875, -14.9986], [-55.0863, -14.9981], [-55.0834, -14.9982], [-55.0802, -14.9978], [-55.0763, -14.9966], [-55.0725, -14.9968], [-55.0698, -14.9975], [-55.0665, -14.9979], [-55.0596, -14.9974], [-55.057, -14.9976], [-55.0542, -14.9982], [-55.051, -14.9995], [-55.0478, -15.0017], [-55.0462, -15.0006], [-55.0432, -15.0007], [-55.0404, -14.9999], [-55.0356, -14.9992], [-55.032, -14.9998], [-55.0275, -14.9998], [-55.0261, -15.0004], [-55.0244, -15.0019], [-55.0224, -15.003], [-55.0206, -15.0031], [-55.0175, -15.0021], [-55.0166, -15.0022], [-55.0124, -15.0052], [-55.0114, -15.0071], [-55.0037, -15.01], [-55.0018, -15.0117], [-55.0008, -15.0132], [-54.9946, -15.0169], [-54.9932, -15.0201], [-54.9938, -15.0231], [-54.9972, -15.0346], [-54.9977, -15.0446], [-54.9971, -15.0466], [-54.996, -15.0478], [-54.9925, -15.0499], [-54.9802, -15.053], [-54.977, -15.0544], [-54.9753, -15.0543], [-54.9547, -15.0478], [-54.9532, -15.0476], [-54.9333, -15.0501], [-54.9279, -15.0492], [-54.9249, -15.0481], [-54.9184, -15.0487], [-54.9162, -15.0486], [-54.9146, -15.048], [-54.913, -15.0464], [-54.9033, -15.0454], [-54.9002, -15.0442], [-54.8886, -15.0523], [-54.8752, -15.0635], [-54.8814, -15.0663], [-54.884, -15.0671], [-54.8879, -15.0677], [-54.8983, -15.0671], [-54.8999, -15.0673], [-54.9024, -15.0667], [-54.9097, -15.0668], [-54.9116, -15.0672], [-54.9134, -15.0682], [-54.9153, -15.0687], [-54.927, -15.0693], [-54.9297, -15.0697], [-54.9323, -15.0705], [-54.9404, -15.0701], [-54.9458, -15.0708], [-54.9471, -15.0724], [-54.9488, -15.0734], [-54.9505, -15.073], [-54.9538, -15.0739], [-54.9554, -15.0734], [-54.9581, -15.0742], [-54.9583, -15.0757], [-54.9603, -15.0772], [-54.9624, -15.0771], [-54.9645, -15.0753], [-54.9686, -15.0758], [-54.9703, -15.0767], [-54.9718, -15.0767], [-54.9731, -15.0759], [-54.974, -15.0769], [-54.9757, -15.077], [-54.9773, -15.0776], [-54.9789, -15.0776], [-54.9798, -15.0787], [-54.9814, -15.0783], [-54.982, -15.0796], [-54.984, -15.0798], [-54.9889, -15.081], [-54.9897, -15.0829], [-54.9915, -15.0836], [-54.9933, -15.0825], [-54.9968, -15.0837], [-55.0019, -15.0869], [-55.0042, -15.0865], [-55.006, -15.085], [-55.0063, -15.0838], [-55.0079, -15.0838], [-55.01, -15.0848], [-55.0116, -15.0847], [-55.0138, -15.0834], [-55.0173, -15.0837], [-55.0187, -15.0846], [-55.0247, -15.0871], [-55.0269, -15.0893], [-55.0283, -15.0894], [-55.0311, -15.0914], [-55.0338, -15.0921], [-55.0351, -15.0933], [-55.042, -15.0953], [-55.0447, -15.0966], [-55.049, -15.0974], [-55.051, -15.0974], [-55.0532, -15.0983], [-55.0575, -15.099], [-55.0619, -15.0977], [-55.0647, -15.0962], [-55.0668, -15.0958], [-55.0785, -15.0956], [-55.0801, -15.0966], [-55.0816, -15.0997], [-55.0826, -15.1007], [-55.0898, -15.103], [-55.0908, -15.1046], [-55.0908, -15.1056], [-55.0952, -15.1064], [-55.0958, -15.1046], [-55.0986, -15.1061], [-55.1692, -15.2055], [-55.3338, -15.3531], [-55.3325, -15.3528], [-55.3268, -15.353], [-55.3249, -15.3524], [-55.3219, -15.3522], [-55.3181, -15.3503], [-55.3171, -15.3503], [-55.3148, -15.3511], [-55.3136, -15.3523], [-55.3094, -15.3537], [-55.3065, -15.3555], [-55.3043, -15.3562], [-55.3012, -15.3561], [-55.2993, -15.3557], [-55.2987, -15.3541], [-55.2959, -15.3545], [-55.2954, -15.356], [-55.2963, -15.3575], [-55.2965, -15.359], [-55.2942, -15.36], [-55.2921, -15.3623], [-55.2917, -15.3633], [-55.293, -15.3659], [-55.2931, -15.367], [-55.2906, -15.3677], [-55.2904, -15.3697], [-55.2874, -15.3724], [-55.2871, -15.3735], [-55.2858, -15.3749], [-55.2864, -15.377], [-55.2858, -15.3793], [-55.2828, -15.3809], [-55.2816, -15.3809], [-55.2795, -15.3792], [-55.2766, -15.3802], [-55.2746, -15.3804], [-55.274, -15.3818], [-55.2749, -15.3829], [-55.2738, -15.3847], [-55.272, -15.3864], [-55.2717, -15.3892], [-55.2721, -15.391], [-55.2719, -15.3931], [-55.2712, -15.3941], [-55.2716, -15.3959], [-55.2687, -15.3981], [-55.2678, -15.3995], [-55.2675, -15.4013], [-55.266, -15.4036], [-55.2687, -15.4042], [-55.2678, -15.4066], [-55.269, -15.4103], [-55.2684, -15.4124], [-55.271, -15.4153], [-55.2715, -15.4166], [-55.2727, -15.4169], [-55.2738, -15.4182], [-55.2751, -15.4188], [-55.2745, -15.4211], [-55.2826, -15.4263], [-55.2868, -15.4285], [-55.2884, -15.4298], [-55.2896, -15.4313], [-55.291, -15.4321], [-55.2902, -15.4345], [-55.2919, -15.4376], [-55.2916, -15.4404], [-55.2904, -15.4442], [-55.2871, -15.4594], [-55.2869, -15.4624], [-55.288, -15.4658], [-55.2881, -15.4677], [-55.2873, -15.4726], [-55.288, -15.4756], [-55.2951, -15.4811], [-55.2969, -15.4859], [-55.297, -15.4925], [-55.2965, -15.4944], [-55.2972, -15.496], [-55.3027, -15.502], [-55.3034, -15.5035], [-55.3035, -15.5073], [-55.304, -15.5101], [-55.3038, -15.5136], [-55.303, -15.5163], [-55.3052, -15.5163], [-55.3061, -15.5158], [-55.3439, -15.4859], [-55.3459, -15.4853], [-55.372, -15.491], [-55.3738, -15.4918], [-55.3803, -15.4988], [-55.3817, -15.4998], [-55.3995, -15.5084], [-55.4035, -15.5092], [-55.4032, -15.5104], [-55.4035, -15.5131], [-55.4027, -15.5179], [-55.4036, -15.5194], [-55.4037, -15.5211], [-55.4009, -15.5242], [-55.4003, -15.5257], [-55.4001, -15.5293], [-55.4011, -15.5319], [-55.4057, -15.537], [-55.4084, -15.5379], [-55.4103, -15.5393], [-55.4126, -15.5402], [-55.4137, -15.5411], [-55.4149, -15.5435], [-55.4173, -15.5461], [-55.4182, -15.5485], [-55.4177, -15.5503], [-55.4181, -15.5522], [-55.4203, -15.5553], [-55.4217, -15.5623], [-55.4235, -15.5658], [-55.4281, -15.5725], [-55.4288, -15.5748], [-55.4332, -15.5781], [-55.4332, -15.58], [-55.4356, -15.5826], [-55.4356, -15.5845], [-55.4366, -15.5867], [-55.4365, -15.5876], [-55.4383, -15.5958], [-55.4389, -15.597], [-55.4388, -15.599], [-55.4394, -15.6018], [-55.4381, -15.6045], [-55.4411, -15.6076], [-55.4427, -15.6121], [-55.4425, -15.6132], [-55.439, -15.6154], [-55.4357, -15.618], [-55.4341, -15.6186], [-55.4315, -15.6187], [-55.4281, -15.6203], [-55.4271, -15.6215], [-55.4247, -15.6222], [-55.4241, -15.6227], [-55.4211, -15.6225], [-55.4191, -15.6214], [-55.4168, -15.6208], [-55.4136, -15.621], [-55.4121, -15.6206], [-55.4067, -15.6167], [-55.4003, -15.6147], [-55.3935, -15.6133], [-55.3827, -15.61], [-55.3781, -15.6098], [-55.3695, -15.6074], [-55.3643, -15.6046], [-55.3621, -15.6045], [-55.3602, -15.6054], [-55.3575, -15.6073], [-55.3557, -15.6096], [-55.382, -15.6337], [-55.3836, -15.6328], [-55.4066, -15.6293], [-55.4214, -15.6313], [-55.4314, -15.6292], [-55.4479, -15.6318], [-55.4491, -15.6308], [-55.4511, -15.6266], [-55.4519, -15.6233], [-55.454, -15.6217], [-55.4558, -15.6219], [-55.457, -15.6226], [-55.4583, -15.6213], [-55.4586, -15.6191], [-55.4604, -15.618], [-55.4677, -15.6181], [-55.4686, -15.6191], [-55.4707, -15.6187], [-55.4748, -15.6169], [-55.4765, -15.6169], [-55.4789, -15.6163], [-55.4798, -15.6165], [-55.4816, -15.6183], [-55.4829, -15.619], [-55.4905, -15.6204], [-55.502, -15.625], [-55.5032, -15.6244], [-55.5066, -15.6245], [-55.5105, -15.6253], [-55.515, -15.625], [-55.5168, -15.6203], [-55.5139, -15.6205], [-55.5102, -15.619], [-55.5097, -15.6181], [-55.5108, -15.6152], [-55.5106, -15.614], [-55.5097, -15.6131], [-55.5083, -15.6131], [-55.5079, -15.611], [-55.5052, -15.6099], [-55.504, -15.6077], [-55.5012, -15.6059], [-55.499, -15.6052], [-55.498, -15.6034], [-55.4945, -15.6017], [-55.4922, -15.6001], [-55.4906, -15.598], [-55.4887, -15.5963], [-55.4878, -15.5946], [-55.488, -15.5918], [-55.4868, -15.5908], [-55.4873, -15.5892], [-55.4888, -15.589], [-55.4925, -15.5893], [-55.4942, -15.5912], [-55.4954, -15.5917], [-55.4965, -15.591], [-55.4979, -15.5909], [-55.5035, -15.5932], [-55.509, -15.5964], [-55.5152, -15.5985], [-55.5169, -15.5987], [-55.5178, -15.5977], [-55.5175, -15.5964], [-55.5163, -15.5956], [-55.5189, -15.5939], [-55.5162, -15.5916], [-55.5165, -15.5896], [-55.5147, -15.5888], [-55.5095, -15.5881], [-55.5087, -15.5873], [-55.5091, -15.5855], [-55.5118, -15.5843], [-55.5129, -15.5816], [-55.5151, -15.5811], [-55.5165, -15.5828], [-55.5182, -15.5836], [-55.5216, -15.5844], [-55.5259, -15.5866], [-55.5278, -15.5881], [-55.5352, -15.5882], [-55.5353, -15.587], [-55.5337, -15.5852], [-55.5318, -15.5838], [-55.5296, -15.5835], [-55.528, -15.5829], [-55.5294, -15.5813], [-55.5303, -15.5797], [-55.5276, -15.5778], [-55.5248, -15.5767], [-55.5242, -15.5732], [-55.5245, -15.5712], [-55.5258, -15.5709], [-55.5275, -15.5719], [-55.5291, -15.5738], [-55.5349, -15.5767], [-55.5376, -15.5774], [-55.5394, -15.5773], [-55.5396, -15.5757], [-55.538, -15.5713], [-55.5364, -15.5682], [-55.5366, -15.5648], [-55.5382, -15.5639], [-55.5394, -15.5641], [-55.547, -15.5699], [-55.5503, -15.5733], [-55.5538, -15.5748], [-55.5604, -15.5786], [-55.5617, -15.5805], [-55.564, -15.5819], [-55.5668, -15.5826], [-55.5677, -15.5815], [-55.5665, -15.5805], [-55.5708, -15.5769], [-55.5712, -15.5751], [-55.5665, -15.5686], [-55.5667, -15.5671], [-55.5578, -15.5601], [-55.5584, -15.5589], [-55.5621, -15.5596], [-55.5649, -15.5608], [-55.5668, -15.5607], [-55.5737, -15.5637], [-55.5749, -15.5638], [-55.5748, -15.5618], [-55.5774, -15.5618], [-55.5798, -15.5612], [-55.5798, -15.5602], [-55.578, -15.5579], [-55.5744, -15.5558], [-55.5724, -15.5524], [-55.57, -15.5505], [-55.5675, -15.5496], [-55.5665, -15.547], [-55.5649, -15.5453], [-55.5628, -15.5439], [-55.5623, -15.5425], [-55.5636, -15.5366], [-55.565, -15.5361], [-55.5667, -15.5369], [-55.5722, -15.5416], [-55.5807, -15.547], [-55.5883, -15.5523], [-55.5896, -15.552], [-55.5899, -15.5507], [-55.5887, -15.549], [-55.587, -15.543], [-55.5889, -15.54], [-55.5913, -15.5402], [-55.5916, -15.5373], [-55.5903, -15.5361], [-55.5907, -15.5345], [-55.5901, -15.5329], [-55.5909, -15.5315], [-55.5908, -15.529], [-55.5914, -15.5266], [-55.5927, -15.5259], [-55.5949, -15.5263], [-55.5984, -15.5283], [-55.6002, -15.528], [-55.6005, -15.5264], [-55.5998, -15.5252], [-55.5999, -15.5236], [-55.5965, -15.5197], [-55.5932, -15.5137], [-55.5934, -15.5119], [-55.5945, -15.5103], [-55.597, -15.5105], [-55.6009, -15.5117], [-55.6021, -15.5114], [-55.6012, -15.5097], [-55.5988, -15.5074], [-55.5963, -15.5059], [-55.5961, -15.503], [-55.5984, -15.5024], [-55.6004, -15.5041], [-55.6018, -15.5061], [-55.6045, -15.5081], [-55.6061, -15.5083], [-55.6095, -15.5108], [-55.6113, -15.5097], [-55.6098, -15.5047], [-55.6098, -15.5011], [-55.6094, -15.4991], [-55.6103, -15.4983], [-55.6092, -15.497], [-55.6084, -15.4951], [-55.6062, -15.4938], [-55.6054, -15.4923], [-55.606, -15.4906], [-55.6084, -15.4897], [-55.6094, -15.4911], [-55.6148, -15.4946], [-55.6154, -15.4958], [-55.6173, -15.497], [-55.6198, -15.4976], [-55.622, -15.4986], [-55.624, -15.4987], [-55.6274, -15.5011], [-55.6284, -15.5008], [-55.629, -15.4993], [-55.6285, -15.4977], [-55.6259, -15.4948], [-55.6257, -15.4926], [-55.627, -15.4923], [-55.6288, -15.4929], [-55.6299, -15.4927], [-55.6312, -15.4876], [-55.6351, -15.4843], [-55.6452, -15.4833], [-55.6479, -15.4836], [-55.6494, -15.4824], [-55.6507, -15.482], [-55.6548, -15.4842], [-55.6575, -15.4835], [-55.6595, -15.4846], [-55.6618, -15.4875], [-55.6632, -15.4886], [-55.6641, -15.4886], [-55.6655, -15.4867], [-55.6675, -15.4856], [-55.6682, -15.4846], [-55.6689, -15.4821], [-55.6705, -15.4829], [-55.6716, -15.4884], [-55.6729, -15.4891], [-55.6744, -15.491], [-55.6753, -15.4887], [-55.6778, -15.4864], [-55.6784, -15.4842], [-55.6812, -15.4825], [-55.6827, -15.4809], [-55.6853, -15.481], [-55.6866, -15.4815], [-55.6915, -15.4803], [-55.6946, -15.4808], [-55.6972, -15.4804], [-55.6986, -15.481], [-55.701, -15.4807], [-55.7037, -15.4812], [-55.7067, -15.4804], [-55.7079, -15.4815], [-55.709, -15.4839], [-55.7156, -15.4854], [-55.7198, -15.4854], [-55.7258, -15.4871], [-55.7319, -15.4877], [-55.7332, -15.4868], [-55.7355, -15.4867], [-55.7384, -15.4871], [-55.7403, -15.4861], [-55.742, -15.4871], [-55.7435, -15.4857], [-55.7464, -15.4844], [-55.7467, -15.4836], [-55.7488, -15.4826], [-55.7517, -15.483], [-55.7564, -15.4799], [-55.7592, -15.4806], [-55.7608, -15.4799], [-55.7612, -15.479], [-55.7638, -15.4774], [-55.764, -15.4766], [-55.7677, -15.4753], [-55.769, -15.4764], [-55.7698, -15.4783], [-55.7697, -15.4806], [-55.7707, -15.482], [-55.7712, -15.4838], [-55.7722, -15.4846], [-55.7744, -15.4825], [-55.7783, -15.4818], [-55.7811, -15.4828], [-55.782, -15.4825], [-55.783, -15.4804], [-55.786, -15.4794], [-55.7865, -15.4787], [-55.7889, -15.4781], [-55.7923, -15.4784], [-55.7979, -15.4756], [-55.8006, -15.4756], [-55.8029, -15.4771], [-55.8043, -15.4805], [-55.8041, -15.4824], [-55.8046, -15.483], [-55.8068, -15.4838], [-55.8084, -15.4837], [-55.8112, -15.4843], [-55.8134, -15.4833], [-55.8156, -15.4828], [-55.818, -15.4832], [-55.819, -15.4815], [-55.8217, -15.4804], [-55.8227, -15.4781], [-55.8268, -15.4775], [-55.8286, -15.4778], [-55.8292, -15.4751], [-55.829, -15.4739], [-55.8314, -15.4726], [-55.8315, -15.4658], [-55.8332, -15.4627], [-55.8351, -15.462], [-55.8386, -15.4629], [-55.8409, -15.4623], [-55.841, -15.4609], [-55.842, -15.4594], [-55.8432, -15.4589], [-55.8452, -15.4572], [-55.8457, -15.4554], [-55.845, -15.4534], [-55.8429, -15.4511], [-55.8432, -15.4506], [-55.8473, -15.45], [-55.8493, -15.4473], [-55.8518, -15.447], [-55.8565, -15.4449], [-55.8569, -15.444], [-55.8566, -15.4413], [-55.8571, -15.4396], [-55.8586, -15.4374], [-55.8629, -15.4342], [-55.8633, -15.432], [-55.8615, -15.4286], [-55.8628, -15.4277], [-55.8652, -15.4247], [-55.8656, -15.4229], [-55.8681, -15.4216], [-55.8706, -15.4223], [-55.8733, -15.4245], [-55.8744, -15.4233], [-55.8774, -15.4213], [-55.8773, -15.4206], [-55.8747, -15.4186], [-55.873, -15.4177], [-55.872, -15.4192], [-55.8707, -15.4188], [-55.8689, -15.4168], [-55.8675, -15.4143], [-55.8663, -15.4137], [-55.8632, -15.4147], [-55.8609, -15.4145], [-55.8595, -15.4135], [-55.8586, -15.4107], [-55.8585, -15.4069], [-55.8568, -15.406], [-55.8535, -15.409], [-55.8487, -15.4116], [-55.8492, -15.413], [-55.8514, -15.4134], [-55.8519, -15.415], [-55.8554, -15.4166], [-55.8578, -15.4187], [-55.8556, -15.4188], [-55.8529, -15.4182], [-55.8515, -15.4173], [-55.8499, -15.4172], [-55.848, -15.4148], [-55.846, -15.414], [-55.8444, -15.414], [-55.8435, -15.4121], [-55.8437, -15.4099], [-55.8416, -15.408], [-55.84, -15.4088], [-55.8391, -15.4109], [-55.8383, -15.411], [-55.8369, -15.4096], [-55.834, -15.4084], [-55.8321, -15.4087], [-55.831, -15.4072], [-55.8325, -15.4046], [-55.834, -15.404], [-55.8371, -15.4043], [-55.8413, -15.4018], [-55.8443, -15.4013], [-55.8466, -15.4014], [-55.8475, -15.401], [-55.8482, -15.3991], [-55.8486, -15.3965], [-55.848, -15.3949], [-55.8461, -15.393], [-55.8449, -15.3908], [-55.8414, -15.3875], [-55.84, -15.3847], [-55.8391, -15.3842], [-55.8399, -15.3826], [-55.8426, -15.3826], [-55.8478, -15.3786], [-55.8484, -15.3776], [-55.849, -15.3729], [-55.8498, -15.3719], [-55.8479, -15.3679], [-55.8467, -15.3676], [-55.8429, -15.3684], [-55.8392, -15.3666], [-55.8384, -15.3645], [-55.8355, -15.364], [-55.8332, -15.3621], [-55.8321, -15.3622], [-55.8309, -15.3634], [-55.829, -15.3644], [-55.826, -15.3671], [-55.8238, -15.3642], [-55.8245, -15.3619], [-55.8227, -15.3614], [-55.8208, -15.3622], [-55.8191, -15.3601], [-55.8159, -15.3594], [-55.8138, -15.3594], [-55.8131, -15.358], [-55.8146, -15.3566], [-55.8117, -15.3566], [-55.8104, -15.3549], [-55.8113, -15.3515], [-55.8105, -15.3507], [-55.8073, -15.3502], [-55.8062, -15.3494], [-55.8066, -15.3478], [-55.8093, -15.3434], [-55.8126, -15.3415], [-55.8098, -15.3412], [-55.8064, -15.342], [-55.806, -15.3397], [-55.8066, -15.3378], [-55.8075, -15.3374], [-55.808, -15.3353], [-55.8046, -15.3358], [-55.8039, -15.337], [-55.802, -15.3379], [-55.801, -15.3373], [-55.7998, -15.3377], [-55.7996, -15.3361], [-55.8007, -15.3336], [-55.8039, -15.332], [-55.8026, -15.3315], [-55.8027, -15.3304], [-55.8009, -15.3291], [-55.801, -15.327], [-55.803, -15.3275], [-55.804, -15.3258], [-55.8029, -15.3242], [-55.8028, -15.3227], [-55.8068, -15.3227], [-55.8076, -15.3234], [-55.8101, -15.3242], [-55.8099, -15.3216], [-55.8107, -15.3211], [-55.8142, -15.3211], [-55.8156, -15.3229], [-55.8181, -15.3234], [-55.8196, -15.3242], [-55.8199, -15.3222], [-55.8222, -15.3235], [-55.8234, -15.3262], [-55.8247, -15.3266], [-55.8262, -15.326], [-55.8279, -15.3275], [-55.8278, -15.3288], [-55.8286, -15.3296], [-55.8284, -15.333], [-55.8307, -15.333], [-55.8304, -15.3289], [-55.8316, -15.3281], [-55.8335, -15.3293], [-55.8349, -15.3283], [-55.8351, -15.3271], [-55.833, -15.3268], [-55.8315, -15.3255], [-55.828, -15.3253], [-55.8246, -15.3201], [-55.8223, -15.319], [-55.8213, -15.3167], [-55.8198, -15.3163], [-55.8194, -15.3128], [-55.8187, -15.3114], [-55.8165, -15.3099], [-55.8172, -15.309], [-55.8196, -15.3088], [-55.8222, -15.3098], [-55.8225, -15.3104], [-55.8246, -15.3096], [-55.8267, -15.3109], [-55.83, -15.311], [-55.8299, -15.313], [-55.8332, -15.3118], [-55.8342, -15.3106], [-55.8353, -15.3111], [-55.8383, -15.3113], [-55.8393, -15.3104], [-55.8384, -15.3093], [-55.8371, -15.309], [-55.8361, -15.308], [-55.8351, -15.3033], [-55.8378, -15.3043], [-55.8395, -15.3033], [-55.8416, -15.3028], [-55.8428, -15.3], [-55.8448, -15.3006], [-55.8501, -15.2997], [-55.8524, -15.3014], [-55.8552, -15.301], [-55.8572, -15.3002], [-55.8565, -15.2984], [-55.8554, -15.2978], [-55.8564, -15.2966], [-55.8537, -15.2953], [-55.8548, -15.294], [-55.8563, -15.2934], [-55.8558, -15.2918], [-55.8581, -15.2914], [-55.8609, -15.292], [-55.8627, -15.2901], [-55.8645, -15.2905], [-55.8642, -15.2892], [-55.8671, -15.2897], [-55.8693, -15.2917], [-55.8691, -15.2935], [-55.8705, -15.2937], [-55.8713, -15.2927], [-55.8746, -15.2925], [-55.8729, -15.2908], [-55.8747, -15.2893], [-55.8738, -15.2877], [-55.8749, -15.2874], [-55.8747, -15.286], [-55.8733, -15.2847], [-55.8726, -15.2828], [-55.8751, -15.2815], [-55.8752, -15.2802], [-55.8789, -15.2803], [-55.8803, -15.2793], [-55.8832, -15.281], [-55.8841, -15.2803], [-55.8876, -15.2813], [-55.887, -15.2798], [-55.8883, -15.2793], [-55.8883, -15.2775], [-55.8873, -15.2747], [-55.8876, -15.2731], [-55.8886, -15.2722], [-55.8906, -15.2722], [-55.8916, -15.2736], [-55.8933, -15.2735], [-55.8948, -15.2741], [-55.8964, -15.2731], [-55.8975, -15.2743], [-55.8998, -15.2756], [-55.9019, -15.2762], [-55.9048, -15.2776], [-55.9065, -15.279], [-55.9085, -15.2789], [-55.9086, -15.2773], [-55.9101, -15.2766], [-55.9133, -15.2771], [-55.9148, -15.2783], [-55.9164, -15.2786], [-55.9173, -15.2771], [-55.9193, -15.2767], [-55.9211, -15.2775], [-55.9231, -15.2799], [-55.9232, -15.2818], [-55.9238, -15.2834], [-55.9266, -15.2831], [-55.9282, -15.2823], [-55.9293, -15.2808], [-55.9302, -15.2782], [-55.9326, -15.2779], [-55.9343, -15.2769], [-55.9339, -15.2748], [-55.9354, -15.2745], [-55.9359, -15.2734], [-55.9376, -15.274], [-55.9403, -15.2764], [-55.9445, -15.2788], [-55.9456, -15.2788], [-55.9468, -15.2772], [-55.9457, -15.2754], [-55.9464, -15.2744], [-55.9494, -15.2751], [-55.9485, -15.2709], [-55.9463, -15.2681], [-55.9471, -15.267], [-55.95, -15.2666], [-55.9512, -15.2672], [-55.9521, -15.2684], [-55.955, -15.2692], [-55.9556, -15.2674], [-55.9535, -15.2643], [-55.9539, -15.2622], [-55.955, -15.2612], [-55.9544, -15.2601], [-55.9558, -15.2578], [-55.9553, -15.2568], [-55.953, -15.2556], [-55.9521, -15.2545], [-55.9516, -15.2526], [-55.9542, -15.2526], [-55.9549, -15.2514], [-55.9542, -15.2491], [-55.9548, -15.2473], [-55.9575, -15.2477], [-55.9613, -15.2473], [-55.9616, -15.2468], [-55.959, -15.2441], [-55.9594, -15.2432], [-55.962, -15.2436], [-55.9621, -15.2416], [-55.9635, -15.2412], [-55.9648, -15.2425], [-55.9657, -15.2418], [-55.9677, -15.242], [-55.9673, -15.2386], [-55.9655, -15.2371], [-55.9646, -15.2384], [-55.9627, -15.2385], [-55.9622, -15.2376], [-55.9607, -15.2373], [-55.9606, -15.2363], [-55.9586, -15.2363], [-55.9568, -15.2349], [-55.9535, -15.2345], [-55.9523, -15.2354], [-55.9502, -15.2325], [-55.9462, -15.2303], [-55.9476, -15.2293], [-55.9459, -15.2267], [-55.9445, -15.2273], [-55.9391, -15.227], [-55.9391, -15.2284], [-55.9401, -15.2296], [-55.9402, -15.2313], [-55.9429, -15.2331], [-55.9462, -15.2346], [-55.9463, -15.2368], [-55.9436, -15.2351], [-55.9427, -15.236], [-55.9449, -15.2386], [-55.9449, -15.2397], [-55.9435, -15.2399], [-55.9438, -15.2415], [-55.9412, -15.2415], [-55.9409, -15.244], [-55.9402, -15.2455], [-55.9385, -15.2438], [-55.9365, -15.2435], [-55.9351, -15.2414], [-55.9314, -15.2392], [-55.9312, -15.2384], [-55.9291, -15.2383], [-55.928, -15.237], [-55.9281, -15.233], [-55.9284, -15.2318], [-55.9279, -15.2302], [-55.9288, -15.2295], [-55.9279, -15.2282], [-55.9232, -15.228], [-55.9213, -15.2266], [-55.9202, -15.2246], [-55.919, -15.2211], [-55.9142, -15.2135], [-55.9137, -15.215], [-55.9126, -15.2143], [-55.9115, -15.212], [-55.9111, -15.2075], [-55.9089, -15.2069], [-55.9066, -15.2043], [-55.9046, -15.2001], [-55.9019, -15.1932], [-55.9045, -15.1912], [-55.908, -15.1911], [-55.91, -15.192], [-55.9108, -15.1912], [-55.9098, -15.1893], [-55.911, -15.1886], [-55.9117, -15.1873], [-55.9115, -15.1851], [-55.9094, -15.1818], [-55.9087, -15.1793], [-55.9067, -15.1766], [-55.9068, -15.1755], [-55.9078, -15.1739], [-55.9079, -15.1711], [-55.9104, -15.1691], [-55.9122, -15.1669], [-55.913, -15.165], [-55.9109, -15.1615], [-55.9103, -15.1598], [-55.9107, -15.1565], [-55.9132, -15.1529], [-55.9129, -15.1494], [-55.9135, -15.1487], [-55.9162, -15.1478], [-55.9164, -15.1461], [-55.9172, -15.1452], [-55.9154, -15.1424], [-55.9155, -15.1402], [-55.9174, -15.1279], [-55.9179, -15.1208], [-55.9192, -15.1125], [-55.9227, -15.1028], [-55.9222, -15.0941], [-55.9205, -15.0888], [-55.9191, -15.0818], [-55.9185, -15.077], [-55.9186, -15.074], [-55.9193, -15.072], [-55.9206, -15.0705], [-55.9219, -15.0701], [-55.9255, -15.0703], [-55.9278, -15.0713], [-55.9325, -15.0764], [-55.9357, -15.0791], [-55.941, -15.0829], [-55.9434, -15.0842], [-55.9474, -15.0846], [-55.9517, -15.0859], [-55.9566, -15.0866], [-55.9621, -15.0881], [-55.9676, -15.0901], [-55.972, -15.0921], [-55.974, -15.0926], [-55.9814, -15.0939], [-55.9849, -15.0939], [-56.0031, -15.0969], [-56.0129, -15.097], [-56.0166, -15.0961], [-56.018, -15.0945], [-56.0188, -15.0945], [-56.0233, -15.0964], [-56.0334, -15.0918], [-56.0358, -15.0923], [-56.0381, -15.0922], [-56.0402, -15.0907], [-56.0397, -15.0893], [-56.0408, -15.0887], [-56.0441, -15.0891], [-56.0458, -15.089], [-56.0492, -15.088], [-56.0562, -15.0845], [-56.0672, -15.0854], [-56.0686, -15.0863], [-56.0708, -15.0849], [-56.0708, -15.0823], [-56.0726, -15.0809], [-56.0794, -15.0829], [-56.0831, -15.0853], [-56.0909, -15.0874], [-56.0985, -15.085], [-56.1001, -15.0853], [-56.1039, -15.0845], [-56.1071, -15.0824], [-56.1091, -15.0818], [-56.111, -15.0824], [-56.1119, -15.0837], [-56.1126, -15.0865], [-56.1149, -15.0896], [-56.1168, -15.0904], [-56.1197, -15.0902], [-56.1219, -15.0911], [-56.1268, -15.0938], [-56.13, -15.0963], [-56.1293, -15.097]]]}}, {"type": "Feature", "properties": {"nome": "Campo Verde"}, "geometry": {"type": "Polygon", "coordinates": [[[-54.9767, -15.6272], [-54.9787, -15.6253], [-54.9797, -15.6237], [-54.9792, -15.6218], [-54.9782, -15.62], [-54.9798, -15.6171], [-54.9813, -15.6177], [-54.982, -15.6164], [-54.9838, -15.6156], [-54.9852, -15.6128], [-54.987, -15.6134], [-54.9897, -15.6124], [-54.9908, -15.6129], [-54.9913, -15.615], [-54.9934, -15.6138], [-54.9964, -15.6134], [-54.9974, -15.6138], [-54.9978, -15.6157], [-54.9992, -15.6161], [-55.0021, -15.6179], [-55.0036, -15.6176], [-55.0056, -15.6182], [-55.0058, -15.6164], [-55.0065, -15.6157], [-55.0083, -15.6153], [-55.0118, -15.6158], [-55.0119, -15.6181], [-55.0129, -15.6189], [-55.0149, -15.6184], [-55.0171, -15.6185], [-55.0194, -15.6191], [-55.0214, -15.6172], [-55.0218, -15.6154], [-55.023, -15.6142], [-55.0237, -15.6118], [-55.0268, -15.6108], [-55.0264, -15.6086], [-55.0271, -15.6071], [-55.0271, -15.6048], [-55.0285, -15.6046], [-55.0355, -15.606], [-55.0418, -15.6067], [-55.0428, -15.6073], [-55.0431, -15.6093], [-55.048, -15.61], [-55.0503, -15.6118], [-55.0508, -15.6103], [-55.0522, -15.6091], [-55.0545, -15.6083], [-55.0575, -15.6085], [-55.0597, -15.6079], [-55.0651, -15.6043], [-55.0673, -15.6021], [-55.0722, -15.603], [-55.0737, -15.6042], [-55.0731, -15.6059], [-55.0736, -15.6089], [-55.075, -15.61], [-55.0756, -15.6117], [-55.0783, -15.612], [-55.0774, -15.6102], [-55.078, -15.6074], [-55.0793, -15.6061], [-55.0816, -15.6065], [-55.0827, -15.6062], [-55.0836, -15.6078], [-55.0843, -15.6101], [-55.0843, -15.6148], [-55.0835, -15.6162], [-55.0836, -15.618], [-55.083, -15.6199], [-55.0852, -15.6228], [-55.0883, -15.6251], [-55.088, -15.6265], [-55.087, -15.6283], [-55.0873, -15.632], [-55.0885, -15.6354], [-55.0884, -15.6367], [-55.0869, -15.6382], [-55.0872, -15.6401], [-55.0882, -15.6413], [-55.088, -15.6445], [-55.0895, -15.6451], [-55.0907, -15.6472], [-55.0926, -15.6485], [-55.0929, -15.6503], [-55.091, -15.6503], [-55.0899, -15.6517], [-55.0893, -15.6539], [-55.0905, -15.6564], [-55.0904, -15.6587], [-55.0923, -15.6603], [-55.0926, -15.6619], [-55.0949, -15.6638], [-55.0969, -15.6664], [-55.0991, -15.6675], [-55.1014, -15.6693], [-55.1044, -15.6705], [-55.1057, -15.6716], [-55.108, -15.6725], [-55.1114, -15.6733], [-55.1129, -15.6748], [-55.113, -15.6765], [-55.1142, -15.6772], [-55.1155, -15.6762], [-55.1168, -15.6773], [-55.1174, -15.6801], [-55.1188, -15.6825], [-55.1206, -15.6823], [-55.121, -15.6809], [-55.123, -15.6812], [-55.1231, -15.6835], [-55.1253, -15.6839], [-55.1274, -15.6858], [-55.1284, -15.6873], [-55.1301, -15.6883], [-55.1306, -15.6914], [-55.1323, -15.692], [-55.1349, -15.6912], [-55.1368, -15.6913], [-55.1381, -15.6922], [-55.1411, -15.6921], [-55.1422, -15.6912], [-55.1443, -15.6911], [-55.1442, -15.6897], [-55.146, -15.6902], [-55.1477, -15.6901], [-55.1529, -15.6918], [-55.154, -15.6932], [-55.1558, -15.6939], [-55.1568, -15.6952], [-55.1581, -15.6949], [-55.1594, -15.6958], [-55.1632, -15.6968], [-55.1662, -15.6985], [-55.1673, -15.6983], [-55.1706, -15.6994], [-55.1719, -15.7003], [-55.1741, -15.7011], [-55.1747, -15.7023], [-55.1769, -15.7026], [-55.1783, -15.7033], [-55.1798, -15.7048], [-55.1841, -15.7043], [-55.1852, -15.7048], [-55.1878, -15.705], [-55.1914, -15.7065], [-55.1932, -15.7065], [-55.1972, -15.7097], [-55.2009, -15.7113], [-55.204, -15.7147], [-55.2075, -15.7179], [-55.2101, -15.7217], [-55.2164, -15.7272], [-55.2271, -15.7296], [-55.2312, -15.7316], [-55.2421, -15.7406], [-55.244, -15.7428], [-55.2461, -15.7474], [-55.2469, -15.7502], [-55.2475, -15.7541], [-55.2479, -15.7583], [-55.2476, -15.7641], [-55.2489, -15.7731], [-55.2484, -15.776], [-55.3031, -15.8975], [-55.3094, -15.8879], [-55.305, -15.8752], [-55.3024, -15.856], [-55.3026, -15.8538], [-55.3093, -15.8455], [-55.3109, -15.8439], [-55.3142, -15.8414], [-55.3622, -15.8137], [-55.3769, -15.8112], [-55.3796, -15.8114], [-55.4095, -15.8203], [-55.4105, -15.8199], [-55.3862, -15.7705], [-55.3881, -15.7706], [-55.3897, -15.7712], [-55.394, -15.7715], [-55.3961, -15.7711], [-55.404, -15.7672], [-55.4101, -15.7633], [-55.4132, -15.7617], [-55.4154, -15.7579], [-55.4171, -15.757], [-55.4192, -15.7551], [-55.4212, -15.7541], [-55.4218, -15.7511], [-55.4217, -15.747], [-55.4203, -15.7447], [-55.4168, -15.7419], [-55.4156, -15.7405], [-55.4128, -15.7388], [-55.412, -15.7376], [-55.4129, -15.7337], [-55.4158, -15.7309], [-55.4179, -15.7298], [-55.4196, -15.7263], [-55.4207, -15.7213], [-55.421, -15.715], [-55.4205, -15.7138], [-55.4181, -15.7111], [-55.4143, -15.7054], [-55.4088, -15.7021], [-55.4058, -15.6972], [-55.4021, -15.6949], [-55.3968, -15.6924], [-55.3961, -15.6914], [-55.3974, -15.6858], [-55.3992, -15.683], [-55.4024, -15.6794], [-55.4045, -15.6781], [-55.4051, -15.6771], [-55.407, -15.677], [-55.4082, -15.6782], [-55.4094, -15.6775], [-55.4126, -15.6786], [-55.4142, -15.6782], [-55.4147, -15.677], [-55.4145, -15.6754], [-55.4174, -15.6753], [-55.4178, -15.674], [-55.4178, -15.671], [-55.4187, -15.6695], [-55.4185, -15.6679], [-55.4191, -15.6668], [-55.4205, -15.6664], [-55.4214, -15.6652], [-55.4228, -15.6652], [-55.4242, -15.6642], [-55.4254, -15.6628], [-55.4246, -15.6611], [-55.4235, -15.6602], [-55.4245, -15.6592], [-55.4206, -15.6575], [-55.4174, -15.6545], [-55.4174, -15.6519], [-55.4143, -15.6494], [-55.4116, -15.6494], [-55.4104, -15.6501], [-55.4088, -15.6501], [-55.408, -15.6486], [-55.4063, -15.6466], [-55.4071, -15.6443], [-55.4052, -15.6431], [-55.4042, -15.6436], [-55.3994, -15.6431], [-55.3954, -15.6411], [-55.3927, -15.6402], [-55.3904, -15.6385], [-55.387, -15.6374], [-55.382, -15.6337], [-55.3557, -15.6096], [-55.3575, -15.6073], [-55.3602, -15.6054], [-55.3621, -15.6045], [-55.3643, -15.6046], [-55.3695, -15.6074], [-55.3781, -15.6098], [-55.3827, -15.61], [-55.3935, -15.6133], [-55.4003, -15.6147], [-55.4067, -15.6167], [-55.4121, -15.6206], [-55.4136, -15.621], [-55.4168, -15.6208], [-55.4191, -15.6214], [-55.4211, -15.6225], [-55.4241, -15.6227], [-55.4247, -15.6222], [-55.4271, -15.6215], [-55.4281, -15.6203], [-55.4315, -15.6187], [-55.4341, -15.6186], [-55.4357, -15.618], [-55.439, -15.6154], [-55.4425, -15.6132], [-55.4427, -15.6121], [-55.4411, -15.6076], [-55.4381, -15.6045], [-55.4394, -15.6018], [-55.4388, -15.599], [-55.4389, -15.597], [-55.4383, -15.5958], [-55.4365, -15.5876], [-55.4366, -15.5867], [-55.4356, -15.5845], [-55.4356, -15.5826], [-55.4332, -15.58], [-55.4332, -15.5781], [-55.4288, -15.5748], [-55.4281, -15.5725], [-55.4235, -15.5658], [-55.4217, -15.5623], [-55.4203, -15.5553], [-55.4181, -15.5522], [-55.4177, -15.5503], [-55.4182, -15.5485], [-55.4173, -15.5461], [-55.4149, -15.5435], [-55.4137, -15.5411], [-55.4126, -15.5402], [-55.4103, -15.5393], [-55.4084, -15.5379], [-55.4057, -15.537], [-55.4011, -15.5319], [-55.4001, -15.5293], [-55.4003, -15.5257], [-55.4009, -15.5242], [-55.4037, -15.5211], [-55.4036, -15.5194], [-55.4027, -15.5179], [-55.4035, -15.5131], [-55.4032, -15.5104], [-55.4035, -15.5092], [-55.3995, -15.5084], [-55.3817, -15.4998], [-55.3803, -15.4988], [-55.3738, -15.4918], [-55.372, -15.491], [-55.3459, -15.4853], [-55.3439, -15.4859], [-55.3061, -15.5158], [-55.3052, -15.5163], [-55.303, -15.5163], [-55.3038, -15.5136], [-55.304, -15.5101], [-55.3035, -15.5073], [-55.3034, -15.5035], [-55.3027, -15.502], [-55.2972, -15.496], [-55.2965, -15.4944], [-55.297, -15.4925], [-55.2969, -15.4859], [-55.2951, -15.4811], [-55.288, -15.4756], [-55.2873, -15.4726], [-55.2881, -15.4677], [-55.288, -15.4658], [-55.2869, -15.4624], [-55.2871, -15.4594], [-55.2904, -15.4442], [-55.2916, -15.4404], [-55.2919, -15.4376], [-55.2902, -15.4345], [-55.291, -15.4321], [-55.2896, -15.4313], [-55.2884, -15.4298], [-55.2868, -15.4285], [-55.2826, -15.4263], [-55.2745, -15.4211], [-55.2751, -15.4188], [-55.2738, -15.4182], [-55.2727, -15.4169], [-55.2715, -15.4166], [-55.271, -15.4153], [-55.2684, -15.4124], [-55.269, -15.4103], [-55.2678, -15.4066], [-55.2687, -15.4042], [-55.266, -15.4036], [-55.2675, -15.4013], [-55.2678, -15.3995], [-55.2687, -15.3981], [-55.2716, -15.3959], [-55.2712, -15.3941], [-55.2719, -15.3931], [-55.2721, -15.391], [-55.2717, -15.3892], [-55.272, -15.3864], [-55.2738, -15.3847], [-55.2749, -15.3829], [-55.274, -15.3818], [-55.2746, -15.3804], [-55.2766, -15.3802], [-55.2795, -15.3792], [-55.2816, -15.3809], [-55.2828, -15.3809], [-55.2858, -15.3793], [-55.2864, -15.377], [-55.2858, -15.3749], [-55.2871, -15.3735], [-55.2874, -15.3724], [-55.2904, -15.3697], [-55.2906, -15.3677], [-55.2931, -15.367], [-55.293, -15.3659], [-55.2917, -15.3633], [-55.2921, -15.3623], [-55.2942, -15.36], [-55.2965, -15.359], [-55.2963, -15.3575], [-55.2954, -15.356], [-55.2959, -15.3545], [-55.2987, -15.3541], [-55.2993, -15.3557], [-55.3012, -15.3561], [-55.3043, -15.3562], [-55.3065, -15.3555], [-55.3094, -15.3537], [-55.3136, -15.3523], [-55.3148, -15.3511], [-55.3171, -15.3503], [-55.3181, -15.3503], [-55.3219, -15.3522], [-55.3249, -15.3524], [-55.3268, -15.353], [-55.3325, -15.3528], [-55.3338, -15.3531], [-55.1692, -15.2055], [-55.0986, -15.1061], [-55.0958, -15.1046], [-55.0952, -15.1064], [-55.0908, -15.1056], [-55.0908, -15.1046], [-55.0898, -15.103], [-55.0826, -15.1007], [-55.0816, -15.0997], [-55.0801, -15.0966], [-55.0785, -15.0956], [-55.0668, -15.0958], [-55.0647, -15.0962], [-55.0619, -15.0977], [-55.0575, -15.099], [-55.0532, -15.0983], [-55.051, -15.0974], [-55.049, -15.0974], [-55.0447, -15.0966], [-55.042, -15.0953], [-55.0351, -15.0933], [-55.0338, -15.0921], [-55.0311, -15.0914], [-55.0283, -15.0894], [-55.0269, -15.0893], [-55.0247, -15.0871], [-55.0187, -15.0846], [-55.0173, -15.0837], [-55.0138, -15.0834], [-55.0116, -15.0847], [-55.01, -15.0848], [-55.0079, -15.0838], [-55.0063, -15.0838], [-55.006, -15.085], [-55.0042, -15.0865], [-55.0019, -15.0869], [-54.9968, -15.0837], [-54.9933, -15.0825], [-54.9915, -15.0836], [-54.9897, -15.0829], [-54.9889, -15.081], [-54.984, -15.0798], [-54.982, -15.0796], [-54.9814, -15.0783], [-54.9798, -15.0787], [-54.9789, -15.0776], [-54.9773, -15.0776], [-54.9757, -15.077], [-54.974, -15.0769], [-54.9731, -15.0759], [-54.9718, -15.0767], [-54.9703, -15.0767], [-54.9686, -15.0758], [-54.9645, -15.0753], [-54.9624, -15.0771], [-54.9603, -15.0772], [-54.9583, -15.0757], [-54.9581, -15.0742], [-54.9554, -15.0734], [-54.9538, -15.0739], [-54.9505, -15.073], [-54.9488, -15.0734], [-54.9471, -15.0724], [-54.9458, -15.0708], [-54.9404, -15.0701], [-54.9323, -15.0705], [-54.9297, -15.0697], [-54.927, -15.0693], [-54.9153, -15.0687], [-54.9134, -15.0682], [-54.9116, -15.0672], [-54.9097, -15.0668], [-54.9024, -15.0667], [-54.8999, -15.0673], [-54.8983, -15.0671], [-54.8879, -15.0677], [-54.884, -15.0671], [-54.8814, -15.0663], [-54.8559, -15.0671], [-54.8504, -15.065], [-54.8493, -15.0651], [-54.8462, -15.067], [-54.8438, -15.0665], [-54.8223, -15.05], [-54.7965, -15.0239], [-54.7949, -15.0202], [-54.7891, -15.0146], [-54.7848, -15.0095], [-54.7814, -15.0097], [-54.772, -15.0007], [-54.7698, -14.9991], [-54.7653, -14.9974], [-54.7622, -14.9944], [-54.7588, -14.9917], [-54.7578, -14.9905], [-54.7571, -14.9886], [-54.7553, -14.9881], [-54.7509, -14.9858], [-54.7494, -14.9839], [-54.7444, -14.9794], [-54.7427, -14.9782], [-54.7405, -14.9775], [-54.7386, -14.975], [-54.7368, -14.9711], [-54.7264, -14.9665], [-54.7145, -14.9595], [-54.697, -14.9528], [-54.6968, -14.964], [-54.695, -14.9636], [-54.6919, -14.9635], [-54.6854, -14.9609], [-54.6791, -14.9595], [-54.6747, -14.9593], [-54.6672, -14.9576], [-54.6652, -14.9576], [-54.6621, -14.9588], [-54.6577, -14.9585], [-54.6541, -14.9592], [-54.6526, -14.9607], [-54.652, -14.9637], [-54.6509, -14.9645], [-54.6492, -14.9649], [-54.6485, -14.9668], [-54.6469, -14.9678], [-54.6455, -14.9702], [-54.6438, -14.9709], [-54.6416, -14.9709], [-54.6404, -14.9714], [-54.6396, -14.9726], [-54.6375, -14.9741], [-54.6364, -14.9759], [-54.6346, -14.9766], [-54.6323, -14.9788], [-54.6308, -14.9786], [-54.6293, -14.9774], [-54.6283, -14.9773], [-54.625, -14.9799], [-54.6199, -14.9813], [-54.6183, -14.981], [-54.6144, -14.9794], [-54.6128, -14.9782], [-54.6087, -14.9769], [-54.6066, -14.9759], [-54.6015, -14.9747], [-54.5998, -14.974], [-54.5925, -14.975], [-54.5886, -14.9745], [-54.5851, -14.9734], [-54.5807, -14.9708], [-54.579, -14.9703], [-54.5757, -14.97], [-54.5666, -14.9684], [-54.5633, -14.9687], [-54.5614, -14.9697], [-54.5598, -14.9712], [-54.556, -14.9795], [-54.5541, -14.9824], [-54.5521, -14.9841], [-54.5493, -14.9873], [-54.5472, -14.9906], [-54.542, -14.9937], [-54.5395, -14.9956], [-54.5373, -14.9979], [-54.5372, -15.0011], [-54.5363, -15.0029], [-54.5346, -15.0041], [-54.5333, -15.0043], [-54.5326, -15.0057], [-54.5315, -15.0061], [-54.5299, -15.008], [-54.5279, -15.0073], [-54.5264, -15.0087], [-54.5243, -15.0093], [-54.5249, -15.0107], [-54.523, -15.0124], [-54.5203, -15.0133], [-54.5206, -15.0151], [-54.5199, -15.0161], [-54.5184, -15.0159], [-54.5182, -15.0172], [-54.5169, -15.0172], [-54.5158, -15.0185], [-54.5158, -15.0206], [-54.5139, -15.0234], [-54.5153, -15.0248], [-54.5154, -15.0259], [-54.5131, -15.0278], [-54.511, -15.0315], [-54.5102, -15.0305], [-54.5084, -15.0314], [-54.5061, -15.0353], [-54.5036, -15.0359], [-54.5029, -15.0349], [-54.5004, -15.0334], [-54.497, -15.0326], [-54.4957, -15.0315], [-54.4961, -15.0293], [-54.4944, -15.0291], [-54.4877, -15.0272], [-54.4849, -15.0283], [-54.4827, -15.033], [-54.4809, -15.0358], [-54.4807, -15.0368], [-54.4791, -15.0372], [-54.4782, -15.0365], [-54.4756, -15.036], [-54.4747, -15.0369], [-54.4728, -15.0374], [-54.4706, -15.0387], [-54.4707, -15.0399], [-54.4674, -15.0407], [-54.4669, -15.0417], [-54.4646, -15.0417], [-54.4622, -15.0427], [-54.4601, -15.0418], [-54.4559, -15.0456], [-54.4549, -15.0457], [-54.4523, -15.0488], [-54.451, -15.0511], [-54.4513, -15.0527], [-54.4508, -15.0542], [-54.4483, -15.0551], [-54.4479, -15.0571], [-54.4463, -15.0584], [-54.4441, -15.0622], [-54.4426, -15.0632], [-54.4414, -15.0652], [-54.4403, -15.0654], [-54.4407, -15.0679], [-54.4408, -15.0727], [-54.4389, -15.0745], [-54.4395, -15.0779], [-54.4427, -15.0802], [-54.4429, -15.0814], [-54.4443, -15.0828], [-54.4436, -15.084], [-54.4435, -15.0879], [-54.4439, -15.0883], [-54.4438, -15.0911], [-54.4425, -15.092], [-54.4429, -15.0948], [-54.4421, -15.0965], [-54.4431, -15.098], [-54.4423, -15.1014], [-54.4428, -15.1021], [-54.4407, -15.1053], [-54.4401, -15.108], [-54.4385, -15.1104], [-54.4413, -15.112], [-54.4445, -15.1119], [-54.4463, -15.1123], [-54.4478, -15.1135], [-54.4551, -15.1137], [-54.4619, -15.1131], [-54.4638, -15.1139], [-54.4671, -15.1168], [-54.4718, -15.1189], [-54.4745, -15.1186], [-54.4765, -15.1193], [-54.4793, -15.1196], [-54.4816, -15.1213], [-54.4835, -15.1238], [-54.4873, -15.1254], [-54.4924, -15.1303], [-54.4939, -15.1322], [-54.4945, -15.1339], [-54.4945, -15.1372], [-54.4875, -15.1592], [-54.4853, -15.1621], [-54.4832, -15.1638], [-54.4816, -15.1645], [-54.478, -15.1652], [-54.4764, -15.1662], [-54.4722, -15.1699], [-54.4702, -15.1726], [-54.4691, -15.1746], [-54.4676, -15.1789], [-54.465, -15.183], [-54.4641, -15.1871], [-54.4624, -15.19], [-54.4591, -15.2014], [-54.4583, -15.2032], [-54.4565, -15.2057], [-54.4584, -15.2074], [-54.4611, -15.2081], [-54.4637, -15.2096], [-54.4695, -15.2122], [-54.4712, -15.2139], [-54.4725, -15.2145], [-54.4741, -15.2144], [-54.4795, -15.2178], [-54.4823, -15.2186], [-54.4858, -15.2206], [-54.4889, -15.2214], [-54.4927, -15.2253], [-54.497, -15.2272], [-54.5007, -15.2279], [-54.5059, -15.23], [-54.5114, -15.2337], [-54.5151, -15.2355], [-54.5169, -15.2369], [-54.5194, -15.2376], [-54.5218, -15.2376], [-54.5255, -15.2389], [-54.5329, -15.2438], [-54.5374, -15.2451], [-54.4868, -15.2561], [-54.4873, -15.2587], [-54.489, -15.2615], [-54.4899, -15.2643], [-54.4911, -15.2667], [-54.4926, -15.2683], [-54.4932, -15.2698], [-54.4956, -15.2722], [-54.4976, -15.2726], [-54.5021, -15.2748], [-54.504, -15.275], [-54.5111, -15.2788], [-54.5143, -15.2814], [-54.5162, -15.2825], [-54.5196, -15.2835], [-54.5211, -15.2845], [-54.5213, -15.287], [-54.523, -15.29], [-54.5236, -15.2918], [-54.5248, -15.2935], [-54.5306, -15.2996], [-54.5312, -15.3028], [-54.531, -15.3085], [-54.5325, -15.3108], [-54.539, -15.3171], [-54.5419, -15.3193], [-54.5448, -15.3221], [-54.5463, -15.3244], [-54.5487, -15.3294], [-54.5501, -15.3313], [-54.5516, -15.3365], [-54.5518, -15.3393], [-54.5532, -15.3434], [-54.5533, -15.3466], [-54.5541, -15.3499], [-54.5541, -15.3546], [-54.5555, -15.3578], [-54.5555, -15.3597], [-54.5547, -15.3624], [-54.5531, -15.3641], [-54.5524, -15.3655], [-54.5541, -15.3654], [-54.5569, -15.3665], [-54.5575, -15.3659], [-54.5568, -15.3643], [-54.5588, -15.3627], [-54.5596, -15.3616], [-54.5611, -15.3629], [-54.564, -15.3637], [-54.566, -15.3638], [-54.5682, -15.3627], [-54.5699, -15.3614], [-54.572, -15.3608], [-54.5733, -15.3611], [-54.5743, -15.3637], [-54.576, -15.3633], [-54.5773, -15.3637], [-54.5778, -15.3662], [-54.5799, -15.3676], [-54.5813, -15.3678], [-54.5824, -15.367], [-54.5839, -15.3641], [-54.5844, -15.3622], [-54.586, -15.3632], [-54.5861, -15.3659], [-54.5846, -15.369], [-54.5856, -15.3711], [-54.5874, -15.371], [-54.5874, -15.3698], [-54.5884, -15.3685], [-54.5907, -15.3668], [-54.592, -15.37], [-54.5922, -15.3719], [-54.5931, -15.3728], [-54.5956, -15.3733], [-54.5967, -15.3726], [-54.5957, -15.3715], [-54.5957, -15.3704], [-54.5988, -15.3682], [-54.6033, -15.3695], [-54.604, -15.3705], [-54.6044, -15.3735], [-54.6057, -15.3746], [-54.6088, -15.3747], [-54.6104, -15.374], [-54.6113, -15.3725], [-54.6104, -15.3719], [-54.6082, -15.3714], [-54.6077, -15.3698], [-54.6088, -15.3693], [-54.6119, -15.3709], [-54.6153, -15.3742], [-54.6193, -15.3758], [-54.6208, -15.3759], [-54.6253, -15.3751], [-54.6263, -15.3759], [-54.6267, -15.3782], [-54.6281, -15.3783], [-54.6288, -15.3773], [-54.6311, -15.3778], [-54.6296, -15.3791], [-54.6303, -15.3823], [-54.6313, -15.3819], [-54.6317, -15.3801], [-54.6334, -15.3807], [-54.6345, -15.3827], [-54.6367, -15.3837], [-54.6362, -15.3847], [-54.6343, -15.3846], [-54.6359, -15.3871], [-54.6369, -15.3861], [-54.6409, -15.3853], [-54.6418, -15.3854], [-54.6448, -15.3878], [-54.6439, -15.3893], [-54.6457, -15.3898], [-54.6451, -15.3861], [-54.6475, -15.384], [-54.6486, -15.384], [-54.6499, -15.3858], [-54.6517, -15.3866], [-54.6503, -15.3879], [-54.6507, -15.3885], [-54.6525, -15.3889], [-54.6529, -15.3881], [-54.6524, -15.3864], [-54.6543, -15.3867], [-54.6553, -15.3897], [-54.6579, -15.3888], [-54.6592, -15.39], [-54.6604, -15.3901], [-54.6619, -15.3878], [-54.6635, -15.387], [-54.6658, -15.3871], [-54.6671, -15.3885], [-54.6657, -15.3888], [-54.665, -15.39], [-54.6663, -15.3906], [-54.6677, -15.3926], [-54.6687, -15.3929], [-54.671, -15.3916], [-54.6729, -15.3913], [-54.6742, -15.3893], [-54.6771, -15.391], [-54.6772, -15.3917], [-54.6829, -15.3914], [-54.6849, -15.3924], [-54.6862, -15.394], [-54.6881, -15.3947], [-54.6897, -15.3959], [-54.6902, -15.397], [-54.6886, -15.3985], [-54.6894, -15.3997], [-54.6922, -15.4001], [-54.6938, -15.3988], [-54.693, -15.3978], [-54.695, -15.3975], [-54.6962, -15.3961], [-54.6979, -15.3973], [-54.701, -15.3968], [-54.7007, -15.3989], [-54.7014, -15.4003], [-54.7024, -15.4005], [-54.7034, -15.3995], [-54.7036, -15.398], [-54.7021, -15.3971], [-54.7023, -15.3956], [-54.7054, -15.3956], [-54.7048, -15.3968], [-54.7059, -15.3973], [-54.7071, -15.394], [-54.7085, -15.394], [-54.7127, -15.3958], [-54.7148, -15.3971], [-54.7186, -15.3981], [-54.7201, -15.3988], [-54.7262, -15.403], [-54.7303, -15.4069], [-54.7341, -15.4085], [-54.7365, -15.4103], [-54.7393, -15.4145], [-54.7419, -15.4169], [-54.7444, -15.4185], [-54.7488, -15.4226], [-54.7507, -15.4257], [-54.7539, -15.4288], [-54.7559, -15.4296], [-54.7576, -15.4298], [-54.7601, -15.4312], [-54.7625, -15.4318], [-54.766, -15.4335], [-54.7671, -15.4337], [-54.7732, -15.4363], [-54.7769, -15.4373], [-54.7846, -15.4379], [-54.7886, -15.4386], [-54.7923, -15.4405], [-54.7931, -15.4412], [-54.7976, -15.4432], [-54.8021, -15.4457], [-54.8069, -15.4489], [-54.8188, -15.4539], [-54.8203, -15.4548], [-54.8219, -15.4564], [-54.8238, -15.4569], [-54.8272, -15.4572], [-54.8334, -15.4602], [-54.8371, -15.4613], [-54.8432, -15.4637], [-54.8502, -15.4673], [-54.8522, -15.4676], [-54.8543, -15.469], [-54.8588, -15.474], [-54.8647, -15.4764], [-54.8674, -15.4787], [-54.8687, -15.4794], [-54.8711, -15.4796], [-54.8762, -15.4812], [-54.8855, -15.4866], [-54.8926, -15.4919], [-54.897, -15.4943], [-54.9028, -15.4965], [-54.9072, -15.4967], [-54.9113, -15.4956], [-54.9132, -15.4944], [-54.9159, -15.4898], [-54.9297, -15.4823], [-54.9325, -15.484], [-54.9415, -15.4841], [-54.945, -15.4857], [-54.9483, -15.4861], [-54.9504, -15.4857], [-54.9523, -15.4865], [-54.9547, -15.4892], [-54.9557, -15.4916], [-54.9553, -15.4934], [-54.9538, -15.4956], [-54.9532, -15.4976], [-54.9543, -15.5045], [-54.9558, -15.509], [-54.9559, -15.5121], [-54.9548, -15.5146], [-54.9546, -15.5166], [-54.956, -15.5192], [-54.9562, -15.5233], [-54.9557, -15.5258], [-54.9566, -15.5282], [-54.9561, -15.5309], [-54.9591, -15.5328], [-54.962, -15.5332], [-54.9646, -15.5328], [-54.9671, -15.5336], [-54.9681, -15.5353], [-54.9675, -15.5372], [-54.9688, -15.5387], [-54.9694, -15.5413], [-54.9721, -15.5421], [-54.9719, -15.5443], [-54.971, -15.5476], [-54.9719, -15.549], [-54.9722, -15.5514], [-54.9744, -15.5542], [-54.9737, -15.555], [-54.975, -15.5558], [-54.9752, -15.5569], [-54.9735, -15.5573], [-54.9715, -15.5603], [-54.9711, -15.5617], [-54.9727, -15.5631], [-54.9715, -15.5689], [-54.9718, -15.5706], [-54.9699, -15.5788], [-54.9684, -15.5801], [-54.9685, -15.5819], [-54.9714, -15.5852], [-54.9717, -15.5861], [-54.9702, -15.5892], [-54.9667, -15.5907], [-54.9657, -15.5915], [-54.9659, -15.5929], [-54.9683, -15.5973], [-54.9685, -15.5984], [-54.9673, -15.6003], [-54.9655, -15.6018], [-54.9644, -15.604], [-54.9666, -15.6063], [-54.9671, -15.6051], [-54.9686, -15.6063], [-54.9671, -15.6089], [-54.9678, -15.6097], [-54.9665, -15.6109], [-54.9645, -15.6112], [-54.9628, -15.6126], [-54.9617, -15.6143], [-54.9629, -15.616], [-54.963, -15.6172], [-54.9647, -15.619], [-54.9651, -15.6201], [-54.9677, -15.6212], [-54.9681, -15.622], [-54.9696, -15.6219], [-54.9713, -15.6228], [-54.9731, -15.6229], [-54.9744, -15.6264], [-54.9745, -15.6278], [-54.9767, -15.6272]]]}}]}