id;mun;sit;bairro;dist;fcu;area;pop;dens;dppo;mor;idosos;criancas;mulheres;negros;indig;agua;agua_enc;esgoto;esg_prec;lixo;sem_banh;renda;renda_med;analf;pav;arvore;arv5;luz;calcada;bueiro;onibus;ivsa;ivsa_n;app_pct;app_pop;inund;inund2;inund_pop;ndvi;verde;lst;d_ubs;d_saude;d_esc;d_parque;lst_anom;c1974;c1974_pop;alerta;sgb_alta;sgb_alta_pop;sgb_am;a1974;a1974_pop;aalerta;veg_nat;erosao;eros_alta;solo;micro;bac;subbac;verde_hab;cob;sat_veg;sat_lst
510340305000001;Cuiabá;Urbana;;Cuiabá;;0,673;981;1458,3;286;3,4;7,2;18,3;50,9;79,3;0,0;98,6;99,3;88,1;10,1;99,0;0,0;3575,9;1600,0;6,2;84,7;74,2;15,9;100,0;97,0;59,3;22,9;23,4;7;22,8;224;20,7;52,1;203;0,351;25,1;37,6;1050;3150;1050;40;-1,5;11,1;109;4,2;22,3;218;59,3;14,3;140;9,6;53,9;2,0;0,0;Plintossolo pétrico;Córrego da Pinheira;Bacia do Rio Cuiabá;Bacia do Rio Cuiabá;172,2;;Sentinel-2 de 23/08/2026, pixels de 10 m;Landsat de 13/08/2026, pixels de 30 m
510340305000002;Cuiabá;Urbana;;Cuiabá;;11,503;1146;99,6;364;3,1;12,5;16,7;49,4;78,8;0,5;13,5;70,3;6,3;69,8;58,2;1,1;2145,0;1500,0;8,8;;;;;;;;79,1;5;8,0;92;11,4;25,6;131;0,317;24,6;38,9;2800;3110;2620;2280;-0,2;0,0;0;0,0;12,2;140;15,7;0,0;0;0,0;35,2;2,06;0,0;Plintossolo pétrico;Afluente s/n do Córrego do Vovô;Bacia do Rio Cuiabá;Bacia do Rio Cuiabá;2469,2;;Sentinel-2 de 23/08/2026, pixels de 10 m;Landsat de 13/08/2026, pixels de 30 m
510340305000006;Cuiabá;Urbana;;Cuiabá;;2,214;553;249,8;199;2,8;11,9;19,5;48,6;80,5;;15,6;72,9;6,0;25,6;32,7;21,1;2118,5;1450,0;14,6;;;;;;;;92,7;5;5,4;30;4,9;26,1;27;0,369;29,7;38,8;1840;3570;990;1340;-0,3;0,0;0;0,0;5,8;32;13,0;0,0;0;0,0;27,6;2,07;0,0;Plintossolo pétrico;Ribeirão Leonor;Bacia do Rio Cuiabá;Bacia do Rio Cuiabá;1189,1;;Sentinel-2 de 23/08/2026, pixels de 10 m;Landsat de 13/08/2026, pixels de 30 m
510340305000007;Cuiabá;Urbana;;Cuiabá;Novo Paraíso;0,128;162;1265,2;63;2,6;8,0;19,1;45,7;97,5;0,0;0,0;27,0;0,0;92,1;0,0;14,3;1143,3;1200,0;8,4;0,0;17,9;0,0;0,0;0,0;0,0;0,0;92,4;7;10,3;17;4,4;27,0;7;0,195;0,4;40,8;1870;1980;970;520;1,7;0,0;0;0,0;0,0;0;0,0;0,0;0;0,0;0,0;2,09;0,0;Plintossolo pétrico;Córrego Três Barras;Bacia do Rio Cuiabá;Bacia do Rio Cuiabá;3,2;;Sentinel-2 de 23/08/2026, pixels de 10 m;Landsat de 13/08/2026, pixels de 30 m
510340305000008;Cuiabá;Rural;;Cuiabá;;19,028;926;48,7;361;2,6;20,4;14,5;47,4;82,4;0,0;3,9;81,7;3,0;18,3;29,1;13,6;1760,4;1300,0;14,0;;;;;;;;97,8;5;6,3;58;13,7;33,8;127;0,401;36,5;38,6;3400;4740;2080;2890;-0,5;0,0;0;0,0;16,9;156;23,6;0,0;0;0,0;43,2;2,05;0,7;Plintossolo pétrico;;Bacia do Rio Cuiabá;Bacia do Rio Cuiabá;7500,2;;Sentinel-2 de 23/08/2026, pixels de 10 m;Landsat de 13/08/2026, pixels de 30 m
510340305000009;Cuiabá;Urbana;;Cuiabá;;0,411;125;304,3;59;2,1;13,6;13,6;44,0;79,2;0,0;0,0;42,4;0,0;61,0;57,6;35,6;1537,8;1212,0;14,0;;;;;;;;91,6;5;0,0;0;0,0;0,0;0;0,263;9,7;39,4;3600;5460;2840;2830;0,3;0,0;0;0,0;5,0;6;9,9;0,0;0;0,0;14,5;2,08;0,0;Plintossolo pétrico;Afluente s/n do Rio Coxipó;Bacia do Rio Cuiabá;Bacia do Rio Cuiabá;318,9;;Sentinel-2 de 23/08/2026, pixels de 10 m;Landsat de 13/08/2026, pixels de 30 m
510340305000010;Cuiabá;Urbana;;Cuiabá;;0,307;200;652,0;95;2,1;22,0;13,5;38,5;89,0;0,0;20,0;43,2;0,0;45,3;48,4;17,9;1492,3;1212,0;20,5;;;;;;;;91,7;5;2,3;5;6,5;21,1;13;0,252;5,7;39,2;4030;5960;3060;3200;0,1;0,0;0;0,0;16,6;33;16,6;0,0;0;0,0;4,1;2,1;0,0;Plintossolo pétrico;Afluente s/n do Rio Coxipó;Bacia do Rio Cuiabá;Bacia do Rio Cuiabá;87,5;;Sentinel-2 de 23/08/2026, pixels de 10 m;Landsat de 13/08/2026, pixels de 30 m
510340305000011;Cuiabá;Urbana;;Cuiabá;;16,796;851;50,7;316;2,7;11,5;17,5;47,1;73,8;;38,9;76,6;18,4;26,3;60,4;0,9;3216,1;2000,0;5,8;;;;;;;;62,5;5;7,3;62;27,5;49,9;234;0,36;28,4;38,3;2310;5410;1970;2160;-0,8;0,0;0;0,0;36,0;306;48,0;0,0;0;0,0;31,5;2,06;0,2;Plintossolo pétrico;Córrego Fortaleza;Bacia do Rio Cuiabá;Bacia do Rio Cuiabá;5605,2;;Sentinel-2 de 23/08/2026, pixels de 10 m;Landsat de 13/08/2026, pixels de 30 m
510340305000013;Cuiabá;Urbana;;Cuiabá;Jardim Umuarama;0,177;522;2956,9;159;3,3;3,6;28,0;53,8;84,1;0,6;12,6;38,4;0,0;63,5;57,9;;1743,2;1300,0;5,9;3,4;16,7;0,0;12,5;0,0;3,4;0,0;81,6;7;0,0;0;2,5;10,4;13;0,328;21,7;38,5;1620;3150;500;1050;-0,6;0,0;0;0,0;0,0;0;11,3;0,0;0;0,0;23,3;2,04;0,0;Plintossolo pétrico;Afluente s/n do Córrego Vassoura;Bacia do Rio Cuiabá;Bacia do Rio Cuiabá;73,6;;Sentinel-2 de 23/08/2026, pixels de 10 m;Landsat de 13/08/2026, pixels de 30 m
510340305000014;Cuiabá;Urbana;;Cuiabá;Região do Altos da Serra;0,075;158;2111,5;65;2,4;7,0;14,6;43,7;82,3;;80,0;80,0;12,3;0,0;93,8;0,0;1694,2;1350,0;16,3;0,0;25,9;0,0;84,8;0,0;0,0;0,0;69,5;7;0,0;0;95,1;100,0;150;0,295;9,8;39,3;1150;4470;1580;620;0,2;0,0;0;0,0;0,0;0;22,2;0,0;0;0,0;0,0;2,09;0,0;Plintossolo pétrico;Afluente s/n do Rio Coxipó;Bacia do Rio Cuiabá;Bacia do Rio Cuiabá;46,5;;Sentinel-2 de 23/08/2026, pixels de 10 m;Landsat de 13/08/2026, pixels de 30 m
510340305000015;Cuiabá;Rural;;Cuiabá;;42,386;421;9,9;140;2,9;14,7;10,9;44,7;67,5;0,0;3,6;97,9;98,6;0,0;98,6;0,0;4319,8;2200,0;5,1;;;;;;;;38,8;5;3,1;13;15,3;29,2;65;0,396;33,4;38,6;4980;6730;4450;4130;-0,5;0,0;0;0,0;12,3;52;17,7;0,0;0;0,0;57,6;2,01;0,9;Plintossolo pétrico;;Bacia do Rio Cuiabá;Bacia do Rio Cuiabá;33626,9;;Sentinel-2 de 23/08/2026, pixels de 10 m;Landsat de 13/08/2026, pixels de 30 m
510340305000016;Cuiabá;Urbana;;Cuiabá;;0,917;136;148,3;43;3,2;22,8;12,5;53,7;41,9;0,0;0,0;100,0;100,0;0,0;97,7;0,0;10472,2;8500,0;0,0;;;;;;;;23,2;5;0,0;0;17,5;36,1;24;0,375;30,7;39,7;5300;6490;4850;3240;0,6;0,0;0;0,0;1,3;2;10,0;0,0;0;0,0;38,8;2,04;0,0;Plintossolo pétrico;Afluente s/n do Córrego do Nicolau;Bacia do Rio Cuiabá;Bacia do Rio Cuiabá;2070,0;;Sentinel-2 de 23/08/2026, pixels de 10 m;Landsat de 13/08/2026, pixels de 30 m
510340305400002;Cuiabá;Urbana;Centro Político Administrativo;Cuiabá;Região do  Parque das Águas Nascentes;0,071;761;10777,7;256;3;5,1;21,3;46,6;83,0;;98,8;94,5;48,4;0,0;99,6;;1725,5;1212,0;8,5;99,3;67,1;10,5;100,0;99,3;81,1;0,0;35,0;7;0,0;0;0,0;1,7;0;0,177;2,4;39,9;640;1940;180;220;0,8;0,0;0;0,0;0,0;0;0,0;0,0;0;0,0;0,0;2,08;0,0;Plintossolo pétrico;Ribeirão do Baú;Bacia do Rio Cuiabá;Bacia do Rio Cuiabá;2,2;;Sentinel-2 de 23/08/2026, pixels de 10 m;Landsat de 13/08/2026, pixels de 30 m
510340305400003;Cuiabá;Urbana;Centro Político Administrativo;Cuiabá;;1,331;180;135,2;48;3,5;16,7;13,3;55,0;72,8;0,0;93,8;95,8;43,8;16,7;87,5;0,0;2413,6;1212,0;7,7;92,3;75,7;0,0;100,0;78,1;75,7;75,7;35,6;7;13,4;24;4,0;20,1;7;0,448;54,5;37,2;930;960;950;630;-1,9;0,0;0;0,0;1,5;3;8,9;0,0;0;0,0;41,6;2,03;0,0;Plintossolo pétrico;Ribeirão do Baú;Bacia do Rio Cuiabá;Bacia do Rio Cuiabá;4030,0;;Sentinel-2 de 23/08/2026, pixels de 10 m;Landsat de 13/08/2026, pixels de 30 m
510340305400004;Cuiabá;Urbana;Centro Político Administrativo;Cuiabá;;0,083;0;0,0;0;0;;;;;;;;;;;;;;;;;;;;;;;0;0,0;0;0,0;0,0;0;0,186;6,1;40,1;240;580;250;160;1,0;0,0;0;0,0;0,0;0;0,0;0,0;0;0,0;0,0;2,08;0,0;Plintossolo pétrico;Córrego Ouro Fino;Bacia do Rio Cuiabá;Bacia do Rio Cuiabá;;;Sentinel-2 de 23/08/2026, pixels de 10 m;Landsat de 13/08/2026, pixels de 30 m
510340305400005;Cuiabá;Urbana;Centro Político Administrativo;Cuiabá;;0,052;80;1523,9;0;0;;;;;;;;;;;;;;;;;;;;;;;0;0,0;0;0,0;0,0;0;0,282;15,2;38,6;950;560;580;290;-0,5;0,0;0;0,0;0,0;0;0,0;0,0;0;0,0;0,0;2,08;0,0;Plintossolo pétrico;Afluente s/n do Córrego Vassoura;Bacia do Rio Cuiabá;Bacia do Rio Cuiabá;98,8;;Sentinel-2 de 23/08/2026, pixels de 10 m;Landsat de 13/08/2026, pixels de 30 m
510340305400006;Cuiabá;Urbana;Centro Político Administrativo;Cuiabá;;0,21;0;0,0;0;0;;;;;;;;;;;;;;;;;;;;;;;0;0,0;0;0,0;0,0;0;0,386;38,3;39,2;820;340;500;220;0,1;0,0;0;0,0;0,0;0;0,0;0,0;0;0,0;3,4;2,07;0,0;Plintossolo pétrico;Afluente s/n do Rio Cuiabá;Bacia do Rio Cuiabá;Bacia do Rio Cuiabá;;;Sentinel-2 de 23/08/2026, pixels de 10 m;Landsat de 13/08/2026, pixels de 30 m
510340305400007;Cuiabá;Urbana;Paiaguás;Cuiabá;;0,042;477;11301,8;223;2,1;9,4;12,8;58,1;61,4;0,8;100,0;100,0;98,2;0,0;100,0;0,0;4223,1;3001,0;;100,0;6,7;6,7;100,0;100,0;100,0;0,0;24,9;6;0,0;0;0,0;0,0;0;0,249;6,7;38,4;850;1390;130;180;-0,7;0,0;0;0,0;0,0;0;0,0;0,0;0;0,0;0,0;2,08;0,0;Plintossolo pétrico;Afluente s/n do Córrego Ouro Fino;Bacia do Rio Cuiabá;Bacia do Rio Cuiabá;5,9;;Sentinel-2 de 23/08/2026, pixels de 10 m;Landsat de 13/08/2026, pixels de 30 m
510340305400008;Cuiabá;Urbana;Paiaguás;Cuiabá;;0,014;172;12203,6;83;2,1;8,7;12,8;55,8;61,0;0,0;92,8;100,0;84,3;0,0;100,0;0,0;4761,9;4000,0;0,0;100,0;67,4;67,4;100,0;100,0;67,4;67,4;14,9;7;0,0;0;0,0;0,0;0;0,187;1,4;39,4;970;1430;80;70;0,3;0,0;0;0,0;0,0;0;0,0;0,0;0;0,0;0,0;2,08;0,0;Plintossolo pétrico;Afluente s/n do Córrego Ouro Fino;Bacia do Rio Cuiabá;Bacia do Rio Cuiabá;1,1;;Sentinel-2 de 23/08/2026, pixels de 10 m;Landsat de 13/08/2026, pixels de 30 m
510340305400011;Cuiabá;Urbana;Paiaguás;Cuiabá;;0,038;448;11710,9;198;2,3;10,9;12,1;56,0;70,3;;98,5;100,0;42,9;49,0;99,5;0,0;3165,9;2400,0;2,7;73,4;0,9;0,0;100,0;84,8;73,4;69,4;38,9;7;0,0;0;0,0;0,0;0;0,223;1,8;39,6;1170;1410;280;220;0,5;0,0;0;0,0;0,0;0;0,0;0,0;0;0,0;0,0;2,08;0,0;Plintossolo pétrico;Afluente s/n do Córrego Ouro Fino;Bacia do Rio Cuiabá;Bacia do Rio Cuiabá;1,5;;Sentinel-2 de 23/08/2026, pixels de 10 m;Landsat de 13/08/2026, pixels de 30 m
510340305400012;Cuiabá;Urbana;Paiaguás;Cuiabá;;0,031;191;6252,6;90;2,1;14,7;8,4;58,6;61,8;;92,2;100,0;82,2;0,0;100,0;0,0;4948,4;3500,0;;100,0;15,7;15,2;100,0;100,0;100,0;83,8;26,2;6;0,0;0;0,0;0,0;0;0,181;1,6;39,4;1060;1260;170;90;0,3;0,0;0;0,0;0,0;0;0,0;0,0;0;0,0;0,0;2,08;0,0;Plintossolo pétrico;Afluente s/n do Córrego Ouro Fino;Bacia do Rio Cuiabá;Bacia do Rio Cuiabá;2,6;;Sentinel-2 de 23/08/2026, pixels de 10 m;Landsat de 13/08/2026, pixels de 30 m
510340305400013;Cuiabá;Urbana;Paiaguás;Cuiabá;;0,031;47;1532,1;25;1,9;14,9;;48,9;57,4;;64,0;100,0;84,0;0,0;92,0;0,0;4358,8;4500,0;0,0;100,0;100,0;51,1;100,0;100,0;100,0;14,9;;0;0,0;0;0,0;0,0;0;0,159;1,6;39,4;990;1230;220;190;0,3;0,0;0;0,0;0,0;0;0,0;0,0;0;0,0;0,0;2,08;0,0;Plintossolo pétrico;Afluente s/n do Córrego Ouro Fino;Bacia do Rio Cuiabá;Bacia do Rio Cuiabá;;;Sentinel-2 de 23/08/2026, pixels de 10 m;Landsat de 13/08/2026, pixels de 30 m
510340305400014;Cuiabá;Urbana;Paiaguás;Cuiabá;;0,055;304;5538,9;132;2,3;10,5;9,5;52,6;65,5;0,0;99,2;99,2;94,7;0,0;100,0;;4394,7;3200,0;2,3;100,0;99,0;81,6;100,0;100,0;100,0;27,0;10,9;7;0,0;0;0,0;0,0;0;0,181;2,0;38,7;760;1410;270;330;-0,4;0,0;0;0,0;0,0;0;0,0;0,0;0;0,0;0,0;2,08;0,0;Plintossolo pétrico;Afluente s/n do Córrego Ouro Fino;Bacia do Rio Cuiabá;Bacia do Rio Cuiabá;3,6;;Sentinel-2 de 23/08/2026, pixels de 10 m;Landsat de 13/08/2026, pixels de 30 m
510340305400016;Cuiabá;Urbana;Jardim Florianópolis;Cuiabá;;0,111;794;7125,3;258;3,1;8,6;17,6;49,6;79,0;0,5;100,0;97,3;43,4;1,9;100,0;0,0;1956,8;1395,0;5,0;100,0;66,0;18,1;100,0;100,0;62,8;7,9;30,9;7;0,0;0;0,0;1,9;0;0,18;3,4;39,5;200;1890;120;620;0,4;0,0;0;0,0;0,0;0;0,0;0,0;0;0,0;0,0;2,08;0,0;Plintossolo pétrico;Córrego Ouro Fino;Bacia do Rio Cuiabá;Bacia do Rio Cuiabá;4,8;;Sentinel-2 de 23/08/2026, pixels de 10 m;Landsat de 13/08/2026, pixels de 30 m
510340305400017;Cuiabá;Urbana;Jardim Florianópolis;Cuiabá;;0,119;1015;8512,1;362;2,8;12,1;13,2;49,8;75,6;0,0;98,3;100,0;27,6;41,7;100,0;0,0;2461,2;1900,0;4,5;100,0;76,2;26,0;100,0;99,7;72,5;2,9;29,9;7;0,0;0;0,0;0,0;0;0,138;0,8;40,1;210;1990;200;340;1,0;0,0;0;0,0;0,0;0;0,0;0,0;0;0,0;0,0;2,08;0,0;Plintossolo pétrico;Córrego Ouro Fino;Bacia do Rio Cuiabá;Bacia do Rio Cuiabá;0,9;;Sentinel-2 de 23/08/2026, pixels de 10 m;Landsat de 13/08/2026, pixels de 30 m
510340305400018;Cuiabá;Urbana;Jardim Florianópolis;Cuiabá;;0,093;849;9148,8;274;3,1;10,7;14,7;49,1;80,4;0,7;99,6;97,8;62,8;0,0;100,0;0,0;1887,0;1500,0;7,5;100,0;81,9;18,6;100,0;100,0;89,4;8,2;28,8;7;0,0;0;0,0;0,0;0;0,135;1,3;40,2;440;2140;230;230;1,1;0,0;0;0,0;0,0;0;0,0;0,0;0;0,0;0,0;2,08;0,0;Plintossolo pétrico;Ribeirão do Baú;Bacia do Rio Cuiabá;Bacia do Rio Cuiabá;1,4;;Sentinel-2 de 23/08/2026, pixels de 10 m;Landsat de 13/08/2026, pixels de 30 m
510340305400019;Cuiabá;Urbana;Jardim Vitória;Cuiabá;Jardim Vitória;0,14;1147;8206,0;355;3,2;7,0;19,8;50,3;81,8;;99,7;94,6;54,4;1,7;99,4;0,8;1743,7;1212,0;7,3;100,0;80,4;13,1;100,0;100,0;99,3;12,6;30,6;7;6,8;78;10,9;26,6;125;0,213;8,7;39,4;410;2550;180;490;0,3;0,0;0;0,0;19,3;222;19,3;0,0;0;0,0;0,0;2,08;0,0;Plintossolo pétrico;Ribeirão do Baú;Bacia do Rio Cuiabá;Bacia do Rio Cuiabá;10,6;;Sentinel-2 de 23/08/2026, pixels de 10 m;Landsat de 13/08/2026, pixels de 30 m
510340305400020;Cuiabá;Urbana;Jardim Vitória;Cuiabá;Jardim Vitória;0,089;620;6990,7;192;3,2;7,4;18,4;49,0;76,8;0,0;97,4;97,4;44,3;0,0;100,0;0,0;1879,0;1500,0;9,0;100,0;98,4;11,9;100,0;100,0;98,9;1,0;31,1;7;8,1;50;21,3;37,1;132;0,24;11,5;38,5;190;2280;470;630;-0,6;0,0;0;0,0;17,2;107;17,2;0,0;0;0,0;0,0;2,08;0,0;Plintossolo pétrico;Ribeirão do Baú;Bacia do Rio Cuiabá;Bacia do Rio Cuiabá;16,5;;Sentinel-2 de 23/08/2026, pixels de 10 m;Landsat de 13/08/2026, pixels de 30 m
510340305400021;Cuiabá;Urbana;Jardim Vitória;Cuiabá;Jardim Vitória;0,116;1011;8679,8;346;2,9;8,2;15,3;51,5;85,2;0,4;98,0;97,4;25,1;3,2;99,7;0,9;1729,1;1400,0;4,2;98,8;98,3;60,0;100,0;98,8;98,4;0,8;29,3;7;8,4;84;9,2;17,4;93;0,22;7,0;38,5;560;1870;400;250;-0,6;0,0;0;0,0;7,9;80;7,9;0,0;0;0,0;0,0;2,08;0,0;Plintossolo pétrico;Ribeirão do Baú;Bacia do Rio Cuiabá;Bacia do Rio Cuiabá;8,0;;Sentinel-2 de 23/08/2026, pixels de 10 m;Landsat de 13/08/2026, pixels de 30 m
510340305400022;Cuiabá;Urbana;Jardim Vitória;Cuiabá;;0,096;866;9001,3;295;2,9;12,5;15,1;51,7;75,5;;99,3;99,3;64,7;2,0;99,3;1,0;1998,2;1500,0;6,6;100,0;61,0;15,2;100,0;100,0;80,7;1,7;30,4;7;0,0;0;0,0;0,0;0;0,166;2,0;39,7;450;1870;170;200;0,6;0,0;0;0,0;0,0;0;0,0;0,0;0;0,0;0,0;2,08;0,0;Plintossolo pétrico;Ribeirão do Baú;Bacia do Rio Cuiabá;Bacia do Rio Cuiabá;2,2;;Sentinel-2 de 23/08/2026, pixels de 10 m;Landsat de 13/08/2026, pixels de 30 m
510340305400023;Cuiabá;Urbana;Jardim Vitória;Cuiabá;;0,051;561;10937,7;182;3,1;12,5;15,0;48,3;83,2;;100,0;100,0;17,0;72,5;100,0;0,0;2003,8;1500,0;4,8;100,0;66,8;0,0;100,0;100,0;98,4;1,8;34,2;7;0,0;0;0,0;0,0;0;0,133;0,2;40,4;870;1470;190;270;1,3;0,0;0;0,0;0,0;0;0,0;0,0;0;0,0;0,0;2,08;0,0;Plintossolo pétrico;Ribeirão do Baú;Bacia do Rio Cuiabá;Bacia do Rio Cuiabá;0,2;;Sentinel-2 de 23/08/2026, pixels de 10 m;Landsat de 13/08/2026, pixels de 30 m
510340305400024;Cuiabá;Urbana;Jardim Vitória;Cuiabá;Jardim Vitória;0,109;874;8045,9;291;3;10,2;16,0;53,3;81,9;;99,7;97,6;56,0;0,0;99,7;;1861,6;1500,0;6,6;98,4;99,5;29,2;99,5;98,4;97,9;0,0;26,6;7;10,3;90;5,7;11,4;50;0,229;10,1;39,0;760;1710;360;240;-0,1;0,0;0;0,0;11,1;97;11,1;0,0;0;0,0;0,0;2,08;0,0;Plintossolo pétrico;Ribeirão do Baú;Bacia do Rio Cuiabá;Bacia do Rio Cuiabá;12,6;;Sentinel-2 de 23/08/2026, pixels de 10 m;Landsat de 13/08/2026, pixels de 30 m
510340305400025;Cuiabá;Urbana;Jardim Vitória;Cuiabá;Jardim Vitória;0,093;810;8704,7;256;3,2;8,5;17,8;49,9;84,1;;99,2;97,7;16,0;80,9;99,2;0,0;1947,7;1700,0;6,4;100,0;41,0;0,0;100,0;100,0;100,0;0,0;40,2;7;11,8;96;10,6;23,1;86;0,232;11,2;38,7;950;1560;410;360;-0,4;0,0;0;0,0;14,7;119;17,4;0,0;0;0,0;17,5;2,04;0,0;Plintossolo pétrico;Ribeirão do Baú;Bacia do Rio Cuiabá;Bacia do Rio Cuiabá;12,9;;Sentinel-2 de 23/08/2026, pixels de 10 m;Landsat de 13/08/2026, pixels de 30 m
510340305400026;Cuiabá;Urbana;Jardim Vitória;Cuiabá;;0,083;798;9671,2;257;3,1;11,0;15,5;51,9;76,6;0,4;100,0;98,4;27,2;0,0;100,0;;1686,2;1212,0;5,6;100,0;83,8;0,0;100,0;99,9;99,6;1,8;32,2;7;0,0;0;0,0;0,0;0;0,207;8,5;39,3;790;1120;570;630;0,2;0,0;0;0,0;0,0;0;0,0;0,0;0;0,0;6,0;2,07;0,0;Plintossolo pétrico;Ribeirão do Baú;Bacia do Rio Cuiabá;Bacia do Rio Cuiabá;8,8;;Sentinel-2 de 23/08/2026, pixels de 10 m;Landsat de 13/08/2026, pixels de 30 m
510340305400027;Cuiabá;Urbana;Paraíso;Cuiabá;Região do Paraíso;0,204;1004;4933,4;321;3,1;8,6;15,7;50,9;80,7;0,8;88,2;93,5;14,3;74,8;96,3;0,0;1984,2;1500,0;4,8;96,5;43,2;5,8;98,0;96,5;82,2;0,0;41,1;7;10,2;102;5,6;14,0;56;0,358;31,9;37,8;500;730;850;420;-1,3;0,0;0;0,0;0,0;0;3,3;0,0;0;0,0;22,8;2,03;0,0;Plintossolo pétrico;Afluente s/n do Córrego do Vovô;Bacia do Rio Cuiabá;Bacia do Rio Cuiabá;64,8;;Sentinel-2 de 23/08/2026, pixels de 10 m;Landsat de 13/08/2026, pixels de 30 m
510340305400028;Cuiabá;Urbana;Paraíso;Cuiabá;Região do Paraíso;0,067;525;7840,2;170;3,1;13,3;11,2;49,0;74,9;0,8;98,8;92,4;45,3;41,2;100,0;0,0;2444,2;1800,0;6,4;100,0;73,0;6,1;98,7;99,6;54,5;11,0;29,9;7;0,0;0;0,0;29,9;0;0,155;1,7;40,3;100;340;90;350;1,2;0,0;0;0,0;0,0;0;0,0;0,0;0;0,0;0,0;2,08;0,0;Plintossolo pétrico;Córrego Ouro Fino;Bacia do Rio Cuiabá;Bacia do Rio Cuiabá;2,2;;Sentinel-2 de 23/08/2026, pixels de 10 m;Landsat de 13/08/2026, pixels de 30 m
510340305400029;Cuiabá;Urbana;;Cuiabá;Região do Paraíso;0,071;327;4626,5;136;2,4;8,3;12,8;43,1;76,1;;99,3;99,3;4,4;22,8;100,0;0,0;2119,3;1500,0;2,7;99,1;64,5;38,8;100,0;99,1;99,1;0,0;33,9;7;0,0;0;0,0;0,0;0;0,232;6,6;39,8;490;600;810;280;0,7;0,0;0;0,0;0,0;0;0,0;0,0;0;0,0;0,0;2,08;0,0;Plintossolo pétrico;Afluente s/n do Córrego do Vovô;Bacia do Rio Cuiabá;Bacia do Rio Cuiabá;14,3;;Sentinel-2 de 23/08/2026, pixels de 10 m;Landsat de 13/08/2026, pixels de 30 m
510340305400030;Cuiabá;Urbana;Paraíso;Cuiabá;Região do Paraíso;0,12;730;6084,8;240;3;6,6;19,3;51,4;81,0;0,0;99,6;100,0;22,5;43,3;100,0;0,0;1590,7;1212,0;3,5;95,5;41,6;18,2;89,9;95,5;52,5;0,0;37,8;7;19,3;141;12,8;24,8;94;0,314;23,0;38,8;870;1170;520;650;-0,3;0,0;0;0,0;3,7;27;3,7;0,0;0;0,0;2,3;2,08;0,0;Plintossolo pétrico;Córrego Paraíso;Bacia do Rio Cuiabá;Bacia do Rio Cuiabá;37,8;;Sentinel-2 de 23/08/2026, pixels de 10 m;Landsat de 13/08/2026, pixels de 30 m
510340305400032;Cuiabá;Urbana;Jardim Vitória;Cuiabá;;0,141;1042;7370,0;352;3;10,7;16,4;53,3;79,8;;99,7;97,4;45,5;10,8;99,7;1,4;1885,1;1305,0;5,9;100,0;74,6;11,3;100,0;100,0;98,4;12,1;30,7;7;0,0;0;0,0;0,0;0;0,185;2,9;39,5;250;2560;320;750;0,4;0,0;0;0,0;0,0;0;0,0;0,0;0;0,0;0,0;2,08;0,0;Plintossolo pétrico;Córrego Ouro Fino;Bacia do Rio Cuiabá;Bacia do Rio Cuiabá;3,9;;Sentinel-2 de 23/08/2026, pixels de 10 m;Landsat de 13/08/2026, pixels de 30 m
510340305400033;Cuiabá;Urbana;Jardim Vitória;Cuiabá;Jardim Vitória;0,082;628;7663,6;207;3;7,8;17,0;50,3;86,8;0,0;99,0;96,6;33,3;0,0;100,0;0,0;1629,2;1212,0;4,6;100,0;96,0;63,1;100,0;100,0;96,5;1,3;28,9;7;11,9;75;17,5;25,2;110;0,334;25,8;37,8;330;2080;390;400;-1,3;0,0;0;0,0;21,7;136;21,7;0,0;0;0,0;0,0;2,08;0,0;Plintossolo pétrico;Ribeirão do Baú;Bacia do Rio Cuiabá;Bacia do Rio Cuiabá;33,7;;Sentinel-2 de 23/08/2026, pixels de 10 m;Landsat de 13/08/2026, pixels de 30 m
510340305400034;Cuiabá;Urbana;Jardim Vitória;Cuiabá;Região do  Parque das Águas Nascentes;0,242;754;3119,2;253;3;4,1;22,9;46,4;90,1;0,0;7,1;56,1;0,0;87,0;92,1;;1709,2;1311,0;5,7;0,0;13,5;0,0;0,0;0,0;0,0;0,0;76,4;7;17,1;129;18,1;36,3;137;0,387;37,2;37,6;1070;1330;800;700;-1,5;0,0;0;0,0;22,1;166;34,9;0,0;0;0,0;8,3;2,06;0,0;Plintossolo pétrico;Ribeirão do Baú;Bacia do Rio Cuiabá;Bacia do Rio Cuiabá;119,4;;Sentinel-2 de 23/08/2026, pixels de 10 m;Landsat de 13/08/2026, pixels de 30 m
510340305400035;Cuiabá;Urbana;Paraíso;Cuiabá;Região do Paraíso;0,099;825;8351,2;261;3,2;6,5;17,7;49,3;83,4;0,0;97,7;99,2;6,9;70,9;99,2;0,0;1650,1;1300,0;2,9;99,0;58,3;2,5;100,0;99,0;70,1;0,0;36,7;7;0,0;0;0,0;5,3;0;0,22;6,1;40,0;40;360;340;110;0,9;0,0;0;0,0;0,0;0;0,0;0,0;0;0,0;0,0;2,08;0,0;Plintossolo pétrico;Afluente s/n do Córrego do Vovô;Bacia do Rio Cuiabá;Bacia do Rio Cuiabá;7,3;;Sentinel-2 de 23/08/2026, pixels de 10 m;Landsat de 13/08/2026, pixels de 30 m
510340305400036;Cuiabá;Urbana;Paraíso;Cuiabá;Região do Paraíso;0,122;1074;8832,2;399;2,7;8,5;14,8;52,7;83,5;0,0;100,0;99,7;11,8;1,3;99,7;;1798,3;1212,0;6,5;100,0;53,6;6,5;100,0;99,2;75,9;7,1;39,4;7;0,2;2;0,0;28,3;0;0,194;4,0;40,0;340;580;340;250;0,9;0,0;0;0,0;0,0;0;0,0;0,0;0;0,0;0,0;2,08;0,0;Plintossolo pétrico;Afluente s/n do Córrego do Vovô;Bacia do Rio Cuiabá;Bacia do Rio Cuiabá;4,5;;Sentinel-2 de 23/08/2026, pixels de 10 m;Landsat de 13/08/2026, pixels de 30 m
510340305400037;Cuiabá;Urbana;;Cuiabá;;0,658;544;826,7;188;2,9;8,8;14,3;52,9;74,4;0,0;99,5;100,0;12,2;3,2;100,0;0,0;4323,4;3000,0;2,4;80,0;89,9;0,0;100,0;80,0;69,7;69,7;27,0;7;6,2;33;15,2;24,8;82;0,35;32,1;38,6;500;2480;400;980;-0,5;0,0;0;0,0;10,3;56;10,3;0,0;0;0,0;24,1;2,05;0,0;Plintossolo pétrico;Córrego Ouro Fino;Bacia do Rio Cuiabá;Bacia do Rio Cuiabá;388,3;;Sentinel-2 de 23/08/2026, pixels de 10 m;Landsat de 13/08/2026, pixels de 30 m
510340305400038;Cuiabá;Urbana;Centro Político Administrativo;Cuiabá;Região do  Parque das Águas Nascentes;0,117;311;2651,8;104;3;4,2;19,9;48,9;83,6;0,0;83,7;91,3;9,6;76,0;88,5;;1979,6;1500,0;5,9;14,1;57,6;15,4;23,5;14,1;12,2;1,3;54,9;7;0,0;0;0,0;1,5;0;0,261;10,8;38,3;920;1250;750;710;-0,8;0,0;0;0,0;0,0;0;1,7;0,0;0;0,0;0,8;2,08;0,0;Plintossolo pétrico;Ribeirão do Baú;Bacia do Rio Cuiabá;Bacia do Rio Cuiabá;40,6;;Sentinel-2 de 23/08/2026, pixels de 10 m;Landsat de 13/08/2026, pixels de 30 m
510340305400039;Cuiabá;Urbana;Centro Político Administrativo;Cuiabá;Região do  Parque das Águas Nascentes;0,264;868;3283,0;283;3,1;8,9;19,9;50,7;87,8;0,0;89,4;84,8;0,0;35,0;89,0;1,1;1790,9;1350,0;9,1;0,0;100,0;79,7;98,7;0,0;0,0;0,0;55,3;7;12,7;110;4,4;17,5;38;0,339;24,4;37,3;710;1170;420;370;-1,8;0,0;0;0,0;0,0;0;16,0;0,0;0;0,0;0,0;2,08;0,0;Plintossolo pétrico;Afluente s/n do Córrego Ouro Fino;Bacia do Rio Cuiabá;Bacia do Rio Cuiabá;74,2;;Sentinel-2 de 23/08/2026, pixels de 10 m;Landsat de 13/08/2026, pixels de 30 m
510340305400040;Cuiabá;Urbana;Centro Político Administrativo;Cuiabá;;1,06;5;4,7;1;5;;;;;;;;;;;;;;;;;;;;;;;0;14,1;1;14,1;32,9;1;0,339;32,6;37,5;600;700;450;70;-1,6;0,0;0;0,0;7,3;0;21,2;0,0;0;0,0;23,0;2,04;0,0;Plintossolo pétrico;Córrego Quarta-Feira;Bacia do Rio Cuiabá;Bacia do Rio Cuiabá;;;Sentinel-2 de 23/08/2026, pixels de 10 m;Landsat de 13/08/2026, pixels de 30 m
510340305400041;Cuiabá;Urbana;Paiaguás;Cuiabá;;0,015;283;18568,9;142;2;10,6;11,7;57,2;64,0;;34,5;100,0;51,4;2,8;100,0;0,0;4579,5;3300,0;0,0;100,0;100,0;0,0;100,0;100,0;100,0;0,0;24,1;7;0,0;0;0,0;0,0;0;0,208;2,0;39,3;1100;1160;260;200;0,2;0,0;0;0,0;0,0;0;0,0;0,0;0;0,0;0,0;2,08;0,0;Plintossolo pétrico;Afluente s/n do Córrego Ouro Fino;Bacia do Rio Cuiabá;Bacia do Rio Cuiabá;1,1;;Sentinel-2 de 23/08/2026, pixels de 10 m;Landsat de 13/08/2026, pixels de 30 m
510340305400042;Cuiabá;Urbana;Jardim Florianópolis;Cuiabá;;0,062;627;10171,8;208;3;6,5;19,5;48,6;81,3;;99,0;96,6;37,5;2,9;99,0;;1753,4;1400,0;6,5;100,0;57,6;9,5;100,0;99,2;84,1;2,6;35,6;7;13,2;83;5,3;26,3;33;0,183;3,5;39,0;580;1740;510;980;-0,1;0,0;0;0,0;0,0;0;0,0;0,0;0;0,0;0,0;2,08;0,0;Plintossolo pétrico;Córrego Ouro Fino;Bacia do Rio Cuiabá;Bacia do Rio Cuiabá;3,5;;Sentinel-2 de 23/08/2026, pixels de 10 m;Landsat de 13/08/2026, pixels de 30 m
510340305400043;Cuiabá;Urbana;Paraíso;Cuiabá;;0,047;426;8989,5;135;3,2;11,7;12,9;47,7;78,4;;98,5;94,8;34,1;64,4;99,3;0,0;2196,0;1300,0;4,7;100,0;50,2;0,0;100,0;99,1;16,2;0,0;33,8;7;0,2;1;3,8;5,7;16;0,188;4,2;40,1;230;180;170;380;1,0;0,0;0;0,0;0,0;0;0,0;0,0;0;0,0;0,0;2,08;0,0;Plintossolo pétrico;Córrego Ouro Fino;Bacia do Rio Cuiabá;Bacia do Rio Cuiabá;4,6;;Sentinel-2 de 23/08/2026, pixels de 10 m;Landsat de 13/08/2026, pixels de 30 m
510340305400045;Cuiabá;Urbana;;Cuiabá;;0,398;748;1879,4;229;3,3;9,0;15,4;51,7;71,8;;99,6;100,0;6,1;3,1;99,6;0,0;6471,6;4600,0;1,2;35,6;35,4;35,4;36,0;35,4;35,6;0,0;38,3;7;6,0;45;5,1;15,4;38;0,327;28,8;39,1;780;1610;370;500;0,0;0,0;0;0,0;12,4;93;17,5;0,0;0;0,0;22,2;2,04;0,0;Plintossolo pétrico;Afluente s/n do Córrego do Vovô;Bacia do Rio Cuiabá;Bacia do Rio Cuiabá;153,2;;Sentinel-2 de 23/08/2026, pixels de 10 m;Landsat de 13/08/2026, pixels de 30 m
510340305400046;Cuiabá;Urbana;;Cuiabá;;0,132;347;2625,0;123;2,8;11,2;13,5;53,6;65,4;0,9;50,4;100,0;90,2;5,7;100,0;0,0;7939,0;6000,0;0,0;100,0;100,0;92,5;100,0;7,5;7,5;0,0;12,6;7;10,7;37;4,1;11,6;14;0,296;14,8;39,9;270;240;510;90;0,8;0,0;0;0,0;0,0;0;0,0;0,0;0;0,0;0,0;2,08;0,0;Plintossolo pétrico;Córrego Ouro Fino;Bacia do Rio Cuiabá;Bacia do Rio Cuiabá;56,3;;Sentinel-2 de 23/08/2026, pixels de 10 m;Landsat de 13/08/2026, pixels de 30 m
510340305400047;Cuiabá;Urbana;;Cuiabá;;0,546;583;1068,5;206;2,8;16,0;10,6;54,4;48,4;0,0;99,5;96,1;89,8;4,4;98,5;4,4;10763,1;9500,0;;90,7;9,3;4,8;90,7;90,7;0,0;0,0;20,9;6;3,2;19;0,3;2,4;2;0,458;56,2;37,0;280;690;820;590;-2,1;0,0;0;0,0;0,0;0;1,7;0,0;0;0,0;41,5;2,01;0,0;Plintossolo pétrico;Ribeirão do Baú;Bacia do Rio Cuiabá;Bacia do Rio Cuiabá;526,3;;Sentinel-2 de 23/08/2026, pixels de 10 m;Landsat de 13/08/2026, pixels de 30 m
510340305400048;Cuiabá;Urbana;Centro Político Administrativo;Cuiabá;Região do  Parque das Águas Nascentes;0,267;1142;4280,4;391;2,9;4,9;22,9;46,9;82,3;0,0;75,7;85,7;2,0;58,1;72,1;0,0;1803,9;1500,0;6,5;2,7;92,1;53,5;41,0;3,3;3,3;0,0;58,4;7;25,5;291;13,0;38,6;148;0,356;29,0;37,4;950;1510;720;730;-1,7;0,0;0;0,0;6,0;69;28,5;0,0;0;0,0;0,0;2,08;0,0;Plintossolo pétrico;Afluente s/n do Córrego Ouro Fino;Bacia do Rio Cuiabá;Bacia do Rio Cuiabá;67,8;;Sentinel-2 de 23/08/2026, pixels de 10 m;Landsat de 13/08/2026, pixels de 30 m
510340305400050;Cuiabá;Urbana;Paraíso;Cuiabá;Região do Paraíso;0,096;775;8053,9;253;3,1;4,6;17,5;50,3;81,4;0,0;100,0;97,2;7,1;2,4;99,2;0,0;1607,5;1212,0;4,0;100,0;55,1;12,9;100,0;100,0;70,2;4,9;38,0;7;26,7;207;0,0;12,0;0;0,235;9,7;39,9;660;950;700;530;0,8;0,0;0;0,0;0,0;0;0,0;0,0;0;0,0;0,0;2,08;0,0;Plintossolo pétrico;Córrego Paraíso;Bacia do Rio Cuiabá;Bacia do Rio Cuiabá;12,0;;Sentinel-2 de 23/08/2026, pixels de 10 m;Landsat de 13/08/2026, pixels de 30 m
510340305400051;Cuiabá;Urbana;Paraíso;Cuiabá;Região do Paraíso;0,16;849;5294,4;273;3,1;6,2;19,1;50,3;80,1;;99,6;98,9;15,0;3,7;98,9;0,0;1347,4;1212,0;9,3;96,7;56,1;10,5;97,8;96,7;71,7;0,0;43,6;7;34,6;293;4,9;54,4;41;0,403;37,0;38,0;430;750;660;290;-1,1;0,0;0;0,0;3,6;31;13,3;0,0;0;0,0;10,1;2,06;0,0;Plintossolo pétrico;Afluente s/n do Córrego do Vovô;Bacia do Rio Cuiabá;Bacia do Rio Cuiabá;69,7;;Sentinel-2 de 23/08/2026, pixels de 10 m;Landsat de 13/08/2026, pixels de 30 m
510340305400053;Cuiabá;Urbana;Paiaguás;Cuiabá;;0,022;275;12269,0;119;2,3;8,4;9,1;52,0;68,7;1,1;88,2;100,0;81,5;2,5;100,0;0,0;3815,9;2600,0;1,3;94,9;97,5;12,7;98,5;94,9;94,9;84,7;15,2;7;0,0;0;0,0;0,0;0;0,18;0,5;39,8;1080;1440;210;170;0,7;0,0;0;0,0;0,0;0;0,0;0,0;0;0,0;0,0;2,08;0,0;Plintossolo pétrico;Afluente s/n do Córrego Ouro Fino;Bacia do Rio Cuiabá;Bacia do Rio Cuiabá;0,4;;Sentinel-2 de 23/08/2026, pixels de 10 m;Landsat de 13/08/2026, pixels de 30 m
510340305400054;Cuiabá;Urbana;Paiaguás;Cuiabá;;0,15;380;2529,1;132;2,9;5,3;10,5;53,7;81,1;;100,0;98,5;5,3;3,8;100,0;0,0;1500,7;1212,0;5,9;34,5;80,5;29,5;100,0;34,5;34,5;0,0;46,3;7;10,7;41;2,6;27,5;10;0,217;9,8;39,7;990;1680;330;350;0,6;0,0;0;0,0;4,6;18;12,6;0,0;0;0,0;0,0;2,08;0,0;Plintossolo pétrico;Afluente s/n do Córrego Ouro Fino;Bacia do Rio Cuiabá;Bacia do Rio Cuiabá;38,7;;Sentinel-2 de 23/08/2026, pixels de 10 m;Landsat de 13/08/2026, pixels de 30 m
510340305400055;Cuiabá;Urbana;Paiaguás;Cuiabá;;0,165;331;2008,5;132;2,5;8,5;14,8;56,5;55,3;0,0;100,0;100,0;84,1;0,0;100,0;0,0;6656,0;5000,0;;100,0;0,0;0,0;100,0;100,0;100,0;100,0;24,8;6;23,3;77;2,2;41,9;7;0,264;20,7;38,5;680;1730;320;400;-0,6;0,0;0;0,0;8,6;28;22,6;0,0;0;0,0;0,0;2,08;0,0;Plintossolo pétrico;Afluente s/n do Córrego Ouro Fino;Bacia do Rio Cuiabá;Bacia do Rio Cuiabá;103,2;;Sentinel-2 de 23/08/2026, pixels de 10 m;Landsat de 13/08/2026, pixels de 30 m
510340305400056;Cuiabá;Urbana;Centro Político Administrativo;Cuiabá;;1,074;0;0,0;0;0;;;;;;;;;;;;;;;;;;;;;;;0;4,2;0;1,9;9,9;0;0,246;19,8;37,6;1190;70;580;320;-1,5;0,0;0;0,0;0,0;0;0,0;0,0;0;0,0;7,7;2,07;0,0;Plintossolo pétrico;Córrego Quarta-Feira;Bacia do Rio Cuiabá;Bacia do Rio Cuiabá;;;Sentinel-2 de 23/08/2026, pixels de 10 m;Landsat de 13/08/2026, pixels de 30 m
510340305400057;Cuiabá;Urbana;Centro Político Administrativo;Cuiabá;;0,251;812;3233,6;298;2,7;12,2;16,4;53,0;38,2;0,0;99,7;100,0;99,3;0,0;99,7;0,0;10988,6;10000,0;0,8;100,0;100,0;100,0;100,0;100,0;100,0;0,0;2,6;7;9,4;77;17,6;42,0;143;0,428;50,7;37,1;1080;550;120;240;-2,0;0,0;0;0,0;2,9;23;9,9;0,0;0;0,0;34,3;1,99;0,0;Plintossolo pétrico;Afluente s/n do Rio Cuiabá;Bacia do Rio Cuiabá;Bacia do Rio Cuiabá;156,7;;Sentinel-2 de 23/08/2026, pixels de 10 m;Landsat de 13/08/2026, pixels de 30 m
510340305400058;Cuiabá;Urbana;Centro Político Administrativo;Cuiabá;;0,021;530;24670,2;178;3;9,1;16,4;53,0;33,6;0,0;100,0;100,0;100,0;0,0;100,0;0,0;18107,4;18000,0;;100,0;100,0;100,0;100,0;100,0;100,0;0,0;0,0;6;14,7;78;38,1;71,4;202;0,398;33,8;36,1;840;1010;520;140;-3,0;0,0;0;0,0;20,6;109;20,6;0,0;0;0,0;28,6;2,01;0,0;Plintossolo pétrico;Afluente s/n do Rio Cuiabá;Bacia do Rio Cuiabá;Bacia do Rio Cuiabá;13,4;;Sentinel-2 de 23/08/2026, pixels de 10 m;Landsat de 13/08/2026, pixels de 30 m
510340305400059;Cuiabá;Urbana;Centro Político Administrativo;Cuiabá;;0,037;734;19576,8;259;2,8;10,2;16,1;51,9;32,2;0,0;100,0;100,0;100,0;0,0;100,0;0,0;13946,6;10000,0;0,0;100,0;100,0;100,0;100,0;100,0;100,0;100,0;0,0;7;33,3;245;37,5;71,9;275;0,402;36,4;35,9;850;1160;480;260;-3,2;0,0;0;0,0;37,4;274;37,4;0,0;0;0,0;26,5;2,01;0,0;Plintossolo pétrico;Afluente s/n do Rio Cuiabá;Bacia do Rio Cuiabá;Bacia do Rio Cuiabá;18,3;;Sentinel-2 de 23/08/2026, pixels de 10 m;Landsat de 13/08/2026, pixels de 30 m
510340305400060;Cuiabá;Urbana;Paiaguás;Cuiabá;;0,167;682;4076,9;275;2,5;5,4;14,4;53,7;48,1;0,0;98,2;100,0;93,1;1,5;100,0;0,0;10978,1;9155,0;;100,0;100,0;100,0;100,0;100,0;100,0;10,0;3,2;6;0,0;0;2,6;19,9;18;0,276;6,9;39,1;910;1010;230;440;0,0;0,0;0;0,0;0,0;0;0,0;0,0;0;0,0;0,5;2,08;0,0;Plintossolo pétrico;Córrego Quarta-Feira;Bacia do Rio Cuiabá;Bacia do Rio Cuiabá;16,9;;Sentinel-2 de 23/08/2026, pixels de 10 m;Landsat de 13/08/2026, pixels de 30 m
510340305400061;Cuiabá;Urbana;Paiaguás;Cuiabá;Região do  Parque das Águas Nascentes;0,156;745;4761,7;264;2,8;8,6;15,0;52,2;74,1;;97,7;100,0;25,8;43,9;98,9;0,0;2346,6;1480,0;4,2;16,0;92,8;33,7;99,1;24,4;19,6;11,1;40,1;7;21,7;161;19,0;39,8;141;0,28;16,7;38,5;910;1310;270;440;-0,6;0,0;0;0,0;3,8;28;20,9;0,0;0;0,0;0,0;2,08;0,0;Plintossolo pétrico;Afluente s/n do Córrego Ouro Fino;Bacia do Rio Cuiabá;Bacia do Rio Cuiabá;35,0;;Sentinel-2 de 23/08/2026, pixels de 10 m;Landsat de 13/08/2026, pixels de 30 m
510340305400062;Cuiabá;Urbana;Centro Político Administrativo;Cuiabá;Região do  Parque das Águas Nascentes;0,283;1114;3936,1;361;3,1;5,6;22,0;49,8;84,0;;84,8;66,8;14,4;8,9;85,9;0,8;1841,1;1400,0;7,3;31,3;93,1;55,5;40,0;28,1;28,9;0,0;49,0;7;21,8;243;2,7;17,8;30;0,294;14,9;38,0;710;1360;550;760;-1,1;0,0;0;0,0;0,0;0;3,6;0,0;0;0,0;0,0;2,08;0,0;Plintossolo pétrico;Afluente s/n do Córrego Ouro Fino;Bacia do Rio Cuiabá;Bacia do Rio Cuiabá;37,9;;Sentinel-2 de 23/08/2026, pixels de 10 m;Landsat de 13/08/2026, pixels de 30 m
510340305400063;Cuiabá;Urbana;Centro Político Administrativo;Cuiabá;;0,093;980;10526,4;325;3;5,9;16,5;50,8;80,9;;99,7;99,4;38,5;50,5;100,0;0,0;1750,1;1305,0;2,9;97,0;70,5;20,7;100,0;97,0;70,3;0,8;29,8;7;3,3;32;0,0;2,6;0;0,166;1,4;39,9;450;1670;300;400;0,8;0,0;0;0,0;0,0;0;0,0;0,0;0;0,0;0,0;2,08;0,0;Plintossolo pétrico;Ribeirão do Baú;Bacia do Rio Cuiabá;Bacia do Rio Cuiabá;1,3;;Sentinel-2 de 23/08/2026, pixels de 10 m;Landsat de 13/08/2026, pixels de 30 m
510340305400064;Cuiabá;Urbana;Centro Político Administrativo;Cuiabá;;0,089;664;7494,9;216;3,1;6,9;17,3;50,5;84,9;0,0;99,5;98,6;50,9;2,8;100,0;0,0;1957,2;1500,0;7,5;100,0;68,1;16,6;100,0;100,0;75,5;2,6;32,3;7;0,0;0;0,0;0,0;0;0,166;1,9;40,4;580;1830;150;120;1,3;0,0;0;0,0;0,0;0;0,0;0,0;0;0,0;0,0;2,08;0,0;Plintossolo pétrico;Ribeirão do Baú;Bacia do Rio Cuiabá;Bacia do Rio Cuiabá;2,5;;Sentinel-2 de 23/08/2026, pixels de 10 m;Landsat de 13/08/2026, pixels de 30 m
510340305400065;Cuiabá;Urbana;Centro Político Administrativo;Cuiabá;Região do  Parque das Águas Nascentes;0,14;475;3389,4;155;3,1;4,0;24,4;50,7;86,7;;78,1;89,7;9,7;77,4;98,1;0,0;1898,0;1500,0;6,6;35,2;39,6;4,6;80,8;35,2;19,8;0,0;54,4;7;23,7;112;18,5;38,2;88;0,346;28,8;38,3;700;1780;350;360;-0,8;0,0;0;0,0;28,7;137;28,7;0,0;0;0,0;0,0;2,08;0,0;Plintossolo pétrico;Ribeirão do Baú;Bacia do Rio Cuiabá;Bacia do Rio Cuiabá;84,9;;Sentinel-2 de 23/08/2026, pixels de 10 m;Landsat de 13/08/2026, pixels de 30 m
510340305400066;Cuiabá;Urbana;Jardim Florianópolis;Cuiabá;;0,047;472;9984,9;152;3,1;7,6;16,5;51,5;81,4;0,0;99,3;99,3;50,7;23,7;99,3;0,0;1825,2;1500,0;6,5;100,0;86,9;23,7;100,0;100,0;86,2;0,0;29,1;7;0,0;0;0,0;0,0;0;0,15;0,2;39,6;610;2230;240;280;0,5;0,0;0;0,0;0,0;0;0,0;0,0;0;0,0;0,0;2,08;0,0;Plintossolo pétrico;Ribeirão do Baú;Bacia do Rio Cuiabá;Bacia do Rio Cuiabá;0,2;;Sentinel-2 de 23/08/2026, pixels de 10 m;Landsat de 13/08/2026, pixels de 30 m
510340305400067;Cuiabá;Urbana;Jardim Florianópolis;Cuiabá;Região do  Parque das Águas Nascentes;0,108;621;5731,1;200;3,1;3,4;20,8;52,3;82,8;0,5;99,0;94,0;38,0;7,0;98,0;;1855,0;1500,0;4,8;63,9;71,3;12,2;82,6;73,8;48,5;9,5;36,7;7;18,6;116;38,4;63,8;238;0,22;12,4;38,8;540;2330;360;330;-0,3;0,0;0;0,0;27,7;172;27,7;0,0;0;0,0;0,0;2,08;0,0;Plintossolo pétrico;Ribeirão do Baú;Bacia do Rio Cuiabá;Bacia do Rio Cuiabá;21,6;;Sentinel-2 de 23/08/2026, pixels de 10 m;Landsat de 13/08/2026, pixels de 30 m
510340305400068;Cuiabá;Urbana;Jardim Florianópolis;Cuiabá;;0,101;625;6194,8;213;2,9;7,5;17,1;48,6;78,1;0,0;100,0;99,1;66,2;0,0;100,0;0,0;1812,7;1500,0;7,6;100,0;72,0;8,8;100,0;100,0;100,0;27,2;30,1;7;13,0;81;3,8;28,8;24;0,209;7,5;39,0;610;1870;580;1080;-0,1;0,0;0;0,0;9,1;57;9,1;0,0;0;0,0;0,0;2,08;0,0;Plintossolo pétrico;Córrego Ouro Fino;Bacia do Rio Cuiabá;Bacia do Rio Cuiabá;12,1;;Sentinel-2 de 23/08/2026, pixels de 10 m;Landsat de 13/08/2026, pixels de 30 m
510340305400069;Cuiabá;Urbana;Jardim Florianópolis;Cuiabá;Região do  Parque das Águas Nascentes;0,122;344;2827,6;120;2,9;5,2;16,6;51,7;75,6;0,0;98,3;96,7;17,5;3,3;99,2;0,0;2763,3;2000,0;4,3;14,5;95,3;49,1;79,9;11,0;14,5;1,7;40,0;7;23,5;81;8,8;30,6;30;0,361;30,1;38,0;1080;1830;800;790;-1,1;0,0;0;0,0;20,3;70;20,9;0,0;0;0,0;0,0;2,08;0,0;Plintossolo pétrico;Afluente s/n do Córrego Ouro Fino;Bacia do Rio Cuiabá;Bacia do Rio Cuiabá;106,8;;Sentinel-2 de 23/08/2026, pixels de 10 m;Landsat de 13/08/2026, pixels de 30 m
510340305400070;Cuiabá;Urbana;Jardim Vitória;Cuiabá;Região do Paraíso;0,093;337;3633,1;124;2,7;12,5;12,5;47,8;85,5;0,0;100,0;99,2;0,0;0,0;100,0;0,0;1419,1;1212,0;5,3;99,1;68,5;50,1;98,5;99,1;86,1;27,3;39,0;7;24,2;81;0,0;22,0;0;0,411;46,9;37,8;430;790;470;530;-1,3;0,0;0;0,0;0,0;0;0,0;0,0;0;0,0;38,5;2,01;0,0;Plintossolo pétrico;Ribeirão do Baú;Bacia do Rio Cuiabá;Bacia do Rio Cuiabá;129,4;;Sentinel-2 de 23/08/2026, pixels de 10 m;Landsat de 13/08/2026, pixels de 30 m
510340305400071;Cuiabá;Urbana;Jardim Vitória;Cuiabá;Jardim Vitória;0,1;415;4152,2;125;3,3;5,5;20,2;49,4;84,1;0,0;87,2;89,6;15,2;51,2;96,0;;1868,8;1500,0;5,9;81,2;20,0;12,8;81,2;80,5;76,1;0,0;48,3;7;13,2;55;3,7;22,2;15;0,342;25,0;37,1;890;1250;590;600;-2,0;0,0;0;0,0;0,0;0;12,6;0,0;0;0,0;34,5;2,02;0,0;Plintossolo pétrico;Ribeirão do Baú;Bacia do Rio Cuiabá;Bacia do Rio Cuiabá;60,2;;Sentinel-2 de 23/08/2026, pixels de 10 m;Landsat de 13/08/2026, pixels de 30 m
510340305410001;Cuiabá;Urbana;Centro Sul;Cuiabá;;0,102;200;1959,9;82;2,4;27,5;8,5;54,0;37,0;0,0;96,3;100,0;100,0;0,0;100,0;0,0;9956,2;8000,0;0,0;91,0;73,5;50,5;91,0;91,0;50,5;14,5;7,8;7;0,0;0;0,0;0,0;0;0,174;5,7;39,1;1260;860;320;200;0,0;0,0;0;0,0;0,0;0;0,0;0,0;0;0,0;0,0;2,08;0,0;Plintossolo pétrico;Afluente s/n do Córrego da Prainha;Bacia do Rio Cuiabá;Bacia do Rio Cuiabá;29,1;;Sentinel-2 de 23/08/2026, pixels de 10 m;Landsat de 13/08/2026, pixels de 30 m
510340305410002;Cuiabá;Urbana;Centro Sul;Cuiabá;;0,13;181;1389,4;78;2,3;30,4;7,7;53,6;51,4;0,0;100,0;100,0;97,4;0,0;100,0;0,0;5512,7;3800,0;;100,0;66,9;17,1;100,0;54,1;24,3;12,2;12,9;6;0,0;0;0,0;0,0;0;0,158;7,9;38,9;1180;580;360;200;-0,2;0,0;0;0,0;0,0;0;0,0;0,0;0;0,0;0,0;2,08;0,0;Plintossolo pétrico;Afluente s/n do Córrego da Prainha;Bacia do Rio Cuiabá;Bacia do Rio Cuiabá;56,7;;Sentinel-2 de 23/08/2026, pixels de 10 m;Landsat de 13/08/2026, pixels de 30 m
510340305410003;Cuiabá;Urbana;Centro Sul;Cuiabá;;0,152;113;744,2;44;2,5;23,0;9,7;59,3;60,2;;54,5;100,0;100,0;0,0;100,0;0,0;5697,8;4000,0;0,0;100,0;73,0;43,2;100,0;96,4;50,5;0,9;16,6;7;0,0;0;0,0;0,0;0;0,097;1,8;39,1;910;440;280;300;0,0;0,0;0;0,0;0,0;0;0,0;0,0;0;0,0;0,0;2,08;0,0;Plintossolo pétrico;Afluente s/n do Córrego da Prainha;Bacia do Rio Cuiabá;Bacia do Rio Cuiabá;24,2;;Sentinel-2 de 23/08/2026, pixels de 10 m;Landsat de 13/08/2026, pixels de 30 m
510340305410004;Cuiabá;Urbana;Centro Sul;Cuiabá;;0,101;271;2692,6;111;2,4;21,8;8,5;55,7;56,5;;94,6;99,1;91,0;2,7;97,3;0,0;6655,3;4500,0;;100,0;100,0;15,9;100,0;100,0;72,6;74,8;8,6;6;0,0;0;0,0;0,0;0;0,146;6,3;37,9;1190;800;250;410;-1,2;0,0;0;0,0;0,0;0;0,0;0,0;0;0,0;0,0;2,08;0,0;Plintossolo pétrico;Afluente s/n do Córrego da Prainha;Bacia do Rio Cuiabá;Bacia do Rio Cuiabá;23,5;;Sentinel-2 de 23/08/2026, pixels de 10 m;Landsat de 13/08/2026, pixels de 30 m
510340305410005;Cuiabá;Urbana;Centro Sul;Cuiabá;;0,056;271;4863,7;128;2,1;24,4;9,2;61,3;46,9;0,0;96,1;100,0;98,4;0,0;99,2;0,0;6651,9;5000,0;;100,0;98,5;49,4;100,0;100,0;96,7;0,0;6,9;6;0,0;0;0,0;0,0;0;0,214;14,1;39,2;720;450;200;220;0,1;0,0;0;0,0;0,0;0;0,0;0,0;0;0,0;0,0;2,08;0,0;Plintossolo pétrico;Afluente s/n do Córrego da Prainha;Bacia do Rio Cuiabá;Bacia do Rio Cuiabá;29,1;;Sentinel-2 de 23/08/2026, pixels de 10 m;Landsat de 13/08/2026, pixels de 30 m
510340305410006;Cuiabá;Urbana;Centro Sul;Cuiabá;;0,164;344;2096,5;131;2,6;29,1;13,4;54,9;57,3;;99,2;98,5;97,7;0,0;98,5;;3910,3;2000,0;1,7;100,0;79,0;28,9;100,0;100,0;85,1;6,7;13,7;7;0,0;0;0,0;0,0;0;0,188;10,6;38,9;1130;380;380;400;-0,2;0,0;0;0,0;0,0;0;0,0;0,0;0;0,0;0,0;2,08;0,0;Plintossolo pétrico;Córrego Engole Cobra;Bacia do Rio Cuiabá;Bacia do Rio Cuiabá;50,5;;Sentinel-2 de 23/08/2026, pixels de 10 m;Landsat de 13/08/2026, pixels de 30 m
510340305410007;Cuiabá;Urbana;Centro Sul;Cuiabá;;0,23;850;3688,9;342;2,5;18,7;10,5;53,1;49,3;0,4;95,6;99,4;97,4;0,0;99,7;;7063,7;5000,0;1,1;100,0;96,8;80,2;100,0;100,0;68,0;45,9;7,1;7;0,0;0;0,0;0,0;0;0,209;12,1;37,9;1250;650;420;560;-1,2;0,0;0;0,0;0,0;0;0,0;0,0;0;0,0;0,0;2,08;0,0;Plintossolo pétrico;Afluente s/n do Córrego da Prainha;Bacia do Rio Cuiabá;Bacia do Rio Cuiabá;32,7;;Sentinel-2 de 23/08/2026, pixels de 10 m;Landsat de 13/08/2026, pixels de 30 m
510340305410008;Cuiabá;Urbana;Porto;Cuiabá;;0,098;666;6806,3;221;3;22,2;9,5;53,6;66,8;;100,0;100,0;99,1;0,0;100,0;0,0;3868,1;2500,0;2,3;100,0;35,0;0,0;100,0;100,0;80,5;2,9;20,1;7;0,0;0;0,0;5,6;0;0,165;3,9;40,6;620;1280;120;230;1,5;0,0;0;0,0;0,0;0;0,2;0,0;0;0,0;0,0;2,08;0,0;Plintossolo pétrico;Córrego 8 de Abril;Bacia do Rio Cuiabá;Bacia do Rio Cuiabá;5,7;;Sentinel-2 de 23/08/2026, pixels de 10 m;Landsat de 13/08/2026, pixels de 30 m
510340305410009;Cuiabá;Urbana;Porto;Cuiabá;;0,063;547;8705,5;185;3;21,8;9,7;54,1;66,9;0,7;98,9;100,0;97,3;1,6;100,0;0,0;3540,9;2600,0;2,0;100,0;36,4;11,9;100,0;100,0;17,0;2,0;20,6;7;0,0;0;0,0;0,0;0;0,136;0,3;40,7;340;1220;260;130;1,6;0,0;0;0,0;0,0;0;0,0;0,0;0;0,0;0,0;2,08;0,0;Plintossolo pétrico;Córrego 8 de Abril;Bacia do Rio Cuiabá;Bacia do Rio Cuiabá;0,3;;Sentinel-2 de 23/08/2026, pixels de 10 m;Landsat de 13/08/2026, pixels de 30 m
510340305410010;Cuiabá;Urbana;Porto;Cuiabá;;0,103;694;6758,8;276;2,5;19,2;11,0;51,9;70,5;;98,2;98,9;94,9;0,0;100,0;;2683,5;2000,0;3,4;100,0;57,6;5,8;100,0;100,0;81,1;16,9;21,3;7;0,0;0;0,0;0,0;0;0,163;2,0;40,8;370;1030;360;130;1,7;0,0;0;0,0;0,0;0;0,0;0,0;0;0,0;0,0;2,08;0,0;Plintossolo pétrico;Córrego Mané Pinto;Bacia do Rio Cuiabá;Bacia do Rio Cuiabá;3,0;;Sentinel-2 de 23/08/2026, pixels de 10 m;Landsat de 13/08/2026, pixels de 30 m
510340305410011;Cuiabá;Urbana;Porto;Cuiabá;;0,077;628;8199,0;229;2,7;14,5;11,1;55,7;72,0;0,0;100,0;100,0;99,1;0,0;99,1;0,0;3368,4;2025,5;0,6;100,0;96,0;83,1;100,0;100,0;100,0;0,0;10,6;7;0,0;0;0,0;44,7;0;0,178;4,3;39,8;610;880;310;390;0,7;0,0;0;0,0;0,0;0;0,0;4,1;26;0,0;0,0;2,08;0,0;Plintossolo pétrico;Córrego Mané Pinto;Bacia do Rio Cuiabá;Bacia do Rio Cuiabá;5,3;;Sentinel-2 de 23/08/2026, pixels de 10 m;Landsat de 13/08/2026, pixels de 30 m
510340305410012;Cuiabá;Urbana;Porto;Cuiabá;;0,054;720;13325,4;306;2,4;12,1;12,8;53,2;56,0;0,0;99,7;97,7;97,1;0,0;100,0;0,0;6349,0;5000,0;;100,0;90,3;88,1;100,0;91,8;98,5;0,0;8,0;6;0,0;0;0,0;43,8;0;0,137;5,9;37,7;760;660;150;470;-1,4;0,0;0;0,0;0,0;0;0,0;0,0;0;0,0;0,0;2,08;0,0;Plintossolo pétrico;Córrego Engole Cobra;Bacia do Rio Cuiabá;Bacia do Rio Cuiabá;4,4;;Sentinel-2 de 23/08/2026, pixels de 10 m;Landsat de 13/08/2026, pixels de 30 m
510340305410013;Cuiabá;Urbana;Porto;Cuiabá;;0,22;1320;5992,3;590;2,2;13,6;8,5;54,8;51,2;0,0;96,1;99,2;96,1;1,5;100,0;0,0;7182,4;5000,0;1,0;100,0;90,5;39,8;100,0;95,8;95,8;19,0;7,8;7;0,0;0;0,0;6,9;0;0,215;10,6;38,9;1150;550;150;580;-0,2;0,0;0;0,0;0,0;0;0,0;0,0;0;0,0;0,0;2,08;0,0;Plintossolo pétrico;Córrego Engole Cobra;Bacia do Rio Cuiabá;Bacia do Rio Cuiabá;17,7;;Sentinel-2 de 23/08/2026, pixels de 10 m;Landsat de 13/08/2026, pixels de 30 m
510340305410014;Cuiabá;Urbana;Porto;Cuiabá;;0,232;186;803,0;67;2,8;26,9;5,4;52,2;60,8;0,0;95,5;95,5;82,1;0,0;97,0;0,0;3819,1;2500,0;2,4;100,0;76,5;35,8;100,0;100,0;98,3;31,3;18,1;7;6,0;11;0,0;12,6;0;0,144;9,8;39,3;570;400;490;200;0,2;18,8;35;5,4;27,6;51;32,9;23,5;44;9,6;0,0;2,08;0,0;Plintossolo pétrico;Afluente s/n do Córrego 8 de Abril;Bacia do Rio Cuiabá;Bacia do Rio Cuiabá;122,2;;Sentinel-2 de 23/08/2026, pixels de 10 m;Landsat de 13/08/2026, pixels de 30 m
510340305410015;Cuiabá;Urbana;Porto;Cuiabá;;0,198;229;1155,8;82;2,8;18,3;12,7;51,1;70,3;0,0;100,0;98,8;92,7;0,0;100,0;3,7;3416,8;2000,0;3,2;100,0;40,2;14,0;100,0;100,0;89,1;17,0;22,1;7;16,4;38;17,2;37,3;39;0,211;16,1;38,4;940;580;450;160;-0,7;44,5;102;18,7;35,3;81;43,3;39,2;90;25,5;0,0;2,07;0,0;Plintossolo pétrico;Afluente s/n do Córrego 8 de Abril;Bacia do Rio Cuiabá;Bacia do Rio Cuiabá;139,2;;Sentinel-2 de 23/08/2026, pixels de 10 m;Landsat de 13/08/2026, pixels de 30 m
510340305410016;Cuiabá;Urbana;Porto;Cuiabá;;0,752;410;545,0;156;2,6;16,6;12,9;52,2;62,9;0,0;100,0;99,4;91,7;1,9;99,4;0,0;4538,8;3000,0;1,2;96,1;82,9;82,9;99,5;96,1;44,1;13,2;12,8;7;38,2;156;36,9;62,9;151;0,267;16,2;38,6;1120;1300;380;670;-0,5;61,8;254;9,7;11,9;49;37,5;60,5;248;14,7;24,9;2,04;0,0;Plintossolo pétrico;Córrego 8 de Abril;Bacia do Rio Cuiabá;Bacia do Rio Cuiabá;297,1;;Sentinel-2 de 23/08/2026, pixels de 10 m;Landsat de 13/08/2026, pixels de 30 m
510340305410017;Cuiabá;Urbana;Porto;Cuiabá;;0,021;405;19656,9;188;2,2;10,6;10,4;56,8;61,0;;92,6;100,0;98,9;0,0;100,0;0,0;4440,3;3018,0;0,0;100,0;0,0;0,0;100,0;100,0;100,0;100,0;22,9;7;0,0;0;47,6;85,7;193;0,189;4,4;39,6;1200;1730;570;490;0,5;38,1;154;0,0;0,0;0;0,0;16,9;69;0,0;0,0;2,08;0,0;Plintossolo pétrico;Córrego 8 de Abril;Bacia do Rio Cuiabá;Bacia do Rio Cuiabá;2,3;;Sentinel-2 de 23/08/2026, pixels de 10 m;Landsat de 13/08/2026, pixels de 30 m
510340305410018;Cuiabá;Urbana;Porto;Cuiabá;;0,365;833;2279,9;315;2,6;16,2;11,0;50,4;61,7;0,0;100,0;100,0;91,4;5,1;99,4;0,0;3676,1;2500,0;1,1;98,6;86,0;48,0;100,0;98,6;67,3;0,0;13,2;7;8,6;72;31,4;63,6;262;0,216;8,2;39,5;720;1450;370;60;0,4;0,0;0;0,0;0,0;0;15,1;0,1;0;0,0;1,6;2,08;0,0;Plintossolo pétrico;Córrego 8 de Abril;Bacia do Rio Cuiabá;Bacia do Rio Cuiabá;35,9;;Sentinel-2 de 23/08/2026, pixels de 10 m;Landsat de 13/08/2026, pixels de 30 m
510340305410019;Cuiabá;Urbana;Coophamil;Cuiabá;;0,034;306;9009,8;140;2,2;17,6;9,5;61,1;57,5;0,0;100,0;98,6;100,0;0,0;98,6;0,0;4197,3;3500,0;1,1;100,0;40,2;0,0;100,0;100,0;0,0;29,1;17,7;7;0,0;0;0,0;0,0;0;0,29;26,5;39,1;350;1330;210;90;0,0;0,0;0;0,0;0,0;0;0,0;0,0;0;0,0;0,0;2,08;0,0;Plintossolo pétrico;Córrego do General;Bacia do Rio Cuiabá;Bacia do Rio Cuiabá;29,4;;Sentinel-2 de 23/08/2026, pixels de 10 m;Landsat de 13/08/2026, pixels de 30 m
510340305410020;Cuiabá;Urbana;Coophamil;Cuiabá;;0,085;555;6509,9;181;3,1;21,3;9,2;56,0;52,1;;100,0;84,0;96,1;2,2;100,0;;5354,8;4000,0;1,9;100,0;95,5;25,2;100,0;100,0;74,2;25,4;9,3;7;0,0;0;0,0;0,0;0;0,255;19,1;39,5;190;1170;290;210;0,4;0,0;0;0,0;0,0;0;0,0;0,0;0;0,0;0,0;2,08;0,0;Plintossolo pétrico;Córrego 8 de Abril;Bacia do Rio Cuiabá;Bacia do Rio Cuiabá;29,3;;Sentinel-2 de 23/08/2026, pixels de 10 m;Landsat de 13/08/2026, pixels de 30 m
510340305410021;Cuiabá;Urbana;Coophamil;Cuiabá;;0,042;381;9061,2;135;2,8;21,3;10,8;59,6;48,0;;100,0;100,0;100,0;0,0;99,3;0,0;5180,0;3000,0;1,0;100,0;100,0;3,4;100,0;100,0;55,4;42,0;7,5;7;0,0;0;0,0;0,0;0;0,153;1,7;40,2;340;1350;230;10;1,1;0,0;0;0,0;0,0;0;0,0;0,0;0;0,0;0,0;2,08;0,0;Plintossolo pétrico;Córrego do General;Bacia do Rio Cuiabá;Bacia do Rio Cuiabá;1,9;;Sentinel-2 de 23/08/2026, pixels de 10 m;Landsat de 13/08/2026, pixels de 30 m
510340305410022;Cuiabá;Urbana;Coophamil;Cuiabá;;0,051;589;11578,0;215;2,7;17,3;12,6;52,8;58,7;;99,5;99,5;97,7;0,0;100,0;0,0;5499,4;2800,0;1,9;100,0;94,9;0,0;100,0;100,0;63,2;55,9;9,1;7;0,0;0;0,0;20,0;0;0,181;3,5;39,8;390;1360;320;190;0,7;0,0;0;0,0;0,0;0;0,0;0,0;0;0,0;0,0;2,08;0,0;Plintossolo pétrico;Córrego 8 de Abril;Bacia do Rio Cuiabá;Bacia do Rio Cuiabá;3,0;;Sentinel-2 de 23/08/2026, pixels de 10 m;Landsat de 13/08/2026, pixels de 30 m
510340305410023;Cuiabá;Urbana;Coophamil;Cuiabá;;1,323;320;241,8;106;3;13,4;12,8;48,4;83,1;;100,0;100,0;81,1;0,0;98,1;0,0;1890,3;1450,0;5,7;99,4;55,6;11,9;98,8;99,4;53,4;11,2;28,4;7;15,8;51;7,4;29,6;24;0,404;41,4;37,3;1150;2090;590;640;-1,8;36,7;117;9,6;12,1;39;85,1;52,6;168;12,3;24,3;2,04;0,0;Plintossolo pétrico;Córrego 8 de Abril;Bacia do Rio Cuiabá;Bacia do Rio Cuiabá;1711,6;;Sentinel-2 de 23/08/2026, pixels de 10 m;Landsat de 13/08/2026, pixels de 30 m
510340305410024;Cuiabá;Urbana;Coophamil;Cuiabá;;0,097;419;4337,3;144;2,9;20,3;12,9;50,4;63,0;;91,7;97,2;91,0;3,5;99,3;;5394,8;3000,0;1,7;90,2;92,4;86,6;100,0;90,2;60,9;0,0;13,1;7;28,0;117;34,6;42,0;145;0,298;22,4;36,4;920;1910;390;70;-2,7;43,2;181;35,8;38,2;160;45,4;46,1;193;42,1;13,6;2,05;0,0;Plintossolo pétrico;Córrego 8 de Abril;Bacia do Rio Cuiabá;Bacia do Rio Cuiabá;51,9;;Sentinel-2 de 23/08/2026, pixels de 10 m;Landsat de 13/08/2026, pixels de 30 m
510340305410025;Cuiabá;Urbana;Coophamil;Cuiabá;;0,194;671;3457,1;230;2,9;12,8;13,0;49,6;67,2;;91,3;98,3;67,0;25,2;99,1;;2881,7;2000,0;4,8;81,4;66,9;35,5;100,0;88,7;25,6;0,0;28,9;7;29,4;198;18,4;27,2;124;0,256;18,7;36,8;750;1710;340;190;-2,3;51,9;349;25,2;23,0;154;31,3;52,7;354;32,2;0,0;2,07;0,0;Plintossolo pétrico;Córrego do General;Bacia do Rio Cuiabá;Bacia do Rio Cuiabá;54,1;;Sentinel-2 de 23/08/2026, pixels de 10 m;Landsat de 13/08/2026, pixels de 30 m
510340305410026;Cuiabá;Urbana;Novo Terceiro;Cuiabá;;0,033;370;11239,8;117;3,2;23,2;10,3;52,4;76,2;0,0;100,0;100,0;99,1;0,0;99,1;0,0;2573,5;1650,0;5,5;100,0;55,9;16,2;100,0;100,0;25,7;33,5;23,4;7;0,0;0;0,0;0,0;0;0,129;0,0;39,9;310;1080;230;150;0,8;0,0;0;0,0;0,0;0;0,0;0,0;0;0,0;0,0;2,08;0,0;Plintossolo pétrico;Córrego do General;Bacia do Rio Cuiabá;Bacia do Rio Cuiabá;0,0;;Sentinel-2 de 23/08/2026, pixels de 10 m;Landsat de 13/08/2026, pixels de 30 m
510340305410027;Cuiabá;Urbana;Novo Terceiro;Cuiabá;;0,069;777;11294,2;255;3;20,8;10,3;54,1;74,3;0,0;100,0;100,0;96,9;0,0;100,0;0,0;1972,4;1212,0;4,5;100,0;95,6;23,4;100,0;100,0;91,0;15,8;18,4;7;0,0;0;0,0;0,0;0;0,12;0,0;39,9;360;1140;170;200;0,8;0,0;0;0,0;0,0;0;0,0;0,0;0;0,0;0,0;2,08;0,0;Plintossolo pétrico;Córrego do General;Bacia do Rio Cuiabá;Bacia do Rio Cuiabá;0,0;;Sentinel-2 de 23/08/2026, pixels de 10 m;Landsat de 13/08/2026, pixels de 30 m
510340305410028;Cuiabá;Urbana;Novo Terceiro;Cuiabá;;0,067;506;7597,5;196;2,6;21,5;10,7;54,3;74,3;0,0;100,0;99,0;98,0;0,0;99,5;0,0;2824,8;1950,0;2,1;100,0;89,3;39,7;100,0;100,0;69,8;14,2;14,4;7;0,0;0;0,0;0,0;0;0,143;2,1;39,8;160;1060;280;180;0,7;0,0;0;0,0;0,0;0;0,0;0,0;0;0,0;0,0;2,08;0,0;Plintossolo pétrico;Córrego 8 de Abril;Bacia do Rio Cuiabá;Bacia do Rio Cuiabá;2,8;;Sentinel-2 de 23/08/2026, pixels de 10 m;Landsat de 13/08/2026, pixels de 30 m
510340305410029;Cuiabá;Urbana;Novo Terceiro;Cuiabá;;0,174;503;2890,8;153;3,3;18,7;13,7;52,1;75,9;0,0;100,0;100,0;98,0;0,0;100,0;0,0;2413,7;2000,0;3,8;94,8;60,8;34,2;98,6;93,4;47,9;7,0;21,9;7;39,7;200;10,1;12,4;51;0,322;34,5;35,8;580;1430;310;470;-3,3;43,3;218;11,8;7,9;40;50,6;60,2;303;25,0;2,7;2,07;0,0;Plintossolo pétrico;Córrego do General;Bacia do Rio Cuiabá;Bacia do Rio Cuiabá;119,3;;Sentinel-2 de 23/08/2026, pixels de 10 m;Landsat de 13/08/2026, pixels de 30 m
510340305410030;Cuiabá;Urbana;Cidade Verde;Cuiabá;;0,167;726;4349,8;235;3,1;17,4;11,8;53,2;78,1;;100,0;100,0;94,0;0,0;99,6;0,0;2949,1;2300,0;2,3;100,0;18,9;1,2;100,0;100,0;20,8;7,2;25,0;7;20,0;145;9,4;13,8;68;0,233;16,5;37,7;290;1100;280;130;-1,4;15,6;113;11,9;0,0;0;32,8;23,2;169;19,1;0,0;2,08;0,0;Plintossolo pétrico;Córrego do General;Bacia do Rio Cuiabá;Bacia do Rio Cuiabá;38,0;;Sentinel-2 de 23/08/2026, pixels de 10 m;Landsat de 13/08/2026, pixels de 30 m
510340305410031;Cuiabá;Urbana;Cidade Verde;Cuiabá;;0,268;816;3048,0;265;3,1;17,9;13,0;49,8;80,8;;99,2;99,6;92,1;0,0;99,6;0,0;3261,7;2047,5;3,3;100,0;76,7;15,9;98,9;100,0;78,6;4,0;17,5;7;11,2;91;8,8;17,6;72;0,208;10,4;38,1;230;800;230;180;-1,0;12,1;99;8,5;4,8;39;13,6;15,1;123;11,5;0,0;2,08;0,0;Plintossolo pétrico;Córrego do General;Bacia do Rio Cuiabá;Bacia do Rio Cuiabá;34,2;;Sentinel-2 de 23/08/2026, pixels de 10 m;Landsat de 13/08/2026, pixels de 30 m
510340305410032;Cuiabá;Urbana;Cidade Verde;Cuiabá;;0,076;584;7722,0;193;3;15,2;13,2;52,6;74,0;0,0;99,5;99,0;93,3;0,0;99,5;0,0;2957,8;1900,0;4,2;100,0;17,8;0,0;100,0;100,0;0,2;0,5;27,4;7;0,0;0;0,0;0,0;0;0,123;0,5;40,0;200;760;210;160;0,9;0,0;0;0,0;0,0;0;0,0;0,0;0;0,0;0,0;2,08;0,0;Plintossolo pétrico;Córrego 8 de Abril;Bacia do Rio Cuiabá;Bacia do Rio Cuiabá;0,7;;Sentinel-2 de 23/08/2026, pixels de 10 m;Landsat de 13/08/2026, pixels de 30 m
510340305410033;Cuiabá;Urbana;Santa Isabel;Cuiabá;;0,071;488;6917,7;161;3;20,1;10,0;51,8;75,4;;100,0;100,0;98,1;0,0;100,0;0,0;1982,5;1500,0;4,2;100,0;49,8;15,8;100,0;100,0;66,6;9,2;24,5;7;0,0;0;0,0;0,0;0;0,172;2,7;39,6;390;830;150;500;0,5;0,0;0;0,0;0,0;0;0,0;0,0;0;0,0;0,0;2,08;0,0;Plintossolo pétrico;Córrego do General;Bacia do Rio Cuiabá;Bacia do Rio Cuiabá;3,9;;Sentinel-2 de 23/08/2026, pixels de 10 m;Landsat de 13/08/2026, pixels de 30 m
510340305410034;Cuiabá;Urbana;Santa Isabel;Cuiabá;;0,044;262;6005,3;87;3;18,3;13,7;46,6;79,0;0,0;100,0;98,9;98,9;0,0;100,0;0,0;1800,2;1300,0;5,8;100,0;63,0;0,0;100,0;100,0;27,5;0,0;24,8;7;0,0;0;0,0;0,0;0;0,159;3,5;39,5;520;910;60;390;0,4;0,0;0;0,0;0,0;0;0,0;0,0;0;0,0;0,0;2,08;0,0;Plintossolo pétrico;Córrego Santa Isabel;Bacia do Rio Cuiabá;Bacia do Rio Cuiabá;5,9;;Sentinel-2 de 23/08/2026, pixels de 10 m;Landsat de 13/08/2026, pixels de 30 m
510340305410035;Cuiabá;Urbana;Santa Isabel;Cuiabá;;0,099;810;8180,4;271;3;17,3;12,7;50,0;79,0;0,0;100,0;100,0;97,8;0,0;100,0;0,0;2367,7;1800,0;5,5;100,0;52,6;19,5;100,0;100,0;70,6;24,2;24,4;7;0,0;0;0,0;7,5;0;0,202;4,9;39,0;680;890;360;200;-0,1;0,0;0;0,0;0,0;0;0,0;0,0;0;0,0;0,0;2,08;0,0;Plintossolo pétrico;Córrego do General;Bacia do Rio Cuiabá;Bacia do Rio Cuiabá;6,0;;Sentinel-2 de 23/08/2026, pixels de 10 m;Landsat de 13/08/2026, pixels de 30 m
510340305410036;Cuiabá;Urbana;Santa Isabel;Cuiabá;;0,07;556;7901,4;187;3;17,8;13,8;52,2;75,4;1,1;98,9;99,5;88,8;10,7;99,5;0,0;2853,9;2400,0;7,0;100,0;34,0;9,9;100,0;100,0;74,3;6,8;29,1;7;0,0;0;0,0;65,8;0;0,243;9,4;39,1;470;660;430;430;0,0;0,0;0;0,0;0,0;0;0,0;0,0;0;0,0;0,0;2,08;0,0;Plintossolo pétrico;Córrego do General;Bacia do Rio Cuiabá;Bacia do Rio Cuiabá;11,8;;Sentinel-2 de 23/08/2026, pixels de 10 m;Landsat de 13/08/2026, pixels de 30 m
510340305410037;Cuiabá;Urbana;Santa Isabel;Cuiabá;;0,09;597;6604,4;195;3,1;15,7;14,6;53,4;76,9;0,0;99,5;98,5;96,4;0,0;99,5;0,0;2412,6;1800,0;3,5;100,0;43,5;7,9;100,0;100,0;44,7;3,4;23,8;7;0,0;0;0,0;26,1;0;0,191;4,6;39,3;380;440;650;650;0,2;0,0;0;0,0;0,0;0;0,0;0,0;0;0,0;0,0;2,08;0,0;Plintossolo pétrico;Córrego do General;Bacia do Rio Cuiabá;Bacia do Rio Cuiabá;6,9;;Sentinel-2 de 23/08/2026, pixels de 10 m;Landsat de 13/08/2026, pixels de 30 m
510340305410038;Cuiabá;Urbana;Santa Isabel;Cuiabá;;0,075;487;6486,5;186;2,6;22,8;9,7;53,2;83,8;0,0;100,0;98,9;100,0;0,0;100,0;;2163,9;1212,0;4,7;100,0;48,7;12,7;100,0;100,0;43,3;8,4;24,3;7;0,0;0;0,0;28,7;0;0,17;3,2;39,6;160;350;620;760;0,5;0,0;0;0,0;0,0;0;0,0;0,0;0;0,0;0,0;2,08;0,0;Plintossolo pétrico;Córrego do General;Bacia do Rio Cuiabá;Bacia do Rio Cuiabá;4,9;;Sentinel-2 de 23/08/2026, pixels de 10 m;Landsat de 13/08/2026, pixels de 30 m
510340305410039;Cuiabá;Urbana;Santa Isabel;Cuiabá;;0,412;1233;2995,5;475;2,6;6,2;13,9;51,9;72,7;;98,1;100,0;85,7;3,6;100,0;0,0;4674,5;3000,0;4,6;71,6;86,2;56,2;99,3;76,6;63,5;0,0;20,3;7;27,5;339;30,5;62,1;376;0,287;22,1;38,2;240;630;540;490;-0,9;38,6;476;32,0;22,2;274;32,0;39,3;484;33,9;1,7;2,08;0,0;Plintossolo pétrico;Córrego do General;Bacia do Rio Cuiabá;Bacia do Rio Cuiabá;73,8;;Sentinel-2 de 23/08/2026, pixels de 10 m;Landsat de 13/08/2026, pixels de 30 m
510340305410040;Cuiabá;Urbana;Santa Isabel;Cuiabá;;0,074;660;8968,6;202;3,2;16,7;10,6;51,2;79,7;0,0;100,0;100,0;100,0;0,0;100,0;0,0;2017,4;1212,0;6,4;94,8;45,9;0,0;100,0;94,8;66,6;0,8;27,8;7;2,9;19;2,5;60,0;16;0,169;1,5;39,5;120;530;520;780;0,4;7,5;50;0,0;0,0;0;0,0;14,6;96;0,5;0,0;2,08;0,0;Plintossolo pétrico;Córrego do General;Bacia do Rio Cuiabá;Bacia do Rio Cuiabá;1,7;;Sentinel-2 de 23/08/2026, pixels de 10 m;Landsat de 13/08/2026, pixels de 30 m
510340305410041;Cuiabá;Urbana;Santa Isabel;Cuiabá;;0,065;451;6942,1;156;2,9;19,7;14,2;51,7;79,2;0,0;100,0;100,0;94,2;0,0;100,0;0,0;2063,0;1300,0;7,8;100,0;27,5;0,0;100,0;100,0;79,8;0,0;31,9;7;0,0;0;0,0;13,6;0;0,182;4,0;39,7;220;690;330;670;0,6;0,0;0;0,0;0,0;0;0,0;1,5;7;0,0;0,0;2,08;0,0;Plintossolo pétrico;Córrego do General;Bacia do Rio Cuiabá;Bacia do Rio Cuiabá;5,8;;Sentinel-2 de 23/08/2026, pixels de 10 m;Landsat de 13/08/2026, pixels de 30 m
510340305410042;Cuiabá;Urbana;Santa Isabel;Cuiabá;;0,141;879;6229,1;281;3,1;15,5;13,7;52,0;80,0;;100,0;100,0;93,6;0,0;98,9;;1791,8;1212,0;7,6;88,1;45,6;4,1;98,2;89,1;45,3;1,4;32,0;7;20,2;178;7,2;52,0;64;0,33;25,8;37,6;420;1040;570;800;-1,5;68,4;601;42,8;15,9;140;32,8;67,4;593;49,6;0,0;2,08;0,0;Plintossolo pétrico;Córrego Santa Isabel;Bacia do Rio Cuiabá;Bacia do Rio Cuiabá;41,4;;Sentinel-2 de 23/08/2026, pixels de 10 m;Landsat de 13/08/2026, pixels de 30 m
510340305410043;Cuiabá;Urbana;Santa Isabel;Cuiabá;;0,202;753;3728,3;260;2,9;15,8;12,6;52,2;76,4;0,0;95,4;95,4;90,8;1,9;94,6;;1864,2;1200,0;6,5;99,4;40,0;3,2;100,0;96,7;66,8;8,8;31,7;7;16,0;121;31,6;66,7;238;0,411;41,2;37,2;630;1240;500;610;-1,9;69,3;522;54,2;0,0;0;32,6;68,2;514;51,1;10,7;2,05;0,0;Plintossolo pétrico;Córrego Santa Isabel;Bacia do Rio Cuiabá;Bacia do Rio Cuiabá;110,5;;Sentinel-2 de 23/08/2026, pixels de 10 m;Landsat de 13/08/2026, pixels de 30 m
510340305410044;Cuiabá;Urbana;Barra do Pari;Cuiabá;;0,168;657;3903,9;223;2,9;16,0;12,2;53,4;61,5;;99,6;99,1;76,2;0,0;100,0;0,0;4316,7;2500,0;2,8;100,0;76,4;22,1;100,0;100,0;60,1;11,0;17,4;7;0,0;0;2,0;16,4;13;0,233;9,8;39,0;530;1340;480;240;-0,1;0,0;0;0,0;0,0;0;0,0;0,0;0;0,0;0,0;2,08;0,0;Plintossolo pétrico;Córrego Santa Isabel;Bacia do Rio Cuiabá;Bacia do Rio Cuiabá;25,1;;Sentinel-2 de 23/08/2026, pixels de 10 m;Landsat de 13/08/2026, pixels de 30 m
510340305410045;Cuiabá;Urbana;Barra do Pari;Cuiabá;;0,041;216;5304,0;83;2,6;22,7;7,9;52,3;57,4;0,0;100,0;97,6;89,2;0,0;100,0;0,0;4129,5;2775,0;2,7;100,0;44,0;6,0;100,0;100,0;39,8;7,4;20,3;7;0,0;0;0,0;0,0;0;0,195;9,0;38,9;680;1120;360;150;-0,2;0,0;0;0,0;0,0;0;0,0;0,0;0;0,0;0,0;2,08;0,0;Plintossolo pétrico;Córrego Santa Isabel;Bacia do Rio Cuiabá;Bacia do Rio Cuiabá;17,1;;Sentinel-2 de 23/08/2026, pixels de 10 m;Landsat de 13/08/2026, pixels de 30 m
510340305410046;Cuiabá;Urbana;Barra do Pari;Cuiabá;;0,066;494;7505,2;164;3;17,4;11,3;53,8;65,8;0,0;98,8;99,4;78,7;3,0;99,4;0,0;5139,5;2200,5;2,2;99,0;36,0;0,6;99,0;99,0;51,3;0,0;21,5;7;0,0;0;0,0;33,8;0;0,207;6,5;39,6;380;1270;300;70;0,5;0,0;0;0,0;0,0;0;2,2;0,0;0;0,0;0,0;2,08;0,0;Plintossolo pétrico;Córrego Santa Isabel;Bacia do Rio Cuiabá;Bacia do Rio Cuiabá;8,7;;Sentinel-2 de 23/08/2026, pixels de 10 m;Landsat de 13/08/2026, pixels de 30 m
510340305410047;Cuiabá;Urbana;Barra do Pari;Cuiabá;;0,586;1030;1758,7;350;2,9;20,8;10,1;52,6;63,6;0,4;100,0;100,0;55,7;40,6;96,3;0,0;5149,9;4000,0;2,8;84,8;92,5;51,3;92,3;89,9;55,2;0,2;19,7;7;22,5;232;44,1;79,9;454;0,431;47,3;36,0;170;1690;540;510;-3,1;74,4;766;41,1;4,0;41;55,3;75,9;782;58,5;43,2;1,98;0,0;Plintossolo pétrico;Córrego Santa Isabel;Bacia do Rio Cuiabá;Bacia do Rio Cuiabá;269,1;;Sentinel-2 de 23/08/2026, pixels de 10 m;Landsat de 13/08/2026, pixels de 30 m
510340305410048;Cuiabá;Urbana;Barra do Pari;Cuiabá;;0,673;696;1034,1;238;2,9;18,1;9,3;53,4;56,3;;98,7;100,0;70,6;0,0;100,0;0,0;4113,4;3050,0;1,9;87,9;82,9;47,3;87,9;87,9;61,8;14,8;18,4;7;27,6;192;24,1;59,3;168;0,364;27,2;37,4;680;2020;290;480;-1,7;44,4;309;10,7;7,1;49;57,2;47,3;330;26,6;32,2;2,03;0,0;Plintossolo pétrico;Córrego Santa Isabel;Bacia do Rio Cuiabá;Bacia do Rio Cuiabá;263,0;;Sentinel-2 de 23/08/2026, pixels de 10 m;Landsat de 13/08/2026, pixels de 30 m
510340305410049;Cuiabá;Urbana;Barra do Pari;Cuiabá;;0,119;545;4592,6;222;2,5;11,9;12,5;52,5;50,5;;99,5;100,0;99,5;0,0;100,0;0,0;7840,3;6000,0;0,0;100,0;100,0;100,0;100,0;100,0;100,0;0,0;3,8;7;14,1;77;28,3;52,2;154;0,268;14,2;40,5;1140;1920;800;240;1,4;1,8;10;0,0;0,0;0;20,4;5,8;31;0,0;10,6;2,06;0,0;Plintossolo pétrico;Córrego Santa Isabel;Bacia do Rio Cuiabá;Bacia do Rio Cuiabá;31,0;;Sentinel-2 de 23/08/2026, pixels de 10 m;Landsat de 13/08/2026, pixels de 30 m
510340305410050;Cuiabá;Urbana;Barra do Pari;Cuiabá;;0,182;587;3225,1;202;2,9;15,2;9,9;49,9;44,5;0,0;98,5;100,0;80,7;0,0;100,0;0,0;8655,5;8000,0;0,0;97,8;97,4;85,3;97,8;97,8;38,8;10,4;6,7;7;3,2;19;2,3;15,3;13;0,332;28,6;38,1;1170;1400;950;180;-1,0;0,0;0;0,0;0,0;0;14,6;0,0;0;0,0;1,6;2,08;0,0;Plintossolo pétrico;Córrego Santa Isabel;Bacia do Rio Cuiabá;Bacia do Rio Cuiabá;88,7;;Sentinel-2 de 23/08/2026, pixels de 10 m;Landsat de 13/08/2026, pixels de 30 m
510340305410051;Cuiabá;Urbana;Santa Rosa;Cuiabá;;0,973;700;719,8;237;3;17,1;9,4;51,7;43,0;;99,6;100,0;76,4;21,9;100,0;0,0;12245,6;10000,0;;92,6;82,4;34,3;100,0;95,1;33,3;2,4;9,2;6;20,8;146;22,0;45,9;154;0,373;26,4;37,0;1390;2030;620;300;-2,1;26,0;182;8,2;19,7;138;53,2;32,2;225;17,6;37,3;2,03;0,0;Plintossolo pétrico;Córrego Santa Isabel;Bacia do Rio Cuiabá;Bacia do Rio Cuiabá;367,0;;Sentinel-2 de 23/08/2026, pixels de 10 m;Landsat de 13/08/2026, pixels de 30 m
510340305410054;Cuiabá;Urbana;Jardim Mariana;Cuiabá;;0,141;680;4815,7;251;2,7;22,4;9,4;54,0;29,1;0,0;100,0;100,0;93,6;0,0;100,0;0,0;10282,9;8000,0;;100,0;100,0;100,0;100,0;100,0;56,0;0,7;3,3;6;0,0;0;0,0;0,0;0;0,13;3,3;39,0;210;40;520;60;-0,1;0,0;0;0,0;0,0;0;0,0;0,0;0;0,0;0,0;2,08;0,0;Plintossolo pétrico;Afluente s/n do Ribeirão do Lipa;Bacia do Rio Cuiabá;Bacia do Rio Cuiabá;6,8;;Sentinel-2 de 23/08/2026, pixels de 10 m;Landsat de 13/08/2026, pixels de 30 m
510340305410055;Cuiabá;Urbana;Novo Colorado;Cuiabá;;0,272;127;467,5;43;3;15,7;16,5;55,9;70,1;0,0;100,0;100,0;48,8;0,0;97,7;0,0;3311,2;2324,5;;9,4;88,2;29,9;98,4;40,2;15,7;0,0;36,8;6;14,5;18;30,7;61,5;39;0,468;51,2;36,4;730;1050;520;480;-2,7;0,0;0;0,0;38,1;48;47,6;0,0;0;0,0;38,9;2,01;0,0;Plintossolo pétrico;Córrego Santa Isabel;Bacia do Rio Cuiabá;Bacia do Rio Cuiabá;1096,6;;Sentinel-2 de 23/08/2026, pixels de 10 m;Landsat de 13/08/2026, pixels de 30 m
510340305410056;Cuiabá;Urbana;Novo Colorado;Cuiabá;;0,131;715;5443,0;238;3;8,8;15,5;48,8;79,0;0,7;100,0;98,7;70,2;4,6;100,0;0,0;2119,7;1500,0;6,2;100,0;67,0;20,0;100,0;98,5;59,4;5,5;27,7;7;4,5;32;4,0;32,3;29;0,253;10,6;38,6;430;1530;380;280;-0,5;0,0;0;0,0;0,0;0;0,0;0,0;0;0,0;0,0;2,08;0,0;Plintossolo pétrico;Córrego Santa Isabel;Bacia do Rio Cuiabá;Bacia do Rio Cuiabá;19,4;;Sentinel-2 de 23/08/2026, pixels de 10 m;Landsat de 13/08/2026, pixels de 30 m
510340305410057;Cuiabá;Urbana;Novo Colorado;Cuiabá;;0,107;919;8625,0;292;3,1;9,9;17,5;52,3;80,1;0,0;99,7;99,3;54,1;11,3;99,7;0,0;2235,0;1700,0;3,2;100,0;71,9;35,5;98,5;96,7;33,0;37,0;25,8;7;0,0;0;0,0;0,0;0;0,2;3,2;38,9;10;1160;200;240;-0,2;0,0;0;0,0;0,0;0;0,0;0,0;0;0,0;0,0;2,08;0,0;Plintossolo pétrico;Córrego Santa Isabel;Bacia do Rio Cuiabá;Bacia do Rio Cuiabá;3,7;;Sentinel-2 de 23/08/2026, pixels de 10 m;Landsat de 13/08/2026, pixels de 30 m
510340305410060;Cuiabá;Urbana;Despraiado;Cuiabá;;0,368;551;1496,0;209;2,6;15,1;9,6;50,3;63,3;0,0;99,0;84,7;99,5;0,0;99,5;0,0;6564,6;3000,0;2,3;100,0;88,9;63,6;100,0;100,0;57,8;46,2;9,2;7;18,5;102;38,2;71,5;211;0,443;50,0;36,5;800;1170;130;360;-2,6;0,0;0;0,0;50,3;277;50,3;0,0;0;0,0;39,3;2,0;0,0;Plintossolo pétrico;Córrego Santa Isabel;Bacia do Rio Cuiabá;Bacia do Rio Cuiabá;333,9;;Sentinel-2 de 23/08/2026, pixels de 10 m;Landsat de 13/08/2026, pixels de 30 m
510340305410061;Cuiabá;Urbana;Despraiado;Cuiabá;;0,074;546;7394,5;165;3,3;9,5;17,4;51,3;81,0;0,0;100,0;100,0;57,0;40,6;99,4;0,0;2126,7;1200,0;6,1;42,3;99,8;53,5;100,0;42,3;33,9;15,4;33,1;7;3,2;18;4,9;9,8;27;0,235;8,1;38,6;530;1560;510;420;-0,5;0,0;0;0,0;5,9;32;5,9;0,0;0;0,0;0,0;2,08;0,0;Plintossolo pétrico;Córrego Santa Isabel;Bacia do Rio Cuiabá;Bacia do Rio Cuiabá;11,0;;Sentinel-2 de 23/08/2026, pixels de 10 m;Landsat de 13/08/2026, pixels de 30 m
510340305410064;Cuiabá;Urbana;Alvorada;Cuiabá;;0,107;905;8466,9;341;2,7;14,8;11,7;50,5;72,6;0,4;99,7;99,7;78,3;1,5;100,0;0,0;2422,2;2000,0;3,8;97,8;41,4;2,0;100,0;97,8;62,5;1,1;27,2;7;10,5;95;1,1;7,4;10;0,224;9,3;39,9;200;1150;520;370;0,8;0,0;0;0,0;0,4;4;11,7;0,0;0;0,0;0,0;2,08;0,0;Plintossolo pétrico;Córrego Quarta-Feira;Bacia do Rio Cuiabá;Bacia do Rio Cuiabá;11,0;;Sentinel-2 de 23/08/2026, pixels de 10 m;Landsat de 13/08/2026, pixels de 30 m
510340305410065;Cuiabá;Urbana;Alvorada;Cuiabá;;0,161;704;4378,3;294;2,4;24,6;8,8;55,7;58,0;0,4;99,0;99,7;89,8;0,0;100,0;;5528,8;3000,0;2,8;99,9;73,1;25,9;100,0;99,1;54,8;5,4;14,4;7;13,3;94;1,3;7,0;9;0,242;14,6;39,1;240;890;220;170;0,0;0,0;0;0,0;0,0;0;3,6;0,0;0;0,0;0,0;2,08;0,0;Plintossolo pétrico;Córrego Quarta-Feira;Bacia do Rio Cuiabá;Bacia do Rio Cuiabá;33,4;;Sentinel-2 de 23/08/2026, pixels de 10 m;Landsat de 13/08/2026, pixels de 30 m
510340305410066;Cuiabá;Urbana;Alvorada;Cuiabá;;0,085;564;6607,8;235;2,4;23,2;11,2;51,6;37,2;0,0;98,7;99,1;98,7;0,0;99,6;0,0;11402,6;7000,0;1,5;100,0;87,3;82,2;100,0;100,0;72,7;5,5;5,2;7;0,0;0;0,0;0,0;0;0,143;1,9;38,3;410;600;270;240;-0,8;0,0;0;0,0;0,0;0;0,0;0,0;0;0,0;0,0;2,08;0,0;Plintossolo pétrico;Afluente s/n do Córrego da Prainha;Bacia do Rio Cuiabá;Bacia do Rio Cuiabá;2,9;;Sentinel-2 de 23/08/2026, pixels de 10 m;Landsat de 13/08/2026, pixels de 30 m
510340305410067;Cuiabá;Urbana;Alvorada;Cuiabá;;0,034;532;15771,6;225;2,4;27,8;7,7;55,8;31,8;;88,9;100,0;97,8;0,0;100,0;0,0;9915,1;7250,0;;87,2;87,2;87,2;87,2;87,2;55,8;0,0;9,2;6;0,0;0;0,0;0,0;0;0,182;3,2;37,7;660;560;180;210;-1,4;0,0;0;0,0;0,0;0;0,0;0,0;0;0,0;0,0;2,08;0,0;Plintossolo pétrico;Afluente s/n do Córrego da Prainha;Bacia do Rio Cuiabá;Bacia do Rio Cuiabá;2,0;;Sentinel-2 de 23/08/2026, pixels de 10 m;Landsat de 13/08/2026, pixels de 30 m
510340305410068;Cuiabá;Urbana;Alvorada;Cuiabá;;0,054;532;9912,8;255;2,1;22,2;8,1;53,9;58,1;;99,2;100,0;96,1;0,0;99,6;0,0;9359,2;6000,0;0,9;100,0;100,0;69,7;100,0;100,0;100,0;0,0;4,3;7;0,0;0;0,0;0,0;0;0,233;17,8;37,1;670;620;60;290;-2,0;0,0;0;0,0;0,0;0;0,0;0,0;0;0,0;0,0;2,08;0,0;Plintossolo pétrico;Afluente s/n do Córrego da Prainha;Bacia do Rio Cuiabá;Bacia do Rio Cuiabá;18,1;;Sentinel-2 de 23/08/2026, pixels de 10 m;Landsat de 13/08/2026, pixels de 30 m
510340305410069;Cuiabá;Urbana;Alvorada;Cuiabá;;0,036;83;2318,7;39;2,1;25,3;4,8;59,0;39,8;0,0;100,0;97,4;84,6;0,0;97,4;0,0;6629,3;4000,0;;100,0;100,0;0,0;100,0;100,0;100,0;0,0;8,7;6;0,0;0;0,0;0,0;0;0,084;0,3;39,0;710;650;280;220;-0,1;0,0;0;0,0;0,0;0;0,0;0,0;0;0,0;0,0;2,08;0,0;Plintossolo pétrico;Afluente s/n do Córrego da Prainha;Bacia do Rio Cuiabá;Bacia do Rio Cuiabá;1,3;;Sentinel-2 de 23/08/2026, pixels de 10 m;Landsat de 13/08/2026, pixels de 30 m
510340305410070;Cuiabá;Urbana;Alvorada;Cuiabá;;0,211;701;3323,2;316;2,2;26,5;6,4;55,3;45,6;;96,8;100,0;99,7;0,0;99,7;0,0;7280,4;5000,0;0,8;97,7;95,3;70,9;100,0;97,7;93,4;0,0;6,6;7;0,0;0;0,0;0,0;0;0,161;5,5;39,3;710;820;330;270;0,2;0,0;0;0,0;0,0;0;0,0;0,0;0;0,0;0,0;2,08;0,0;Plintossolo pétrico;Afluente s/n do Córrego da Prainha;Bacia do Rio Cuiabá;Bacia do Rio Cuiabá;16,6;;Sentinel-2 de 23/08/2026, pixels de 10 m;Landsat de 13/08/2026, pixels de 30 m
510340305410071;Cuiabá;Urbana;Alvorada;Cuiabá;;0,099;506;5090,2;213;2,4;18,8;10,7;52,0;60,3;1,2;98,6;100,0;89,7;0,0;100,0;0,0;3704,1;2300,0;2,4;100,0;62,9;0,0;97,4;98,4;81,5;48,2;18,1;7;0,0;0;0,0;0,0;0;0,182;5,9;39,1;320;930;390;270;0,0;0,0;0;0,0;0,0;0;0,0;0,0;0;0,0;0,0;2,08;0,0;Plintossolo pétrico;Afluente s/n do Córrego da Prainha;Bacia do Rio Cuiabá;Bacia do Rio Cuiabá;11,5;;Sentinel-2 de 23/08/2026, pixels de 10 m;Landsat de 13/08/2026, pixels de 30 m
510340305410073;Cuiabá;Urbana;Alvorada;Cuiabá;;0,058;589;10208,7;245;2,4;13,6;12,2;48,7;75,0;0,0;100,0;100,0;86,1;4,9;99,6;1,2;2342,9;1500,0;5,5;100,0;13,6;0,0;100,0;100,0;91,2;0,0;31,8;7;0,0;0;0,0;0,0;0;0,188;4,2;40,0;490;1170;790;530;0,9;0,0;0;0,0;0,0;0;0,0;0,0;0;0,0;0,0;2,08;0,0;Plintossolo pétrico;Córrego Quarta-Feira;Bacia do Rio Cuiabá;Bacia do Rio Cuiabá;4,1;;Sentinel-2 de 23/08/2026, pixels de 10 m;Landsat de 13/08/2026, pixels de 30 m
510340305410074;Cuiabá;Urbana;Alvorada;Cuiabá;;0,029;295;10013,4;112;2,6;12,9;15,6;47,5;69,5;;100,0;100,0;94,6;0,0;99,1;0,0;2276,3;1800,0;5,5;100,0;16,3;6,4;100,0;100,0;73,2;11,9;30,5;7;0,0;0;0,0;0,0;0;0,177;4,5;40,1;550;1210;770;480;1,0;0,0;0;0,0;0,0;0;0,0;0,0;0;0,0;0,0;2,08;0,0;Plintossolo pétrico;Córrego Quarta-Feira;Bacia do Rio Cuiabá;Bacia do Rio Cuiabá;4,4;;Sentinel-2 de 23/08/2026, pixels de 10 m;Landsat de 13/08/2026, pixels de 30 m
510340305410075;Cuiabá;Urbana;Alvorada;Cuiabá;;0,083;600;7204,2;223;2,7;17,2;10,0;49,3;73,7;1,2;100,0;99,6;72,6;17,0;99,6;0,0;2471,1;1500,0;3,6;95,0;43,7;9,5;100,0;93,3;35,3;8,3;27,7;7;12,4;75;16,5;42,4;99;0,228;12,0;39,0;500;1450;580;660;-0,1;0,0;0;0,0;10,1;61;10,1;0,0;0;0,0;0,0;2,08;0,0;Plintossolo pétrico;Córrego Quarta-Feira;Bacia do Rio Cuiabá;Bacia do Rio Cuiabá;16,6;;Sentinel-2 de 23/08/2026, pixels de 10 m;Landsat de 13/08/2026, pixels de 30 m
510340305410076;Cuiabá;Urbana;Alvorada;Cuiabá;;0,035;476;13602,1;190;2,5;13,0;13,4;54,8;72,1;0,0;99,5;100,0;100,0;0,0;99,5;0,0;4135,7;3000,0;0,8;100,0;76,7;18,1;100,0;100,0;42,0;59,7;12,1;7;2,6;12;0,0;3,8;0;0,184;4,0;37,8;770;1480;300;700;-1,3;0,0;0;0,0;14,4;69;14,4;0,0;0;0,0;0,0;2,08;0,0;Plintossolo pétrico;Córrego Quarta-Feira;Bacia do Rio Cuiabá;Bacia do Rio Cuiabá;2,9;;Sentinel-2 de 23/08/2026, pixels de 10 m;Landsat de 13/08/2026, pixels de 30 m
510340305410078;Cuiabá;Urbana;Araés;Cuiabá;;0,067;436;6491,9;175;2,5;23,9;11,9;54,1;49,3;0,0;98,9;100,0;78,3;0,0;99,4;0,0;8101,9;5000,0;0,0;100,0;100,0;85,8;100,0;100,0;96,3;0,0;6,8;7;0,0;0;0,0;0,0;0;0,228;8,1;38,9;880;320;150;280;-0,2;0,0;0;0,0;0,0;0;0,0;0,0;0;0,0;0,0;2,08;0,0;Plintossolo pétrico;Afluente s/n do Córrego da Prainha;Bacia do Rio Cuiabá;Bacia do Rio Cuiabá;12,4;;Sentinel-2 de 23/08/2026, pixels de 10 m;Landsat de 13/08/2026, pixels de 30 m
510340305410080;Cuiabá;Urbana;Araés;Cuiabá;;0,094;296;3141,8;123;2,4;27,0;9,5;54,4;55,1;0,0;92,7;100,0;96,7;0,0;99,2;0,0;8415,5;6250,0;;100,0;100,0;85,1;100,0;100,0;54,4;6,4;5,8;6;0,0;0;0,0;0,0;0;0,189;6,9;37,4;620;470;100;280;-1,7;0,0;0;0,0;0,0;0;0,0;0,0;0;0,0;0,0;2,08;0,0;Plintossolo pétrico;Afluente s/n do Córrego da Prainha;Bacia do Rio Cuiabá;Bacia do Rio Cuiabá;21,9;;Sentinel-2 de 23/08/2026, pixels de 10 m;Landsat de 13/08/2026, pixels de 30 m
510340305410081;Cuiabá;Urbana;Centro Norte;Cuiabá;;0,129;65;504,9;24;2,7;32,3;4,6;50,8;50,8;0,0;100,0;100,0;70,8;0,0;100,0;0,0;4927,0;4000,0;0,0;100,0;35,4;13,8;100,0;100,0;13,8;9,2;20,1;7;0,0;0;0,0;0,0;0;0,224;14,4;37,7;830;670;160;120;-1,4;0,0;0;0,0;0,0;0;0,0;0,0;0;0,0;0,0;2,08;0,0;Plintossolo pétrico;Afluente s/n do Córrego da Prainha;Bacia do Rio Cuiabá;Bacia do Rio Cuiabá;285,8;;Sentinel-2 de 23/08/2026, pixels de 10 m;Landsat de 13/08/2026, pixels de 30 m
510340305410082;Cuiabá;Urbana;Centro Norte;Cuiabá;;0,067;276;4146,9;108;2,6;23,2;8,7;49,3;48,2;;100,0;100,0;94,4;0,0;98,1;0,0;7700,8;5500,0;0,0;100,0;77,9;13,4;100,0;100,0;77,2;1,1;8,1;7;0,0;0;0,0;0,0;0;0,208;10,4;38,6;790;620;280;130;-0,5;0,0;0;0,0;0,0;0;0,0;0,0;0;0,0;0,0;2,08;0,0;Plintossolo pétrico;Afluente s/n do Córrego da Prainha;Bacia do Rio Cuiabá;Bacia do Rio Cuiabá;25,2;;Sentinel-2 de 23/08/2026, pixels de 10 m;Landsat de 13/08/2026, pixels de 30 m
510340305410083;Cuiabá;Urbana;Centro Norte;Cuiabá;;0,029;223;7789,4;84;2,7;21,5;13,0;54,7;34,5;0,0;97,6;100,0;96,4;0,0;100,0;0,0;10323,2;8000,0;;100,0;0,0;0,0;100,0;100,0;0,0;0,0;19,9;6;0,0;0;0,0;0,0;0;0,166;6,6;38,8;1030;860;390;230;-0,3;0,0;0;0,0;0,0;0;0,0;0,0;0;0,0;0,0;2,08;0,0;Plintossolo pétrico;Afluente s/n do Córrego da Prainha;Bacia do Rio Cuiabá;Bacia do Rio Cuiabá;8,6;;Sentinel-2 de 23/08/2026, pixels de 10 m;Landsat de 13/08/2026, pixels de 30 m
510340305410084;Cuiabá;Urbana;Centro Norte;Cuiabá;;0,072;13;180,5;9;1,4;;0,0;61,5;30,8;0,0;88,9;100,0;100,0;0,0;100,0;0,0;4285,9;5000,0;0,0;100,0;92,3;92,3;100,0;100,0;0,0;92,3;;0;0,0;0;0,0;0,0;0;0,146;6,6;38,4;1050;540;360;50;-0,7;0,0;0;0,0;0,0;0;0,0;0,0;0;0,0;0,0;2,08;0,0;Plintossolo pétrico;Afluente s/n do Córrego da Prainha;Bacia do Rio Cuiabá;Bacia do Rio Cuiabá;;;Sentinel-2 de 23/08/2026, pixels de 10 m;Landsat de 13/08/2026, pixels de 30 m
510340305410085;Cuiabá;Urbana;Centro Norte;Cuiabá;;0,046;12;261,2;6;2;;0,0;41,7;33,3;0,0;100,0;100,0;83,3;0,0;100,0;0,0;6502,4;2300,0;0,0;100,0;8,3;0,0;100,0;100,0;41,7;25,0;;0;0,0;0;0,0;0,0;0;0,068;0,2;39,2;1040;340;410;120;0,1;0,0;0;0,0;0,0;0;0,0;0,0;0;0,0;0,0;2,08;0,0;Plintossolo pétrico;Afluente s/n do Córrego da Prainha;Bacia do Rio Cuiabá;Bacia do Rio Cuiabá;;;Sentinel-2 de 23/08/2026, pixels de 10 m;Landsat de 13/08/2026, pixels de 30 m
510340305410086;Cuiabá;Urbana;Centro Norte;Cuiabá;;0,149;48;322,1;17;2,8;37,5;8,3;52,1;47,9;;100,0;100,0;94,1;0,0;100,0;0,0;4733,3;3000,0;0,0;100,0;56,2;33,3;100,0;100,0;54,2;4,2;;0;0,0;0;0,0;0,0;0;0,152;5,6;38,2;1040;900;290;220;-0,9;0,0;0;0,0;0,0;0;0,0;0,0;0;0,0;0,0;2,08;0,0;Plintossolo pétrico;Afluente s/n do Córrego da Prainha;Bacia do Rio Cuiabá;Bacia do Rio Cuiabá;;;Sentinel-2 de 23/08/2026, pixels de 10 m;Landsat de 13/08/2026, pixels de 30 m
510340305410087;Cuiabá;Urbana;Centro Norte;Cuiabá;;0,058;416;7131,2;185;2,2;34,4;7,7;56,0;31,5;0,0;99,5;100,0;96,8;0,0;98,9;0,0;10388,7;7000,0;;100,0;97,1;27,6;100,0;100,0;10,6;36,5;3,6;6;0,0;0;0,0;0,0;0;0,163;7,8;37,4;620;480;90;270;-1,7;0,0;0;0,0;0,0;0;0,0;0,0;0;0,0;0,0;2,08;0,0;Plintossolo pétrico;Afluente s/n do Córrego da Prainha;Bacia do Rio Cuiabá;Bacia do Rio Cuiabá;10,9;;Sentinel-2 de 23/08/2026, pixels de 10 m;Landsat de 13/08/2026, pixels de 30 m
510340305410088;Cuiabá;Urbana;Goiabeira;Cuiabá;;0,069;72;1045,9;28;2,6;5,6;6,9;54,2;44,4;0,0;100,0;100,0;71,4;0,0;96,4;0,0;6912,0;7000,0;0,0;100,0;100,0;2,8;100,0;100,0;91,7;0,0;9,3;7;0,0;0;0,0;0,0;0;0,129;6,1;37,7;970;890;100;120;-1,4;0,0;0;0,0;0,0;0;0,0;0,0;0;0,0;0,0;2,08;0,0;Plintossolo pétrico;Córrego Engole Cobra;Bacia do Rio Cuiabá;Bacia do Rio Cuiabá;58,5;;Sentinel-2 de 23/08/2026, pixels de 10 m;Landsat de 13/08/2026, pixels de 30 m
510340305410089;Cuiabá;Urbana;Goiabeira;Cuiabá;;0,037;598;16160,4;244;2,5;23,4;8,7;55,9;40,6;;80,3;99,6;83,6;0,0;99,6;0,0;10959,6;8000,0;1,1;100,0;98,3;98,3;100,0;100,0;37,8;0,0;8,4;7;0,0;0;0,0;0,0;0;0,222;11,6;37,5;1290;1170;390;360;-1,6;0,0;0;0,0;0,0;0;0,0;0,0;0;0,0;0,0;2,08;0,0;Plintossolo pétrico;Córrego Engole Cobra;Bacia do Rio Cuiabá;Bacia do Rio Cuiabá;7,2;;Sentinel-2 de 23/08/2026, pixels de 10 m;Landsat de 13/08/2026, pixels de 30 m
510340305410090;Cuiabá;Urbana;Goiabeira;Cuiabá;;0,076;270;3568,8;112;2,4;40,7;7,4;55,2;44,1;0,0;99,1;99,1;83,9;2,7;100,0;0,0;9958,5;7000,0;;100,0;68,5;5,6;100,0;100,0;97,4;28,5;10,6;6;0,0;0;0,0;0,0;0;0,205;8,1;38,5;1310;1080;360;310;-0,6;0,0;0;0,0;0,0;0;0,0;0,0;0;0,0;0,0;2,08;0,0;Plintossolo pétrico;Córrego Engole Cobra;Bacia do Rio Cuiabá;Bacia do Rio Cuiabá;22,8;;Sentinel-2 de 23/08/2026, pixels de 10 m;Landsat de 13/08/2026, pixels de 30 m
510340305410091;Cuiabá;Urbana;Goiabeira;Cuiabá;;0,137;718;5249,3;302;2,4;20,1;9,6;53,8;52,9;0,4;97,7;100,0;86,8;4,3;100,0;0,0;7769,3;5001,0;1,1;100,0;94,0;52,9;100,0;100,0;85,2;6,3;8,0;7;0,0;0;0,0;0,0;0;0,264;15,9;37,9;1650;910;290;270;-1,2;0,0;0;0,0;0,0;0;0,0;0,0;0;0,0;0,0;2,08;0,0;Plintossolo pétrico;Córrego Engole Cobra;Bacia do Rio Cuiabá;Bacia do Rio Cuiabá;30,3;;Sentinel-2 de 23/08/2026, pixels de 10 m;Landsat de 13/08/2026, pixels de 30 m
510340305410092;Cuiabá;Urbana;Goiabeira;Cuiabá;;0,134;646;4811,9;230;2,8;24,5;12,1;50,5;80,3;0,6;100,0;99,6;89,1;1,3;100,0;0,0;3760,0;2000,0;2,4;100,0;77,2;14,9;99,2;100,0;81,6;0,3;15,8;7;0,0;0;0,0;0,0;0;0,213;8,7;38,9;1410;590;210;290;-0,2;0,0;0;0,0;0,0;0;0,0;0,0;0;0,0;0,0;2,08;0,0;Plintossolo pétrico;Córrego Engole Cobra;Bacia do Rio Cuiabá;Bacia do Rio Cuiabá;18,0;;Sentinel-2 de 23/08/2026, pixels de 10 m;Landsat de 13/08/2026, pixels de 30 m
510340305410093;Cuiabá;Urbana;Goiabeira;Cuiabá;;0,078;1282;16364,5;546;2,3;14,5;10,1;52,0;42,0;0,0;97,6;99,6;83,7;0,0;100,0;0,0;7944,3;6000,0;0,3;100,0;97,2;87,7;100,0;100,0;95,5;0,0;7,0;7;0,0;0;0,0;0,0;0;0,178;2,8;39,2;1260;330;230;150;0,1;0,0;0;0,0;0,0;0;0,0;0,0;0;0,0;0,0;2,08;0,0;Plintossolo pétrico;Córrego Engole Cobra;Bacia do Rio Cuiabá;Bacia do Rio Cuiabá;1,7;;Sentinel-2 de 23/08/2026, pixels de 10 m;Landsat de 13/08/2026, pixels de 30 m
510340305410094;Cuiabá;Urbana;Goiabeira;Cuiabá;;0,167;1090;6540,9;414;2,6;19,4;9,5;51,8;59,0;0,3;99,3;100,0;94,4;0,0;100,0;0,0;6239,9;3700,0;1,7;100,0;68,3;43,1;100,0;100,0;76,3;35,5;12,4;7;0,0;0;0,0;0,0;0;0,214;8,2;38,7;1460;440;240;270;-0,4;0,0;0;0,0;0,0;0;0,0;0,0;0;0,0;0,0;2,08;0,0;Plintossolo pétrico;Córrego Engole Cobra;Bacia do Rio Cuiabá;Bacia do Rio Cuiabá;12,6;;Sentinel-2 de 23/08/2026, pixels de 10 m;Landsat de 13/08/2026, pixels de 30 m
510340305410095;Cuiabá;Urbana;Goiabeira;Cuiabá;;0,112;400;3586,5;176;2,3;28,0;6,8;52,2;52,5;;99,4;99,4;84,1;1,7;100,0;0,0;7359,9;4300,0;1,7;100,0;83,5;15,5;100,0;100,0;56,5;1,0;10,6;7;0,0;0;0,0;0,0;0;0,191;6,3;38,0;1540;810;100;50;-1,1;0,0;0;0,0;0,0;0;0,0;0,0;0;0,0;0,0;2,08;0,0;Plintossolo pétrico;Córrego Engole Cobra;Bacia do Rio Cuiabá;Bacia do Rio Cuiabá;17,6;;Sentinel-2 de 23/08/2026, pixels de 10 m;Landsat de 13/08/2026, pixels de 30 m
510340305410096;Cuiabá;Urbana;Cidade Alta;Cuiabá;;0,036;482;13252,8;199;2,4;17,6;8,5;58,7;45,9;1,0;99,0;99,5;100,0;0,0;99,5;0,0;6486,9;5000,0;;100,0;99,0;84,0;100,0;100,0;93,2;1,0;6,1;6;0,0;0;0,0;0,0;0;0,186;3,6;38,7;280;630;380;380;-0,4;0,0;0;0,0;0,0;0;0,0;0,0;0;0,0;0,0;2,08;0,0;Plintossolo pétrico;Córrego Mané Pinto;Bacia do Rio Cuiabá;Bacia do Rio Cuiabá;2,7;;Sentinel-2 de 23/08/2026, pixels de 10 m;Landsat de 13/08/2026, pixels de 30 m
510340305410097;Cuiabá;Urbana;Cidade Alta;Cuiabá;;0,163;469;2880,3;206;2,3;23,2;9,4;52,5;46,5;0,0;94,7;100,0;96,1;0,0;100,0;0,0;8062,9;6000,0;;94,7;88,5;69,3;94,7;94,7;81,2;57,6;8,5;6;0,0;0;0,0;0,0;0;0,186;8,2;39,2;370;240;410;760;0,1;0,0;0;0,0;0,0;0;0,0;0,0;0;0,0;0,0;2,08;0,0;Plintossolo pétrico;Córrego Mané Pinto;Bacia do Rio Cuiabá;Bacia do Rio Cuiabá;28,5;;Sentinel-2 de 23/08/2026, pixels de 10 m;Landsat de 13/08/2026, pixels de 30 m
510340305410098;Cuiabá;Urbana;Cidade Alta;Cuiabá;;0,217;807;3724,4;305;2,6;15,0;11,4;52,4;50,7;0,0;93,4;100,0;67,5;26,2;99,7;0,0;9251,5;7000,0;1,6;100,0;69,0;41,9;100,0;100,0;85,6;0,5;14,5;7;0,0;0;0,0;0,0;0;0,207;9,7;39,2;540;340;880;800;0,1;0,0;0;0,0;0,0;0;0,0;0,0;0;0,0;0,0;2,08;0,0;Plintossolo pétrico;Córrego do General;Bacia do Rio Cuiabá;Bacia do Rio Cuiabá;26,1;;Sentinel-2 de 23/08/2026, pixels de 10 m;Landsat de 13/08/2026, pixels de 30 m
510340305410099;Cuiabá;Urbana;Cidade Alta;Cuiabá;;0,453;374;825,7;134;2,8;23,0;8,3;54,5;57,8;0,0;100,0;100,0;80,6;7,5;100,0;0,0;5255,4;3000,0;1,5;100,0;71,7;31,0;100,0;100,0;76,5;0,0;14,7;7;0,0;0;0,0;0,0;0;0,181;9,3;40,0;700;690;710;530;0,9;0,0;0;0,0;0,0;0;0,0;0,0;0;0,0;0,0;2,08;0,0;Plintossolo pétrico;Córrego Engole Cobra;Bacia do Rio Cuiabá;Bacia do Rio Cuiabá;112,6;;Sentinel-2 de 23/08/2026, pixels de 10 m;Landsat de 13/08/2026, pixels de 30 m
510340305410100;Cuiabá;Urbana;Cidade Alta;Cuiabá;;0,128;499;3913,5;170;2,9;20,0;11,4;50,7;70,5;;99,4;99,4;96,5;0,0;99,4;0,0;4737,6;3000,0;4,1;100,0;64,1;10,4;100,0;100,0;84,4;7,0;17,2;7;0,0;0;0,0;1,4;0;0,155;2,4;39,3;680;430;160;230;0,2;0,0;0;0,0;0,0;0;0,0;0,0;0;0,0;0,0;2,08;0,0;Plintossolo pétrico;Córrego Engole Cobra;Bacia do Rio Cuiabá;Bacia do Rio Cuiabá;6,2;;Sentinel-2 de 23/08/2026, pixels de 10 m;Landsat de 13/08/2026, pixels de 30 m
510340305410101;Cuiabá;Urbana;Cidade Alta;Cuiabá;;0,098;482;4904,4;168;2,9;24,9;10,2;52,3;75,3;;98,8;100,0;88,7;0,0;100,0;0,0;4102,6;2700,0;2,9;100,0;69,1;27,2;100,0;100,0;87,8;0,0;17,2;7;0,0;0;0,0;0,0;0;0,166;4,8;40,0;420;650;490;520;0,9;0,0;0;0,0;0,0;0;0,0;0,0;0;0,0;0,0;2,08;0,0;Plintossolo pétrico;Córrego Engole Cobra;Bacia do Rio Cuiabá;Bacia do Rio Cuiabá;9,8;;Sentinel-2 de 23/08/2026, pixels de 10 m;Landsat de 13/08/2026, pixels de 30 m
510340305410102;Cuiabá;Urbana;Cidade Alta;Cuiabá;;0,108;593;5502,6;198;3;25,5;9,9;51,8;52,8;;100,0;100,0;95,5;0,0;100,0;0,0;4623,0;2600,0;2,0;100,0;77,4;11,0;100,0;100,0;76,7;9,7;13,1;7;0,0;0;0,0;0,0;0;0,148;2,4;39,1;110;930;320;270;0,0;0,0;0;0,0;0,0;0;0,0;0,0;0;0,0;0,0;2,08;0,0;Plintossolo pétrico;Córrego Mané Pinto;Bacia do Rio Cuiabá;Bacia do Rio Cuiabá;4,4;;Sentinel-2 de 23/08/2026, pixels de 10 m;Landsat de 13/08/2026, pixels de 30 m
510340305410103;Cuiabá;Urbana;Cidade Alta;Cuiabá;;0,093;500;5380,4;172;2,9;22,2;11,0;55,6;64,8;0,0;99,4;100,0;91,9;1,7;100,0;0,0;4239,1;2500,0;0,7;100,0;71,4;11,4;100,0;100,0;50,2;14,0;13,7;7;0,0;0;0,0;0,0;0;0,193;4,8;39,5;190;790;200;200;0,4;0,0;0;0,0;0,0;0;0,0;0,0;0;0,0;0,0;2,08;0,0;Plintossolo pétrico;Córrego Mané Pinto;Bacia do Rio Cuiabá;Bacia do Rio Cuiabá;8,9;;Sentinel-2 de 23/08/2026, pixels de 10 m;Landsat de 13/08/2026, pixels de 30 m
510340305410104;Cuiabá;Urbana;Cidade Alta;Cuiabá;;0,081;640;7919,0;224;2,9;17,0;11,7;53,3;76,9;;99,6;100,0;99,6;0,0;100,0;0,0;2808,0;1500,0;7,4;100,0;64,1;7,5;100,0;100,0;83,8;0,0;23,5;7;0,0;0;0,0;2,0;0;0,16;2,2;39,7;540;1160;390;370;0,6;0,0;0;0,0;0,0;0;0,0;0,0;0;0,0;0,0;2,08;0,0;Plintossolo pétrico;Córrego 8 de Abril;Bacia do Rio Cuiabá;Bacia do Rio Cuiabá;2,8;;Sentinel-2 de 23/08/2026, pixels de 10 m;Landsat de 13/08/2026, pixels de 30 m
510340305410105;Cuiabá;Urbana;Cidade Alta;Cuiabá;;0,262;815;3106,7;252;3,2;16,4;13,1;50,7;62,2;;98,4;98,4;81,3;6,0;98,8;0,0;5014,8;3000,0;2,8;93,4;59,0;17,4;100,0;100,0;74,4;37,2;19,5;7;0,0;0;0,0;0,0;0;0,193;8,3;39,0;250;780;150;540;-0,1;0,0;0;0,0;0,0;0;0,0;0,0;0;0,0;0,0;2,08;0,0;Plintossolo pétrico;Córrego 8 de Abril;Bacia do Rio Cuiabá;Bacia do Rio Cuiabá;26,7;;Sentinel-2 de 23/08/2026, pixels de 10 m;Landsat de 13/08/2026, pixels de 30 m
510340305410106;Cuiabá;Urbana;Jardim Cuiabá;Cuiabá;;0,329;614;1868,9;203;3;26,1;10,4;51,1;43,3;0,0;99,0;99,5;69,0;1,5;100,0;0,0;11481,3;8000,0;1,5;100,0;95,9;35,5;100,0;100,0;75,9;4,1;8,0;7;0,0;0;0,0;0,0;0;0,172;3,5;38,7;1500;540;160;190;-0,4;0,0;0;0,0;0,0;0;0,0;0,0;0;0,0;0,0;2,08;0,0;Plintossolo pétrico;Córrego Engole Cobra;Bacia do Rio Cuiabá;Bacia do Rio Cuiabá;18,8;;Sentinel-2 de 23/08/2026, pixels de 10 m;Landsat de 13/08/2026, pixels de 30 m
510340305410107;Cuiabá;Urbana;Jardim Cuiabá;Cuiabá;;0,389;770;1981,7;271;2,8;20,9;10,5;50,8;30,5;0,0;99,3;99,3;90,4;0,0;100,0;0,0;16833,8;15000,0;0,6;100,0;89,1;75,8;100,0;100,0;87,7;1,0;3,7;7;0,0;0;0,0;0,0;0;0,233;14,0;39,1;1380;930;200;360;0,0;0,0;0;0,0;0,0;0;0,0;0,0;0;0,0;0,0;2,08;0,0;Plintossolo pétrico;Córrego Engole Cobra;Bacia do Rio Cuiabá;Bacia do Rio Cuiabá;70,7;;Sentinel-2 de 23/08/2026, pixels de 10 m;Landsat de 13/08/2026, pixels de 30 m
510340305410108;Cuiabá;Urbana;Duque de Caxias;Cuiabá;;0,275;44;160,1;15;2,9;6,8;6,8;43,2;47,7;0,0;100,0;100,0;80,0;0,0;100,0;0,0;7029,4;6000,0;;100,0;11,4;11,4;100,0;100,0;0,0;0,0;;0;0,0;0;0,0;0,0;0;0,373;35,9;38,5;1250;1130;500;360;-0,6;0,0;0;0,0;0,0;0;0,0;0,0;0;0,0;0,0;2,08;0,0;Plintossolo pétrico;Córrego Engole Cobra;Bacia do Rio Cuiabá;Bacia do Rio Cuiabá;;;Sentinel-2 de 23/08/2026, pixels de 10 m;Landsat de 13/08/2026, pixels de 30 m
510340305410109;Cuiabá;Urbana;Duque de Caxias;Cuiabá;;0,228;1383;6072,9;526;2,6;17,9;11,6;51,6;42,6;;98,3;99,2;98,7;0,0;100,0;0,0;13985,4;10000,0;1,9;97,6;94,3;55,1;100,0;97,6;67,9;10,6;3,7;7;0,0;0;0,0;0,0;0;0,203;7,2;37,8;990;1250;150;240;-1,3;0,0;0;0,0;0,0;0;0,0;0,0;0;0,0;0,0;2,08;0,0;Plintossolo pétrico;Córrego Engole Cobra;Bacia do Rio Cuiabá;Bacia do Rio Cuiabá;11,9;;Sentinel-2 de 23/08/2026, pixels de 10 m;Landsat de 13/08/2026, pixels de 30 m
510340305410110;Cuiabá;Urbana;Duque de Caxias;Cuiabá;;0,127;524;4121,0;212;2,5;31,5;6,5;54,4;40,3;;99,1;100,0;92,5;0,0;100,0;0,0;15803,8;8500,0;1,5;100,0;92,2;76,1;100,0;100,0;93,5;46,9;4,0;7;0,0;0;0,0;0,0;0;0,159;4,0;37,2;820;1060;440;310;-1,9;0,0;0;0,0;0,0;0;0,0;0,0;0;0,0;0,0;2,08;0,0;Plintossolo pétrico;Córrego Engole Cobra;Bacia do Rio Cuiabá;Bacia do Rio Cuiabá;9,7;;Sentinel-2 de 23/08/2026, pixels de 10 m;Landsat de 13/08/2026, pixels de 30 m
510340305410111;Cuiabá;Urbana;Duque de Caxias;Cuiabá;;0,088;795;9068,5;303;2,6;22,3;10,2;56,9;28,6;0,0;99,7;100,0;68,6;0,0;99,7;0,0;12940,6;10000,0;1,3;100,0;99,7;57,4;100,0;100,0;60,9;22,0;6,5;7;0,0;0;0,0;0,0;0;0,147;2,9;36,9;660;890;660;230;-2,2;0,0;0;0,0;0,0;0;0,0;0,0;0;0,0;0,0;2,08;0,0;Plintossolo pétrico;Córrego Engole Cobra;Bacia do Rio Cuiabá;Bacia do Rio Cuiabá;3,2;;Sentinel-2 de 23/08/2026, pixels de 10 m;Landsat de 13/08/2026, pixels de 30 m
510340305410112;Cuiabá;Urbana;Duque de Caxias;Cuiabá;;0,049;754;15314,8;293;2,6;18,6;11,3;53,8;39,8;;99,0;100,0;90,8;0,0;99,3;0,0;10578,9;8000,0;1,1;100,0;95,4;95,4;100,0;100,0;81,0;0,0;5,2;7;0,0;0;0,0;0,0;0;0,232;11,5;38,3;500;730;610;350;-0,8;0,0;0;0,0;0,0;0;0,0;0,0;0;0,0;0,0;2,08;0,0;Plintossolo pétrico;Córrego Mãe Bonifácia;Bacia do Rio Cuiabá;Bacia do Rio Cuiabá;7,5;;Sentinel-2 de 23/08/2026, pixels de 10 m;Landsat de 13/08/2026, pixels de 30 m
510340305410113;Cuiabá;Urbana;Duque de Caxias;Cuiabá;;0,065;463;7128,1;173;2,7;21,6;9,5;54,9;57,2;0,0;100,0;100,0;92,5;0,0;100,0;0,0;6976,5;4300,0;1,3;100,0;91,8;66,7;100,0;97,2;90,5;13,6;8,1;7;0,0;0;0,0;0,0;0;0,317;24,0;38,0;780;880;410;330;-1,1;0,0;0;0,0;0,0;0;5,8;0,0;0;0,0;0,0;2,08;0,0;Plintossolo pétrico;Córrego Mãe Bonifácia;Bacia do Rio Cuiabá;Bacia do Rio Cuiabá;33,7;;Sentinel-2 de 23/08/2026, pixels de 10 m;Landsat de 13/08/2026, pixels de 30 m
510340305410114;Cuiabá;Urbana;Santa Marta;Cuiabá;;0,358;578;1613,5;255;2,3;9,7;13,5;49,0;35,8;;85,5;100,0;91,8;1,2;100,0;0,0;9281,5;7000,0;0,9;100,0;98,8;93,6;100,0;100,0;95,5;0,0;7,1;7;16,0;93;30,4;56,5;176;0,449;48,6;36,3;770;1070;560;230;-2,8;0,0;0;0,0;46,8;270;46,8;0,0;0;0,0;37,9;1,99;0,0;Plintossolo pétrico;Córrego Quarta-Feira;Bacia do Rio Cuiabá;Bacia do Rio Cuiabá;301,0;;Sentinel-2 de 23/08/2026, pixels de 10 m;Landsat de 13/08/2026, pixels de 30 m
510340305410116;Cuiabá;Urbana;Quilombo;Cuiabá;;0,196;884;4503,8;333;2,7;21,2;10,9;52,3;36,7;0,0;99,7;99,7;93,4;0,0;99,4;0,0;15354,5;9000,0;0,0;100,0;86,4;50,3;100,0;100,0;49,3;5,9;3,1;7;0,0;0;0,0;0,0;0;0,202;6,2;37,7;380;520;250;80;-1,4;0,0;0;0,0;0,0;0;0,0;0,0;0;0,0;0,0;2,08;0,0;Plintossolo pétrico;Córrego Bufante;Bacia do Rio Cuiabá;Bacia do Rio Cuiabá;13,7;;Sentinel-2 de 23/08/2026, pixels de 10 m;Landsat de 13/08/2026, pixels de 30 m
510340305410117;Cuiabá;Urbana;Quilombo;Cuiabá;;0,101;432;4273,5;166;2,6;19,9;11,1;52,1;62,0;1,4;100,0;100,0;79,5;0,0;100,0;0,0;4943,1;2500,0;1,4;100,0;95,4;58,3;100,0;97,2;100,0;45,8;11,7;7;0,0;0;0,0;0,0;0;0,192;5,9;38,9;550;390;380;200;-0,2;0,0;0;0,0;0,0;0;0,0;0,0;0;0,0;0,0;2,08;0,0;Plintossolo pétrico;Córrego Bufante;Bacia do Rio Cuiabá;Bacia do Rio Cuiabá;13,8;;Sentinel-2 de 23/08/2026, pixels de 10 m;Landsat de 13/08/2026, pixels de 30 m
510340305410118;Cuiabá;Urbana;Quilombo;Cuiabá;;0,064;637;10011,0;256;2,5;14,8;11,9;55,6;50,4;0,0;99,6;100,0;77,0;0,0;100,0;0,0;6760,4;5000,0;0,8;100,0;99,1;22,1;100,0;100,0;90,1;7,2;8,9;7;0,0;0;9,2;23,1;59;0,198;5,8;38,9;810;420;560;90;-0,2;0,0;0;0,0;0,0;0;0,0;0,0;0;0,0;0,0;2,08;0,0;Plintossolo pétrico;Córrego Bufante;Bacia do Rio Cuiabá;Bacia do Rio Cuiabá;5,8;;Sentinel-2 de 23/08/2026, pixels de 10 m;Landsat de 13/08/2026, pixels de 30 m
510340305410119;Cuiabá;Urbana;Quilombo;Cuiabá;;0,137;739;5400,9;277;2,7;22,1;9,1;53,3;59,1;;100,0;100,0;84,1;0,0;99,6;;6356,1;4000,0;0,8;100,0;77,5;41,9;100,0;100,0;65,5;0,7;11,5;7;0,0;0;0,0;0,0;0;0,174;3,8;38,7;530;110;220;240;-0,4;0,0;0;0,0;0,0;0;0,0;0,0;0;0,0;0,0;2,08;0,0;Plintossolo pétrico;Córrego Bufante;Bacia do Rio Cuiabá;Bacia do Rio Cuiabá;7,0;;Sentinel-2 de 23/08/2026, pixels de 10 m;Landsat de 13/08/2026, pixels de 30 m
510340305410120;Cuiabá;Urbana;Quilombo;Cuiabá;;0,075;427;5688,9;167;2,6;32,6;6,6;54,6;40,7;0,0;100,0;100,0;89,2;0,0;100,0;0,0;10317,4;6000,0;1,3;100,0;94,1;29,0;100,0;100,0;93,7;49,2;5,7;7;0,0;0;0,0;0,0;0;0,233;12,7;38,0;250;170;340;50;-1,1;0,0;0;0,0;0,0;0;0,0;0,0;0;0,0;0,0;2,08;0,0;Plintossolo pétrico;Córrego do Caixão;Bacia do Rio Cuiabá;Bacia do Rio Cuiabá;22,3;;Sentinel-2 de 23/08/2026, pixels de 10 m;Landsat de 13/08/2026, pixels de 30 m
510340305410121;Cuiabá;Urbana;Quilombo;Cuiabá;;0,201;542;2696,9;215;2,5;29,2;7,2;55,7;29,5;0,0;99,5;100,0;99,1;0,0;100,0;0,0;17867,6;10000,0;;100,0;95,4;24,4;100,0;100,0;45,0;8,1;1,0;6;0,0;0;0,0;0,0;0;0,193;8,5;37,5;530;440;230;250;-1,6;0,0;0;0,0;0,0;0;0,0;0,0;0;0,0;0,0;2,08;0,0;Plintossolo pétrico;Córrego do Caixão;Bacia do Rio Cuiabá;Bacia do Rio Cuiabá;31,5;;Sentinel-2 de 23/08/2026, pixels de 10 m;Landsat de 13/08/2026, pixels de 30 m
510340305410122;Cuiabá;Urbana;Quilombo;Cuiabá;;0,085;319;3771,7;139;2,3;24,1;8,5;52,7;48,0;0,0;97,1;100,0;95,0;0,0;100,0;0,0;10064,2;5000,0;;100,0;97,5;5,0;100,0;95,6;91,2;26,6;4,2;6;0,0;0;0,0;0,0;0;0,225;16,9;37,5;590;590;340;230;-1,6;0,0;0;0,0;0,0;0;0,0;0,0;0;0,0;0,0;2,08;0,0;Plintossolo pétrico;Córrego do Caixão;Bacia do Rio Cuiabá;Bacia do Rio Cuiabá;45,0;;Sentinel-2 de 23/08/2026, pixels de 10 m;Landsat de 13/08/2026, pixels de 30 m
510340305410123;Cuiabá;Urbana;Quilombo;Cuiabá;;0,032;186;5864,6;60;3,1;20,4;12,9;57,5;37,1;0,0;98,3;98,3;76,7;0,0;96,7;0,0;26516,7;14000,0;;100,0;98,4;21,9;100,0;100,0;91,3;2,2;5,2;6;0,0;0;0,0;0,0;0;0,152;1,6;38,0;800;850;480;200;-1,1;0,0;0;0,0;0,0;0;0,0;0,0;0;0,0;0,0;2,08;0,0;Plintossolo pétrico;Córrego Mãe Bonifácia;Bacia do Rio Cuiabá;Bacia do Rio Cuiabá;2,8;;Sentinel-2 de 23/08/2026, pixels de 10 m;Landsat de 13/08/2026, pixels de 30 m
510340305410124;Cuiabá;Urbana;Popular;Cuiabá;;0,057;443;7827,3;207;2,1;32,5;6,5;55,5;27,1;0,0;97,1;99,5;99,0;0,0;100,0;0,0;12991,9;8000,0;0,8;100,0;93,7;93,7;100,0;100,0;100,0;34,8;2,8;7;0,0;0;0,0;0,0;0;0,178;5,5;36,9;1260;1080;400;210;-2,2;0,0;0;0,0;0,0;0;0,0;0,0;0;0,0;0,0;2,08;0,0;Plintossolo pétrico;Córrego Engole Cobra;Bacia do Rio Cuiabá;Bacia do Rio Cuiabá;7,1;;Sentinel-2 de 23/08/2026, pixels de 10 m;Landsat de 13/08/2026, pixels de 30 m
510340305410125;Cuiabá;Urbana;Popular;Cuiabá;;0,122;272;2225,2;106;2,6;40,4;7,4;55,9;39,3;0,0;99,1;100,0;96,2;0,0;100,0;0,0;13967,7;10000,0;;95,6;94,9;93,4;95,6;95,6;56,2;52,6;2,4;6;0,0;0;0,0;0,0;0;0,141;5,4;37,5;1090;1080;550;110;-1,6;0,0;0;0,0;0,0;0;0,0;0,0;0;0,0;0,0;2,08;0,0;Plintossolo pétrico;Córrego Engole Cobra;Bacia do Rio Cuiabá;Bacia do Rio Cuiabá;24,2;;Sentinel-2 de 23/08/2026, pixels de 10 m;Landsat de 13/08/2026, pixels de 30 m
510340305410126;Cuiabá;Urbana;Popular;Cuiabá;;0,082;420;5115,6;165;2,5;30,0;6,4;51,4;32,9;0,7;92,7;100,0;93,9;0,0;100,0;0,0;13090,5;8000,0;1,1;100,0;97,6;56,0;100,0;100,0;28,8;17,6;3,9;7;0,0;0;0,0;0,0;0;0,127;4,6;37,1;1060;1010;350;80;-2,0;0,0;0;0,0;0,0;0;0,0;0,0;0;0,0;0,0;2,08;0,0;Plintossolo pétrico;Córrego Engole Cobra;Bacia do Rio Cuiabá;Bacia do Rio Cuiabá;9,0;;Sentinel-2 de 23/08/2026, pixels de 10 m;Landsat de 13/08/2026, pixels de 30 m
510340305410127;Cuiabá;Urbana;;Cuiabá;;2,257;546;241,9;192;2,8;14,7;10,8;52,4;70,0;;100,0;99,5;95,8;0,0;96,4;0,0;4587,9;3500,0;1,1;94,3;100,0;100,0;98,7;94,3;94,3;94,3;10,4;7;13,6;74;25,9;44,0;141;0,392;39,5;36,4;1390;2290;1390;300;-2,7;34,3;187;13,8;27,1;148;53,9;46,5;254;29,8;58,8;1,97;0,1;Plintossolo pétrico;Ribeirão do Lipa;Bacia do Rio Cuiabá;Bacia do Rio Cuiabá;1632,8;;Sentinel-2 de 23/08/2026, pixels de 10 m;Landsat de 13/08/2026, pixels de 30 m
510340305410128;Cuiabá;Urbana;Centro Sul;Cuiabá;;0,04;372;9228,4;168;2,2;29,0;7,8;59,1;46,2;0,0;94,6;100,0;94,6;0,0;100,0;0,0;6614,8;5000,0;0,9;100,0;100,0;92,2;100,0;100,0;43,5;0,0;7,3;7;0,0;0;0,0;0,0;0;0,157;4,0;38,5;1440;880;170;120;-0,6;0,0;0;0,0;0,0;0;0,0;0,0;0;0,0;0,0;2,08;0,0;Plintossolo pétrico;Córrego Engole Cobra;Bacia do Rio Cuiabá;Bacia do Rio Cuiabá;4,3;;Sentinel-2 de 23/08/2026, pixels de 10 m;Landsat de 13/08/2026, pixels de 30 m
510340305410129;Cuiabá;Urbana;Centro Sul;Cuiabá;;0,116;203;1748,5;88;2,3;26,1;7,4;51,2;61,1;0,0;100,0;100,0;88,6;0,0;100,0;0,0;5116,1;2500,0;1,7;93,1;19,7;0,0;93,1;93,1;32,5;4,4;22,4;7;0,0;0;0,0;0,0;0;0,166;8,0;39,2;930;620;340;180;0,1;0,0;0;0,0;0,0;0;0,0;0,0;0;0,0;0,0;2,08;0,0;Plintossolo pétrico;Afluente s/n do Córrego da Prainha;Bacia do Rio Cuiabá;Bacia do Rio Cuiabá;45,7;;Sentinel-2 de 23/08/2026, pixels de 10 m;Landsat de 13/08/2026, pixels de 30 m
510340305410130;Cuiabá;Urbana;Centro Sul;Cuiabá;;0,175;181;1036,2;72;2,5;24,3;8,3;53,6;63,0;;97,2;98,6;87,5;12,5;98,6;0,0;5709,3;4000,0;;100,0;85,6;39,8;100,0;100,0;56,4;9,9;12,0;6;0,0;0;0,0;0,0;0;0,138;4,9;39,1;540;350;190;40;0,0;0,5;1;0,0;0,0;0;0,0;1,9;3;0,0;0,0;2,08;0,0;Plintossolo pétrico;Afluente s/n do Córrego da Prainha;Bacia do Rio Cuiabá;Bacia do Rio Cuiabá;47,4;;Sentinel-2 de 23/08/2026, pixels de 10 m;Landsat de 13/08/2026, pixels de 30 m
510340305410131;Cuiabá;Urbana;Porto;Cuiabá;;0,139;321;2315,0;132;2,4;16,2;10,6;50,8;57,0;;98,5;100,0;94,7;0,0;98,5;0,0;4942,6;3500,0;1,9;94,7;48,3;9,3;98,1;94,7;84,4;0,0;18,2;7;0,0;0;0,0;23,1;0;0,168;5,1;39,5;790;830;230;450;0,4;2,5;8;0,0;0,0;0;0,0;5,7;18;0,0;0,0;2,08;0,0;Plintossolo pétrico;Córrego Mané Pinto;Bacia do Rio Cuiabá;Bacia do Rio Cuiabá;22,1;;Sentinel-2 de 23/08/2026, pixels de 10 m;Landsat de 13/08/2026, pixels de 30 m
510340305410132;Cuiabá;Urbana;Porto;Cuiabá;;0,072;209;2914,4;76;2,8;24,4;9,1;56,0;60,3;0,0;100,0;100,0;92,1;0,0;100,0;0,0;4248,3;3000,0;;100,0;80,4;17,7;100,0;86,1;92,8;17,7;13,4;6;1,1;2;0,0;16,9;0;0,319;26,4;38,4;930;120;380;160;-0,7;0,0;0;0,0;0,0;0;0,0;0,0;0;0,0;0,0;2,08;0,0;Plintossolo pétrico;Córrego Mané Pinto;Bacia do Rio Cuiabá;Bacia do Rio Cuiabá;90,9;;Sentinel-2 de 23/08/2026, pixels de 10 m;Landsat de 13/08/2026, pixels de 30 m
510340305410133;Cuiabá;Urbana;Porto;Cuiabá;;0,146;397;2715,7;149;2,7;18,6;12,8;53,7;67,5;1,3;98,7;99,3;83,2;3,4;99,3;;2938,9;2000,0;2,2;100,0;83,6;31,7;100,0;92,4;75,3;4,8;17,4;7;17,6;70;53,3;81,5;211;0,221;12,3;38,9;1160;470;390;340;-0,2;47,8;190;0,0;0,0;0;0,0;52,7;209;0,0;0,0;2,08;0,0;Plintossolo pétrico;Córrego Mané Pinto;Bacia do Rio Cuiabá;Bacia do Rio Cuiabá;45,2;;Sentinel-2 de 23/08/2026, pixels de 10 m;Landsat de 13/08/2026, pixels de 30 m
510340305410134;Cuiabá;Urbana;Porto;Cuiabá;;0,026;433;16740,2;226;1,9;12,9;7,9;52,0;55,7;0,0;94,7;100,0;99,1;0,0;100,0;0,0;4014,4;3000,0;0,8;100,0;0,0;0,0;100,0;100,0;100,0;100,0;24,0;7;0,3;1;35,4;97,9;153;0,196;0,0;39,6;1150;1660;510;470;0,5;29,2;126;0,0;0,0;0;1,0;50,9;220;0,0;2,0;2,07;0,0;Plintossolo pétrico;Córrego 8 de Abril;Bacia do Rio Cuiabá;Bacia do Rio Cuiabá;0,0;;Sentinel-2 de 23/08/2026, pixels de 10 m;Landsat de 13/08/2026, pixels de 30 m
510340305410135;Cuiabá;Urbana;Coophamil;Cuiabá;;0,052;360;6877,5;139;2,6;20,3;11,7;53,6;57,2;0,0;100,0;100,0;95,7;0,0;98,6;0,0;5062,7;2900,0;1,0;100,0;79,2;5,6;100,0;100,0;90,0;0,0;11,4;7;0,0;0;0,0;42,9;0;0,14;1,9;39,9;580;1560;240;180;0,8;0,0;0;0,0;0,0;0;1,3;0,0;0;0,0;0,0;2,08;0,0;Plintossolo pétrico;Córrego 8 de Abril;Bacia do Rio Cuiabá;Bacia do Rio Cuiabá;2,7;;Sentinel-2 de 23/08/2026, pixels de 10 m;Landsat de 13/08/2026, pixels de 30 m
510340305410136;Cuiabá;Urbana;Barra do Pari;Cuiabá;;0,063;434;6872,6;160;2,7;10,4;14,3;55,1;50,5;;85,0;100,0;96,2;0,0;100,0;0,0;7509,1;6000,0;0,9;100,0;16,1;16,1;100,0;100,0;16,1;0,0;19,9;7;10,6;46;11,5;17,2;50;0,269;13,0;39,6;1200;1730;920;200;0,5;0,0;0;0,0;4,2;18;21,0;0,0;0;0,0;10,1;2,05;0,0;Plintossolo pétrico;Córrego Santa Isabel;Bacia do Rio Cuiabá;Bacia do Rio Cuiabá;18,9;;Sentinel-2 de 23/08/2026, pixels de 10 m;Landsat de 13/08/2026, pixels de 30 m
510340305410137;Cuiabá;Urbana;Santa Rosa;Cuiabá;;0,28;986;3519,2;353;2,8;21,5;11,3;51,9;28,8;;99,2;99,7;96,3;0,0;100,0;0,0;16004,6;10200,0;0,7;100,0;95,6;82,8;100,0;100,0;95,3;23,0;2,0;7;0,0;0;0,0;0,0;0;0,24;11,0;37,7;390;1010;450;100;-1,4;0,0;0;0,0;0,0;0;0,0;0,0;0;0,0;0,0;2,08;0,0;Plintossolo pétrico;Córrego Santa Isabel;Bacia do Rio Cuiabá;Bacia do Rio Cuiabá;31,2;;Sentinel-2 de 23/08/2026, pixels de 10 m;Landsat de 13/08/2026, pixels de 30 m
510340305410138;Cuiabá;Urbana;Novo Colorado;Cuiabá;;0,08;752;9435,3;239;3,1;8,4;16,1;51,9;80,6;0,5;98,7;95,4;34,7;62,8;100,0;;1806,5;1212,0;7,5;100,0;70,5;25,7;100,0;100,0;85,1;6,1;34,9;7;0,0;0;0,0;2,3;0;0,211;4,7;39,2;320;840;290;350;0,1;0,0;0;0,0;0,0;0;0,0;0,0;0;0,0;0,0;2,08;0,0;Plintossolo pétrico;Córrego Santa Isabel;Bacia do Rio Cuiabá;Bacia do Rio Cuiabá;5,0;;Sentinel-2 de 23/08/2026, pixels de 10 m;Landsat de 13/08/2026, pixels de 30 m
510340305410139;Cuiabá;Urbana;Ribeirão do Lipa;Cuiabá;Ribeirão do Lipa A;0,186;1195;6430,4;373;3,2;9,5;15,3;50,0;79,3;0,3;99,5;100,0;15,3;84,2;100,0;0,0;2970,8;2400,0;5,4;80,6;68,8;27,0;100,0;82,2;77,8;8,7;35,1;7;0,0;0;0,0;0,0;0;0,276;14,7;38,5;1460;890;1170;330;-0,6;0,0;0;0,0;0,6;8;0,6;0,0;0;0,0;1,6;2,08;0,0;Plintossolo pétrico;Afluente s/n do Ribeirão do Lipa;Bacia do Rio Cuiabá;Bacia do Rio Cuiabá;22,9;;Sentinel-2 de 23/08/2026, pixels de 10 m;Landsat de 13/08/2026, pixels de 30 m
510340305410140;Cuiabá;Urbana;Despraiado;Cuiabá;;0,37;814;2202,5;292;2,8;8,5;12,7;53,8;71,0;;100,0;100,0;97,6;2,4;100,0;0,0;2730,3;1212,0;0,9;100,0;99,8;55,2;100,0;100,0;62,4;5,7;11,7;7;0,5;4;0,0;44,6;0;0,359;33,5;38,4;190;1710;440;210;-0,7;0,0;0;0,0;9,8;79;23,5;0,0;0;0,0;21,1;2,05;0,0;Plintossolo pétrico;Córrego Santa Isabel;Bacia do Rio Cuiabá;Bacia do Rio Cuiabá;152,3;;Sentinel-2 de 23/08/2026, pixels de 10 m;Landsat de 13/08/2026, pixels de 30 m
510340305410141;Cuiabá;Urbana;Despraiado;Cuiabá;;0,059;502;8533,6;158;3,2;8,4;14,1;51,2;80,3;0,0;100,0;100,0;50,0;0,0;100,0;0,0;2422,8;1830,0;5,4;43,4;95,6;59,2;100,0;76,1;41,4;0,0;32,8;7;0,0;0;3,3;5,0;17;0,184;1,4;38,8;680;1450;430;450;-0,3;0,0;0;0,0;0,0;0;0,0;0,0;0;0,0;0,0;2,08;0,0;Plintossolo pétrico;Córrego Quarta-Feira;Bacia do Rio Cuiabá;Bacia do Rio Cuiabá;1,6;;Sentinel-2 de 23/08/2026, pixels de 10 m;Landsat de 13/08/2026, pixels de 30 m
510340305410142;Cuiabá;Urbana;Despraiado;Cuiabá;;0,114;571;4998,5;242;2,4;14,2;8,2;57,4;51,8;0,7;90,5;100,0;99,6;0,0;100,0;0,0;5113,1;4000,0;0,0;100,0;100,0;100,0;100,0;100,0;100,0;82,3;7,9;7;13,7;78;4,9;24,3;28;0,23;19,9;38,8;1180;720;300;310;-0,3;0,0;0;0,0;14,7;84;14,7;0,0;0;0,0;0,0;2,08;0,0;Plintossolo pétrico;Córrego Bufante;Bacia do Rio Cuiabá;Bacia do Rio Cuiabá;39,7;;Sentinel-2 de 23/08/2026, pixels de 10 m;Landsat de 13/08/2026, pixels de 30 m
510340305410143;Cuiabá;Urbana;Alvorada;Cuiabá;;0,034;424;12606,3;170;2,5;24,8;9,9;61,1;42,2;;100,0;100,0;98,2;0,0;98,8;0,0;9753,1;8000,0;;100,0;100,0;100,0;100,0;100,0;42,9;0,0;3,2;6;0,0;0;0,0;0,0;0;0,067;0,0;38,3;530;620;310;40;-0,8;0,0;0;0,0;0,0;0;0,0;0,0;0;0,0;0,0;2,08;0,0;Plintossolo pétrico;Afluente s/n do Córrego da Prainha;Bacia do Rio Cuiabá;Bacia do Rio Cuiabá;0,0;;Sentinel-2 de 23/08/2026, pixels de 10 m;Landsat de 13/08/2026, pixels de 30 m
510340305410144;Cuiabá;Urbana;Alvorada;Cuiabá;;0,024;380;15719,9;152;2,5;11,8;13,4;54,2;64,2;0,0;99,3;100,0;99,3;0,0;100,0;0,0;4528,3;3000,0;1,0;100,0;100,0;100,0;100,0;100,0;99,5;99,5;8,4;7;0,0;0;0,0;10,0;0;0,19;4,5;38,2;780;1380;270;720;-0,9;0,0;0;0,0;3,2;12;3,2;0,0;0;0,0;0,0;2,08;0,0;Plintossolo pétrico;Córrego Quarta-Feira;Bacia do Rio Cuiabá;Bacia do Rio Cuiabá;2,8;;Sentinel-2 de 23/08/2026, pixels de 10 m;Landsat de 13/08/2026, pixels de 30 m
510340305410145;Cuiabá;Urbana;Araés;Cuiabá;;0,09;275;3067,5;111;2,5;26,2;5,5;49,5;60,0;1,5;99,1;95,5;90,1;0,0;99,1;;6005,4;2500,0;1,2;100,0;77,1;65,1;100,0;100,0;88,7;6,2;11,7;7;0,0;0;0,0;0,0;0;0,21;9,2;39,2;870;260;180;300;0,1;0,0;0;0,0;0,0;0;0,0;0,0;0;0,0;0,0;2,08;0,0;Plintossolo pétrico;Afluente s/n do Córrego da Prainha;Bacia do Rio Cuiabá;Bacia do Rio Cuiabá;30,1;;Sentinel-2 de 23/08/2026, pixels de 10 m;Landsat de 13/08/2026, pixels de 30 m
510340305410146;Cuiabá;Urbana;Araés;Cuiabá;;0,054;432;8056,6;177;2,4;28,5;7,2;57,9;42,6;0,0;97,7;100,0;79,1;0,0;100,0;0,0;9174,8;6000,0;0,8;100,0;100,0;87,7;100,0;100,0;100,0;24,5;6,9;7;0,0;0;0,0;0,0;0;0,159;3,2;37,5;460;340;180;80;-1,6;0,0;0;0,0;0,0;0;0,0;0,0;0;0,0;0,0;2,08;0,0;Plintossolo pétrico;Afluente s/n do Córrego da Prainha;Bacia do Rio Cuiabá;Bacia do Rio Cuiabá;4,0;;Sentinel-2 de 23/08/2026, pixels de 10 m;Landsat de 13/08/2026, pixels de 30 m
510340305410147;Cuiabá;Urbana;Centro Norte;Cuiabá;;0,049;118;2421,2;56;2,1;20,3;;48,3;64,4;0,0;100,0;100,0;98,2;0,0;96,4;0,0;5256,8;2900,0;;100,0;43,2;0,0;100,0;100,0;77,1;9,3;17,9;6;0,0;0;0,0;0,0;0;0,169;4,9;39,4;890;710;180;70;0,3;0,0;0;0,0;0,0;0;0,0;0,0;0;0,0;0,0;2,08;0,0;Plintossolo pétrico;Afluente s/n do Córrego da Prainha;Bacia do Rio Cuiabá;Bacia do Rio Cuiabá;20,3;;Sentinel-2 de 23/08/2026, pixels de 10 m;Landsat de 13/08/2026, pixels de 30 m
510340305410148;Cuiabá;Urbana;Centro Norte;Cuiabá;;0,051;552;10870,7;231;2,4;21,2;14,7;54,3;37,5;0,0;98,7;99,1;93,5;0,0;99,1;0,0;12210,1;9750,0;;100,0;99,3;69,1;100,0;100,0;0,4;0,2;2,6;6;0,0;0;0,0;0,0;0;0,243;15,0;37,8;500;340;30;330;-1,3;0,0;0;0,0;0,0;0;0,0;0,0;0;0,0;0,0;2,08;0,0;Plintossolo pétrico;Afluente s/n do Córrego da Prainha;Bacia do Rio Cuiabá;Bacia do Rio Cuiabá;13,9;;Sentinel-2 de 23/08/2026, pixels de 10 m;Landsat de 13/08/2026, pixels de 30 m
510340305410149;Cuiabá;Urbana;Goiabeira;Cuiabá;;0,036;424;11785,0;167;2,5;34,7;8,7;57,3;30,2;0,0;78,4;100,0;97,6;0,0;99,4;0,0;12567,5;10000,0;;100,0;98,8;45,5;100,0;100,0;0,0;0,0;5,4;6;0,0;0;0,0;0,0;0;0,188;5,6;37,0;1280;1120;390;290;-2,1;0,0;0;0,0;0,0;0;0,0;0,0;0;0,0;0,0;2,08;0,0;Plintossolo pétrico;Córrego Engole Cobra;Bacia do Rio Cuiabá;Bacia do Rio Cuiabá;4,8;;Sentinel-2 de 23/08/2026, pixels de 10 m;Landsat de 13/08/2026, pixels de 30 m
510340305410150;Cuiabá;Urbana;Goiabeira;Cuiabá;;0,095;491;5144,2;172;2,9;20,6;10,8;54,6;65,6;1,4;100,0;100,0;98,8;0,0;99,4;0,0;5275,0;3000,0;2,2;100,0;78,2;14,5;100,0;100,0;42,4;0,0;12,0;7;0,0;0;0,0;0,0;0;0,195;3,2;39,4;1210;220;240;320;0,3;0,0;0;0,0;0,0;0;0,0;0,0;0;0,0;0,0;2,08;0,0;Plintossolo pétrico;Córrego Engole Cobra;Bacia do Rio Cuiabá;Bacia do Rio Cuiabá;6,2;;Sentinel-2 de 23/08/2026, pixels de 10 m;Landsat de 13/08/2026, pixels de 30 m
510340305410151;Cuiabá;Urbana;Cidade Alta;Cuiabá;;0,16;457;2847,7;156;2,9;31,3;6,3;49,0;46,0;0,0;96,2;99,4;35,3;5,1;100,0;0,0;6655,1;4675,0;2,0;100,0;89,1;44,4;100,0;100,0;61,3;16,6;18,3;7;0,0;0;0,0;0,0;0;0,213;7,2;39,3;1060;880;440;330;0,2;0,0;0;0,0;0,0;0;0,0;0,0;0;0,0;0,0;2,08;0,0;Plintossolo pétrico;Córrego Engole Cobra;Bacia do Rio Cuiabá;Bacia do Rio Cuiabá;25,2;;Sentinel-2 de 23/08/2026, pixels de 10 m;Landsat de 13/08/2026, pixels de 30 m
510340305410152;Cuiabá;Urbana;Cidade Alta;Cuiabá;;0,088;531;6048,5;170;3,1;18,5;11,3;53,1;68,7;;99,4;99,4;91,8;0,0;99,4;0,0;4822,8;2400,0;2,7;100,0;53,7;18,5;100,0;100,0;78,0;5,8;17,7;7;0,0;0;0,0;0,0;0;0,141;1,3;40,2;380;700;290;480;1,1;0,0;0;0,0;0,0;0;0,0;0,0;0;0,0;0,0;2,08;0,0;Plintossolo pétrico;Córrego Engole Cobra;Bacia do Rio Cuiabá;Bacia do Rio Cuiabá;2,2;;Sentinel-2 de 23/08/2026, pixels de 10 m;Landsat de 13/08/2026, pixels de 30 m
510340305410153;Cuiabá;Urbana;Cidade Alta;Cuiabá;;0,082;485;5897,7;165;2,9;20,0;14,6;51,3;64,1;;99,4;100,0;94,5;3,6;100,0;0,0;6008,2;4000,0;1,0;100,0;86,2;63,1;100,0;100,0;75,9;14,8;9,3;7;0,0;0;0,0;0,0;0;0,189;5,8;38,8;220;420;230;650;-0,3;0,0;0;0,0;0,0;0;0,0;0,0;0;0,0;0,0;2,08;0,0;Plintossolo pétrico;Córrego 8 de Abril;Bacia do Rio Cuiabá;Bacia do Rio Cuiabá;9,8;;Sentinel-2 de 23/08/2026, pixels de 10 m;Landsat de 13/08/2026, pixels de 30 m
510340305410154;Cuiabá;Urbana;Quilombo;Cuiabá;;0,056;322;5726,0;128;2,5;29,2;6,5;56,5;32,3;0,0;99,2;100,0;96,1;0,0;100,0;0,0;9789,9;8000,0;;100,0;100,0;80,1;100,0;100,0;99,1;38,2;3,4;6;0,0;0;0,0;0,0;0;0,149;4,1;37,9;690;720;410;240;-1,2;0,0;0;0,0;0,0;0;0,0;0,0;0;0,0;0,0;2,08;0,0;Plintossolo pétrico;Córrego do Caixão;Bacia do Rio Cuiabá;Bacia do Rio Cuiabá;7,1;;Sentinel-2 de 23/08/2026, pixels de 10 m;Landsat de 13/08/2026, pixels de 30 m
510340305410155;Cuiabá;Urbana;Quilombo;Cuiabá;;0,06;602;10078,4;226;2,7;21,9;10,5;54,2;34,2;0,0;97,3;100,0;89,8;0,0;100,0;0,0;12481,0;10000,0;;100,0;90,4;82,1;100,0;100,0;98,8;2,3;4,6;6;2,1;12;1,9;18,9;11;0,226;9,2;36,6;430;590;220;250;-2,5;0,0;0;0,0;0,0;0;0,0;0,0;0;0,0;0,0;2,08;0,0;Plintossolo pétrico;Córrego Mãe Bonifácia;Bacia do Rio Cuiabá;Bacia do Rio Cuiabá;9,2;;Sentinel-2 de 23/08/2026, pixels de 10 m;Landsat de 13/08/2026, pixels de 30 m
510340305410157;Cuiabá;Urbana;Coophamil;Cuiabá;;0,023;316;13677,2;126;2,5;15,5;11,4;55,4;49,4;0,0;99,2;100,0;100,0;0,0;100,0;0,0;5398,0;3307,0;;100,0;100,0;74,1;100,0;100,0;100,0;74,1;7,2;6;0,0;0;0,0;0,0;0;0,146;0,9;40,2;150;1140;310;110;1,1;0,0;0;0,0;0,0;0;0,0;0,0;0;0,0;0,0;2,08;0,0;Plintossolo pétrico;Córrego 8 de Abril;Bacia do Rio Cuiabá;Bacia do Rio Cuiabá;0,7;;Sentinel-2 de 23/08/2026, pixels de 10 m;Landsat de 13/08/2026, pixels de 30 m
510340305410158;Cuiabá;Urbana;Coophamil;Cuiabá;;0,099;510;5157,7;176;2,9;22,7;10,0;53,9;51,8;0,0;99,4;100,0;93,2;0,0;100,0;0,0;5099,0;3500,0;1,2;94,5;89,6;76,5;100,0;94,5;86,1;0,0;11,0;7;11,1;57;5,9;5,9;30;0,279;22,6;38,2;870;1870;290;190;-0,9;11,1;57;5,9;7,1;36;36,4;24,5;125;10,5;22,5;2,04;0,0;Plintossolo pétrico;Córrego 8 de Abril;Bacia do Rio Cuiabá;Bacia do Rio Cuiabá;43,9;;Sentinel-2 de 23/08/2026, pixels de 10 m;Landsat de 13/08/2026, pixels de 30 m
510340305410159;Cuiabá;Urbana;Coophamil;Cuiabá;;0,058;499;8574,8;170;2,9;21,2;11,2;52,5;58,5;;98,2;98,8;92,9;2,9;99,4;0,0;5524,9;2600,0;2,2;92,7;81,8;10,7;100,0;92,7;82,0;0,0;13,3;7;0,0;0;0,0;0,0;0;0,137;0,7;39,7;590;1500;200;160;0,6;58,4;292;0,0;0,0;0;0,0;65,7;328;0,0;0,0;2,08;0,0;Plintossolo pétrico;Córrego do General;Bacia do Rio Cuiabá;Bacia do Rio Cuiabá;0,8;;Sentinel-2 de 23/08/2026, pixels de 10 m;Landsat de 13/08/2026, pixels de 30 m
510340305410160;Cuiabá;Urbana;Novo Terceiro;Cuiabá;;0,066;528;7973,4;163;3,2;20,6;10,2;51,3;78,8;2,1;98,8;97,5;63,2;0,0;100,0;0,0;2238,4;2000,0;5,2;100,0;79,7;18,6;100,0;100,0;28,2;1,1;25,6;7;0,0;0;0,0;0,0;0;0,151;2,4;39,8;230;1050;230;80;0,7;0,0;0;0,0;0,0;0;0,0;0,0;0;0,0;0,0;2,08;0,0;Plintossolo pétrico;Córrego do General;Bacia do Rio Cuiabá;Bacia do Rio Cuiabá;3,0;;Sentinel-2 de 23/08/2026, pixels de 10 m;Landsat de 13/08/2026, pixels de 30 m
510340305410161;Cuiabá;Urbana;Santa Isabel;Cuiabá;;0,07;641;9168,6;209;3,1;17,2;13,7;54,1;69,3;;100,0;100,0;96,7;0,0;100,0;0,0;3361,8;2600,0;1,5;100,0;41,5;0,0;100,0;100,0;86,1;11,9;19,6;7;0,0;0;0,0;15,4;0;0,161;3,5;39,6;560;1080;120;240;0,5;0,0;0;0,0;0,0;0;0,0;0,0;0;0,0;0,0;2,08;0,0;Plintossolo pétrico;Córrego Santa Isabel;Bacia do Rio Cuiabá;Bacia do Rio Cuiabá;3,8;;Sentinel-2 de 23/08/2026, pixels de 10 m;Landsat de 13/08/2026, pixels de 30 m
510340305410162;Cuiabá;Urbana;Barra do Pari;Cuiabá;;0,054;326;6084,0;113;2,9;14,1;10,1;51,8;62,6;0,0;88,5;100,0;69,9;19,5;100,0;0,0;6251,6;4000,0;1,5;100,0;69,0;11,7;100,0;100,0;89,3;0,0;17,3;7;1,6;5;10,0;18,6;33;0,205;4,5;38,6;510;1460;380;310;-0,5;0,0;0;0,0;0,0;0;0,0;0,0;0;0,0;0,0;2,08;0,0;Plintossolo pétrico;Córrego Santa Isabel;Bacia do Rio Cuiabá;Bacia do Rio Cuiabá;7,5;;Sentinel-2 de 23/08/2026, pixels de 10 m;Landsat de 13/08/2026, pixels de 30 m
510340305410163;Cuiabá;Urbana;Barra do Pari;Cuiabá;;0,123;534;4327,5;181;3;11,6;10,7;50,7;50,0;;100,0;100,0;50,3;42,0;100,0;0,0;7374,6;5000,0;1,2;100,0;98,9;64,4;100,0;100,0;45,3;12,2;12,6;7;10,2;55;1,9;40,3;10;0,277;19,0;38,2;800;1580;550;200;-0,9;0,0;0;0,0;0,0;0;5,9;0,0;0;0,0;0,0;2,08;0,0;Plintossolo pétrico;Córrego Santa Isabel;Bacia do Rio Cuiabá;Bacia do Rio Cuiabá;43,8;;Sentinel-2 de 23/08/2026, pixels de 10 m;Landsat de 13/08/2026, pixels de 30 m
510340305410164;Cuiabá;Urbana;Barra do Pari;Cuiabá;;0,646;626;968,5;211;3;7,7;13,7;48,4;58,0;;99,1;100,0;82,5;0,0;100,0;0,0;8910,1;7000,0;;100,0;48,4;42,7;100,0;100,0;98,9;0,0;15,1;6;0,0;0;0,0;1,1;0;0,389;40,7;38,7;1050;1050;680;440;-0,4;0,0;0;0,0;0,0;0;18,5;0,0;0;0,0;23,2;2,04;0,0;Plintossolo pétrico;Córrego do General;Bacia do Rio Cuiabá;Bacia do Rio Cuiabá;420,0;;Sentinel-2 de 23/08/2026, pixels de 10 m;Landsat de 13/08/2026, pixels de 30 m
510340305410165;Cuiabá;Urbana;Novo Colorado;Cuiabá;;0,145;613;4221,2;193;3,2;6,9;15,7;50,1;85,6;;98,4;98,4;80,8;6,7;100,0;0,0;1946,0;1300,0;1,2;100,0;90,7;29,4;100,0;100,0;62,5;10,8;18,1;7;8,7;53;8,0;34,3;49;0,24;8,8;38,9;330;1110;130;180;-0,2;0,0;0;0,0;0,0;0;0,0;0,0;0;0,0;21,3;2,05;0,0;Plintossolo pétrico;Córrego Santa Isabel;Bacia do Rio Cuiabá;Bacia do Rio Cuiabá;20,8;;Sentinel-2 de 23/08/2026, pixels de 10 m;Landsat de 13/08/2026, pixels de 30 m
510340305410166;Cuiabá;Urbana;Despraiado;Cuiabá;Despraiado;0,137;380;2772,1;130;2,9;15,5;14,2;47,6;79,5;0,0;100,0;100,0;75,4;10,8;98,5;;2322,8;1500,0;7,5;98,9;35,5;10,3;100,0;98,9;73,2;10,3;32,8;7;8,6;33;34,4;79,2;131;0,382;36,5;37,1;530;1340;470;140;-2,0;0,0;0;0,0;45,7;174;45,7;0,0;0;0,0;22,4;2,04;0,0;Plintossolo pétrico;Córrego Santa Isabel;Bacia do Rio Cuiabá;Bacia do Rio Cuiabá;131,6;;Sentinel-2 de 23/08/2026, pixels de 10 m;Landsat de 13/08/2026, pixels de 30 m
510340305410167;Cuiabá;Urbana;Despraiado;Cuiabá;;0,418;858;2053,5;321;2,7;9,3;15,6;52,0;47,0;0,0;99,1;100,0;100,0;0,0;100,0;0,0;10966,7;10000,0;0,6;97,7;85,3;83,3;85,5;83,2;77,9;1,2;4,8;7;2,1;18;8,1;15,1;70;0,252;17,3;39,3;870;930;510;150;0,2;0,0;0;0,0;12,8;110;12,8;0,0;0;0,0;1,7;2,08;0,0;Plintossolo pétrico;Córrego Quarta-Feira;Bacia do Rio Cuiabá;Bacia do Rio Cuiabá;84,3;;Sentinel-2 de 23/08/2026, pixels de 10 m;Landsat de 13/08/2026, pixels de 30 m
510340305410168;Cuiabá;Urbana;Alvorada;Cuiabá;;0,106;450;4243,2;198;2,3;17,1;10,2;51,6;41,1;0,0;96,0;100,0;99,0;0,0;100,0;0,0;8949,8;8000,0;;100,0;93,3;55,1;100,0;100,0;55,1;32,9;5,3;6;0,0;0;0,0;0,0;0;0,147;3,6;38,8;390;600;400;280;-0,3;0,0;0;0,0;0,0;0;0,0;0,0;0;0,0;0,0;2,08;0,0;Plintossolo pétrico;Afluente s/n do Rio Cuiabá;Bacia do Rio Cuiabá;Bacia do Rio Cuiabá;8,5;;Sentinel-2 de 23/08/2026, pixels de 10 m;Landsat de 13/08/2026, pixels de 30 m
510340305410169;Cuiabá;Urbana;Alvorada;Cuiabá;;0,029;55;1907,6;18;3,1;21,8;5,5;54,5;29,1;0,0;100,0;100,0;100,0;0,0;88,9;0,0;18086,7;19500,0;0,0;100,0;100,0;100,0;100,0;100,0;100,0;100,0;2,2;7;0,0;0;0,0;0,0;0;0,07;0,3;38,1;650;410;260;430;-1,0;0,0;0;0,0;0,0;0;0,0;0,0;0;0,0;0,0;2,08;0,0;Plintossolo pétrico;Afluente s/n do Rio Cuiabá;Bacia do Rio Cuiabá;Bacia do Rio Cuiabá;1,6;;Sentinel-2 de 23/08/2026, pixels de 10 m;Landsat de 13/08/2026, pixels de 30 m
510340305410171;Cuiabá;Urbana;Alvorada;Cuiabá;;0,031;304;9815,2;127;2,4;12,2;10,2;55,6;62,2;0,0;99,2;100,0;94,5;4,7;100,0;;4678,5;3000,0;3,2;100,0;71,4;59,5;100,0;100,0;100,0;59,5;15,4;7;13,5;41;10,2;24,5;31;0,196;3,6;39,7;700;1320;590;470;0,6;0,0;0;0,0;13,5;41;13,5;0,0;0;0,0;0,0;2,08;0,0;Plintossolo pétrico;Córrego Quarta-Feira;Bacia do Rio Cuiabá;Bacia do Rio Cuiabá;3,7;;Sentinel-2 de 23/08/2026, pixels de 10 m;Landsat de 13/08/2026, pixels de 30 m
510340305410172;Cuiabá;Urbana;Alvorada;Cuiabá;;0,161;365;2270,5;138;2,6;19,2;12,9;52,3;47,9;0,0;98,6;100,0;88,4;5,1;97,8;0,0;11210,5;10000,0;1,3;89,3;99,2;82,7;100,0;94,5;21,6;6,3;6,8;7;3,2;12;5,5;15,9;20;0,22;14,4;38,3;770;1440;50;350;-0,8;0,0;0;0,0;19,9;73;19,9;0,0;0;0,0;0,0;2,08;0,0;Plintossolo pétrico;Córrego Quarta-Feira;Bacia do Rio Cuiabá;Bacia do Rio Cuiabá;63,5;;Sentinel-2 de 23/08/2026, pixels de 10 m;Landsat de 13/08/2026, pixels de 30 m
510340305410173;Cuiabá;Urbana;Alvorada;Cuiabá;;0,216;254;1176,6;111;2,3;24,4;8,3;58,7;39,8;0,0;100,0;100,0;99,1;0,0;99,1;0,0;12351,9;10000,0;;100,0;100,0;60,2;100,0;100,0;100,0;0,0;1,3;6;24,7;63;9,2;40,6;23;0,291;23,0;40,3;440;1170;280;320;1,2;0,0;0;0,0;7,7;20;23,7;0,0;0;0,0;5,4;2,1;0,0;Plintossolo pétrico;Córrego Quarta-Feira;Bacia do Rio Cuiabá;Bacia do Rio Cuiabá;195,6;;Sentinel-2 de 23/08/2026, pixels de 10 m;Landsat de 13/08/2026, pixels de 30 m
510340305410174;Cuiabá;Urbana;Araés;Cuiabá;;0,039;87;2256,7;35;2,5;17,2;5,7;54,0;52,9;0,0;100,0;100,0;91,4;0,0;97,1;0,0;6744,4;5000,0;5,4;100,0;100,0;90,8;100,0;100,0;100,0;9,2;12,3;7;0,0;0;0,0;0,0;0;0,196;7,5;38,9;1030;580;70;70;-0,2;0,0;0;0,0;0,0;0;0,0;0,0;0;0,0;0,0;2,08;0,0;Plintossolo pétrico;Afluente s/n do Córrego da Prainha;Bacia do Rio Cuiabá;Bacia do Rio Cuiabá;33,6;;Sentinel-2 de 23/08/2026, pixels de 10 m;Landsat de 13/08/2026, pixels de 30 m
510340305410175;Cuiabá;Urbana;Centro Norte;Cuiabá;;0,087;146;1678,8;81;1,8;30,8;8,9;47,3;51,4;4,1;98,8;100,0;98,8;0,0;100,0;0,0;6673,4;4500,0;0,0;100,0;43,2;28,1;100,0;82,9;70,5;28,1;13,2;7;0,0;0;0,0;0,0;0;0,153;4,3;39,6;900;700;370;130;0,5;0,0;0;0,0;0,0;0;0,0;0,0;0;0,0;0,0;2,08;0,0;Plintossolo pétrico;Afluente s/n do Córrego da Prainha;Bacia do Rio Cuiabá;Bacia do Rio Cuiabá;25,6;;Sentinel-2 de 23/08/2026, pixels de 10 m;Landsat de 13/08/2026, pixels de 30 m
510340305410176;Cuiabá;Urbana;Centro Norte;Cuiabá;;0,022;43;1929,7;19;2,3;11,6;14,0;55,8;69,8;0,0;94,7;94,7;94,7;0,0;94,7;0,0;2996,9;2000,0;;100,0;7,1;0,0;100,0;100,0;54,8;0,0;;0;0,0;0;0,0;0,0;0;0,147;1,3;39,9;800;700;190;140;0,8;0,0;0;0,0;0,0;0;0,0;0,0;0;0,0;0,0;2,08;0,0;Plintossolo pétrico;Afluente s/n do Córrego da Prainha;Bacia do Rio Cuiabá;Bacia do Rio Cuiabá;;;Sentinel-2 de 23/08/2026, pixels de 10 m;Landsat de 13/08/2026, pixels de 30 m
510340305410177;Cuiabá;Urbana;Centro Norte;Cuiabá;;0,059;12;204,7;6;2;;0,0;33,3;66,7;0,0;100,0;100,0;100,0;0,0;100,0;0,0;5368,7;1500,0;0,0;100,0;41,7;41,7;100,0;100,0;100,0;8,3;;0;0,0;0;0,0;0,0;0;0,097;2,4;38,4;1260;570;540;130;-0,7;0,0;0;0,0;0,0;0;0,0;0,0;0;0,0;0,0;2,08;0,0;Plintossolo pétrico;Afluente s/n do Córrego da Prainha;Bacia do Rio Cuiabá;Bacia do Rio Cuiabá;;;Sentinel-2 de 23/08/2026, pixels de 10 m;Landsat de 13/08/2026, pixels de 30 m
510340305410178;Cuiabá;Urbana;Cidade Alta;Cuiabá;;0,103;398;3848,9;122;3,3;21,9;9,5;53,5;65,6;0,0;97,5;98,4;82,8;0,0;100,0;0,0;6101,6;3000,0;1,8;100,0;64,1;16,8;100,0;100,0;83,7;0,0;15,2;7;0,0;0;0,0;0,0;0;0,187;4,6;39,0;930;200;300;260;-0,1;0,0;0;0,0;0,0;0;0,0;0,0;0;0,0;0,0;2,08;0,0;Plintossolo pétrico;Córrego Engole Cobra;Bacia do Rio Cuiabá;Bacia do Rio Cuiabá;11,9;;Sentinel-2 de 23/08/2026, pixels de 10 m;Landsat de 13/08/2026, pixels de 30 m
510340305410179;Cuiabá;Urbana;Cidade Alta;Cuiabá;;0,103;410;3962,1;152;2,7;26,1;11,7;53,9;64,6;0,0;100,0;99,3;98,0;0,0;100,0;0,0;5108,6;3000,0;;100,0;53,4;3,4;100,0;100,0;47,1;5,9;15,6;6;0,0;0;0,0;0,0;0;0,189;4,0;38,8;970;220;110;130;-0,3;0,0;0;0,0;0,0;0;0,0;0,0;0;0,0;0,0;2,08;0,0;Plintossolo pétrico;Córrego Engole Cobra;Bacia do Rio Cuiabá;Bacia do Rio Cuiabá;10,0;;Sentinel-2 de 23/08/2026, pixels de 10 m;Landsat de 13/08/2026, pixels de 30 m
510340305410180;Cuiabá;Urbana;Duque de Caxias;Cuiabá;;0,049;334;6806,2;126;2,7;26,3;10,8;56,0;48,2;0,0;100,0;100,0;91,3;0,0;100,0;0,0;9280,6;6250,0;1,1;100,0;100,0;53,0;100,0;100,0;71,0;26,3;5,0;7;0,0;0;0,0;0,0;0;0,233;9,5;38,7;940;1010;600;180;-0,4;0,0;0;0,0;0,0;0;0,0;0,0;0;0,0;0,0;2,08;0,0;Plintossolo pétrico;Córrego Mãe Bonifácia;Bacia do Rio Cuiabá;Bacia do Rio Cuiabá;13,9;;Sentinel-2 de 23/08/2026, pixels de 10 m;Landsat de 13/08/2026, pixels de 30 m
510340305410181;Cuiabá;Urbana;Duque de Caxias;Cuiabá;;0,961;655;681,4;263;2,5;24,3;8,5;53,3;36,5;;99,2;100,0;77,2;0,0;99,6;0,0;10716,3;8000,0;0,9;98,9;91,3;47,8;100,0;100,0;47,5;28,4;7,5;7;9,4;62;8,4;21,8;55;0,557;78,6;35,6;730;650;510;50;-3,5;0,0;0;0,0;13,2;86;16,9;0,0;0;0,0;66,5;1,95;0,0;Plintossolo pétrico;Córrego Mãe Bonifácia;Bacia do Rio Cuiabá;Bacia do Rio Cuiabá;1153,2;;Sentinel-2 de 23/08/2026, pixels de 10 m;Landsat de 13/08/2026, pixels de 30 m
510340305410182;Cuiabá;Urbana;Santa Marta;Cuiabá;;0,154;372;2415,2;118;3,2;17,5;9,9;51,1;78,0;;99,2;100,0;72,9;23,7;100,0;0,0;2790,0;2000,0;3,1;51,9;98,7;90,9;100,0;51,9;51,9;50,5;24,6;7;18,6;69;15,6;40,9;58;0,284;21,3;38,6;1140;940;130;340;-0,5;0,0;0;0,0;13,4;50;13,4;0,0;0;0,0;6,9;2,06;0,0;Plintossolo pétrico;Córrego Bufante;Bacia do Rio Cuiabá;Bacia do Rio Cuiabá;88,2;;Sentinel-2 de 23/08/2026, pixels de 10 m;Landsat de 13/08/2026, pixels de 30 m
510340305410183;Cuiabá;Urbana;Quilombo;Cuiabá;;0,137;410;2982,3;136;3;20,7;10,5;50,7;48,5;0,0;97,8;100,0;65,4;0,0;100,0;;6197,1;5000,0;1,4;100,0;75,4;42,9;100,0;97,6;100,0;14,1;15,5;7;0,0;0;7,5;14,5;31;0,225;9,7;39,2;920;350;470;250;0,1;0,0;0;0,0;0,0;0;0,0;0,0;0;0,0;0,0;2,08;0,0;Plintossolo pétrico;Córrego Bufante;Bacia do Rio Cuiabá;Bacia do Rio Cuiabá;32,4;;Sentinel-2 de 23/08/2026, pixels de 10 m;Landsat de 13/08/2026, pixels de 30 m
510340305410184;Cuiabá;Urbana;Quilombo;Cuiabá;;0,056;724;12871,0;305;2,4;22,0;5,8;54,3;32,7;0,0;95,7;99,7;71,8;0,0;100,0;0,0;13664,5;10000,0;;100,0;93,5;64,9;100,0;96,7;99,3;64,1;6,7;6;0,0;0;0,0;1,4;0;0,213;6,7;37,0;530;640;160;390;-2,1;0,0;0;0,0;0,0;0;0,2;0,0;0;0,0;0,0;2,08;0,0;Plintossolo pétrico;Córrego Mãe Bonifácia;Bacia do Rio Cuiabá;Bacia do Rio Cuiabá;5,2;;Sentinel-2 de 23/08/2026, pixels de 10 m;Landsat de 13/08/2026, pixels de 30 m
510340305410186;Cuiabá;Urbana;;Cuiabá;;0,586;1116;1904,2;331;3,4;13,9;11,9;50,2;25,0;0,0;97,0;100,0;99,4;0,0;99,4;0,0;25427,6;20000,0;0,0;100,0;0,0;0,0;100,0;0,0;100,0;0,0;15,0;7;8,2;92;5,5;50,8;62;0,346;25,0;37,1;1560;2460;1130;720;-2,0;0,0;0;0,0;10,1;112;19,2;0,0;0;0,0;10,8;2,06;0,0;Plintossolo pétrico;Afluente s/n do Ribeirão do Lipa;Bacia do Rio Cuiabá;Bacia do Rio Cuiabá;131,3;;Sentinel-2 de 23/08/2026, pixels de 10 m;Landsat de 13/08/2026, pixels de 30 m
510340305410187;Cuiabá;Urbana;Ribeirão do Lipa;Cuiabá;;0,229;45;196,7;26;1,7;17,8;6,7;46,7;46,7;0,0;96,2;100,0;76,9;0,0;100,0;0,0;3588,9;2750,0;0,0;75,6;75,6;75,6;75,6;75,6;75,6;75,6;;0;17,1;8;43,3;59,7;19;0,33;26,5;38,9;880;1160;590;480;-0,2;0,0;0;0,0;35,5;16;35,5;0,0;0;0,0;38,2;2,02;0,0;Plintossolo pétrico;Córrego Santa Isabel;Bacia do Rio Cuiabá;Bacia do Rio Cuiabá;;;Sentinel-2 de 23/08/2026, pixels de 10 m;Landsat de 13/08/2026, pixels de 30 m
510340305410188;Cuiabá;Urbana;Despraiado;Cuiabá;;0,431;743;1721,9;274;2,7;10,4;10,9;51,8;31,6;0,0;99,3;100,0;99,6;0,0;100,0;0,0;13948,6;10000,0;0,0;50,6;49,5;39,8;51,4;49,8;39,0;0,0;14,5;7;5,2;38;9,1;25,2;67;0,266;16,3;38,2;560;1730;320;230;-0,9;0,0;0;0,0;9,8;73;9,8;0,0;0;0,0;12,2;2,06;0,0;Plintossolo pétrico;Córrego Quarta-Feira;Bacia do Rio Cuiabá;Bacia do Rio Cuiabá;94,6;;Sentinel-2 de 23/08/2026, pixels de 10 m;Landsat de 13/08/2026, pixels de 30 m
510340305410192;Cuiabá;Urbana;;Cuiabá;;0,326;933;2857,7;300;3,1;10,7;14,3;48,7;85,1;;99,0;99,7;77,7;11,3;97,3;;2191,9;1500,0;6,2;28,0;88,2;36,2;96,7;48,6;1,8;5,8;34,3;7;9,4;88;8,3;34,0;77;0,333;28,0;38,0;880;2000;910;680;-1,1;0,0;0;0,0;9,2;86;9,4;0,0;0;0,0;27,4;2,04;0,0;Plintossolo pétrico;Afluente s/n do Ribeirão do Lipa;Bacia do Rio Cuiabá;Bacia do Rio Cuiabá;97,8;;Sentinel-2 de 23/08/2026, pixels de 10 m;Landsat de 13/08/2026, pixels de 30 m
510340305410194;Cuiabá;Urbana;Ribeirão do Lipa;Cuiabá;;0,408;574;1406,6;211;2,7;9,8;14,1;53,1;50,2;0,0;98,6;99,5;87,7;5,7;100,0;0,0;8813,1;5000,0;;89,5;100,0;76,0;100,0;89,4;89,5;42,9;7,5;6;7,2;42;10,3;23,1;59;0,397;40,5;37,8;1560;1080;1140;520;-1,3;0,0;0;0,0;29,5;169;30,2;0,0;0;0,0;22,6;2,05;0,0;Plintossolo pétrico;Afluente s/n do Ribeirão do Lipa;Bacia do Rio Cuiabá;Bacia do Rio Cuiabá;287,9;;Sentinel-2 de 23/08/2026, pixels de 10 m;Landsat de 13/08/2026, pixels de 30 m
510340305410195;Cuiabá;Urbana;;Cuiabá;;1,093;886;810,8;303;2,9;6,3;15,9;52,6;68,7;;98,3;99,7;88,1;1,7;99,7;0,0;4129,2;2500,0;1,5;94,6;93,7;67,2;100,0;94,6;53,4;5,3;13,1;7;13,0;116;11,3;34,1;101;0,336;25,6;38,1;490;1380;690;630;-1,0;0,0;0;0,0;10,5;93;27,7;0,0;0;0,0;22,2;2,04;0,0;Plintossolo pétrico;Afluente s/n do Ribeirão do Lipa;Bacia do Rio Cuiabá;Bacia do Rio Cuiabá;315,8;;Sentinel-2 de 23/08/2026, pixels de 10 m;Landsat de 13/08/2026, pixels de 30 m
510340305410196;Cuiabá;Urbana;;Cuiabá;;1,253;521;415,7;160;3,3;10,9;20,2;52,0;28,6;0,0;96,2;100,0;98,1;0,0;100,0;0,0;18267,2;15000,0;;99,0;1,0;1,0;100,0;99,0;99,0;99,0;17,8;6;5,3;27;7,8;20,3;40;0,294;17,9;38,1;1180;2080;1370;860;-1,0;0,0;0;0,0;12,9;67;17,4;0,0;0;0,0;32,5;2,03;0,0;Plintossolo pétrico;Córrego da Pinheira;Bacia do Rio Cuiabá;Bacia do Rio Cuiabá;430,5;;Sentinel-2 de 23/08/2026, pixels de 10 m;Landsat de 13/08/2026, pixels de 30 m
510340305410197;Cuiabá;Urbana;;Cuiabá;;0,124;1198;9690,4;461;2,6;7,5;16,9;52,2;48,6;0,0;100,0;100,0;100,0;0,0;100,0;0,0;7013,0;5000,0;0,7;70,7;70,7;13,4;70,7;70,7;70,7;13,4;13,5;7;0,0;0;20,0;46,4;240;0,169;1,9;37,5;480;2390;600;980;-1,6;0,0;0;0,0;0,6;7;0,6;0,0;0;0,0;0,0;2,08;0,0;Plintossolo pétrico;Córrego Ouro Fino;Bacia do Rio Cuiabá;Bacia do Rio Cuiabá;2,0;;Sentinel-2 de 23/08/2026, pixels de 10 m;Landsat de 13/08/2026, pixels de 30 m
510340305410198;Cuiabá;Urbana;;Cuiabá;;0,105;1036;9889,5;430;2,4;6,9;16,2;53,8;51,5;0,0;99,8;99,8;98,6;0,0;100,0;0,0;7545,9;6700,0;0,4;100,0;96,7;96,1;100,0;99,6;92,3;0,0;5,0;7;0,0;0;4,3;28,4;45;0,149;0,4;38,1;310;2340;460;770;-1,0;0,0;0;0,0;0,1;1;0,1;0,0;0;0,0;0,0;2,08;0,0;Plintossolo pétrico;Córrego Ouro Fino;Bacia do Rio Cuiabá;Bacia do Rio Cuiabá;0,4;;Sentinel-2 de 23/08/2026, pixels de 10 m;Landsat de 13/08/2026, pixels de 30 m
510340305410200;Cuiabá;Urbana;;Cuiabá;;0,131;1160;8886,8;445;2,6;6,3;16,1;51,0;75,2;0,0;96,4;99,8;95,5;3,4;97,8;0,0;3510,5;2400,0;5,0;100,0;93,9;48,7;100,0;100,0;97,5;0,0;16,7;7;0,0;0;21,4;39,3;249;0,249;17,5;38,0;530;2450;530;170;-1,1;0,0;0;0,0;16,4;190;16,4;0,0;0;0,0;2,0;2,07;0,0;Plintossolo pétrico;Córrego Ouro Fino;Bacia do Rio Cuiabá;Bacia do Rio Cuiabá;19,8;;Sentinel-2 de 23/08/2026, pixels de 10 m;Landsat de 13/08/2026, pixels de 30 m
510340305410201;Cuiabá;Urbana;;Cuiabá;;0,757;863;1139,8;254;3,4;8,0;15,4;48,3;19,8;0,0;99,6;99,6;100,0;0,0;99,6;0,0;29926,6;25000,0;0,0;100,0;99,8;94,1;100,0;98,3;89,5;0,0;0,2;7;27,5;238;32,0;65,6;276;0,359;30,4;36,4;1410;3270;1420;1250;-2,7;0,0;0;0,0;35,7;308;35,7;0,0;0;0,0;15,4;2,05;0,0;Plintossolo pétrico;Afluente s/n do Ribeirão do Lipa;Bacia do Rio Cuiabá;Bacia do Rio Cuiabá;266,7;;Sentinel-2 de 23/08/2026, pixels de 10 m;Landsat de 13/08/2026, pixels de 30 m
510340305410202;Cuiabá;Urbana;;Cuiabá;;0,606;1061;1749,4;312;3,4;7,2;20,6;52,3;32,9;0,0;100,0;99,7;100,0;0,0;100,0;0,0;24974,2;20000,0;1,4;58,7;58,7;58,7;58,7;58,7;58,7;58,7;13,4;7;7,8;83;20,8;37,9;221;0,266;13,2;36,4;1130;3120;750;660;-2,7;0,0;0;0,0;9,3;99;9,3;0,0;0;0,0;10,6;2,06;0,0;Plintossolo pétrico;Afluente s/n do Ribeirão do Lipa;Bacia do Rio Cuiabá;Bacia do Rio Cuiabá;75,4;;Sentinel-2 de 23/08/2026, pixels de 10 m;Landsat de 13/08/2026, pixels de 30 m
510340305410203;Cuiabá;Urbana;;Cuiabá;;2,077;45;21,7;18;2,5;37,8;0,0;51,1;53,3;0,0;94,4;100,0;16,7;22,2;94,4;0,0;5465,5;4500,0;;;;;;;;;;0;17,3;8;25,3;51,3;11;0,506;65,2;36,3;700;2520;810;980;-2,8;0,0;0;0,0;44,5;20;44,5;0,0;0;0,0;59,4;1,97;0,0;Plintossolo pétrico;Córrego Ouro Fino;Bacia do Rio Cuiabá;Bacia do Rio Cuiabá;;;Sentinel-2 de 23/08/2026, pixels de 10 m;Landsat de 13/08/2026, pixels de 30 m
510340305410204;Cuiabá;Urbana;;Cuiabá;;0,303;789;2603,5;258;3,1;10,4;18,8;56,0;36,9;0,0;99,6;100,0;87,2;0,0;100,0;0,0;13590,0;12000,0;;29,4;4,2;1,1;34,2;29,4;29,4;0,0;30,3;6;0,0;0;0,3;29,2;2;0,232;15,1;37,9;1660;1920;1370;700;-1,2;0,0;0;0,0;0,1;1;0,1;0,0;0;0,0;5,7;2,07;0,0;Plintossolo pétrico;Córrego Ouro Fino;Bacia do Rio Cuiabá;Bacia do Rio Cuiabá;58,0;;Sentinel-2 de 23/08/2026, pixels de 10 m;Landsat de 13/08/2026, pixels de 30 m
510340305410205;Cuiabá;Urbana;;Cuiabá;;0,427;690;1615,8;248;2,8;8,8;18,4;49,7;41,7;;98,8;100,0;97,2;1,2;99,6;0,0;10609,9;9000,0;0,6;100,0;5,1;5,1;100,0;100,0;100,0;100,0;16,7;7;11,4;79;14,7;41,2;101;0,391;44,0;37,2;2110;2690;540;580;-1,9;0,0;0;0,0;16,1;111;16,1;0,0;0;0,0;28,7;2,03;0,0;Plintossolo pétrico;Afluente s/n do Ribeirão do Lipa;Bacia do Rio Cuiabá;Bacia do Rio Cuiabá;272,3;;Sentinel-2 de 23/08/2026, pixels de 10 m;Landsat de 13/08/2026, pixels de 30 m
510340305410206;Cuiabá;Rural;;Cuiabá;;1,451;0;0,0;0;0;;;;;;;;;;;;;;;;;;;;;;;0;10,9;0;11,6;31,0;0;0,338;31,0;38,7;3040;3430;670;150;-0,4;0,0;0;0,0;3,8;0;11,0;0,0;0;0,0;68,5;1,98;0,0;Plintossolo pétrico;;Bacia do Rio Cuiabá;Bacia do Rio Cuiabá;;;Sentinel-2 de 23/08/2026, pixels de 10 m;Landsat de 13/08/2026, pixels de 30 m
510340305410207;Cuiabá;Urbana;Ribeirão da Ponte;Cuiabá;;0,168;654;3894,8;228;2,9;14,2;13,5;49,7;67,9;;98,2;100,0;84,6;2,6;99,1;0,0;3912,2;2400,0;4,5;100,0;79,7;17,7;100,0;100,0;70,0;1,8;18,5;7;11,6;76;23,4;65,6;153;0,311;21,8;37,8;410;910;140;130;-1,3;14,3;93;0,0;17,3;113;17,3;26,7;174;8,1;0,0;2,08;0,0;Plintossolo pétrico;Córrego Santa Isabel;Bacia do Rio Cuiabá;Bacia do Rio Cuiabá;56,0;;Sentinel-2 de 23/08/2026, pixels de 10 m;Landsat de 13/08/2026, pixels de 30 m
510340305410208;Cuiabá;Urbana;Jardim Mariana;Cuiabá;;0,043;901;20885,5;336;2,7;13,1;13,7;50,7;30,2;0,0;99,1;100,0;93,8;0,0;100,0;0,0;19542,5;15000,0;1,1;100,0;100,0;99,1;100,0;100,0;77,4;17,6;2,2;7;0,0;0;0,0;0,0;0;0,204;5,0;36,7;60;300;380;280;-2,4;0,0;0;0,0;0,0;0;0,0;0,0;0;0,0;0,0;2,08;0,0;Plintossolo pétrico;Córrego Santa Isabel;Bacia do Rio Cuiabá;Bacia do Rio Cuiabá;2,4;;Sentinel-2 de 23/08/2026, pixels de 10 m;Landsat de 13/08/2026, pixels de 30 m
510340305410209;Cuiabá;Urbana;Jardim Mariana;Cuiabá;;0,525;970;1849,0;432;2,2;12,4;12,1;51,3;57,7;0,0;99,8;99,8;93,8;0,0;99,5;0,0;4924,4;3001,0;1,2;96,4;86,6;49,7;100,0;96,4;81,6;0,0;11,4;7;14,0;136;13,9;34,6;135;0,411;44,9;36,6;580;450;520;500;-2,5;0,0;0;0,0;42,6;413;58,9;2,7;26;0,8;39,6;2,0;0,0;Plintossolo pétrico;Córrego Santa Isabel;Bacia do Rio Cuiabá;Bacia do Rio Cuiabá;243,0;;Sentinel-2 de 23/08/2026, pixels de 10 m;Landsat de 13/08/2026, pixels de 30 m
510340305410210;Cuiabá;Urbana;Duque de Caxias;Cuiabá;;0,059;733;12474,6;261;2,8;20,6;9,8;52,8;33,0;0,7;99,6;99,2;46,4;0,0;100,0;0,0;13110,4;10000,0;0,7;100,0;99,3;74,6;100,0;100,0;72,4;4,5;9,0;7;0,0;0;0,0;0,0;0;0,235;10,1;37,6;630;810;570;300;-1,5;0,0;0;0,0;0,0;0;0,0;0,0;0;0,0;0,0;2,08;0,0;Plintossolo pétrico;Córrego Mãe Bonifácia;Bacia do Rio Cuiabá;Bacia do Rio Cuiabá;8,1;;Sentinel-2 de 23/08/2026, pixels de 10 m;Landsat de 13/08/2026, pixels de 30 m
510340305410211;Cuiabá;Urbana;Duque de Caxias;Cuiabá;;0,05;644;12945,0;268;2,4;12,9;11,6;50,6;29,0;;99,3;100,0;92,9;0,0;100,0;0,0;15114,4;9650,0;0,6;100,0;100,0;97,8;100,0;100,0;100,0;0,0;1,8;7;0,0;0;0,0;0,0;0;0,121;4,3;39,7;350;560;560;500;0,6;0,0;0;0,0;0,0;0;0,0;0,0;0;0,0;0,0;2,08;0,0;Plintossolo pétrico;Córrego Mãe Bonifácia;Bacia do Rio Cuiabá;Bacia do Rio Cuiabá;3,3;;Sentinel-2 de 23/08/2026, pixels de 10 m;Landsat de 13/08/2026, pixels de 30 m
510340305410214;Cuiabá;Urbana;;Cuiabá;;2,89;74;25,6;20;3,7;12,2;21,6;58,1;89,2;;80,0;90,0;15,0;0,0;90,0;;3090,2;2750,0;;;;;;;;;46,9;4;10,3;8;7,5;24,3;6;0,363;34,9;38,0;2080;1600;1320;620;-1,1;0,0;0;0,0;10,9;8;20,4;0,0;0;0,0;47,4;2,02;0,0;Plintossolo pétrico;Afluente s/n do Ribeirão do Lipa;Bacia do Rio Cuiabá;Bacia do Rio Cuiabá;13629,9;;Sentinel-2 de 23/08/2026, pixels de 10 m;Landsat de 13/08/2026, pixels de 30 m
510340305410215;Cuiabá;Urbana;Cidade Alta;Cuiabá;;0,056;334;5994,4;125;2,7;15,6;12,3;53,0;71,3;1,5;100,0;99,2;96,8;0,0;99,2;0,0;3767,1;2000,0;3,0;100,0;85,9;7,2;100,0;100,0;91,3;0,0;14,2;7;0,0;0;0,0;0,0;0;0,178;2,0;39,7;350;980;150;200;0,6;0,0;0;0,0;0,0;0;0,0;0,0;0;0,0;0,0;2,08;0,0;Plintossolo pétrico;Córrego 8 de Abril;Bacia do Rio Cuiabá;Bacia do Rio Cuiabá;3,4;;Sentinel-2 de 23/08/2026, pixels de 10 m;Landsat de 13/08/2026, pixels de 30 m
510340305410216;Cuiabá;Urbana;Santa Rosa;Cuiabá;;0,329;457;1389,4;161;2,8;19,3;10,1;51,0;30,4;1,1;100,0;100,0;96,3;0,0;100,0;0,0;15302,8;10000,0;0,8;99,1;63,9;40,5;100,0;99,3;48,1;0,0;6,7;7;13,1;60;41,9;68,9;192;0,349;31,3;37,5;750;1380;70;180;-1,6;51,5;235;0,0;20,5;94;21,2;56,8;259;37,1;16,7;2,06;0,0;Plintossolo pétrico;Córrego Santa Isabel;Bacia do Rio Cuiabá;Bacia do Rio Cuiabá;225,3;;Sentinel-2 de 23/08/2026, pixels de 10 m;Landsat de 13/08/2026, pixels de 30 m
510340305410217;Cuiabá;Urbana;Santa Rosa;Cuiabá;;0,383;423;1104,2;160;2,6;22,0;7,6;50,1;41,6;0,0;100,0;99,4;98,8;0,0;100,0;0,0;9553,4;5050,0;1,1;100,0;94,6;33,1;100,0;100,0;70,7;2,6;4,5;7;0,0;0;0,0;0,2;0;0,175;4,7;39,4;810;1370;430;150;0,3;0,0;0;0,0;0,0;0;0,1;0,0;0;0,0;0,0;2,08;0,0;Plintossolo pétrico;Córrego Santa Isabel;Bacia do Rio Cuiabá;Bacia do Rio Cuiabá;42,6;;Sentinel-2 de 23/08/2026, pixels de 10 m;Landsat de 13/08/2026, pixels de 30 m
510340305410219;Cuiabá;Urbana;Alvorada;Cuiabá;;0,23;19;82,7;19;1;0,0;0,0;21,1;63,2;0,0;100,0;100,0;100,0;0,0;100,0;0,0;12389,5;11000,0;;100,0;100,0;100,0;100,0;100,0;100,0;100,0;;0;17,2;3;13,3;37,9;3;0,322;29,9;38,0;820;920;580;380;-1,1;0,0;0;0,0;22,2;4;29,2;0,0;0;0,0;6,9;2,08;0,0;Plintossolo pétrico;Córrego Quarta-Feira;Bacia do Rio Cuiabá;Bacia do Rio Cuiabá;;;Sentinel-2 de 23/08/2026, pixels de 10 m;Landsat de 13/08/2026, pixels de 30 m
510340305410220;Cuiabá;Urbana;Alvorada;Cuiabá;;0,026;429;16619,8;190;2,3;15,9;11,9;55,7;26,1;0,0;99,5;100,0;100,0;0,0;100,0;0,0;9648,4;8000,0;1,1;100,0;100,0;100,0;100,0;100,0;0,0;0,0;3,6;7;14,2;61;0,0;9,1;0;0,375;42,2;36,2;760;860;430;260;-2,9;0,0;0;0,0;0,0;0;7,9;0,0;0;0,0;0,0;2,08;0,0;Plintossolo pétrico;Córrego Quarta-Feira;Bacia do Rio Cuiabá;Bacia do Rio Cuiabá;25,6;;Sentinel-2 de 23/08/2026, pixels de 10 m;Landsat de 13/08/2026, pixels de 30 m
510340305410221;Cuiabá;Urbana;Despraiado;Cuiabá;;0,062;601;9711,4;229;2,6;8,7;13,8;53,4;55,4;0,5;47,2;97,4;91,3;3,5;99,6;0,0;6180,3;4000,0;1,7;100,0;100,0;88,0;100,0;100,0;100,0;0,0;16,5;7;28,6;172;22,7;72,0;136;0,295;25,2;37,4;600;1290;130;160;-1,7;0,0;0;0,0;43,2;260;43,2;0,0;0;0,0;0,0;2,08;0,0;Plintossolo pétrico;Córrego Santa Isabel;Bacia do Rio Cuiabá;Bacia do Rio Cuiabá;26,0;;Sentinel-2 de 23/08/2026, pixels de 10 m;Landsat de 13/08/2026, pixels de 30 m
510340305410222;Cuiabá;Urbana;Despraiado;Cuiabá;;0,023;261;11599,8;115;2,3;13,8;13,8;55,6;64,4;1,1;87,0;100,0;99,1;0,0;98,3;0,0;5026,8;4000,0;0,0;100,0;100,0;100,0;100,0;100,0;100,0;100,0;9,0;7;0,0;0;0,0;0,0;0;0,17;5,7;38,0;760;1390;130;350;-1,1;0,0;0;0,0;0,0;0;0,0;0,0;0;0,0;0,0;2,08;0,0;Plintossolo pétrico;Córrego Quarta-Feira;Bacia do Rio Cuiabá;Bacia do Rio Cuiabá;5,0;;Sentinel-2 de 23/08/2026, pixels de 10 m;Landsat de 13/08/2026, pixels de 30 m
510340305410223;Cuiabá;Urbana;Despraiado;Cuiabá;;0,11;738;6700,5;254;2,9;9,2;12,7;53,3;76,6;0,5;100,0;99,2;86,6;0,0;100,0;0,0;2779,8;2500,0;4,6;73,7;83,9;32,4;100,0;83,1;74,7;16,1;23,2;7;20,5;151;0,0;25,6;0;0,266;19,0;38,2;270;1670;490;150;-0,9;0,0;0;0,0;22,8;169;22,8;0,0;0;0,0;0,0;2,08;0,0;Plintossolo pétrico;Córrego Santa Isabel;Bacia do Rio Cuiabá;Bacia do Rio Cuiabá;28,3;;Sentinel-2 de 23/08/2026, pixels de 10 m;Landsat de 13/08/2026, pixels de 30 m
510340305410224;Cuiabá;Urbana;Despraiado;Cuiabá;;0,105;661;6319,9;256;2,6;14,8;12,9;51,7;75,3;;100,0;99,6;89,1;5,5;99,2;0,0;2678,9;1300,0;5,2;58,4;61,4;28,0;97,0;64,8;65,5;25,7;29,3;7;0,3;2;2,5;14,8;16;0,284;16,7;37,8;700;1520;270;370;-1,3;0,0;0;0,0;1,5;10;1,5;0,0;0;0,0;0,0;2,08;0,0;Plintossolo pétrico;Córrego Quarta-Feira;Bacia do Rio Cuiabá;Bacia do Rio Cuiabá;26,5;;Sentinel-2 de 23/08/2026, pixels de 10 m;Landsat de 13/08/2026, pixels de 30 m
510340305410225;Cuiabá;Urbana;Alvorada;Cuiabá;;0,049;400;8183,1;155;2,6;16,2;13,8;49,8;34,0;0,0;99,4;100,0;96,1;0,0;98,7;0,0;10182,5;8250,0;;100,0;100,0;90,5;100,0;100,0;8,2;0,0;3,4;6;0,0;0;0,0;0,0;0;0,203;6,6;38,7;570;770;120;430;-0,4;0,0;0;0,0;0,0;0;0,0;0,0;0;0,0;0,0;2,08;0,0;Plintossolo pétrico;Afluente s/n do Córrego da Prainha;Bacia do Rio Cuiabá;Bacia do Rio Cuiabá;8,1;;Sentinel-2 de 23/08/2026, pixels de 10 m;Landsat de 13/08/2026, pixels de 30 m
510340305410226;Cuiabá;Urbana;Alvorada;Cuiabá;;0,025;463;18690,7;189;2,4;20,3;6,9;56,6;36,9;0,0;99,5;99,5;89,4;0,0;99,5;0,0;10997,0;9000,0;1,0;100,0;98,9;84,4;100,0;100,0;15,6;0,0;4,4;7;0,0;0;0,0;0,0;0;0,186;5,8;38,2;780;750;290;240;-0,9;0,0;0;0,0;0,0;0;0,0;0,0;0;0,0;0,0;2,08;0,0;Plintossolo pétrico;Afluente s/n do Córrego da Prainha;Bacia do Rio Cuiabá;Bacia do Rio Cuiabá;3,1;;Sentinel-2 de 23/08/2026, pixels de 10 m;Landsat de 13/08/2026, pixels de 30 m
510340305410227;Cuiabá;Urbana;Despraiado;Cuiabá;;0,038;665;17549,2;269;2,5;8,7;16,7;52,2;41,1;0,0;100,0;100,0;92,6;0,0;100,0;0,0;10298,3;10000,0;;100,0;100,0;100,0;100,0;100,0;100,0;0,0;3,5;6;0,0;0;0,0;0,0;0;0,133;0,5;38,0;190;1870;580;260;-1,1;0,0;0;0,0;0,0;0;0,0;0,0;0;0,0;0,0;2,08;0,0;Plintossolo pétrico;Córrego Santa Isabel;Bacia do Rio Cuiabá;Bacia do Rio Cuiabá;0,3;;Sentinel-2 de 23/08/2026, pixels de 10 m;Landsat de 13/08/2026, pixels de 30 m
510340305410228;Cuiabá;Urbana;Despraiado;Cuiabá;;0,035;449;12963,1;156;2,9;8,7;18,5;51,9;40,3;0,0;94,9;100,0;98,1;0,0;100,0;0,0;14092,9;12000,0;0,0;100,0;100,0;54,6;100,0;100,0;54,6;0,0;1,1;7;0,0;0;0,0;31,1;0;0,157;0,3;39,0;160;1890;610;280;-0,1;0,0;0;0,0;0,0;0;0,0;0,0;0;0,0;0,0;2,08;0,0;Plintossolo pétrico;Córrego Santa Isabel;Bacia do Rio Cuiabá;Bacia do Rio Cuiabá;0,2;;Sentinel-2 de 23/08/2026, pixels de 10 m;Landsat de 13/08/2026, pixels de 30 m
510340305410229;Cuiabá;Urbana;Alvorada;Cuiabá;;0,038;377;9795,7;148;2,5;19,1;9,3;53,1;35,5;0,0;76,4;100,0;99,3;0,0;99,3;0,0;14845,8;10500,0;;100,0;100,0;100,0;100,0;100,0;37,7;62,3;4,5;6;0,0;0;0,0;0,0;0;0,148;7,3;38,0;710;900;370;100;-1,1;0,0;0;0,0;0,0;0;0,0;0,0;0;0,0;0,0;2,08;0,0;Plintossolo pétrico;Córrego Quarta-Feira;Bacia do Rio Cuiabá;Bacia do Rio Cuiabá;7,4;;Sentinel-2 de 23/08/2026, pixels de 10 m;Landsat de 13/08/2026, pixels de 30 m
510340305410230;Cuiabá;Urbana;;Cuiabá;;0,334;744;2230,3;235;3,1;7,8;15,1;51,1;80,6;;97,4;97,9;69,8;0,0;98,3;0,0;2435,5;2200,0;0,9;46,3;64,0;27,5;98,8;43,3;32,3;6,2;30,0;7;17,3;129;16,9;36,3;126;0,271;21,2;38,3;910;1450;800;700;-0,8;0,0;0;0,0;16,3;121;17,1;0,1;0;0,0;14,4;2,06;0,0;Plintossolo pétrico;Córrego Santa Isabel;Bacia do Rio Cuiabá;Bacia do Rio Cuiabá;95,2;;Sentinel-2 de 23/08/2026, pixels de 10 m;Landsat de 13/08/2026, pixels de 30 m
510340305410231;Cuiabá;Urbana;;Cuiabá;;0,254;572;2247,6;200;2,9;12,4;12,9;50,0;70,1;0,0;98,5;100,0;82,5;1,5;99,5;0,0;4613,3;2100,0;3,3;33,0;90,0;53,7;98,6;33,0;33,0;1,4;24,4;7;29,1;167;41,1;79,9;235;0,435;44,9;37,4;850;1140;450;550;-1,7;20,7;118;0,0;42,0;240;42,0;52,8;302;20,9;39,9;1,99;0,0;Plintossolo pétrico;Córrego Santa Isabel;Bacia do Rio Cuiabá;Bacia do Rio Cuiabá;199,4;;Sentinel-2 de 23/08/2026, pixels de 10 m;Landsat de 13/08/2026, pixels de 30 m
510340305410232;Cuiabá;Urbana;Ribeirão da Ponte;Cuiabá;Jardim Mariana;0,054;364;6789,2;113;3,2;4,7;20,6;48,6;79,9;0,0;100,0;100,0;36,3;54,9;92,9;0,0;1972,9;1400,0;3,1;39,3;100,0;80,2;100,0;39,3;39,3;0,0;35,0;7;53,8;196;47,8;91,3;174;0,348;29,0;37,6;360;630;170;200;-1,5;0,0;0;0,0;63,1;230;64,0;5,3;19;1,1;9,1;2,06;0,0;Plintossolo pétrico;Córrego Santa Isabel;Bacia do Rio Cuiabá;Bacia do Rio Cuiabá;43,0;;Sentinel-2 de 23/08/2026, pixels de 10 m;Landsat de 13/08/2026, pixels de 30 m
510340305410233;Cuiabá;Urbana;Ribeirão da Ponte;Cuiabá;;0,115;829;7210,0;351;2,4;15,6;10,6;53,3;67,2;0,0;99,7;99,4;89,2;5,7;100,0;;5327,2;2600,0;4,3;100,0;85,5;20,0;100,0;100,0;69,2;0,2;14,5;7;19,5;161;2,2;28,1;18;0,237;12,8;38,4;260;500;230;490;-0,7;0,0;0;0,0;0,0;0;0,0;0,0;0;0,0;0,0;2,08;0,0;Plintossolo pétrico;Córrego Santa Isabel;Bacia do Rio Cuiabá;Bacia do Rio Cuiabá;17,8;;Sentinel-2 de 23/08/2026, pixels de 10 m;Landsat de 13/08/2026, pixels de 30 m
510340305410234;Cuiabá;Urbana;Ribeirão do Lipa;Cuiabá;Ribeirão do Lipa B;0,204;386;1889,0;128;3;8,5;15,0;52,3;83,9;0,0;100,0;97,7;6,2;92,2;100,0;0,0;2598,3;2100,0;4,7;5,2;92,7;47,2;100,0;30,8;0,0;0,0;43,8;7;7,1;28;6,3;28,8;24;0,34;30,9;38,1;1400;750;950;280;-1,0;0,0;0;0,0;1,0;4;16,6;0,0;0;0,0;8,9;2,07;0,0;Plintossolo pétrico;Afluente s/n do Ribeirão do Lipa;Bacia do Rio Cuiabá;Bacia do Rio Cuiabá;163,3;;Sentinel-2 de 23/08/2026, pixels de 10 m;Landsat de 13/08/2026, pixels de 30 m
510340305410235;Cuiabá;Urbana;Ribeirão do Lipa;Cuiabá;;0,267;358;1342,5;109;3,3;11,7;16,2;53,6;82,1;;100,0;99,1;20,2;12,8;99,1;0,0;2287,9;1500,0;4,9;20,1;92,5;27,7;100,0;26,8;19,3;8,4;40,9;7;6,0;21;3,2;23,0;11;0,331;19,8;38,5;970;760;470;280;-0,6;0,0;0;0,0;0,0;0;0,0;0,0;0;0,0;3,3;2,07;0,0;Plintossolo pétrico;Afluente s/n do Ribeirão do Lipa;Bacia do Rio Cuiabá;Bacia do Rio Cuiabá;147,7;;Sentinel-2 de 23/08/2026, pixels de 10 m;Landsat de 13/08/2026, pixels de 30 m
510340305410236;Cuiabá;Urbana;Jardim Ubirajara;Cuiabá;Jardim Ubirajara;0,144;854;5917,2;302;2,8;6,9;16,3;49,2;82,2;0,0;98,7;99,0;23,5;74,8;99,0;0,0;1555,2;1200,0;5,8;37,5;43,2;1,4;87,5;37,5;6,5;15,4;48,7;7;24,5;210;36,7;65,1;314;0,294;18,8;38,0;830;1770;130;80;-1,1;0,0;0;0,0;44,4;379;44,4;0,0;0;0,0;1,1;2,08;0,0;Plintossolo pétrico;Afluente s/n do Córrego Ouro Fino;Bacia do Rio Cuiabá;Bacia do Rio Cuiabá;31,7;;Sentinel-2 de 23/08/2026, pixels de 10 m;Landsat de 13/08/2026, pixels de 30 m
510340305410237;Cuiabá;Urbana;Jardim Ubirajara;Cuiabá;;0,175;786;4500,5;328;2,4;3,1;15,3;54,2;64,4;0,0;96,0;100,0;95,7;2,7;100,0;0,0;5902,7;4000,0;1,1;100,0;100,0;100,0;100,0;100,0;100,0;10,8;7,9;7;11,2;88;8,8;19,8;69;0,216;13,9;39,1;780;1990;230;320;0,0;0,0;0;0,0;13,7;107;13,7;0,0;0;0,0;0,9;2,08;0,0;Plintossolo pétrico;Afluente s/n do Córrego Ouro Fino;Bacia do Rio Cuiabá;Bacia do Rio Cuiabá;30,9;;Sentinel-2 de 23/08/2026, pixels de 10 m;Landsat de 13/08/2026, pixels de 30 m
510340305410238;Cuiabá;Urbana;Alvorada;Cuiabá;;0,193;207;1072,3;72;2,9;8,7;19,3;52,2;72,0;0,0;100,0;100,0;100,0;0,0;98,6;0,0;3002,6;1999,0;;55,6;80,2;31,4;98,6;74,4;8,7;33,3;22,4;6;7,5;16;7,0;20,1;14;0,332;28,9;38,9;1030;1180;190;430;-0,2;0,0;0;0,0;15,0;31;15,0;0,0;0;0,0;0,0;2,08;0,0;Plintossolo pétrico;Córrego Quarta-Feira;Bacia do Rio Cuiabá;Bacia do Rio Cuiabá;269,5;;Sentinel-2 de 23/08/2026, pixels de 10 m;Landsat de 13/08/2026, pixels de 30 m
510340305410239;Cuiabá;Urbana;Alvorada;Cuiabá;Antônio Dias;0,04;348;8635,9;121;2,9;6,6;11,8;53,4;71,3;2,0;100,0;100,0;81,8;9,1;100,0;0,0;3021,5;2000,0;1,8;100,0;11,2;0,0;100,0;97,1;45,7;10,3;27,1;7;39,6;138;39,4;71,2;137;0,264;18,2;38,6;660;1360;390;800;-0,5;0,0;0;0,0;60,2;209;60,2;0,0;0;0,0;0,0;2,08;0,0;Plintossolo pétrico;Córrego Quarta-Feira;Bacia do Rio Cuiabá;Bacia do Rio Cuiabá;20,9;;Sentinel-2 de 23/08/2026, pixels de 10 m;Landsat de 13/08/2026, pixels de 30 m
510340305410240;Cuiabá;Urbana;Ribeirão do Lipa;Cuiabá;;0,292;534;1827,0;188;2,8;7,5;15,2;50,2;59,7;0,0;100,0;100,0;72,9;0,0;100,0;0,0;6002,1;2050,0;2,7;68,7;93,6;70,6;100,0;68,7;64,6;68,7;17,5;7;9,0;48;20,1;48,6;107;0,414;40,7;37,4;980;660;870;690;-1,7;0,0;0;0,0;22,1;118;31,5;0,0;0;0,0;38,6;2,02;0,0;Plintossolo pétrico;Córrego Santa Isabel;Bacia do Rio Cuiabá;Bacia do Rio Cuiabá;222,6;;Sentinel-2 de 23/08/2026, pixels de 10 m;Landsat de 13/08/2026, pixels de 30 m
510340305410241;Cuiabá;Urbana;Ribeirão do Lipa;Cuiabá;;0,224;1573;7013,9;619;2,5;5,1;17,0;54,2;68,7;0,0;99,8;99,8;66,6;19,5;99,8;0,0;5919,3;4000,0;1,7;95,7;80,0;71,1;100,0;95,7;22,1;71,8;15,6;7;0,3;5;0,4;4,6;6;0,328;28,3;37,6;1160;530;810;180;-1,5;0,0;0;0,0;0,0;0;17,0;0,0;0;0,0;20,8;2,05;0,0;Plintossolo pétrico;Córrego Santa Isabel;Bacia do Rio Cuiabá;Bacia do Rio Cuiabá;40,3;;Sentinel-2 de 23/08/2026, pixels de 10 m;Landsat de 13/08/2026, pixels de 30 m
510340305410242;Cuiabá;Urbana;Santa Marta;Cuiabá;;0,088;422;4790,5;204;2,1;17,5;9,0;51,9;45,3;;96,6;100,0;88,7;7,8;100,0;0,0;10317,2;9250,0;0,0;100,0;92,9;81,8;100,0;100,0;100,0;0,0;5,1;7;0,0;0;0,0;3,7;0;0,216;6,0;38,7;1080;1180;200;130;-0,4;0,0;0;0,0;0,0;0;0,0;0,0;0;0,0;0,0;2,08;0,0;Plintossolo pétrico;Córrego Quarta-Feira;Bacia do Rio Cuiabá;Bacia do Rio Cuiabá;12,5;;Sentinel-2 de 23/08/2026, pixels de 10 m;Landsat de 13/08/2026, pixels de 30 m
510340305410243;Cuiabá;Urbana;Santa Marta;Cuiabá;;0,048;654;13506,8;279;2,3;6,7;15,1;54,9;33,5;0,0;100,0;99,6;95,3;0,0;100,0;0,0;11685,5;10000,0;;95,9;100,0;94,0;100,0;95,9;95,9;0,0;2,8;6;0,0;0;0,0;7,0;0;0,098;1,9;37,7;880;810;320;160;-1,4;0,0;0;0,0;0,0;0;0,0;0,0;0;0,0;0,0;2,08;0,0;Plintossolo pétrico;Córrego Bufante;Bacia do Rio Cuiabá;Bacia do Rio Cuiabá;1,4;;Sentinel-2 de 23/08/2026, pixels de 10 m;Landsat de 13/08/2026, pixels de 30 m
510340305410244;Cuiabá;Urbana;Ribeirão da Ponte;Cuiabá;;0,062;376;6042,5;137;2,7;17,0;10,6;52,7;83,0;;98,5;100,0;91,2;0,0;98,5;0,0;2280,7;1500,0;2,6;100,0;47,9;0,0;100,0;100,0;58,0;0,0;23,6;7;1,7;7;10,5;34,2;40;0,235;7,6;39,2;80;590;110;280;0,1;0,0;0;0,0;0,0;0;0,0;0,0;0;0,0;0,0;2,08;0,0;Plintossolo pétrico;Córrego Santa Isabel;Bacia do Rio Cuiabá;Bacia do Rio Cuiabá;12,5;;Sentinel-2 de 23/08/2026, pixels de 10 m;Landsat de 13/08/2026, pixels de 30 m
510340305410245;Cuiabá;Urbana;Ribeirão da Ponte;Cuiabá;;0,063;373;5880,2;190;2;16,6;8,6;50,9;54,2;;98,4;100,0;93,7;0,0;99,5;0,0;5496,2;4000,0;2,1;100,0;93,6;52,3;100,0;100,0;33,8;2,4;10,4;7;0,0;0;0,0;0,0;0;0,196;5,8;38,8;80;730;180;180;-0,3;0,0;0;0,0;0,0;0;0,0;0,0;0;0,0;0,0;2,08;0,0;Plintossolo pétrico;Córrego Santa Isabel;Bacia do Rio Cuiabá;Bacia do Rio Cuiabá;9,8;;Sentinel-2 de 23/08/2026, pixels de 10 m;Landsat de 13/08/2026, pixels de 30 m
510340305410246;Cuiabá;Urbana;Despraiado;Cuiabá;;0,049;364;7450,9;166;2,2;9,3;11,3;49,5;63,5;0,8;100,0;100,0;94,0;1,8;100,0;0,0;5074,1;4500,0;3,4;100,0;92,6;91,5;100,0;100,0;100,0;82,7;12,0;7;19,6;72;47,1;61,4;172;0,373;31,4;37,1;960;1220;310;600;-2,0;0,0;0;0,0;31,5;115;31,5;0,0;0;0,0;20,6;2,03;0,0;Plintossolo pétrico;Córrego Quarta-Feira;Bacia do Rio Cuiabá;Bacia do Rio Cuiabá;42,3;;Sentinel-2 de 23/08/2026, pixels de 10 m;Landsat de 13/08/2026, pixels de 30 m
510340305410247;Cuiabá;Urbana;Despraiado;Cuiabá;;0,211;564;2675,8;249;2,3;12,1;10,6;56,4;53,7;0,0;99,2;100,0;93,2;1,2;99,6;0,0;9792,6;5700,0;;97,5;88,7;79,3;100,0;97,2;38,5;5,9;6,3;6;20,3;114;20,4;37,5;115;0,34;29,8;37,5;1110;980;30;360;-1,6;0,0;0;0,0;27,9;158;27,9;0,0;0;0,0;3,6;2,07;0,0;Plintossolo pétrico;Córrego Quarta-Feira;Bacia do Rio Cuiabá;Bacia do Rio Cuiabá;111,5;;Sentinel-2 de 23/08/2026, pixels de 10 m;Landsat de 13/08/2026, pixels de 30 m
510340305410248;Cuiabá;Urbana;Alvorada;Cuiabá;;0,042;393;9451,5;150;2,6;14,5;9,9;51,9;72,5;1,0;100,0;100,0;86,7;0,0;100,0;;2350,2;1800,0;5,2;100,0;7,9;0,0;100,0;100,0;71,2;1,3;32,1;7;0,0;0;0,0;0,0;0;0,121;0,2;40,2;360;1220;710;460;1,1;0,0;0;0,0;0,0;0;0,0;0,0;0;0,0;0,0;2,08;0,0;Plintossolo pétrico;Córrego Quarta-Feira;Bacia do Rio Cuiabá;Bacia do Rio Cuiabá;0,2;;Sentinel-2 de 23/08/2026, pixels de 10 m;Landsat de 13/08/2026, pixels de 30 m
510340305410249;Cuiabá;Urbana;Alvorada;Cuiabá;;0,071;486;6830,2;197;2,5;19,8;9,9;48,6;68,9;0,0;98,0;98,0;79,7;0,0;98,0;2,5;3056,4;2000,0;3,9;100,0;28,7;1,7;100,0;92,5;75,5;23,4;27,8;7;0,0;0;0,0;0,0;0;0,175;2,2;40,1;370;1110;550;400;1,0;0,0;0;0,0;0,0;0;0,0;0,0;0;0,0;0,0;2,08;0,0;Plintossolo pétrico;Córrego Quarta-Feira;Bacia do Rio Cuiabá;Bacia do Rio Cuiabá;3,2;;Sentinel-2 de 23/08/2026, pixels de 10 m;Landsat de 13/08/2026, pixels de 30 m
510340305410250;Cuiabá;Urbana;Araés;Cuiabá;;0,056;546;9698,7;190;2,9;16,8;13,4;52,9;43,0;0,0;97,9;100,0;98,9;0,0;100,0;0,0;11388,2;10000,0;;100,0;96,5;66,3;100,0;100,0;100,0;0,0;2,7;6;0,0;0;0,0;0,0;0;0,266;16,5;38,1;770;460;280;200;-1,0;0,0;0;0,0;0,0;0;0,0;0,0;0;0,0;0,0;2,08;0,0;Plintossolo pétrico;Afluente s/n do Córrego da Prainha;Bacia do Rio Cuiabá;Bacia do Rio Cuiabá;16,9;;Sentinel-2 de 23/08/2026, pixels de 10 m;Landsat de 13/08/2026, pixels de 30 m
510340305410251;Cuiabá;Urbana;Araés;Cuiabá;;0,051;273;5361,0;112;2,4;25,6;9,2;53,5;56,4;;99,1;100,0;96,4;0,0;100,0;0,0;8630,6;6000,0;;100,0;100,0;84,6;100,0;100,0;86,1;37,7;4,3;6;0,0;0;0,0;0,0;0;0,285;21,0;38,0;970;450;260;180;-1,1;0,0;0;0,0;0,0;0;0,0;0,0;0;0,0;0,0;2,08;0,0;Plintossolo pétrico;Afluente s/n do Córrego da Prainha;Bacia do Rio Cuiabá;Bacia do Rio Cuiabá;39,2;;Sentinel-2 de 23/08/2026, pixels de 10 m;Landsat de 13/08/2026, pixels de 30 m
510340305410252;Cuiabá;Urbana;;Cuiabá;;0,097;497;5122,1;181;2,7;7,6;18,9;50,9;52,9;0,0;100,0;100,0;100,0;0,0;100,0;0,0;8003,3;6000,0;0,0;100,0;100,0;100,0;100,0;100,0;100,0;0,0;3,5;7;0,1;0;48,8;92,7;242;0,338;26,1;37,1;480;2560;650;550;-2,0;0,0;0;0,0;24,4;121;24,4;0,0;0;0,0;7,3;2,06;0,0;Plintossolo pétrico;Córrego Ouro Fino;Bacia do Rio Cuiabá;Bacia do Rio Cuiabá;50,9;;Sentinel-2 de 23/08/2026, pixels de 10 m;Landsat de 13/08/2026, pixels de 30 m
510340305410253;Cuiabá;Urbana;;Cuiabá;;0,059;435;7328,9;197;2,2;6,7;15,2;55,4;62,8;0,9;92,9;99,5;99,0;0,0;100,0;0,0;4177,1;4100,0;;100,0;100,0;98,6;100,0;100,0;100,0;0,0;10,4;6;0,0;0;0,0;0,0;0;0,187;2,0;38,3;190;2270;360;550;-0,8;0,0;0;0,0;0,0;0;0,0;0,0;0;0,0;0,0;2,08;0,0;Plintossolo pétrico;Córrego Ouro Fino;Bacia do Rio Cuiabá;Bacia do Rio Cuiabá;2,7;;Sentinel-2 de 23/08/2026, pixels de 10 m;Landsat de 13/08/2026, pixels de 30 m
510340305410254;Cuiabá;Urbana;Quilombo;Cuiabá;;0,091;827;9100,8;307;2,7;12,7;10,0;51,5;33,4;0,0;99,7;100,0;98,4;0,0;99,7;;15775,2;13000,0;0,6;100,0;92,6;64,2;100,0;93,1;92,4;63,7;2,1;7;0,0;0;0,0;20,0;0;0,305;23,9;37,3;310;420;80;180;-1,8;0,0;0;0,0;0,0;0;0,0;0,0;0;0,0;0,0;2,08;0,0;Plintossolo pétrico;Córrego do Caixão;Bacia do Rio Cuiabá;Bacia do Rio Cuiabá;26,3;;Sentinel-2 de 23/08/2026, pixels de 10 m;Landsat de 13/08/2026, pixels de 30 m
510340305410255;Cuiabá;Urbana;Quilombo;Cuiabá;;0,12;512;4272,7;229;2,2;17,8;7,4;54,9;50,8;0,0;100,0;100,0;98,3;0,0;100,0;0,0;9141,2;6000,0;2,0;100,0;80,1;55,9;100,0;100,0;79,5;11,9;8,0;7;0,0;0;0,0;0,0;0;0,309;25,6;37,0;110;170;330;100;-2,1;0,0;0;0,0;0,0;0;0,0;0,0;0;0,0;0,0;2,08;0,0;Plintossolo pétrico;Córrego do Caixão;Bacia do Rio Cuiabá;Bacia do Rio Cuiabá;60,0;;Sentinel-2 de 23/08/2026, pixels de 10 m;Landsat de 13/08/2026, pixels de 30 m
510340305410256;Cuiabá;Urbana;Porto;Cuiabá;;0,027;445;16517,4;184;2,4;11,0;12,1;55,1;53,3;0,7;100,0;100,0;92,4;0,0;100,0;0,0;7481,2;6000,0;;100,0;95,5;95,5;100,0;100,0;100,0;0,0;6,6;6;0,0;0;0,0;45,7;0;0,221;10,1;38,0;940;690;200;590;-1,1;0,0;0;0,0;0,0;0;0,0;0,0;0;0,0;0,0;2,08;0,0;Plintossolo pétrico;Córrego Engole Cobra;Bacia do Rio Cuiabá;Bacia do Rio Cuiabá;6,1;;Sentinel-2 de 23/08/2026, pixels de 10 m;Landsat de 13/08/2026, pixels de 30 m
510340305410257;Cuiabá;Urbana;Porto;Cuiabá;;0,017;609;36335,4;251;2,4;9,9;14,6;56,2;47,9;0,0;96,8;100,0;97,2;0,0;100,0;0,0;7029,8;5500,0;;100,0;100,0;100,0;100,0;100,0;100,0;0,0;6,1;6;0,0;0;0,0;83,3;0;0,133;0,0;37,3;860;730;270;630;-1,8;0,0;0;0,0;0,0;0;0,0;0,0;0;0,0;0,0;2,08;0,0;Plintossolo pétrico;Córrego Engole Cobra;Bacia do Rio Cuiabá;Bacia do Rio Cuiabá;0,0;;Sentinel-2 de 23/08/2026, pixels de 10 m;Landsat de 13/08/2026, pixels de 30 m
510340305410258;Cuiabá;Urbana;Porto;Cuiabá;;0,018;438;24207,1;188;2,3;13,5;11,2;51,8;62,3;0,0;98,4;100,0;100,0;0,0;99,5;0,0;4518,4;3000,0;1,1;100,0;100,0;0,0;100,0;100,0;100,0;0,0;8,7;7;0,0;0;0,0;40,7;0;0,165;0,0;38,6;810;760;340;560;-0,5;0,0;0;0,0;0,0;0;0,0;3,8;17;0,0;0,0;2,08;0,0;Plintossolo pétrico;Córrego Mané Pinto;Bacia do Rio Cuiabá;Bacia do Rio Cuiabá;0,0;;Sentinel-2 de 23/08/2026, pixels de 10 m;Landsat de 13/08/2026, pixels de 30 m
510340305410259;Cuiabá;Urbana;Ribeirão do Lipa;Cuiabá;;2,097;295;140,7;87;3,4;10,2;18,0;50,2;84,1;;100,0;100,0;23,0;70,1;98,9;0,0;3410,9;2500,0;4,7;76,9;42,7;23,1;100,0;80,7;78,6;26,4;36,8;7;13,4;40;17,0;34,6;50;0,496;65,0;36,3;90;600;380;910;-2,8;0,0;0;0,0;23,6;70;38,7;0,0;0;0,0;60,1;1,97;0,0;Plintossolo pétrico;Córrego Santa Isabel;Bacia do Rio Cuiabá;Bacia do Rio Cuiabá;4620,5;;Sentinel-2 de 23/08/2026, pixels de 10 m;Landsat de 13/08/2026, pixels de 30 m
510340305410260;Cuiabá;Urbana;Ribeirão do Lipa;Cuiabá;Ribeirão do Lipa C;0,034;139;4065,8;42;3,3;2,9;15,1;46,8;80,6;0,0;100,0;97,6;;73,8;100,0;0,0;1771,0;1600,0;3,0;29,5;59,7;18,7;100,0;29,5;62,6;0,0;37,6;6;0,0;0;0,0;68,6;0;0,375;34,9;38,3;940;290;520;480;-0,8;0,0;0;0,0;0,0;0;12,7;0,0;0;0,0;9,8;2,06;0,0;Plintossolo pétrico;Córrego Santa Isabel;Bacia do Rio Cuiabá;Bacia do Rio Cuiabá;85,4;;Sentinel-2 de 23/08/2026, pixels de 10 m;Landsat de 13/08/2026, pixels de 30 m
510340305410261;Cuiabá;Urbana;;Cuiabá;;0,458;60;131,0;17;3,5;8,3;5,0;56,7;66,7;0,0;70,6;100,0;64,7;0,0;100,0;0,0;10138,1;1800,0;;100,0;0,0;0,0;100,0;100,0;100,0;100,0;30,2;6;12,2;7;4,7;17,2;3;0,307;24,5;38,8;2880;2380;530;120;-0,3;0,0;0;0,0;0,2;0;13,9;0,0;0;0,0;12,6;2,06;0,0;Plintossolo pétrico;Afluente s/n do Ribeirão do Lipa;Bacia do Rio Cuiabá;Bacia do Rio Cuiabá;1870,2;;Sentinel-2 de 23/08/2026, pixels de 10 m;Landsat de 13/08/2026, pixels de 30 m
510340305410262;Cuiabá;Urbana;;Cuiabá;;0,449;720;1604,7;272;2,6;12,4;11,1;51,5;40,6;0,0;97,8;100,0;92,6;0,0;100,0;0,0;18162,8;15000,0;;100,0;100,0;100,0;100,0;100,0;100,0;0,0;1,6;6;0,0;0;0,0;0,6;0;0,142;1,4;39,2;3510;3170;880;630;0,1;0,0;0;0,0;0,0;0;3,1;0,0;0;0,0;0,0;2,09;0,0;Plintossolo pétrico;Microbacia sem nome;Bacia do Rio Cuiabá;Bacia do Rio Cuiabá;8,7;;Sentinel-2 de 23/08/2026, pixels de 10 m;Landsat de 13/08/2026, pixels de 30 m
510340305420001;Cuiabá;Urbana;Areão;Cuiabá;;0,159;870;5463,6;307;2,8;22,4;11,0;50,6;70,6;;96,4;100,0;98,4;0,0;99,3;0,0;3643,4;2400,0;3,3;100,0;60,9;1,1;100,0;100,0;98,0;2,4;18,7;7;1,2;11;41,1;60,3;357;0,176;3,3;39,1;560;1070;210;80;0,0;0,0;0;0,0;3,5;31;10,3;0,0;0;0,0;0,0;2,08;0,0;Plintossolo pétrico;Córrego Gambazinho;Bacia do Rio Cuiabá;Bacia do Rio Cuiabá;6,0;;Sentinel-2 de 23/08/2026, pixels de 10 m;Landsat de 13/08/2026, pixels de 30 m
510340305420002;Cuiabá;Urbana;Areão;Cuiabá;;0,058;428;7415,3;152;2,8;19,4;8,9;51,4;62,1;0,0;100,0;99,3;98,7;0,0;100,0;;2696,5;2000,0;6,1;93,5;54,0;11,0;100,0;90,2;77,1;0,0;24,8;7;0,0;0;0,0;1,9;0;0,166;3,6;40,0;650;1520;370;470;0,9;0,0;0;0,0;0,0;0;0,0;0,0;0;0,0;0,0;2,08;0,0;Plintossolo pétrico;Córrego Gambazinho;Bacia do Rio Cuiabá;Bacia do Rio Cuiabá;4,9;;Sentinel-2 de 23/08/2026, pixels de 10 m;Landsat de 13/08/2026, pixels de 30 m
510340305420003;Cuiabá;Urbana;Areão;Cuiabá;;0,138;453;3294,3;230;2;10,8;9,1;52,1;44,2;0,0;80,9;100,0;100,0;0,0;100,0;0,0;5265,1;4000,0;0,0;100,0;98,9;96,5;100,0;100,0;98,9;0,0;9,3;7;0,0;0;0,0;0,0;0;0,145;3,0;39,4;580;1770;170;420;0,3;0,0;0;0,0;0,0;0;0,0;0,0;0;0,0;0,0;2,08;0,0;Plintossolo pétrico;Afluente s/n do Rio Cuiabá;Bacia do Rio Cuiabá;Bacia do Rio Cuiabá;9,1;;Sentinel-2 de 23/08/2026, pixels de 10 m;Landsat de 13/08/2026, pixels de 30 m
510340305420004;Cuiabá;Urbana;Areão;Cuiabá;;0,133;482;3636,0;219;2,2;22,4;8,9;51,9;44,8;;97,7;99,1;94,1;0,0;100,0;0,0;6127,2;4800,0;1,2;100,0;92,5;48,3;100,0;97,7;93,4;7,9;8,8;7;0,0;0;47,1;59,3;227;0,154;3,0;39,0;310;1460;270;250;-0,1;0,0;0;0,0;5,1;25;5,1;0,0;0;0,0;0,0;2,08;0,0;Plintossolo pétrico;Córrego Gambazinho;Bacia do Rio Cuiabá;Bacia do Rio Cuiabá;8,3;;Sentinel-2 de 23/08/2026, pixels de 10 m;Landsat de 13/08/2026, pixels de 30 m
510340305420005;Cuiabá;Urbana;Areão;Cuiabá;;0,14;395;2817,5;162;2,4;16,5;10,4;49,6;78,0;;100,0;100,0;98,1;0,0;99,4;0,0;2909,8;1500,0;;100,0;76,2;20,0;100,0;100,0;95,7;28,4;16,1;6;0,0;0;98,6;100,0;390;0,205;9,2;39,4;30;1280;20;90;0,3;0,0;0;0,0;48,8;193;48,8;0,0;0;0,0;0,0;2,08;0,0;Plintossolo pétrico;Córrego Gambazinho;Bacia do Rio Cuiabá;Bacia do Rio Cuiabá;32,6;;Sentinel-2 de 23/08/2026, pixels de 10 m;Landsat de 13/08/2026, pixels de 30 m
510340305420006;Cuiabá;Urbana;Areão;Cuiabá;;0,114;337;2948,2;114;3;21,7;11,6;50,4;65,3;;98,2;99,1;96,5;0,0;100,0;;4070,8;2419,0;0,0;100,0;60,5;6,5;100,0;100,0;38,6;10,4;14,3;7;0,0;0;24,8;43,4;84;0,197;7,8;39,6;370;930;160;150;0,5;0,0;0;0,0;0,0;0;0,0;0,0;0;0,0;0,0;2,08;0,0;Plintossolo pétrico;Córrego Gambazinho;Bacia do Rio Cuiabá;Bacia do Rio Cuiabá;26,4;;Sentinel-2 de 23/08/2026, pixels de 10 m;Landsat de 13/08/2026, pixels de 30 m
510340305420007;Cuiabá;Urbana;Lixeira;Cuiabá;;0,107;368;3441,7;147;2,5;27,2;9,8;55,7;67,4;;99,3;100,0;89,8;0,0;100,0;0,0;3083,4;2000,0;0,9;92,1;58,2;26,9;92,1;92,1;66,8;10,3;19,3;7;0,0;0;0,0;0,0;0;0,194;9,4;38,9;270;660;390;10;-0,2;0,0;0;0,0;0,0;0;0,0;0,0;0;0,0;0,0;2,08;0,0;Plintossolo pétrico;Córrego Gambazinho;Bacia do Rio Cuiabá;Bacia do Rio Cuiabá;27,3;;Sentinel-2 de 23/08/2026, pixels de 10 m;Landsat de 13/08/2026, pixels de 30 m
510340305420008;Cuiabá;Urbana;Lixeira;Cuiabá;;0,13;539;4151,0;215;2,5;19,1;8,3;51,2;66,0;1,7;99,1;99,5;85,6;0,0;100,0;0,0;3363,2;2400,0;1,1;100,0;63,6;17,3;100,0;100,0;83,1;1,5;17,7;7;0,0;0;2,4;6,3;13;0,261;18,1;38,7;120;650;110;180;-0,4;0,0;0;0,0;0,0;0;19,7;0,0;0;0,0;0,0;2,08;0,0;Plintossolo pétrico;Córrego Gambazinho;Bacia do Rio Cuiabá;Bacia do Rio Cuiabá;43,7;;Sentinel-2 de 23/08/2026, pixels de 10 m;Landsat de 13/08/2026, pixels de 30 m
510340305420009;Cuiabá;Urbana;Lixeira;Cuiabá;;0,114;625;5462,5;242;2,6;23,7;9,9;53,6;78,1;1,0;99,6;100,0;92,6;0,0;100,0;0,0;3303,3;2700,0;4,0;100,0;56,0;12,5;100,0;97,8;95,0;2,6;21,0;7;1,4;9;0,0;1,8;0;0,231;11,0;38,9;360;690;250;200;-0,2;0,0;0;0,0;0,0;0;5,3;0,0;0;0,0;0,0;2,08;0,0;Plintossolo pétrico;Córrego Gambazinho;Bacia do Rio Cuiabá;Bacia do Rio Cuiabá;20,1;;Sentinel-2 de 23/08/2026, pixels de 10 m;Landsat de 13/08/2026, pixels de 30 m
510340305420010;Cuiabá;Urbana;Lixeira;Cuiabá;;0,077;560;7292,3;207;2,7;15,2;13,9;51,1;84,1;;100,0;99,5;95,7;0,0;100,0;0,0;2207,7;1500,0;5,0;100,0;75,0;0,0;100,0;100,0;83,9;0,0;21,3;7;45,1;253;17,6;42,4;99;0,318;26,2;38,6;330;750;330;250;-0,5;0,0;0;0,0;0,0;0;48,8;0,0;0;0,0;0,0;2,08;0,0;Plintossolo pétrico;Córrego Gambazinho;Bacia do Rio Cuiabá;Bacia do Rio Cuiabá;36,0;;Sentinel-2 de 23/08/2026, pixels de 10 m;Landsat de 13/08/2026, pixels de 30 m
510340305420011;Cuiabá;Urbana;Baú;Cuiabá;;0,111;443;4001,8;208;2,1;25,1;8,8;52,4;68,2;0,0;99,5;99,5;96,2;0,0;100,0;0,0;3906,5;2550,0;1,5;100,0;75,6;1,9;100,0;99,3;87,2;0,2;13,9;7;0,0;0;0,0;0,0;0;0,145;2,4;39,4;550;400;180;120;0,3;0,0;0;0,0;0,0;0;0,0;0,0;0;0,0;0,0;2,08;0,0;Plintossolo pétrico;Afluente s/n do Córrego da Prainha;Bacia do Rio Cuiabá;Bacia do Rio Cuiabá;6,0;;Sentinel-2 de 23/08/2026, pixels de 10 m;Landsat de 13/08/2026, pixels de 30 m
510340305420012;Cuiabá;Urbana;Baú;Cuiabá;;0,114;366;3203,1;157;2,3;25,4;5,7;52,5;60,4;;98,7;100,0;72,6;0,0;99,4;0,0;6088,3;4700,0;1,2;100,0;94,3;36,9;100,0;100,0;100,0;0,0;11,6;7;0,0;0;0,0;0,0;0;0,159;5,7;38,7;460;100;140;180;-0,4;0,0;0;0,0;0,0;0;0,0;0,0;0;0,0;0,0;2,08;0,0;Plintossolo pétrico;Afluente s/n do Córrego da Prainha;Bacia do Rio Cuiabá;Bacia do Rio Cuiabá;17,8;;Sentinel-2 de 23/08/2026, pixels de 10 m;Landsat de 13/08/2026, pixels de 30 m
510340305420013;Cuiabá;Urbana;Baú;Cuiabá;;0,13;350;2697,4;124;2,8;22,6;8,6;49,7;61,4;0,9;98,4;99,2;89,5;0,0;99,2;0,0;5463,5;3500,0;;100,0;83,1;26,9;100,0;100,0;96,9;7,7;12,0;6;0,3;1;0,0;0,0;0;0,223;12,8;38,4;60;470;180;160;-0,7;0,0;0;0,0;0,0;0;0,8;0,0;0;0,0;0,0;2,08;0,0;Plintossolo pétrico;Afluente s/n do Córrego da Prainha;Bacia do Rio Cuiabá;Bacia do Rio Cuiabá;47,5;;Sentinel-2 de 23/08/2026, pixels de 10 m;Landsat de 13/08/2026, pixels de 30 m
510340305420014;Cuiabá;Urbana;Bosque da Saúde;Cuiabá;;0,055;379;6897,9;186;2;18,2;5,8;54,1;35,6;0,0;100,0;99,5;98,4;1,6;99,5;0,0;6608,1;5001,0;0,0;100,0;100,0;100,0;100,0;100,0;0,0;0,0;5,1;7;0,0;0;0,0;0,0;0;0,11;0,5;38,3;430;490;370;140;-0,8;0,0;0;0,0;0,0;0;0,0;0,0;0;0,0;0,0;2,08;0,0;Plintossolo pétrico;Afluente s/n do Córrego da Prainha;Bacia do Rio Cuiabá;Bacia do Rio Cuiabá;0,7;;Sentinel-2 de 23/08/2026, pixels de 10 m;Landsat de 13/08/2026, pixels de 30 m
510340305420015;Cuiabá;Urbana;Bosque da Saúde;Cuiabá;;0,133;631;4758,2;254;2,5;24,1;8,2;52,3;51,5;0,0;99,6;99,6;91,7;3,9;99,2;0,0;9000,1;5500,0;1,5;97,3;89,5;70,2;100,0;97,3;60,8;8,0;7,7;7;0,0;0;0,0;0,0;0;0,161;4,0;39,2;410;440;190;390;0,1;0,0;0;0,0;0,0;0;0,0;0,0;0;0,0;0,0;2,08;0,0;Plintossolo pétrico;Afluente s/n do Rio Cuiabá;Bacia do Rio Cuiabá;Bacia do Rio Cuiabá;8,4;;Sentinel-2 de 23/08/2026, pixels de 10 m;Landsat de 13/08/2026, pixels de 30 m
510340305420016;Cuiabá;Urbana;Bosque da Saúde;Cuiabá;;0,057;249;4357,9;87;2,9;16,5;14,1;54,2;79,5;;100,0;98,9;98,9;0,0;100,0;0,0;2377,7;1700,0;2,5;100,0;97,6;96,0;100,0;100,0;44,6;43,0;14,5;7;1,6;4;7,8;17,6;20;0,209;8,3;39,4;970;630;220;240;0,3;0,0;0;0,0;27,4;68;30,5;0,0;0;0,0;0,0;2,08;0,0;Plintossolo pétrico;Afluente s/n do Rio Cuiabá;Bacia do Rio Cuiabá;Bacia do Rio Cuiabá;19,0;;Sentinel-2 de 23/08/2026, pixels de 10 m;Landsat de 13/08/2026, pixels de 30 m
510340305420017;Cuiabá;Urbana;Bosque da Saúde;Cuiabá;;0,177;398;2250,2;165;2,4;16,3;10,6;49,0;74,4;;99,4;99,4;87,9;0,0;99,4;0,0;2767,3;2000,0;2,1;100,0;85,7;17,6;100,0;100,0;92,7;6,8;16,6;7;3,4;13;6,5;23,2;26;0,153;4,6;40,2;980;780;90;350;1,1;0,0;0;0,0;3,9;15;3,9;0,0;0;0,0;0,0;2,08;0,0;Plintossolo pétrico;Afluente s/n do Rio Cuiabá;Bacia do Rio Cuiabá;Bacia do Rio Cuiabá;20,5;;Sentinel-2 de 23/08/2026, pixels de 10 m;Landsat de 13/08/2026, pixels de 30 m
510340305420018;Cuiabá;Urbana;Jardim Aclimação;Cuiabá;;0,099;637;6438,3;259;2,5;14,0;14,6;52,6;37,2;0,0;98,5;100,0;98,5;0,0;100,0;0,0;10290,8;8000,0;;100,0;100,0;59,5;100,0;100,0;100,0;0,0;2,8;6;5,6;36;15,4;27,9;98;0,248;19,6;38,6;510;330;350;110;-0,5;0,0;0;0,0;0,0;0;13,4;0,0;0;0,0;0,0;2,08;0,0;Plintossolo pétrico;Afluente s/n do Rio Cuiabá;Bacia do Rio Cuiabá;Bacia do Rio Cuiabá;30,5;;Sentinel-2 de 23/08/2026, pixels de 10 m;Landsat de 13/08/2026, pixels de 30 m
510340305420019;Cuiabá;Urbana;Jardim Aclimação;Cuiabá;;0,182;335;1835,8;109;3,1;13,7;15,8;54,6;30,1;0,0;99,1;100,0;100,0;0,0;98,2;0,0;26292,5;20000,0;;100,0;91,9;91,9;100,0;100,0;86,3;5,7;1,9;6;12,2;41;2,6;13,5;9;0,257;21,8;38,9;230;770;250;310;-0,2;0,0;0;0,0;0,0;0;13,8;0,0;0;0,0;0,0;2,08;0,0;Plintossolo pétrico;Afluente s/n do Rio Cuiabá;Bacia do Rio Cuiabá;Bacia do Rio Cuiabá;118,4;;Sentinel-2 de 23/08/2026, pixels de 10 m;Landsat de 13/08/2026, pixels de 30 m
510340305420020;Cuiabá;Urbana;Terra Nova;Cuiabá;;0,021;321;15264,6;155;2,1;16,8;8,1;57,0;49,5;0,0;100,0;100,0;96,8;0,0;100,0;0,0;5878,9;4119,0;0,0;100,0;100,0;100,0;100,0;100,0;0,0;0,0;5,9;7;14,3;46;0,0;28,6;0;0,222;15,9;37,5;60;740;30;230;-1,6;0,0;0;0,0;0,0;0;7,4;0,0;0;0,0;0,0;2,08;0,0;Plintossolo pétrico;Afluente s/n do Rio Cuiabá;Bacia do Rio Cuiabá;Bacia do Rio Cuiabá;10,4;;Sentinel-2 de 23/08/2026, pixels de 10 m;Landsat de 13/08/2026, pixels de 30 m
510340305420021;Cuiabá;Urbana;Terra Nova;Cuiabá;;0,021;446;20843,6;211;2,1;17,7;8,7;54,7;50,4;0,0;45,0;100,0;96,7;0,0;100,0;0,0;6388,2;5000,0;;100,0;100,0;27,6;100,0;100,0;43,7;0,0;16,2;6;0,0;0;0,0;0,0;0;0,198;4,2;38,3;200;770;150;180;-0,8;0,0;0;0,0;0,0;0;0,0;0,0;0;0,0;0,0;2,08;0,0;Plintossolo pétrico;Afluente s/n do Rio Cuiabá;Bacia do Rio Cuiabá;Bacia do Rio Cuiabá;2,0;;Sentinel-2 de 23/08/2026, pixels de 10 m;Landsat de 13/08/2026, pixels de 30 m
510340305420022;Cuiabá;Urbana;Terra Nova;Cuiabá;;0,035;533;15047,1;239;2,2;15,0;9,0;56,7;54,4;;10,0;100,0;96,7;2,5;100,0;0,0;5857,5;4500,0;0,9;100,0;100,0;100,0;100,0;100,0;0,0;0,0;20,8;7;0,0;0;0,0;0,0;0;0,191;3,9;38,5;270;910;230;40;-0,6;0,0;0;0,0;0,0;0;0,0;0,0;0;0,0;0,0;2,08;0,0;Plintossolo pétrico;Afluente s/n do Rio Cuiabá;Bacia do Rio Cuiabá;Bacia do Rio Cuiabá;2,6;;Sentinel-2 de 23/08/2026, pixels de 10 m;Landsat de 13/08/2026, pixels de 30 m
510340305420023;Cuiabá;Urbana;Terra Nova;Cuiabá;;0,033;716;22026,6;328;2,2;11,5;10,9;55,3;59,9;0,0;99,4;100,0;98,5;0,0;100,0;0,0;5674,0;4000,0;0,5;100,0;100,0;82,1;100,0;100,0;100,0;56,8;6,6;7;0,0;0;0,0;0,0;0;0,166;1,8;39,0;440;1060;330;160;-0,1;0,0;0;0,0;0,0;0;0,0;0,0;0;0,0;0,0;2,08;0,0;Plintossolo pétrico;Afluente s/n do Rio Cuiabá;Bacia do Rio Cuiabá;Bacia do Rio Cuiabá;0,8;;Sentinel-2 de 23/08/2026, pixels de 10 m;Landsat de 13/08/2026, pixels de 30 m
510340305420024;Cuiabá;Urbana;Bela Vista;Cuiabá;;0,046;433;9410,6;144;3;17,3;11,8;48,7;76,0;;100,0;100,0;98,6;0,0;100,0;0,0;2011,0;1212,0;5,6;89,1;61,4;0,0;100,0;90,5;31,9;3,5;25,7;7;11,7;51;18,6;46,5;81;0,206;3,0;40,3;640;1180;390;260;1,2;0,0;0;0,0;9,0;39;9,0;0,0;0;0,0;0,0;2,08;0,0;Plintossolo pétrico;Afluente s/n do Rio Cuiabá;Bacia do Rio Cuiabá;Bacia do Rio Cuiabá;3,2;;Sentinel-2 de 23/08/2026, pixels de 10 m;Landsat de 13/08/2026, pixels de 30 m
510340305420025;Cuiabá;Urbana;Dom Bosco;Cuiabá;Região do Dom Bosco;0,081;507;6233,9;159;3,2;11,2;13,6;53,3;80,3;0,0;98,1;99,4;32,7;62,9;98,1;0,0;2145,2;1375,0;8,6;95,3;90,1;54,6;100,0;100,0;100,0;0,0;33,6;7;53,9;273;42,9;83,9;217;0,388;36,5;38,3;660;680;350;180;-0,8;0,0;0;0,0;56,8;288;75,6;0,0;0;0,0;0,0;2,08;0,0;Plintossolo pétrico;Afluente s/n do Rio Cuiabá;Bacia do Rio Cuiabá;Bacia do Rio Cuiabá;58,3;;Sentinel-2 de 23/08/2026, pixels de 10 m;Landsat de 13/08/2026, pixels de 30 m
510340305420026;Cuiabá;Urbana;Canjica;Cuiabá;;0,049;517;10518,1;189;2,7;13,9;12,0;50,9;79,7;0,0;100,0;98,4;93,1;6,3;99,5;0,0;2573,9;2000,0;6,9;100,0;29,2;0,0;100,0;100,0;79,1;0,0;29,5;7;9,9;51;2,4;26,8;13;0,19;6,2;39,2;350;610;190;410;0,1;0,0;0;0,0;0,0;0;7,7;0,0;0;0,0;0,0;2,08;0,0;Plintossolo pétrico;Afluente s/n do Rio Cuiabá;Bacia do Rio Cuiabá;Bacia do Rio Cuiabá;5,9;;Sentinel-2 de 23/08/2026, pixels de 10 m;Landsat de 13/08/2026, pixels de 30 m
510340305420028;Cuiabá;Urbana;Pedregal;Cuiabá;;0,063;618;9872,9;214;2,9;17,0;12,3;53,2;82,2;0,5;100,0;100,0;99,5;0,0;100,0;0,0;2333,7;1500,0;3,2;100,0;15,7;4,4;100,0;100,0;26,1;0,2;27,1;7;0,0;0;0,0;0,0;0;0,134;0,5;40,5;750;1040;240;340;1,4;0,0;0;0,0;0,0;0;0,0;0,0;0;0,0;0,0;2,08;0,0;Plintossolo pétrico;Afluente s/n do Rio Cuiabá;Bacia do Rio Cuiabá;Bacia do Rio Cuiabá;0,5;;Sentinel-2 de 23/08/2026, pixels de 10 m;Landsat de 13/08/2026, pixels de 30 m
510340305420029;Cuiabá;Urbana;Pedregal;Cuiabá;Pedregal;0,106;617;5816,3;190;3,2;17,8;13,9;52,2;80,4;0,0;97,4;98,4;91,1;2,6;98,9;0,0;1976,4;1300,0;8,0;100,0;67,8;3,9;100,0;99,5;52,5;0,0;27,6;7;20,7;128;38,4;56,2;237;0,277;17,1;39,6;650;1110;260;150;0,5;0,0;0;0,0;17,5;108;17,5;0,0;0;0,0;0,0;2,08;0,0;Plintossolo pétrico;Afluente s/n do Rio Cuiabá;Bacia do Rio Cuiabá;Bacia do Rio Cuiabá;29,4;;Sentinel-2 de 23/08/2026, pixels de 10 m;Landsat de 13/08/2026, pixels de 30 m
510340305420030;Cuiabá;Urbana;Pedregal;Cuiabá;;0,055;584;10595,1;182;3,2;15,8;14,6;52,4;74,7;0,5;99,5;100,0;100,0;0,0;100,0;0,0;2131,3;1300,0;6,7;100,0;59,2;0,0;100,0;100,0;22,9;0,0;25,2;7;5,8;34;8,9;21,4;52;0,177;1,8;40,2;440;1320;290;90;1,1;0,0;0;0,0;2,1;12;2,1;0,0;0;0,0;0,0;2,08;0,0;Plintossolo pétrico;Afluente s/n do Rio Cuiabá;Bacia do Rio Cuiabá;Bacia do Rio Cuiabá;1,7;;Sentinel-2 de 23/08/2026, pixels de 10 m;Landsat de 13/08/2026, pixels de 30 m
510340305420031;Cuiabá;Urbana;Pedregal;Cuiabá;;0,085;719;8505,0;246;2,9;19,6;12,5;53,5;71,5;0,0;99,6;98,8;96,7;3,3;100,0;0,0;1885,5;1212,0;8,3;100,0;49,9;0,0;100,0;100,0;44,4;10,8;29,5;7;10,3;74;33,7;52,8;242;0,207;7,3;40,1;220;1530;190;280;1,0;0,0;0;0,0;12,2;88;12,2;0,0;0;0,0;0,0;2,08;0,0;Plintossolo pétrico;Afluente s/n do Rio Cuiabá;Bacia do Rio Cuiabá;Bacia do Rio Cuiabá;8,6;;Sentinel-2 de 23/08/2026, pixels de 10 m;Landsat de 13/08/2026, pixels de 30 m
510340305420032;Cuiabá;Urbana;Pedregal;Cuiabá;;0,098;668;6790,7;221;3;15,0;13,5;52,5;80,8;0,7;100,0;100,0;92,3;5,9;99,5;0,0;2329,2;1600,0;7,5;100,0;70,2;1,9;100,0;100,0;29,8;3,1;25,0;7;9,4;63;40,4;58,5;270;0,169;3,0;40,4;70;1750;220;470;1,3;0,0;0;0,0;12,3;82;12,3;0,0;0;0,0;0,0;2,08;0,0;Plintossolo pétrico;Afluente s/n do Rio Cuiabá;Bacia do Rio Cuiabá;Bacia do Rio Cuiabá;4,4;;Sentinel-2 de 23/08/2026, pixels de 10 m;Landsat de 13/08/2026, pixels de 30 m
510340305420033;Cuiabá;Urbana;Pedregal;Cuiabá;;0,057;496;8748,5;167;3;16,5;15,7;53,4;72,6;0,0;100,0;100,0;96,4;1,8;100,0;0,0;2729,6;1700,0;8,5;100,0;58,5;0,0;100,0;100,0;14,5;0,0;26,1;7;0,0;0;0,0;0,0;0;0,142;1,4;40,6;220;1700;180;310;1,5;0,0;0;0,0;0,0;0;0,0;0,0;0;0,0;0,0;2,08;0,0;Plintossolo pétrico;Afluente s/n do Rio Cuiabá;Bacia do Rio Cuiabá;Bacia do Rio Cuiabá;1,6;;Sentinel-2 de 23/08/2026, pixels de 10 m;Landsat de 13/08/2026, pixels de 30 m
510340305420034;Cuiabá;Urbana;Pedregal;Cuiabá;;0,1;710;7089,1;239;3;20,7;14,2;54,6;80,8;0,4;99,6;100,0;96,2;0,0;100,0;0,0;2616,6;1800,0;4,7;100,0;70,3;7,2;100,0;100,0;6,3;0,0;20,6;7;0,0;0;0,0;0,0;0;0,188;4,8;40,4;550;1380;240;340;1,3;0,0;0;0,0;0,0;0;0,0;0,0;0;0,0;0,0;2,08;0,0;Plintossolo pétrico;Afluente s/n do Rio Cuiabá;Bacia do Rio Cuiabá;Bacia do Rio Cuiabá;6,8;;Sentinel-2 de 23/08/2026, pixels de 10 m;Landsat de 13/08/2026, pixels de 30 m
510340305420035;Cuiabá;Urbana;Pedregal;Cuiabá;;0,061;604;9841,4;186;3,2;18,0;11,9;55,3;76,5;0,0;98,9;100,0;97,3;0,0;100,0;0,0;2098,1;1212,0;5,3;100,0;42,4;0,3;100,0;100,0;27,3;3,5;26,6;7;0,0;0;0,0;0,0;0;0,137;0,5;40,5;650;1190;240;360;1,4;0,0;0;0,0;0,0;0;0,0;0,0;0;0,0;0,0;2,08;0,0;Plintossolo pétrico;Afluente s/n do Rio Cuiabá;Bacia do Rio Cuiabá;Bacia do Rio Cuiabá;0,5;;Sentinel-2 de 23/08/2026, pixels de 10 m;Landsat de 13/08/2026, pixels de 30 m
510340305420036;Cuiabá;Urbana;Jardim Leblon;Cuiabá;;0,089;612;6883,7;205;3;18,6;12,6;52,8;75,3;;100,0;100,0;91,2;1,5;100,0;0,0;2179,6;1500,0;3,7;100,0;66,5;0,0;100,0;100,0;27,9;1,3;21,9;7;0,0;0;0,0;0,0;0;0,133;0,8;39,8;560;730;330;530;0,7;0,0;0;0,0;0,0;0;0,0;0,0;0;0,0;0,0;2,08;0,0;Plintossolo pétrico;Córrego Gambazinho;Bacia do Rio Cuiabá;Bacia do Rio Cuiabá;1,2;;Sentinel-2 de 23/08/2026, pixels de 10 m;Landsat de 13/08/2026, pixels de 30 m
510340305420037;Cuiabá;Urbana;Jardim Leblon;Cuiabá;;0,079;308;3877,4;107;2,9;19,8;9,4;49,4;75,0;1,3;98,1;98,1;63,6;0,0;99,1;0,0;2672,0;2000,0;4,3;95,8;24,5;0,0;100,0;95,8;10,1;8,8;32,3;7;0,0;0;0,0;0,0;0;0,117;2,0;39,8;840;970;270;580;0,7;0,0;0;0,0;0,0;0;0,0;0,0;0;0,0;0,0;2,08;0,0;Plintossolo pétrico;Afluente s/n do Rio Cuiabá;Bacia do Rio Cuiabá;Bacia do Rio Cuiabá;5,1;;Sentinel-2 de 23/08/2026, pixels de 10 m;Landsat de 13/08/2026, pixels de 30 m
510340305420038;Cuiabá;Urbana;Jardim Leblon;Cuiabá;;0,081;401;4956,1;152;2,6;19,5;11,2;54,9;82,8;;100,0;100,0;81,6;0,0;100,0;0,0;1826,7;1001,0;6,9;100,0;58,4;0,0;100,0;100,0;83,5;0,7;29,0;7;0,0;0;0,0;0,0;0;0,168;4,3;39,9;860;1610;190;350;0,8;0,0;0;0,0;0,0;0;0,0;0,0;0;0,0;0,0;2,08;0,0;Plintossolo pétrico;Afluente s/n do Rio Cuiabá;Bacia do Rio Cuiabá;Bacia do Rio Cuiabá;8,7;;Sentinel-2 de 23/08/2026, pixels de 10 m;Landsat de 13/08/2026, pixels de 30 m
510340305420041;Cuiabá;Urbana;Jardim das Américas;Cuiabá;;0,329;565;1716,1;234;2,4;23,9;9,7;53,1;32,0;;81,2;100,0;76,5;11,1;100,0;0,0;8297,3;5001,0;;100,0;89,4;34,0;100,0;100,0;100,0;0,0;12,9;6;0,0;0;26,4;38,7;149;0,21;11,3;39,5;730;1760;350;190;0,4;0,0;0;0,0;0,0;0;0,0;0,0;0;0,0;0,0;2,08;0,0;Plintossolo pétrico;Afluente s/n do Rio Cuiabá;Bacia do Rio Cuiabá;Bacia do Rio Cuiabá;65,8;;Sentinel-2 de 23/08/2026, pixels de 10 m;Landsat de 13/08/2026, pixels de 30 m
510340305420042;Cuiabá;Urbana;Pico do Amor;Cuiabá;;0,174;666;3832,9;294;2,3;19,2;9,6;49,7;54,2;0,0;88,8;100,0;99,3;0,0;100,0;0,0;5358,9;3000,0;1,2;100,0;83,5;33,8;100,0;99,5;66,7;2,7;11,6;7;0,0;0;10,1;20,2;67;0,122;3,3;39,0;50;1450;120;200;-0,1;0,0;0;0,0;0,0;0;0,0;0,0;0;0,0;0,0;2,08;0,0;Plintossolo pétrico;Afluente s/n do Rio Cuiabá;Bacia do Rio Cuiabá;Bacia do Rio Cuiabá;8,6;;Sentinel-2 de 23/08/2026, pixels de 10 m;Landsat de 13/08/2026, pixels de 30 m
510340305420043;Cuiabá;Urbana;Pico do Amor;Cuiabá;;0,125;825;6583,3;347;2,4;13,5;11,3;55,2;41,5;;89,3;99,7;98,0;0,0;99,7;0,0;4520,3;2500,0;1,2;100,0;96,8;77,5;100,0;99,6;67,2;0,4;10,9;7;0,0;0;14,5;23,4;120;0,142;4,8;38,7;340;1240;340;190;-0,4;0,0;0;0,0;0,0;0;0,0;0,0;0;0,0;0,0;2,08;0,0;Plintossolo pétrico;Afluente s/n do Rio Cuiabá;Bacia do Rio Cuiabá;Bacia do Rio Cuiabá;7,3;;Sentinel-2 de 23/08/2026, pixels de 10 m;Landsat de 13/08/2026, pixels de 30 m
510340305420044;Cuiabá;Urbana;Jardim Tropical;Cuiabá;;0,115;506;4417,3;173;2,9;27,7;7,7;52,0;50,4;0,8;100,0;98,3;99,4;0,0;97,7;;7655,7;5500,0;;100,0;87,4;45,5;93,5;100,0;83,4;0,0;7,2;6;0,0;0;24,0;39,6;121;0,162;3,5;39,5;250;810;260;70;0,4;0,0;0;0,0;0,0;0;0,0;0,0;0;0,0;0,0;2,08;0,0;Plintossolo pétrico;Afluente s/n do Rio Cuiabá;Bacia do Rio Cuiabá;Bacia do Rio Cuiabá;8,0;;Sentinel-2 de 23/08/2026, pixels de 10 m;Landsat de 13/08/2026, pixels de 30 m
510340305420045;Cuiabá;Urbana;Jardim Tropical;Cuiabá;;0,084;523;6213,8;240;2,2;10,1;8,8;51,6;57,2;0,6;51,7;100,0;67,5;0,0;99,6;0,0;5291,9;4000,0;;100,0;97,7;91,8;100,0;100,0;97,7;0,0;21,7;6;0,3;1;67,4;98,8;353;0,124;1,9;39,1;450;490;420;320;0,0;0,0;0;0,0;0,9;5;0,9;0,0;0;0,0;0,0;2,08;0,0;Plintossolo pétrico;Afluente s/n do Rio Cuiabá;Bacia do Rio Cuiabá;Bacia do Rio Cuiabá;3,1;;Sentinel-2 de 23/08/2026, pixels de 10 m;Landsat de 13/08/2026, pixels de 30 m
510340305420046;Cuiabá;Urbana;Campo Velho;Cuiabá;;0,071;542;7582,9;189;2,9;19,0;11,4;55,2;71,4;0,0;96,3;100,0;95,8;0,0;100,0;0,0;2844,8;1916,5;2,2;100,0;79,3;16,4;91,9;100,0;65,5;11,4;16,6;7;0,0;0;0,0;0,0;0;0,151;2,5;39,4;360;1170;230;150;0,3;0,0;0;0,0;0,0;0;0,0;0,0;0;0,0;0,0;2,08;0,0;Plintossolo pétrico;Afluente s/n do Rio Cuiabá;Bacia do Rio Cuiabá;Bacia do Rio Cuiabá;3,3;;Sentinel-2 de 23/08/2026, pixels de 10 m;Landsat de 13/08/2026, pixels de 30 m
510340305420047;Cuiabá;Urbana;Campo Velho;Cuiabá;;0,027;211;7810,6;85;2,5;21,8;11,4;51,2;73,0;;98,8;100,0;92,9;0,0;100,0;;3623,9;1850,0;7,3;100,0;67,3;18,5;96,7;100,0;25,6;0,0;22,4;7;0,0;0;0,0;21,1;0;0,161;4,0;39,9;150;800;100;230;0,8;0,0;0;0,0;0,0;0;0,0;0,0;0;0,0;0,0;2,08;0,0;Plintossolo pétrico;Afluente s/n do Rio Cuiabá;Bacia do Rio Cuiabá;Bacia do Rio Cuiabá;5,1;;Sentinel-2 de 23/08/2026, pixels de 10 m;Landsat de 13/08/2026, pixels de 30 m
510340305420048;Cuiabá;Urbana;Campo Velho;Cuiabá;;0,101;698;6877,8;263;2,7;18,1;10,3;51,9;76,5;0,4;97,7;100,0;95,8;0,0;100,0;0,0;2790,4;2000,0;3,8;96,8;62,0;19,8;89,7;100,0;77,7;2,3;21,2;7;0,0;0;22,0;46,6;154;0,144;2,1;40,1;140;710;100;210;1,0;0,0;0;0,0;0,0;0;0,0;0,0;0;0,0;0,0;2,08;0,0;Plintossolo pétrico;Afluente s/n do Rio Cuiabá;Bacia do Rio Cuiabá;Bacia do Rio Cuiabá;3,0;;Sentinel-2 de 23/08/2026, pixels de 10 m;Landsat de 13/08/2026, pixels de 30 m
510340305420049;Cuiabá;Urbana;Barbado;Cuiabá;;0,078;456;5867,2;173;2,6;17,5;12,1;52,9;70,2;0,0;99,4;100,0;99,4;0,0;100,0;0,0;3385,8;2000,0;3,2;100,0;34,6;0,0;84,6;95,0;92,8;14,9;22,1;7;0,3;1;100,0;100,0;456;0,132;2,0;39,6;410;160;360;340;0,5;13,9;63;0,0;5,1;23;5,1;31,0;141;0,0;0,0;2,08;0,0;Plintossolo pétrico;Afluente s/n do Rio Cuiabá;Bacia do Rio Cuiabá;Bacia do Rio Cuiabá;3,4;;Sentinel-2 de 23/08/2026, pixels de 10 m;Landsat de 13/08/2026, pixels de 30 m
510340305420050;Cuiabá;Urbana;Jardim Campus Elizius;Cuiabá;;0,045;198;4436,6;86;2,3;18,2;8,1;47,0;77,3;0,0;98,8;100,0;91,9;0,0;98,8;0,0;2906,7;2000,0;5,9;100,0;14,1;0,0;100,0;100,0;98,5;0,0;30,3;7;0,0;0;83,7;100,0;166;0,11;1,8;39,7;80;500;350;100;0,6;0,0;0;0,0;0,0;0;0,0;0,0;0;0,0;0,0;2,08;0,0;Plintossolo pétrico;Afluente s/n do Rio Cuiabá;Bacia do Rio Cuiabá;Bacia do Rio Cuiabá;4,1;;Sentinel-2 de 23/08/2026, pixels de 10 m;Landsat de 13/08/2026, pixels de 30 m
510340305420051;Cuiabá;Urbana;Grande Terceiro;Cuiabá;;0,083;822;9848,0;325;2,5;20,6;8,6;51,6;77,9;;100,0;100,0;99,4;0,0;100,0;;2903,1;2350,0;3,8;100,0;21,0;0,0;99,1;100,0;53,0;0,0;25,6;7;0,0;0;56,8;70,4;467;0,133;0,4;40,6;220;600;170;220;1,5;0,0;0;0,0;0,0;0;0,0;0,0;0;0,0;0,0;2,08;0,0;Plintossolo pétrico;Córrego do Barbado;Bacia do Rio Cuiabá;Bacia do Rio Cuiabá;0,4;;Sentinel-2 de 23/08/2026, pixels de 10 m;Landsat de 13/08/2026, pixels de 30 m
510340305420052;Cuiabá;Urbana;Grande Terceiro;Cuiabá;;0,056;449;8006,3;148;3;22,9;10,0;50,6;70,8;;100,0;100,0;99,3;0,0;99,3;0,0;4120,1;2500,0;1,6;100,0;38,3;0,0;100,0;100,0;34,7;0,0;18,6;7;0,0;0;14,0;75,4;63;0,147;2,3;40,6;410;540;90;90;1,5;0,0;0;0,0;0,0;0;0,0;5,9;27;0,0;0,0;2,08;0,0;Plintossolo pétrico;Afluente s/n do Rio Cuiabá;Bacia do Rio Cuiabá;Bacia do Rio Cuiabá;2,9;;Sentinel-2 de 23/08/2026, pixels de 10 m;Landsat de 13/08/2026, pixels de 30 m
510340305420053;Cuiabá;Urbana;Jardim Europa;Cuiabá;;0,077;422;5446,1;165;2,6;24,2;8,5;54,5;51,4;0,0;100,0;100,0;99,4;0,0;100,0;0,0;5323,1;4000,0;;100,0;96,2;27,3;100,0;100,0;81,3;5,0;7,9;6;0,0;0;4,5;4,5;19;0,128;3,9;40,1;410;950;310;90;1,0;0,0;0;0,0;0,0;0;0,0;0,0;0;0,0;0,0;2,08;0,0;Plintossolo pétrico;Córrego do Barbado;Bacia do Rio Cuiabá;Bacia do Rio Cuiabá;7,1;;Sentinel-2 de 23/08/2026, pixels de 10 m;Landsat de 13/08/2026, pixels de 30 m
510340305420054;Cuiabá;Urbana;Jardim Europa;Cuiabá;;0,346;508;1469,6;203;2,5;9,8;12,8;50,6;71,9;0,0;93,6;100,0;96,1;0,0;99,5;0,0;2293,4;1500,0;3,1;92,7;64,2;10,8;100,0;92,7;49,0;0,0;22,7;7;8,5;43;10,8;12,7;55;0,355;39,8;36,7;940;1450;220;480;-2,4;58,7;298;14,2;31,3;159;48,9;67,5;343;30,0;7,9;2,06;0,0;Plintossolo pétrico;Córrego do Barbado;Bacia do Rio Cuiabá;Bacia do Rio Cuiabá;271,1;;Sentinel-2 de 23/08/2026, pixels de 10 m;Landsat de 13/08/2026, pixels de 30 m
510340305420055;Cuiabá;Urbana;Jardim Paulista;Cuiabá;;0,113;528;4658,7;198;2,7;17,2;11,7;52,1;62,9;0,0;93,9;100,0;96,5;0,0;100,0;0,0;4144,3;2500,0;2,3;100,0;87,3;14,0;100,0;100,0;67,8;0,0;13,5;7;0,0;0;0,0;0,0;0;0,177;8,7;39,1;420;1180;230;270;0,0;0,0;0;0,0;0,0;0;0,0;0,0;0;0,0;0,0;2,08;0,0;Plintossolo pétrico;Córrego do Barbado;Bacia do Rio Cuiabá;Bacia do Rio Cuiabá;18,6;;Sentinel-2 de 23/08/2026, pixels de 10 m;Landsat de 13/08/2026, pixels de 30 m
510340305420056;Cuiabá;Urbana;Jardim Paulista;Cuiabá;;0,073;636;8678,1;263;2,4;15,3;12,4;52,8;70,1;;91,3;98,9;95,1;3,4;99,6;;2571,4;2000,0;4,8;100,0;67,0;0,0;100,0;100,0;69,8;0,0;22,8;7;0,0;0;0,0;0,0;0;0,161;3,8;39,6;480;1290;230;300;0,5;0,0;0;0,0;0,0;0;0,0;0,0;0;0,0;0,0;2,08;0,0;Plintossolo pétrico;Córrego do Gambá;Bacia do Rio Cuiabá;Bacia do Rio Cuiabá;4,4;;Sentinel-2 de 23/08/2026, pixels de 10 m;Landsat de 13/08/2026, pixels de 30 m
510340305420057;Cuiabá;Urbana;Terceiro;Cuiabá;;0,06;396;6622,1;145;2,7;15,4;14,4;47,2;81,1;0,0;92,4;97,2;96,6;0,0;98,6;2,1;1833,2;1212,0;9,3;82,3;73,2;11,1;93,4;77,5;15,4;0,0;31,3;7;0,0;0;0,0;0,0;0;0,163;4,3;39,2;910;1640;280;250;0,1;1,9;7;0,0;34,0;135;34,0;2,0;8;0,0;0,0;2,08;0,0;Plintossolo pétrico;Córrego do Gambá;Bacia do Rio Cuiabá;Bacia do Rio Cuiabá;6,5;;Sentinel-2 de 23/08/2026, pixels de 10 m;Landsat de 13/08/2026, pixels de 30 m
510340305420058;Cuiabá;Urbana;Terceiro;Cuiabá;;0,57;11;19,3;3;3,7;;;;;;;;;;;;;;;;;;;;;;;0;6,1;1;2,7;6,4;0;0,246;16,1;40,0;440;1120;470;130;0,9;94,6;10;7,8;30,7;3;48,7;79,6;9;11,4;0,0;2,08;0,0;Plintossolo pétrico;Córrego do Gambá;Bacia do Rio Cuiabá;Bacia do Rio Cuiabá;;;Sentinel-2 de 23/08/2026, pixels de 10 m;Landsat de 13/08/2026, pixels de 30 m
510340305420059;Cuiabá;Urbana;Dom Aquino;Cuiabá;;0,135;455;3380,8;164;2,8;17,8;10,3;52,7;85,5;0,0;98,8;100,0;97,0;0,0;100,0;0,0;3056,4;2000,0;1,9;100,0;56,3;17,1;100,0;89,9;78,5;0,0;18,6;7;0,0;0;0,0;0,0;0;0,187;5,1;39,8;250;1060;60;120;0,7;2,3;10;0,0;0,0;0;0,0;2,7;12;0,0;0,0;2,08;0,0;Plintossolo pétrico;Córrego do Gambá;Bacia do Rio Cuiabá;Bacia do Rio Cuiabá;15,1;;Sentinel-2 de 23/08/2026, pixels de 10 m;Landsat de 13/08/2026, pixels de 30 m
510340305420060;Cuiabá;Urbana;Dom Aquino;Cuiabá;;0,075;532;7078,5;185;2,9;19,5;10,7;47,6;75,9;;96,8;97,8;90,3;9,2;98,9;;2976,6;2050,0;4,7;100,0;55,5;20,3;100,0;100,0;46,8;20,3;23,4;7;0,0;0;0,0;0,0;0;0,175;4,1;39,6;440;1140;480;180;0,5;0,0;0;0,0;0,0;0;0,0;0,0;0;0,0;0,0;2,08;0,0;Plintossolo pétrico;Córrego do Gambá;Bacia do Rio Cuiabá;Bacia do Rio Cuiabá;5,8;;Sentinel-2 de 23/08/2026, pixels de 10 m;Landsat de 13/08/2026, pixels de 30 m
510340305420062;Cuiabá;Urbana;Dom Aquino;Cuiabá;;0,076;592;7811,6;221;2,7;17,6;12,3;53,4;74,8;0,0;99,1;98,6;79,2;5,4;100,0;0,0;2799,3;2000,0;3,4;95,1;83,6;21,1;100,0;88,3;80,2;2,2;20,1;7;0,0;0;0,0;0,0;0;0,215;6,4;39,0;200;830;220;100;-0,1;0,0;0;0,0;0,0;0;0,0;0,0;0;0,0;0,0;2,08;0,0;Plintossolo pétrico;Córrego do Gambá;Bacia do Rio Cuiabá;Bacia do Rio Cuiabá;8,2;;Sentinel-2 de 23/08/2026, pixels de 10 m;Landsat de 13/08/2026, pixels de 30 m
510340305420063;Cuiabá;Urbana;Dom Aquino;Cuiabá;;0,096;434;4515,4;171;2,5;23,0;10,4;47,2;74,2;;100,0;99,4;86,5;5,8;99,4;0,0;3630,3;2300,0;4,3;100,0;77,6;0,0;100,0;100,0;45,2;0,7;18,5;7;0,0;0;0,0;0,0;0;0,133;3,2;39,5;280;630;240;200;0,4;16,9;74;0,0;0,0;0;0,0;16,5;72;0,0;0,0;2,08;0,0;Plintossolo pétrico;Afluente s/n do Córrego da Prainha;Bacia do Rio Cuiabá;Bacia do Rio Cuiabá;7,1;;Sentinel-2 de 23/08/2026, pixels de 10 m;Landsat de 13/08/2026, pixels de 30 m
510340305420065;Cuiabá;Urbana;Dom Aquino;Cuiabá;;0,122;100;820,9;44;2,3;30,0;10,0;53,0;48,0;0,0;100,0;100,0;97,7;0,0;100,0;0,0;4295,9;3000,0;;100,0;38,0;2,0;100,0;100,0;100,0;4,0;19,6;6;0,0;0;0,0;0,0;0;0,138;5,6;38,7;720;160;310;140;-0,4;0,0;0;0,0;0,0;0;0,0;0,0;0;0,0;0,0;2,08;0,0;Plintossolo pétrico;Afluente s/n do Córrego da Prainha;Bacia do Rio Cuiabá;Bacia do Rio Cuiabá;68,3;;Sentinel-2 de 23/08/2026, pixels de 10 m;Landsat de 13/08/2026, pixels de 30 m
510340305420066;Cuiabá;Urbana;Dom Aquino;Cuiabá;;0,129;576;4457,8;208;2,8;21,7;12,0;52,6;71,2;0,0;99,0;100,0;99,0;0,0;100,0;0,0;3739,3;2500,0;2,5;97,6;92,0;30,6;97,6;97,6;75,7;0,5;12,9;7;0,0;0;6,6;6,6;38;0,257;15,7;38,5;170;710;580;140;-0,6;0,0;0;0,0;0,0;0;0,0;0,0;0;0,0;0,0;2,08;0,0;Plintossolo pétrico;Córrego do Gambá;Bacia do Rio Cuiabá;Bacia do Rio Cuiabá;35,2;;Sentinel-2 de 23/08/2026, pixels de 10 m;Landsat de 13/08/2026, pixels de 30 m
510340305420067;Cuiabá;Urbana;Dom Aquino;Cuiabá;;0,087;501;5772,5;206;2,4;26,1;9,2;54,7;75,2;;99,0;99,5;99,0;0,0;100,0;0,0;2739,3;2000,0;3,5;96,0;72,9;23,2;100,0;92,6;77,6;2,8;18,9;7;0,0;0;8,6;8,6;43;0,205;6,3;39,2;250;1050;760;230;0,1;0,0;0;0,0;6,2;31;6,2;0,0;0;0,0;0,0;2,08;0,0;Plintossolo pétrico;Córrego do Gambá;Bacia do Rio Cuiabá;Bacia do Rio Cuiabá;10,9;;Sentinel-2 de 23/08/2026, pixels de 10 m;Landsat de 13/08/2026, pixels de 30 m
510340305420068;Cuiabá;Urbana;Dom Aquino;Cuiabá;;0,08;720;9039,5;253;2,8;13,3;14,4;49,7;82,2;0,0;96,4;98,4;77,1;15,4;100,0;0,0;2739,4;2100,0;2,3;97,8;35,8;11,5;100,0;97,8;97,8;0,7;26,2;7;0,0;0;5,2;5,2;37;0,214;7,9;39,7;40;1250;670;430;0,6;0,0;0;0,0;49,8;359;49,8;0,0;0;0,0;0,0;2,08;0,0;Plintossolo pétrico;Córrego do Gambá;Bacia do Rio Cuiabá;Bacia do Rio Cuiabá;8,8;;Sentinel-2 de 23/08/2026, pixels de 10 m;Landsat de 13/08/2026, pixels de 30 m
510340305420069;Cuiabá;Urbana;Dom Aquino;Cuiabá;;0,133;630;4752,7;234;2,7;18,4;10,2;52,1;66,7;;95,3;97,9;96,6;0,0;98,7;0,0;3701,4;2500,0;5,3;100,0;74,2;29,9;100,0;100,0;55,6;4,1;19,4;7;0,0;0;1,4;1,4;9;0,2;6,3;38,8;190;1470;580;430;-0,3;0,0;0;0,0;0,8;5;0,8;0,0;0;0,0;0,0;2,08;0,0;Plintossolo pétrico;Córrego do Gambá;Bacia do Rio Cuiabá;Bacia do Rio Cuiabá;13,3;;Sentinel-2 de 23/08/2026, pixels de 10 m;Landsat de 13/08/2026, pixels de 30 m
510340305420070;Cuiabá;Urbana;Dom Aquino;Cuiabá;;0,07;427;6128,0;137;3,1;17,1;12,6;52,7;83,1;0,0;100,0;100,0;68,6;14,6;99,3;0,0;2928,4;2050,5;2,6;82,2;68,1;0,0;100,0;82,2;67,2;0,0;24,5;7;0,0;0;0,0;0,0;0;0,223;8,5;39,7;430;1610;310;250;0,6;0,0;0;0,0;41,1;175;41,1;0,0;0;0,0;0,0;2,08;0,0;Plintossolo pétrico;Córrego do Gambá;Bacia do Rio Cuiabá;Bacia do Rio Cuiabá;13,9;;Sentinel-2 de 23/08/2026, pixels de 10 m;Landsat de 13/08/2026, pixels de 30 m
510340305420071;Cuiabá;Urbana;Dom Aquino;Cuiabá;;0,087;807;9239,4;269;3;19,7;10,2;50,4;79,7;0,0;99,6;100,0;98,5;0,0;99,6;0,0;3141,3;1850,0;1,5;100,0;70,5;12,4;100,0;96,2;42,3;39,0;15,7;7;0,0;0;0,0;0,0;0;0,209;4,4;39,8;370;1330;380;370;0,7;0,0;0;0,0;5,6;45;5,6;0,0;0;0,0;0,0;2,08;0,0;Plintossolo pétrico;Córrego do Gambá;Bacia do Rio Cuiabá;Bacia do Rio Cuiabá;4,7;;Sentinel-2 de 23/08/2026, pixels de 10 m;Landsat de 13/08/2026, pixels de 30 m
510340305420072;Cuiabá;Urbana;Dom Aquino;Cuiabá;;0,132;545;4114,2;176;3,1;15,6;13,2;52,1;75,6;1,7;96,6;99,4;88,1;10,8;100,0;0,0;3162,9;1800,0;3,7;86,6;71,6;27,0;100,0;85,9;62,0;13,6;21,7;7;0,0;0;0,0;0,0;0;0,237;11,3;39,2;680;1650;110;70;0,1;0,0;0;0,0;18,0;98;18,0;0,0;0;0,0;0,0;2,08;0,0;Plintossolo pétrico;Córrego do Gambá;Bacia do Rio Cuiabá;Bacia do Rio Cuiabá;27,4;;Sentinel-2 de 23/08/2026, pixels de 10 m;Landsat de 13/08/2026, pixels de 30 m
510340305420073;Cuiabá;Urbana;Poção;Cuiabá;;0,137;579;4225,5;220;2,6;20,0;11,2;50,6;72,9;0,0;98,6;99,5;95,5;1,8;100,0;0,0;3484,2;2001,0;2,3;100,0;40,8;6,0;100,0;91,2;77,7;1,4;20,7;7;0,0;0;45,0;47,7;261;0,173;4,2;39,1;330;1420;370;320;0,0;0,0;0;0,0;0,1;1;0,1;0,0;0;0,0;0,0;2,08;0,0;Plintossolo pétrico;Córrego do Gambá;Bacia do Rio Cuiabá;Bacia do Rio Cuiabá;9,9;;Sentinel-2 de 23/08/2026, pixels de 10 m;Landsat de 13/08/2026, pixels de 30 m
510340305420074;Cuiabá;Urbana;Poção;Cuiabá;;0,09;514;5692,0;228;2,3;15,0;8,6;54,1;57,6;0,0;99,6;100,0;98,7;0,0;100,0;0,0;3997,7;3000,0;1,4;100,0;80,2;48,1;100,0;100,0;99,8;0,0;12,6;7;0,0;0;89,2;93,5;459;0,237;9,2;39,1;540;1170;490;30;0,0;0,0;0;0,0;20,3;104;20,3;0,0;0;0,0;0,0;2,08;0,0;Plintossolo pétrico;Córrego do Gambá;Bacia do Rio Cuiabá;Bacia do Rio Cuiabá;16,1;;Sentinel-2 de 23/08/2026, pixels de 10 m;Landsat de 13/08/2026, pixels de 30 m
510340305420075;Cuiabá;Urbana;Poção;Cuiabá;;0,117;501;4267,7;208;2,4;22,2;8,4;56,7;78,4;0,0;100,0;100,0;94,7;2,9;100,0;0,0;2488,1;2000,0;3,4;100,0;36,3;12,0;100,0;99,4;94,6;1,2;24,6;7;0,0;0;99,3;100,0;497;0,161;3,3;38,8;410;1000;580;280;-0,3;0,0;0;0,0;21,8;109;21,8;0,0;0;0,0;0,0;2,08;0,0;Plintossolo pétrico;Córrego do Gambá;Bacia do Rio Cuiabá;Bacia do Rio Cuiabá;7,7;;Sentinel-2 de 23/08/2026, pixels de 10 m;Landsat de 13/08/2026, pixels de 30 m
510340305420076;Cuiabá;Urbana;Poção;Cuiabá;;0,145;606;4193,6;235;2,6;23,6;10,4;51,3;71,9;0,0;99,1;98,3;86,0;1,7;100,0;0,0;3085,2;2350,0;1,7;100,0;74,8;25,9;100,0;100,0;99,3;6,1;17,2;7;0,0;0;25,3;39,0;153;0,234;14,9;39,1;600;750;290;330;0,0;0,0;0;0,0;0,0;0;0,0;0,0;0;0,0;0,0;2,08;0,0;Plintossolo pétrico;Córrego do Gambá;Bacia do Rio Cuiabá;Bacia do Rio Cuiabá;35,7;;Sentinel-2 de 23/08/2026, pixels de 10 m;Landsat de 13/08/2026, pixels de 30 m
510340305420077;Cuiabá;Urbana;Poção;Cuiabá;;0,09;555;6155,1;239;2,3;18,2;7,4;51,9;66,5;;90,8;100,0;87,9;8,4;99,6;0,0;4727,4;3000,0;2,7;100,0;70,3;33,3;97,3;88,5;64,0;21,1;17,3;7;0,0;0;0,0;0,0;0;0,169;4,0;39,2;500;530;320;440;0,1;0,0;0;0,0;0,0;0;0,0;0,0;0;0,0;0,0;2,08;0,0;Plintossolo pétrico;Afluente s/n do Córrego da Prainha;Bacia do Rio Cuiabá;Bacia do Rio Cuiabá;6,5;;Sentinel-2 de 23/08/2026, pixels de 10 m;Landsat de 13/08/2026, pixels de 30 m
510340305420078;Cuiabá;Urbana;Poção;Cuiabá;;0,114;86;753,3;40;2,2;31,4;0,0;47,7;52,3;0,0;100,0;100,0;97,5;0,0;100,0;0,0;4656,0;3900,0;;100,0;93,0;29,1;100,0;100,0;77,9;69,8;9,7;6;0,0;0;0,0;0,0;0;0,141;3,9;38,6;650;500;220;340;-0,5;0,0;0;0,0;0,0;0;0,0;0,0;0;0,0;0,0;2,08;0,0;Plintossolo pétrico;Afluente s/n do Córrego da Prainha;Bacia do Rio Cuiabá;Bacia do Rio Cuiabá;51,7;;Sentinel-2 de 23/08/2026, pixels de 10 m;Landsat de 13/08/2026, pixels de 30 m
510340305420079;Cuiabá;Urbana;Bandeirantes;Cuiabá;;0,197;412;2086,1;166;2,5;11,9;9,5;60,4;30,6;0,0;94,6;100,0;95,8;0,0;100,0;0,0;9824,3;6000,0;;100,0;47,1;28,6;100,0;98,3;81,3;1,2;13,2;6;0,0;0;0,0;0,0;0;0,195;12,3;38,3;840;260;110;90;-0,8;0,0;0;0,0;0,0;0;0,0;0,0;0;0,0;0,0;2,08;0,0;Plintossolo pétrico;Afluente s/n do Córrego da Prainha;Bacia do Rio Cuiabá;Bacia do Rio Cuiabá;58,8;;Sentinel-2 de 23/08/2026, pixels de 10 m;Landsat de 13/08/2026, pixels de 30 m
510340305420080;Cuiabá;Urbana;Bandeirantes;Cuiabá;;0,216;386;1785,8;154;2,5;22,0;12,4;52,8;44,6;0,0;100,0;100,0;98,7;0,0;99,4;0,0;7166,4;5000,0;1,2;100,0;97,7;91,2;100,0;100,0;90,7;28,5;6,2;7;0,0;0;0,0;0,0;0;0,189;10,1;38,4;590;610;220;160;-0,7;0,0;0;0,0;0,0;0;0,0;0,0;0;0,0;0,0;2,08;0,0;Plintossolo pétrico;Afluente s/n do Córrego da Prainha;Bacia do Rio Cuiabá;Bacia do Rio Cuiabá;56,5;;Sentinel-2 de 23/08/2026, pixels de 10 m;Landsat de 13/08/2026, pixels de 30 m
510340305420081;Cuiabá;Urbana;Araés;Cuiabá;;0,121;337;2782,0;152;2,2;22,8;7,4;56,7;55,5;;84,9;100,0;96,1;0,0;100,0;0,0;6055,2;4000,0;1,4;100,0;74,2;36,5;100,0;100,0;99,7;4,5;13,4;7;0,0;0;0,0;0,0;0;0,147;3,2;38,3;890;550;240;180;-0,8;0,0;0;0,0;0,0;0;0,0;0,0;0;0,0;0,0;2,08;0,0;Plintossolo pétrico;Afluente s/n do Córrego da Prainha;Bacia do Rio Cuiabá;Bacia do Rio Cuiabá;11,5;;Sentinel-2 de 23/08/2026, pixels de 10 m;Landsat de 13/08/2026, pixels de 30 m
510340305420082;Cuiabá;Urbana;Araés;Cuiabá;;0,153;600;3920,5;240;2,5;20,7;9,3;52,2;69,3;;97,9;100,0;97,9;0,0;100,0;0,0;4710,0;3500,0;1,8;97,3;90,8;40,2;100,0;94,5;94,5;6,7;11,2;7;0,0;0;0,0;0,0;0;0,274;18,1;38,3;850;430;370;130;-0,8;0,0;0;0,0;0,0;0;0,0;0,0;0;0,0;0,0;2,08;0,0;Plintossolo pétrico;Afluente s/n do Córrego da Prainha;Bacia do Rio Cuiabá;Bacia do Rio Cuiabá;46,2;;Sentinel-2 de 23/08/2026, pixels de 10 m;Landsat de 13/08/2026, pixels de 30 m
510340305420083;Cuiabá;Urbana;Araés;Cuiabá;;0,184;555;3022,3;282;2;22,2;7,0;47,7;52,1;;100,0;99,6;59,6;0,0;100,0;0,0;5960,2;5500,0;2,0;97,5;82,2;47,2;99,3;97,5;86,1;2,2;16,3;7;0,0;0;0,0;0,0;0;0,204;14,0;38,6;590;350;310;220;-0,5;0,0;0;0,0;0,0;0;0,0;0,0;0;0,0;0,0;2,08;0,0;Plintossolo pétrico;Afluente s/n do Córrego da Prainha;Bacia do Rio Cuiabá;Bacia do Rio Cuiabá;46,4;;Sentinel-2 de 23/08/2026, pixels de 10 m;Landsat de 13/08/2026, pixels de 30 m
510340305420084;Cuiabá;Urbana;Areão;Cuiabá;;0,129;792;6147,5;295;2,7;17,7;10,9;51,1;68,9;0,0;99,0;100,0;98,3;1,4;99,7;0,0;4236,5;2424,0;1,5;100,0;84,8;58,7;100,0;100,0;97,3;10,5;11,8;7;0,0;0;56,7;68,2;449;0,222;11,5;38,7;300;980;220;310;-0,4;0,0;0;0,0;9,9;79;10,3;0,0;0;0,0;0,0;2,08;0,0;Plintossolo pétrico;Córrego Gambazinho;Bacia do Rio Cuiabá;Bacia do Rio Cuiabá;18,7;;Sentinel-2 de 23/08/2026, pixels de 10 m;Landsat de 13/08/2026, pixels de 30 m
510340305420085;Cuiabá;Urbana;Lixeira;Cuiabá;;0,08;378;4716,3;164;2,3;26,2;5,8;51,9;66,4;;99,4;99,4;94,5;1,8;99,4;;2868,2;2500,0;1,8;100,0;77,5;38,9;100,0;84,9;78,8;0,0;16,2;7;0,0;0;0,0;0,0;0;0,192;5,0;39,2;390;490;370;190;0,1;0,0;0;0,0;0,0;0;0,0;0,0;0;0,0;0,0;2,08;0,0;Plintossolo pétrico;Afluente s/n do Córrego da Prainha;Bacia do Rio Cuiabá;Bacia do Rio Cuiabá;10,6;;Sentinel-2 de 23/08/2026, pixels de 10 m;Landsat de 13/08/2026, pixels de 30 m
510340305420086;Cuiabá;Urbana;Lixeira;Cuiabá;;0,112;472;4220,4;207;2,3;22,9;8,7;49,4;70,3;0,0;100,0;99,5;90,8;0,0;100,0;0,0;5073,8;4500,0;1,0;100,0;90,3;40,5;100,0;100,0;94,9;4,0;10,2;7;0,0;0;0,0;0,0;0;0,237;9,4;38,5;270;350;160;180;-0,6;0,0;0;0,0;0,0;0;0,0;0,0;0;0,0;0,0;2,08;0,0;Plintossolo pétrico;Córrego Gambazinho;Bacia do Rio Cuiabá;Bacia do Rio Cuiabá;22,3;;Sentinel-2 de 23/08/2026, pixels de 10 m;Landsat de 13/08/2026, pixels de 30 m
510340305420087;Cuiabá;Urbana;Lixeira;Cuiabá;;0,059;181;3057,1;63;2,9;20,4;12,2;46,4;81,8;3,3;100,0;100,0;95,2;0,0;100,0;0,0;3417,8;2200,0;6,8;100,0;74,0;0,0;100,0;100,0;100,0;3,3;20,7;7;0,0;0;1,2;11,1;2;0,218;12,3;38,5;470;880;200;330;-0,6;0,0;0;0,0;0,0;0;1,8;0,0;0;0,0;0,0;2,08;0,0;Plintossolo pétrico;Córrego Gambazinho;Bacia do Rio Cuiabá;Bacia do Rio Cuiabá;40,1;;Sentinel-2 de 23/08/2026, pixels de 10 m;Landsat de 13/08/2026, pixels de 30 m
510340305420088;Cuiabá;Urbana;Baú;Cuiabá;;0,077;277;3575,2;136;2;22,0;7,2;57,8;50,5;0,0;100,0;99,3;93,4;0,0;99,3;0,0;6694,7;5500,0;0,0;100,0;80,1;63,2;100,0;100,0;49,5;27,1;8,6;7;0,0;0;0,0;0,0;0;0,125;2,7;38,3;300;330;300;230;-0,8;0,0;0;0,0;0,0;0;0,0;0,0;0;0,0;0,0;2,08;0,0;Plintossolo pétrico;Afluente s/n do Córrego da Prainha;Bacia do Rio Cuiabá;Bacia do Rio Cuiabá;7,5;;Sentinel-2 de 23/08/2026, pixels de 10 m;Landsat de 13/08/2026, pixels de 30 m
510340305420090;Cuiabá;Urbana;Canjica;Cuiabá;;0,067;581;8642,1;205;2,8;11,9;15,5;50,9;74,5;0,0;100,0;99,5;98,5;0,0;99,5;0,0;1801,2;1200,0;4,8;100,0;17,0;0,0;100,0;95,4;88,6;0,9;30,5;7;29,0;168;20,3;58,2;118;0,226;11,5;39,0;190;560;160;340;-0,1;0,0;0;0,0;0,0;0;34,3;0,0;0;0,0;0,0;2,08;0,0;Plintossolo pétrico;Afluente s/n do Rio Cuiabá;Bacia do Rio Cuiabá;Bacia do Rio Cuiabá;13,3;;Sentinel-2 de 23/08/2026, pixels de 10 m;Landsat de 13/08/2026, pixels de 30 m
510340305420091;Cuiabá;Urbana;Canjica;Cuiabá;;0,037;421;11238,0;127;3,3;15,0;14,7;50,4;70,3;4,3;100,0;100,0;95,3;3,9;100,0;;2204,0;1500,0;7,8;91,4;24,7;0,0;91,4;90,0;53,9;7,1;32,9;7;0,0;0;14,9;29,8;63;0,233;12,3;39,2;340;370;190;150;0,1;0,0;0;0,0;0,0;0;12,3;0,0;0;0,0;0,0;2,08;0,0;Plintossolo pétrico;Afluente s/n do Rio Cuiabá;Bacia do Rio Cuiabá;Bacia do Rio Cuiabá;10,8;;Sentinel-2 de 23/08/2026, pixels de 10 m;Landsat de 13/08/2026, pixels de 30 m
510340305420092;Cuiabá;Urbana;Jardim Leblon;Cuiabá;;0,085;447;5239,0;159;2,8;17,0;10,3;50,8;79,4;0,7;100,0;100,0;95,6;0,0;99,4;0,0;2678,2;2250,0;2,7;100,0;64,7;0,0;100,0;94,4;62,4;1,3;19,3;7;0,0;0;0,0;5,1;0;0,141;3,2;39,6;910;1210;180;520;0,5;0,0;0;0,0;0,0;0;0,0;0,0;0;0,0;0,0;2,08;0,0;Plintossolo pétrico;Córrego Gambazinho;Bacia do Rio Cuiabá;Bacia do Rio Cuiabá;6,1;;Sentinel-2 de 23/08/2026, pixels de 10 m;Landsat de 13/08/2026, pixels de 30 m
510340305420093;Cuiabá;Urbana;Jardim Leblon;Cuiabá;;0,096;787;8161,7;259;3;19,8;12,1;54,0;78,1;0,4;100,0;100,0;75,7;2,3;100,0;0,0;2529,8;1800,0;5,6;100,0;60,9;0,0;100,0;100,0;92,1;3,3;26,0;7;2,5;20;2,6;11,2;20;0,22;6,1;39,7;750;1840;350;230;0,6;0,0;0;0,0;0,0;0;0,0;0,0;0;0,0;0,0;2,08;0,0;Plintossolo pétrico;Afluente s/n do Rio Cuiabá;Bacia do Rio Cuiabá;Bacia do Rio Cuiabá;7,4;;Sentinel-2 de 23/08/2026, pixels de 10 m;Landsat de 13/08/2026, pixels de 30 m
510340305420094;Cuiabá;Urbana;Jardim das Américas;Cuiabá;;0,081;670;8232,2;254;2,6;26,3;7,5;52,4;28,1;0,0;98,8;100,0;98,0;0,0;99,2;0,0;15437,6;12500,0;;100,0;100,0;96,3;100,0;100,0;100,0;55,5;0,7;6;0,0;0;56,3;74,6;377;0,081;0,1;38,8;1000;1270;350;290;-0,3;0,0;0;0,0;6,7;45;6,7;0,0;0;0,0;0,0;2,08;0,0;Plintossolo pétrico;Afluente s/n do Rio Cuiabá;Bacia do Rio Cuiabá;Bacia do Rio Cuiabá;0,1;;Sentinel-2 de 23/08/2026, pixels de 10 m;Landsat de 13/08/2026, pixels de 30 m
510340305420096;Cuiabá;Urbana;Jardim Campus Elizius;Cuiabá;;0,066;357;5406,4;150;2,4;16,5;10,6;51,8;68,1;;98,0;99,3;96,0;0,0;100,0;0,0;3816,4;2500,0;4,0;100,0;57,7;27,2;100,0;100,0;41,2;1,7;19,5;7;0,0;0;50,7;92,5;181;0,143;2,1;41,0;520;390;220;130;1,9;52,2;186;0,0;5,5;20;5,5;61,8;220;0,0;0,0;2,08;0,0;Plintossolo pétrico;Afluente s/n do Rio Cuiabá;Bacia do Rio Cuiabá;Bacia do Rio Cuiabá;3,9;;Sentinel-2 de 23/08/2026, pixels de 10 m;Landsat de 13/08/2026, pixels de 30 m
510340305420097;Cuiabá;Urbana;Grande Terceiro;Cuiabá;;0,076;552;7241,9;239;2,3;20,8;7,4;56,7;65,9;0,9;99,2;100,0;89,1;0,0;100,0;0,0;3428,0;2500,0;1,2;100,0;42,2;13,9;100,0;100,0;46,4;4,2;20,2;7;0,0;0;46,2;49,5;255;0,132;1,5;40,2;270;750;330;220;1,1;0,0;0;0,0;0,0;0;0,0;0,0;0;0,0;0,0;2,08;0,0;Plintossolo pétrico;Córrego do Barbado;Bacia do Rio Cuiabá;Bacia do Rio Cuiabá;2,1;;Sentinel-2 de 23/08/2026, pixels de 10 m;Landsat de 13/08/2026, pixels de 30 m
510340305420099;Cuiabá;Urbana;Jardim Paulista;Cuiabá;;0,118;538;4554,6;232;2,3;19,7;9,3;51,5;65,2;;96,6;99,6;98,3;1,3;99,1;0,0;4132,8;2500,0;3,6;100,0;85,3;20,8;87,7;100,0;33,3;13,6;14,7;7;0,0;0;15,4;34,2;83;0,113;1,3;39,4;350;960;340;30;0,3;0,0;0;0,0;0,0;0;0,0;0,0;0;0,0;0,0;2,08;0,0;Plintossolo pétrico;Córrego do Barbado;Bacia do Rio Cuiabá;Bacia do Rio Cuiabá;2,9;;Sentinel-2 de 23/08/2026, pixels de 10 m;Landsat de 13/08/2026, pixels de 30 m
510340305420100;Cuiabá;Urbana;Terceiro;Cuiabá;;0,213;456;2140,9;164;2,8;10,3;14,0;47,1;78,3;0,0;98,8;100,0;86,0;8,5;100,0;0,0;1986,7;1400,0;4,8;89,9;62,9;7,0;100,0;86,0;36,2;2,0;26,6;7;8,4;38;13,7;18,5;63;0,331;31,5;37,9;1100;1830;590;650;-1,2;71,7;327;19,7;62,3;284;62,3;69,3;316;23,8;0,0;2,08;0,0;Plintossolo pétrico;Córrego do Barbado;Bacia do Rio Cuiabá;Bacia do Rio Cuiabá;147,1;;Sentinel-2 de 23/08/2026, pixels de 10 m;Landsat de 13/08/2026, pixels de 30 m
510340305420101;Cuiabá;Urbana;Dom Aquino;Cuiabá;;0,086;609;7040,8;230;2,6;25,0;8,5;53,4;68,8;0,0;93,9;99,6;54,8;20,0;99,1;0,0;4720,0;2500,0;3,0;100,0;60,1;6,7;100,0;99,0;79,3;6,2;23,5;7;0,0;0;0,0;0,0;0;0,212;7,2;39,1;280;720;350;290;0,0;0,0;0;0,0;0,0;0;0,0;0,0;0;0,0;0,0;2,08;0,0;Plintossolo pétrico;Afluente s/n do Córrego da Prainha;Bacia do Rio Cuiabá;Bacia do Rio Cuiabá;10,2;;Sentinel-2 de 23/08/2026, pixels de 10 m;Landsat de 13/08/2026, pixels de 30 m
510340305420102;Cuiabá;Urbana;Dom Aquino;Cuiabá;;0,108;335;3100,3;146;2,3;30,7;5,4;54,6;54,6;0,0;100,0;99,3;99,3;0,0;100,0;0,0;4009,3;3000,0;1,0;98,5;83,6;37,3;100,0;98,5;90,4;5,1;11,7;7;0,0;0;0,0;0,0;0;0,212;8,6;39,0;380;320;230;250;-0,1;0,0;0;0,0;0,0;0;0,0;0,0;0;0,0;0,0;2,08;0,0;Plintossolo pétrico;Afluente s/n do Córrego da Prainha;Bacia do Rio Cuiabá;Bacia do Rio Cuiabá;27,7;;Sentinel-2 de 23/08/2026, pixels de 10 m;Landsat de 13/08/2026, pixels de 30 m
510340305420103;Cuiabá;Urbana;Dom Aquino;Cuiabá;;0,072;415;5782,2;141;2,9;12,5;11,8;51,1;82,9;0,0;98,6;99,3;87,9;2,1;99,3;0,0;3066,6;2200,0;2,1;100,0;45,1;12,0;98,8;100,0;67,5;6,0;21,9;7;0,0;0;0,0;0,0;0;0,183;5,9;39,6;640;1450;270;310;0,5;0,0;0;0,0;0,0;0;0,0;0,0;0;0,0;0,0;2,08;0,0;Plintossolo pétrico;Córrego do Gambá;Bacia do Rio Cuiabá;Bacia do Rio Cuiabá;10,2;;Sentinel-2 de 23/08/2026, pixels de 10 m;Landsat de 13/08/2026, pixels de 30 m
510340305420104;Cuiabá;Urbana;Areão;Cuiabá;;0,057;351;6121,4;114;3,1;19,9;9,1;53,6;75,8;0,9;99,1;99,1;95,6;0,0;100,0;;2492,2;1776,5;6,6;95,4;58,1;23,1;100,0;88,0;90,6;0,0;25,6;7;0,0;0;66,2;85,9;232;0,184;3,9;39,4;630;1310;290;330;0,3;0,0;0;0,0;0,7;2;0,7;0,0;0;0,0;0,0;2,08;0,0;Plintossolo pétrico;Córrego Gambazinho;Bacia do Rio Cuiabá;Bacia do Rio Cuiabá;6,3;;Sentinel-2 de 23/08/2026, pixels de 10 m;Landsat de 13/08/2026, pixels de 30 m
510340305420105;Cuiabá;Urbana;Areão;Cuiabá;;0,103;517;5027,3;205;2,5;15,1;10,8;50,7;52,8;;100,0;100,0;96,1;0,0;100,0;0,0;7187,7;5000,0;1,1;100,0;77,8;48,7;72,0;100,0;66,0;0,0;9,2;7;0,0;0;43,4;55,0;224;0,217;5,3;38,8;440;1480;390;490;-0,3;0,0;0;0,0;3,5;18;3,5;0,0;0;0,0;0,0;2,08;0,0;Plintossolo pétrico;Córrego Gambazinho;Bacia do Rio Cuiabá;Bacia do Rio Cuiabá;10,6;;Sentinel-2 de 23/08/2026, pixels de 10 m;Landsat de 13/08/2026, pixels de 30 m
510340305420106;Cuiabá;Urbana;Bosque da Saúde;Cuiabá;;0,061;478;7773,2;202;2,4;22,2;9,0;54,6;37,9;0,0;92,1;100,0;98,0;0,0;100,0;0,0;11328,4;9000,0;0,0;100,0;100,0;100,0;100,0;100,0;74,7;0,0;2,8;7;0,0;0;0,0;0,0;0;0,116;1,0;38,4;680;290;380;410;-0,7;0,0;0;0,0;0,0;0;0,0;0,0;0;0,0;0,0;2,08;0,0;Plintossolo pétrico;Afluente s/n do Rio Cuiabá;Bacia do Rio Cuiabá;Bacia do Rio Cuiabá;1,3;;Sentinel-2 de 23/08/2026, pixels de 10 m;Landsat de 13/08/2026, pixels de 30 m
510340305420108;Cuiabá;Urbana;Terra Nova;Cuiabá;;0,012;274;23056,4;120;2,3;14,6;10,2;53,3;55,1;;70,8;100,0;99,2;0,0;99,2;0,0;6510,9;5000,0;0,0;100,0;100,0;100,0;100,0;100,0;100,0;100,0;9,6;7;0,0;0;0,0;0,0;0;0,191;0,0;39,5;280;960;260;60;0,4;0,0;0;0,0;0,0;0;0,0;0,0;0;0,0;0,0;2,08;0,0;Plintossolo pétrico;Afluente s/n do Rio Cuiabá;Bacia do Rio Cuiabá;Bacia do Rio Cuiabá;0,0;;Sentinel-2 de 23/08/2026, pixels de 10 m;Landsat de 13/08/2026, pixels de 30 m
510340305420109;Cuiabá;Urbana;Terra Nova;Cuiabá;;0,073;566;7750,2;269;2,1;9,0;13,8;56,2;41,9;0,0;99,3;100,0;99,6;0,0;100,0;0,0;10420,8;8000,0;0,0;100,0;100,0;100,0;100,0;100,0;100,0;0,0;2,0;7;0,4;2;3,8;16,7;22;0,169;4,1;40,1;590;1240;510;110;1,0;0,0;0;0,0;0,0;0;0,0;0,0;0;0,0;0,0;2,08;0,0;Plintossolo pétrico;Afluente s/n do Rio Cuiabá;Bacia do Rio Cuiabá;Bacia do Rio Cuiabá;5,3;;Sentinel-2 de 23/08/2026, pixels de 10 m;Landsat de 13/08/2026, pixels de 30 m
510340305420110;Cuiabá;Urbana;Jardim das Américas;Cuiabá;;0,07;677;9648,0;287;2,4;23,2;10,3;54,5;29,8;0,0;91,6;100,0;90,6;0,0;100,0;0,0;8465,9;5000,5;0,5;100,0;92,8;92,8;100,0;100,0;100,0;0,0;7,4;7;0,0;0;49,3;82,7;334;0,068;0,1;38,3;850;1270;460;320;-0,8;0,0;0;0,0;0,0;0;0,0;0,0;0;0,0;0,0;2,08;0,0;Plintossolo pétrico;Afluente s/n do Rio Cuiabá;Bacia do Rio Cuiabá;Bacia do Rio Cuiabá;0,1;;Sentinel-2 de 23/08/2026, pixels de 10 m;Landsat de 13/08/2026, pixels de 30 m
510340305420111;Cuiabá;Urbana;Jardim Tropical;Cuiabá;;0,122;569;4662,9;195;2,9;17,9;10,7;50,6;53,8;0,0;98,5;100,0;97,9;0,0;100,0;0,0;6499,7;5000,0;;100,0;90,7;24,1;91,4;100,0;56,2;0,0;7,8;6;0,0;0;0,0;6,5;0;0,204;7,3;38,7;440;990;190;80;-0,4;0,0;0;0,0;0,0;0;0,0;0,0;0;0,0;0,0;2,08;0,0;Plintossolo pétrico;Afluente s/n do Rio Cuiabá;Bacia do Rio Cuiabá;Bacia do Rio Cuiabá;15,7;;Sentinel-2 de 23/08/2026, pixels de 10 m;Landsat de 13/08/2026, pixels de 30 m
510340305420112;Cuiabá;Urbana;Campo Velho;Cuiabá;;0,057;471;8324,7;199;2,4;16,3;10,6;56,3;70,3;0,6;99,0;100,0;99,0;0,0;100,0;;2982,4;2206,0;3,1;100,0;84,7;27,4;100,0;99,4;41,2;3,6;15,7;7;0,0;0;0,0;0,0;0;0,191;6,2;39,6;180;1030;130;90;0,5;0,0;0;0,0;0,0;0;0,0;0,0;0;0,0;0,0;2,08;0,0;Plintossolo pétrico;Córrego do Barbado;Bacia do Rio Cuiabá;Bacia do Rio Cuiabá;7,5;;Sentinel-2 de 23/08/2026, pixels de 10 m;Landsat de 13/08/2026, pixels de 30 m
510340305420113;Cuiabá;Urbana;Jardim Europa;Cuiabá;;0,154;3;19,4;2;1,5;;;;;;;;;;;;;;;;;;;;;;;0;0,0;0;0,0;0,0;0;0,145;3,7;40,1;760;1300;60;240;1,0;65,7;2;0,0;0,0;0;0,0;53,2;2;0,0;0,0;2,08;0,0;Plintossolo pétrico;Córrego do Barbado;Bacia do Rio Cuiabá;Bacia do Rio Cuiabá;;;Sentinel-2 de 23/08/2026, pixels de 10 m;Landsat de 13/08/2026, pixels de 30 m
510340305420114;Cuiabá;Urbana;Jardim Europa;Cuiabá;;0,066;253;3831,5;96;2,6;26,5;8,7;55,7;48,6;0,0;100,0;100,0;100,0;0,0;100,0;0,0;4380,1;3000,0;;100,0;93,3;56,1;100,0;100,0;86,2;0,0;9,7;6;0,0;0;0,0;0,0;0;0,143;0,4;39,9;650;1220;140;60;0,8;4,2;11;0,0;0,0;0;0,0;8,7;22;0,0;0,0;2,08;0,0;Plintossolo pétrico;Córrego do Barbado;Bacia do Rio Cuiabá;Bacia do Rio Cuiabá;1,0;;Sentinel-2 de 23/08/2026, pixels de 10 m;Landsat de 13/08/2026, pixels de 30 m
510340305420115;Cuiabá;Urbana;Jardim Paulista;Cuiabá;;0,095;543;5735,1;222;2,4;16,4;9,8;52,9;61,3;1,3;98,6;98,6;98,2;0,0;98,2;0,0;3694,1;2800,0;1,5;100,0;80,7;22,7;100,0;100,0;62,9;16,1;13,7;7;0,0;0;0,0;0,0;0;0,144;1,7;39,4;450;1370;340;370;0,3;0,0;0;0,0;0,0;0;0,0;0,0;0;0,0;0,0;2,08;0,0;Plintossolo pétrico;Córrego do Gambá;Bacia do Rio Cuiabá;Bacia do Rio Cuiabá;3,0;;Sentinel-2 de 23/08/2026, pixels de 10 m;Landsat de 13/08/2026, pixels de 30 m
510340305420116;Cuiabá;Urbana;Terceiro;Cuiabá;;0,026;253;9591,4;88;2,9;11,5;15,0;51,0;84,2;0,0;100,0;97,7;100,0;0,0;100,0;0,0;1963,9;1350,0;4,6;100,0;45,8;17,4;100,0;100,0;71,5;0,0;25,3;7;0,0;0;0,0;0,0;0;0,175;3,4;40,0;1060;1680;310;370;0,9;57,9;146;0,0;12,2;31;12,2;37,6;95;0,0;0,0;2,08;0,0;Plintossolo pétrico;Córrego do Gambá;Bacia do Rio Cuiabá;Bacia do Rio Cuiabá;3,5;;Sentinel-2 de 23/08/2026, pixels de 10 m;Landsat de 13/08/2026, pixels de 30 m
510340305420117;Cuiabá;Urbana;Poção;Cuiabá;;0,118;489;4135,5;220;2,2;19,0;10,0;55,4;52,4;0,6;76,4;100,0;98,2;0,0;99,5;0,0;6633,2;3650,0;1,2;100,0;96,9;61,8;100,0;100,0;70,1;0,0;10,5;7;0,0;0;55,1;59,9;269;0,115;4,3;38,8;480;1350;380;220;-0,3;0,0;0;0,0;24,6;120;24,6;0,0;0;0,0;0,0;2,08;0,0;Plintossolo pétrico;Córrego do Gambá;Bacia do Rio Cuiabá;Bacia do Rio Cuiabá;10,4;;Sentinel-2 de 23/08/2026, pixels de 10 m;Landsat de 13/08/2026, pixels de 30 m
510340305420118;Cuiabá;Urbana;Bosque da Saúde;Cuiabá;;0,117;777;6632,0;352;2,2;14,3;8,8;53,0;41,7;;90,3;99,4;95,2;2,0;99,7;0,0;8784,2;6500,0;1,0;96,4;87,6;70,1;100,0;86,6;91,1;5,5;8,6;7;0,0;0;0,0;0,0;0;0,299;23,2;38,7;760;400;490;320;-0,4;0,0;0;0,0;0,2;1;16,8;0,0;0;0,0;0,0;2,08;0,0;Plintossolo pétrico;Afluente s/n do Rio Cuiabá;Bacia do Rio Cuiabá;Bacia do Rio Cuiabá;34,9;;Sentinel-2 de 23/08/2026, pixels de 10 m;Landsat de 13/08/2026, pixels de 30 m
510340305420119;Cuiabá;Urbana;Jardim das Américas;Cuiabá;;0,146;241;1651,5;88;2,7;36,1;6,2;56,4;39,0;0,0;100,0;100,0;97,7;0,0;100,0;0,0;8991,0;7000,0;1,8;100,0;100,0;90,0;100,0;100,0;100,0;0,0;5,1;7;0,3;1;49,3;73,6;119;0,13;1,7;40,4;1060;1600;470;370;1,3;0,0;0;0,0;8,0;19;8,0;0,0;0;0,0;0,0;2,08;0,0;Plintossolo pétrico;Afluente s/n do Rio Cuiabá;Bacia do Rio Cuiabá;Bacia do Rio Cuiabá;10,3;;Sentinel-2 de 23/08/2026, pixels de 10 m;Landsat de 13/08/2026, pixels de 30 m
510340305420120;Cuiabá;Urbana;Jardim Campus Elizius;Cuiabá;;0,052;416;8042,9;191;2,2;20,2;10,1;52,4;69,2;0,0;85,9;100,0;95,8;2,1;100,0;0,0;2015,5;1300,0;2,0;100,0;73,8;0,0;100,0;100,0;82,9;9,9;21,0;7;0,0;0;98,6;100,0;410;0,137;0,6;40,1;270;340;200;230;1,0;0,0;0;0,0;0,0;0;0,0;0,0;0;0,0;0,0;2,08;0,0;Plintossolo pétrico;Afluente s/n do Rio Cuiabá;Bacia do Rio Cuiabá;Bacia do Rio Cuiabá;0,8;;Sentinel-2 de 23/08/2026, pixels de 10 m;Landsat de 13/08/2026, pixels de 30 m
510340305420121;Cuiabá;Urbana;Terceiro;Cuiabá;;0,076;596;7806,9;200;3;11,6;13,9;54,4;83,6;0,0;100,0;100,0;97,0;2,0;100,0;0,0;1927,4;1500,0;2,4;95,5;90,6;14,1;100,0;84,4;62,9;0,0;17,6;7;0,0;0;0,0;0,0;0;0,171;3,7;40,0;770;1580;260;410;0,9;33,3;199;0,0;34,1;203;34,1;42,4;252;0,0;0,0;2,08;0,0;Plintossolo pétrico;Córrego do Gambá;Bacia do Rio Cuiabá;Bacia do Rio Cuiabá;4,7;;Sentinel-2 de 23/08/2026, pixels de 10 m;Landsat de 13/08/2026, pixels de 30 m
510340305420123;Cuiabá;Urbana;Jardim Aclimação;Cuiabá;;0,088;537;6100,5;230;2,3;13,2;12,3;52,1;31,1;0,0;89,1;100,0;99,1;0,0;99,6;0,0;12825,9;10000,0;;100,0;100,0;22,7;100,0;100,0;40,0;0,0;2,8;6;2,0;11;18,8;31,8;101;0,162;7,0;38,4;600;110;450;280;-0,7;0,0;0;0,0;0,0;0;11,4;0,0;0;0,0;0,0;2,08;0,0;Plintossolo pétrico;Afluente s/n do Rio Cuiabá;Bacia do Rio Cuiabá;Bacia do Rio Cuiabá;11,5;;Sentinel-2 de 23/08/2026, pixels de 10 m;Landsat de 13/08/2026, pixels de 30 m
510340305420124;Cuiabá;Urbana;Jardim Aclimação;Cuiabá;;0,101;453;4473,4;202;2,2;15,7;8,8;53,2;43,0;0,0;99,0;100,0;98,5;0,0;100,0;0,0;9675,9;8000,0;;100,0;99,8;94,0;100,0;100,0;81,2;0,0;3,2;6;0,0;0;0,0;0,0;0;0,238;11,4;38,8;770;370;520;170;-0,3;0,0;0;0,0;1,0;5;13,1;0,0;0;0,0;0,0;2,08;0,0;Plintossolo pétrico;Afluente s/n do Rio Cuiabá;Bacia do Rio Cuiabá;Bacia do Rio Cuiabá;25,4;;Sentinel-2 de 23/08/2026, pixels de 10 m;Landsat de 13/08/2026, pixels de 30 m
510340305420125;Cuiabá;Urbana;Bosque da Saúde;Cuiabá;;0,031;385;12621,4;192;2;20,0;8,8;56,6;34,3;0,0;98,4;100,0;99,0;0,0;100,0;0,0;8331,9;7000,0;0,0;100,0;100,0;100,0;100,0;100,0;36,9;0,0;3,7;7;0,0;0;0,0;0,0;0;0,165;1,3;39,0;620;200;450;410;-0,1;0,0;0;0,0;0,0;0;0,0;0,0;0;0,0;0,0;2,08;0,0;Plintossolo pétrico;Afluente s/n do Rio Cuiabá;Bacia do Rio Cuiabá;Bacia do Rio Cuiabá;1,0;;Sentinel-2 de 23/08/2026, pixels de 10 m;Landsat de 13/08/2026, pixels de 30 m
510340305420126;Cuiabá;Urbana;Bosque da Saúde;Cuiabá;;0,043;285;6667,4;125;2,3;28,1;7,0;51,2;28,4;;82,4;100,0;87,2;0,0;100,0;0,0;12593,6;10000,0;;100,0;100,0;61,4;100,0;100,0;0,0;0,0;6,0;6;0,0;0;0,0;0,0;0;0,158;0,7;39,1;640;180;440;510;0,0;0,0;0;0,0;0,0;0;0,0;0,0;0;0,0;0,0;2,08;0,0;Plintossolo pétrico;Afluente s/n do Rio Cuiabá;Bacia do Rio Cuiabá;Bacia do Rio Cuiabá;1,1;;Sentinel-2 de 23/08/2026, pixels de 10 m;Landsat de 13/08/2026, pixels de 30 m
510340305420127;Cuiabá;Urbana;Grande Terceiro;Cuiabá;;0,099;719;7234,0;311;2,3;10,2;10,7;55,8;45,2;;90,7;100,0;97,1;0,0;100,0;0,0;9247,7;6000,0;0,7;100,0;99,3;93,3;100,0;100,0;100,0;93,3;5,3;7;5,7;41;10,8;11,7;78;0,254;19,6;35,7;720;1080;310;420;-3,4;44,1;317;12,6;19,8;143;46,0;77,4;557;17,4;0,9;2,1;13,8;Plintossolo pétrico;Córrego do Barbado;Bacia do Rio Cuiabá;Bacia do Rio Cuiabá;27,0;;Sentinel-2 de 23/08/2026, pixels de 10 m;Landsat de 13/08/2026, pixels de 30 m
510340305420128;Cuiabá;Urbana;Grande Terceiro;Cuiabá;;0,056;438;7761,7;233;1,9;5,3;7,5;55,0;39,5;0,0;96,1;100,0;100,0;0,0;100,0;0,0;6703,0;3250,0;;100,0;90,4;0,0;100,0;100,0;100,0;0,0;7,7;6;4,5;20;10,7;26,8;47;0,299;31,3;36,2;720;1000;460;510;-2,9;48,2;211;10,7;39,6;173;39,6;57,0;249;36,5;16,4;2,12;20,0;Plintossolo pétrico;Córrego do Barbado;Bacia do Rio Cuiabá;Bacia do Rio Cuiabá;40,0;;Sentinel-2 de 23/08/2026, pixels de 10 m;Landsat de 13/08/2026, pixels de 30 m
510340305420129;Cuiabá;Urbana;Grande Terceiro;Cuiabá;;0,3;466;1555,3;243;1,9;8,2;5,8;55,6;42,7;0,0;98,4;100,0;99,2;0,0;100,0;0,0;5294,6;3500,0;1,4;100,0;88,8;88,8;100,0;100,0;100,0;9,2;9,6;7;11,4;53;31,2;64,2;145;0,319;31,3;37,4;870;1000;550;500;-1,7;85,6;399;15,0;61,5;287;61,5;88,1;411;54,3;14,3;2,19;49,7;Neossolo flúvico;Córrego do Barbado;Bacia do Rio Cuiabá;Bacia do Rio Cuiabá;201,5;;Sentinel-2 de 23/08/2026, pixels de 10 m;Landsat de 13/08/2026, pixels de 30 m
510340305420130;Cuiabá;Urbana;Dom Aquino;Cuiabá;;0,119;226;1899,9;98;2,3;24,3;6,6;44,7;66,8;0,0;99,0;100,0;99,0;0,0;100,0;;4083,4;2900,0;1,5;100,0;68,1;68,1;100,0;82,7;100,0;6,2;14,3;7;0,0;0;0,0;0,0;0;0,116;3,8;39,6;570;560;160;200;0,5;0,0;0;0,0;0,0;0;0,0;0,0;0;0,0;0,0;2,08;0,0;Plintossolo pétrico;Afluente s/n do Córrego da Prainha;Bacia do Rio Cuiabá;Bacia do Rio Cuiabá;20,0;;Sentinel-2 de 23/08/2026, pixels de 10 m;Landsat de 13/08/2026, pixels de 30 m
510340305420131;Cuiabá;Urbana;Dom Aquino;Cuiabá;;0,026;668;25945,9;298;2,2;9,3;8,1;58,5;31,4;0,0;99,7;100,0;99,0;0,0;100,0;0,0;9701,3;8000,0;;100,0;95,4;88,6;100,0;100,0;100,0;0,0;3,7;6;0,0;0;0,0;0,0;0;0,172;4,6;38,8;400;490;90;370;-0,3;0,0;0;0,0;0,0;0;0,0;0,0;0;0,0;0,0;2,08;0,0;Plintossolo pétrico;Afluente s/n do Córrego da Prainha;Bacia do Rio Cuiabá;Bacia do Rio Cuiabá;1,8;;Sentinel-2 de 23/08/2026, pixels de 10 m;Landsat de 13/08/2026, pixels de 30 m
510340305420132;Cuiabá;Urbana;;Cuiabá;;0,055;795;14391,0;282;2,8;17,2;12,3;53,5;24,3;0,0;100,0;100,0;100,0;0,0;99,6;0,0;15184,2;13000,0;0,0;100,0;100,0;100,0;0,0;100,0;100,0;0,0;0,1;7;0,0;0;48,5;97,1;386;0,155;1,4;37,7;620;1340;540;290;-1,4;0,0;0;0,0;0,0;0;0,0;0,0;0;0,0;0,0;2,08;0,0;Plintossolo pétrico;Afluente s/n do Rio Cuiabá;Bacia do Rio Cuiabá;Bacia do Rio Cuiabá;1,0;;Sentinel-2 de 23/08/2026, pixels de 10 m;Landsat de 13/08/2026, pixels de 30 m
510340305420133;Cuiabá;Urbana;;Cuiabá;;0,112;634;5652,2;230;2,8;24,6;8,7;52,2;28,2;0,0;97,4;98,7;97,0;1,7;100,0;0,0;11847,4;10001,0;0,7;100,0;99,2;94,0;100,0;100,0;100,0;0,0;2,7;7;0,0;0;0,0;4,2;0;0,192;4,4;38,9;940;1640;700;90;-0,2;0,0;0;0,0;0,0;0;0,0;0,0;0;0,0;0,0;2,08;0,0;Plintossolo pétrico;Afluente s/n do Rio Cuiabá;Bacia do Rio Cuiabá;Bacia do Rio Cuiabá;7,8;;Sentinel-2 de 23/08/2026, pixels de 10 m;Landsat de 13/08/2026, pixels de 30 m
510340305420134;Cuiabá;Urbana;Terra Nova;Cuiabá;;0,02;191;9383,1;100;1,9;10,5;10,5;56,5;65,4;0,0;96,0;100,0;99,0;0,0;99,0;0,0;4675,5;3500,0;;100,0;100,0;81,2;100,0;100,0;81,2;81,2;9,2;6;0,0;0;0,0;0,0;0;0,233;13,7;39,2;350;890;160;180;0,1;0,0;0;0,0;0,0;0;0,0;0,0;0;0,0;0,0;2,08;0,0;Plintossolo pétrico;Afluente s/n do Rio Cuiabá;Bacia do Rio Cuiabá;Bacia do Rio Cuiabá;14,3;;Sentinel-2 de 23/08/2026, pixels de 10 m;Landsat de 13/08/2026, pixels de 30 m
510340305420135;Cuiabá;Urbana;Dom Bosco;Cuiabá;Região do Dom Bosco;0,181;485;2675,7;198;2,4;8,9;13,4;50,3;70,7;0,0;96,5;100,0;86,4;0,0;99,5;0,0;4374,5;3000,0;2,5;92,4;75,5;65,4;93,2;92,4;57,3;0,0;17,3;7;0,4;2;14,9;31,1;72;0,228;5,4;39,2;550;850;150;330;0,1;0,0;0;0,0;6,1;30;6,1;0,0;0;0,0;0,0;2,08;0,0;Plintossolo pétrico;Afluente s/n do Rio Cuiabá;Bacia do Rio Cuiabá;Bacia do Rio Cuiabá;20,2;;Sentinel-2 de 23/08/2026, pixels de 10 m;Landsat de 13/08/2026, pixels de 30 m
510340305420136;Cuiabá;Urbana;Dom Aquino;Cuiabá;;0,122;679;5545,8;238;2,9;22,8;9,1;52,3;79,2;;98,7;99,2;95,8;0,0;99,2;0,0;3366,4;2300,0;1,4;100,0;66,1;1,0;100,0;100,0;87,6;4,9;16,4;7;0,0;0;0,0;0,0;0;0,236;9,0;39,3;320;950;330;260;0,2;0,0;0;0,0;0,0;0;0,0;0,0;0;0,0;0,0;2,08;0,0;Plintossolo pétrico;Córrego do Gambá;Bacia do Rio Cuiabá;Bacia do Rio Cuiabá;16,2;;Sentinel-2 de 23/08/2026, pixels de 10 m;Landsat de 13/08/2026, pixels de 30 m
510340305420137;Cuiabá;Urbana;Dom Aquino;Cuiabá;;0,049;1168;23963,5;539;2,2;5,1;13,9;55,5;62,1;;91,7;99,6;97,8;0,0;100,0;0,0;4607,8;3550,0;0,6;100,0;100,0;100,0;99,3;100,0;100,0;0,0;9,3;7;0,0;0;0,0;0,0;0;0,141;0,4;38,8;190;890;550;80;-0,3;0,0;0;0,0;0,0;0;0,0;0,0;0;0,0;0,0;2,08;0,0;Plintossolo pétrico;Córrego do Gambá;Bacia do Rio Cuiabá;Bacia do Rio Cuiabá;0,2;;Sentinel-2 de 23/08/2026, pixels de 10 m;Landsat de 13/08/2026, pixels de 30 m
510340305420138;Cuiabá;Urbana;Jardim Leblon;Cuiabá;;0,104;240;2305,9;91;2,6;15,0;14,2;50,4;73,3;;97,8;98,9;87,9;3,3;86,8;0,0;2068,0;1500,0;6,7;70,8;81,7;12,5;97,9;70,8;58,3;0,0;30,9;7;10,7;26;12,8;29,9;31;0,266;15,1;39,4;630;1560;100;170;0,3;0,0;0;0,0;0,0;0;0,0;0,0;0;0,0;0,0;2,08;0,0;Plintossolo pétrico;Afluente s/n do Rio Cuiabá;Bacia do Rio Cuiabá;Bacia do Rio Cuiabá;65,4;;Sentinel-2 de 23/08/2026, pixels de 10 m;Landsat de 13/08/2026, pixels de 30 m
510340305420139;Cuiabá;Urbana;Jardim Leblon;Cuiabá;;0,024;520;21610,6;210;2,5;8,8;14,6;52,9;37,1;0,0;100,0;100,0;99,0;0,0;99,0;0,0;13558,2;11000,0;;100,0;100,0;100,0;100,0;100,0;0,0;0,0;0,6;6;0,0;0;0,0;30,6;0;0,207;5,5;38,7;430;1670;300;110;-0,4;0,0;0;0,0;0,0;0;0,0;0,0;0;0,0;0,0;2,08;0,0;Plintossolo pétrico;Afluente s/n do Rio Cuiabá;Bacia do Rio Cuiabá;Bacia do Rio Cuiabá;2,5;;Sentinel-2 de 23/08/2026, pixels de 10 m;Landsat de 13/08/2026, pixels de 30 m
510340305420140;Cuiabá;Urbana;Jardim Leblon;Cuiabá;;0,064;733;11473,9;309;2,4;6,1;14,9;55,3;46,5;;99,7;100,0;100,0;0,0;100,0;0,0;8562,0;8000,0;0,0;100,0;100,0;100,0;100,0;100,0;100,0;0,0;3,1;7;21,2;155;39,4;69,0;289;0,267;19,2;39,4;350;1930;430;320;0,3;0,0;0;0,0;13,1;96;13,1;0,0;0;0,0;0,0;2,08;0,0;Plintossolo pétrico;Afluente s/n do Rio Cuiabá;Bacia do Rio Cuiabá;Bacia do Rio Cuiabá;16,8;;Sentinel-2 de 23/08/2026, pixels de 10 m;Landsat de 13/08/2026, pixels de 30 m
510340305420141;Cuiabá;Urbana;Jardim Leblon;Cuiabá;;0,12;485;4052,7;177;2,7;16,1;13,8;51,5;24,5;0,0;98,9;100,0;98,9;0,0;99,4;0,0;9739,8;5001,0;0,8;100,0;100,0;79,6;100,0;100,0;28,2;0,0;3,6;7;15,8;76;25,5;51,8;124;0,296;19,4;39,7;680;2000;670;220;0,6;0,0;0;0,0;6,3;31;6,3;0,0;0;0,0;0,0;2,08;0,0;Plintossolo pétrico;Afluente s/n do Rio Cuiabá;Bacia do Rio Cuiabá;Bacia do Rio Cuiabá;48,0;;Sentinel-2 de 23/08/2026, pixels de 10 m;Landsat de 13/08/2026, pixels de 30 m
510340305420142;Cuiabá;Urbana;Canjica;Cuiabá;Região do Dom Bosco;0,047;293;6240,6;103;2,8;14,7;11,6;51,2;76,1;0,0;99,0;99,0;96,1;0,0;99,0;0,0;2570,6;2000,0;6,3;100,0;39,9;0,0;100,0;98,3;33,8;0,0;27,2;7;13,3;39;1,5;44,6;5;0,305;24,7;38,7;490;370;400;370;-0,4;0,0;0;0,0;0,0;0;45,5;0,0;0;0,0;0,0;2,08;0,0;Plintossolo pétrico;Afluente s/n do Rio Cuiabá;Bacia do Rio Cuiabá;Bacia do Rio Cuiabá;39,6;;Sentinel-2 de 23/08/2026, pixels de 10 m;Landsat de 13/08/2026, pixels de 30 m
510340305420143;Cuiabá;Urbana;Canjica;Cuiabá;Região do Dom Bosco;0,045;665;14790,3;275;2,4;8,9;11,9;55,0;42,7;0,0;98,5;98,9;98,2;0,0;98,5;0,0;8763,1;7000,0;;98,6;97,0;91,9;100,0;98,5;95,6;1,4;5,1;6;3,1;20;9,1;25,8;60;0,261;12,9;39,2;800;620;430;130;0,1;0,0;0;0,0;4,7;31;6,1;0,0;0;0,0;0,0;2,08;0,0;Plintossolo pétrico;Afluente s/n do Rio Cuiabá;Bacia do Rio Cuiabá;Bacia do Rio Cuiabá;8,7;;Sentinel-2 de 23/08/2026, pixels de 10 m;Landsat de 13/08/2026, pixels de 30 m
510340305420144;Cuiabá;Urbana;Pico do Amor;Cuiabá;;0,09;466;5203,0;182;2,6;13,1;11,4;53,2;36,7;;75,8;100,0;96,2;0,0;100,0;0,0;9512,2;5001,0;;100,0;100,0;81,8;100,0;100,0;98,9;0,0;7,8;6;0,0;0;22,7;22,7;106;0,16;4,3;39,8;650;1010;520;170;0,7;0,0;0;0,0;3,7;17;3,7;0,0;0;0,0;0,0;2,08;0,0;Plintossolo pétrico;Afluente s/n do Rio Cuiabá;Bacia do Rio Cuiabá;Bacia do Rio Cuiabá;8,3;;Sentinel-2 de 23/08/2026, pixels de 10 m;Landsat de 13/08/2026, pixels de 30 m
510340305420145;Cuiabá;Urbana;Pico do Amor;Cuiabá;;0,065;601;9290,1;275;2,2;13,0;10,1;55,2;35,9;0,0;90,2;100,0;95,6;0,0;100,0;0,0;8048,5;5500,0;;100,0;97,5;88,2;100,0;100,0;79,5;0,0;7,0;6;0,0;0;2,6;19,2;15;0,161;3,3;38,8;610;820;480;90;-0,3;0,0;0;0,0;4,8;29;4,8;0,0;0;0,0;0,0;2,08;0,0;Plintossolo pétrico;Afluente s/n do Rio Cuiabá;Bacia do Rio Cuiabá;Bacia do Rio Cuiabá;3,6;;Sentinel-2 de 23/08/2026, pixels de 10 m;Landsat de 13/08/2026, pixels de 30 m
510340305420146;Cuiabá;Urbana;Jardim Aclimação;Cuiabá;;0,263;1111;4225,6;424;2,6;23,9;9,3;53,7;37,6;;98,1;100,0;87,7;0,0;100,0;0,0;12079,2;10000,0;0,3;100,0;100,0;100,0;100,0;100,0;100,0;0,0;3,3;7;0,2;2;0,0;0,0;0;0,144;3,5;40,0;560;1000;480;310;0,9;0,0;0;0,0;0,0;0;0,0;0,0;0;0,0;0,0;2,08;0,0;Plintossolo pétrico;Afluente s/n do Rio Cuiabá;Bacia do Rio Cuiabá;Bacia do Rio Cuiabá;8,3;;Sentinel-2 de 23/08/2026, pixels de 10 m;Landsat de 13/08/2026, pixels de 30 m
510340305420147;Cuiabá;Urbana;Jardim Aclimação;Cuiabá;;0,048;1149;24137,2;483;2,4;10,4;13,4;53,4;40,2;0,0;98,8;100,0;99,8;0,0;99,6;0,0;11296,2;10000,0;;100,0;100,0;0,0;100,0;100,0;100,0;0,0;1,9;6;0,0;0;0,0;0,0;0;0,164;2,9;39,0;300;1010;310;210;-0,1;0,0;0;0,0;0,0;0;0,0;0,0;0;0,0;0,0;2,08;0,0;Plintossolo pétrico;Afluente s/n do Rio Cuiabá;Bacia do Rio Cuiabá;Bacia do Rio Cuiabá;1,2;;Sentinel-2 de 23/08/2026, pixels de 10 m;Landsat de 13/08/2026, pixels de 30 m
510340310000002;Cuiabá;Rural;;Coxipó da Ponte;;62,34;291;4,7;110;2,6;22,3;17,5;48,1;85,9;0,0;20,0;97,3;18,2;68,2;24,5;0,0;2722,5;1500,0;14,7;;;;;;;;88,1;5;3,0;9;15,6;30,7;45;0,542;68,0;35,8;8030;11610;6250;6180;-3,3;0,0;0;0,0;22,4;65;24,5;0,0;0;0,0;63,4;1,66;1,5;Latossolo vermelho-amarelo;;Bacia do Rio Cuiabá;Bacia do Rio Ariçá-Açu;145674,2;;Sentinel-2 de 23/08/2026, pixels de 40 m;Landsat de 13/08/2026, amostra de 120 m
510340310000003;Cuiabá;Rural;;Coxipó da Ponte;;23,303;1;0,0;1;1;;;;;;;;;;;;;;;;;;;;;;;0;5,2;0;5,4;14,9;0;0,622;85,8;33,0;10700;14330;11450;7590;-6,1;0,0;0;0,0;0,0;0;1,7;0,0;0;0,0;96,8;2,04;1,6;Neossolo litólico;;Bacia do Rio Cuiabá;Bacia do Rio Ariçá-Açu;;;Sentinel-2 de 23/08/2026, pixels de 40 m;Landsat de 13/08/2026, amostra de 120 m
510340310000004;Cuiabá;Rural;;Coxipó da Ponte;;375,841;271;0,7;115;2,3;22,1;9,6;42,8;78,6;0,0;;96,5;0,0;86,1;11,3;0,0;1971,8;1600,0;12,4;;;;;;;;95,2;4;;;;;;0,589;73,5;34,9;19010;20450;19350;15360;-4,2;;;;0,0;0;0,0;0,0;0;0,0;69,2;1,94;5,6;Plintossolo pétrico;;Bacia do Rio Cuiabá;Bacia do Rio Ariçá-Açu;1019347,4;;Sentinel-2 de 23/08/2026, pixels de 40 m;Landsat de 13/08/2026, amostra de 120 m
510340310000008;Cuiabá;Rural;;Coxipó da Ponte;;122,189;517;4,2;187;2,7;16,8;11,4;43,1;87,4;0,0;21,9;87,2;3,7;18,7;48,7;4,3;2336,6;1600,0;8,0;;;;;;;;78,6;5;4,6;24;15,0;36,0;77;0,426;39,2;37,9;8980;11050;8230;8410;-1,2;0,0;0;0,0;13,6;71;19,5;0,0;0;0,0;42,3;1,87;4,0;Latossolo vermelho-amarelo;;Bacia do Rio Cuiabá;Bacia do Rio Cuiabá;92646,2;;Sentinel-2 de 23/08/2026, pixels de 10 m;Landsat de 13/08/2026, pixels de 30 m
510340310000010;Cuiabá;Rural;;Coxipó da Ponte;;185,198;520;2,8;210;2,5;24,4;9,6;49,0;85,2;0,0;38,6;93,3;26,2;7,1;56,2;2,4;2356,1;1313,0;8,9;;;;;;;;69,6;5;3,0;16;9,1;25,3;47;0,515;63,4;36,2;12990;14670;12510;12140;-2,9;0,0;0;0,0;6,9;36;13,8;0,0;0;0,0;58,5;1,71;3,1;Latossolo vermelho-amarelo;;Bacia do Rio Cuiabá;Bacia do Rio Ariçá-Açu;225799,1;;Sentinel-2 de 23/08/2026, pixels de 40 m;Landsat de 13/08/2026, amostra de 120 m
510340310000011;Cuiabá;Rural;;Coxipó da Ponte;;96,641;250;2,6;99;2,5;19,6;14,0;45,2;80,8;0,0;0,0;91,9;0,0;22,2;3,0;5,1;2198,2;1212,0;18,9;;;;;;;;96,4;5;;;;;;0,613;76,3;33,7;6040;6950;6610;5980;-5,4;;;;0,0;0;0,0;0,0;0;0,0;73,0;1,87;2,3;Latossolo vermelho-amarelo;;Bacia do Rio Cuiabá;Bacia do Rio Ariçá-Açu;294948,3;;Sentinel-2 de 23/08/2026, pixels de 40 m;Landsat de 13/08/2026, amostra de 120 m
510340310000012;Cuiabá;Rural;;Coxipó da Ponte;;26,305;234;8,9;86;2,7;20,5;15,4;44,0;75,6;0,0;4,7;96,5;0,0;87,2;7,0;;2001,4;1300,0;20,0;;;;;;;;97,3;5;28,8;67;51,5;88,1;120;0,549;64,4;35,3;11340;14910;9630;8120;-3,8;0,0;0;0,0;32,9;77;32,9;0,0;0;0,0;65,5;1,75;10,0;Latossolo vermelho-amarelo;;Bacia do Rio Cuiabá;Bacia do Rio Ariçá-Açu;72395,0;;Sentinel-2 de 23/08/2026, pixels de 40 m;Landsat de 13/08/2026, amostra de 120 m
510340310000013;Cuiabá;Rural;;Coxipó da Ponte;;233,363;273;1,2;98;2,8;20,1;12,1;46,2;78,0;0,0;0,0;96,9;0,0;43,9;4,1;;2971,6;1512,0;18,2;;;;;;;;93,8;5;3,9;11;23,5;41,0;64;0,54;61,8;35,9;10050;13920;9780;8110;-3,2;0,0;0;0,0;40,6;111;46,6;0,0;0;0,0;53,5;1,87;13,0;Latossolo vermelho-amarelo;;Bacia do Rio Cuiabá;Bacia do Rio Ariçá-Açu;528272,3;;Sentinel-2 de 23/08/2026, pixels de 40 m;Landsat de 13/08/2026, amostra de 120 m
510340310000016;Cuiabá;Urbana;;Coxipó da Ponte;Loteamento Sampaio;0,135;617;4585,2;195;3,2;6,0;25,3;49,9;83,0;;;17,4;0,0;75,4;96,9;8,2;1653,3;1500,0;7,7;0,0;88,3;50,2;97,5;0,0;0,0;0,0;61,6;6;0,0;0;0,0;0,0;0;0,233;4,4;40,3;1180;4410;1150;1150;1,2;0,0;0;0,0;0,0;0;0,0;0,0;0;0,0;1,5;1,64;0,0;Latossolo vermelho-amarelo;Afluente s/n do Córrego Aricazinho;Bacia do Rio Cuiabá;Bacia do Rio Ariçá-Açu;9,6;;Sentinel-2 de 23/08/2026, pixels de 10 m;Landsat de 13/08/2026, pixels de 30 m
510340310000017;Cuiabá;Urbana;;Coxipó da Ponte;;8,921;656;73,5;211;2,9;17,1;12,7;42,4;82,8;1,1;;88,6;0,0;21,8;2,8;0,0;1999,3;1300,0;11,4;;;;;;;;93,2;4;4,6;30;22,9;36,2;150;0,441;44,3;37,9;2940;6230;1320;1350;-1,2;0,0;0;0,0;29,0;190;30,8;0,0;0;0,0;35,6;1,98;0,0;Plintossolo argilúvico;Córrego Aricá;Bacia do Rio Cuiabá;Bacia do Rio Ariçá-Açu;6024,4;;Sentinel-2 de 23/08/2026, pixels de 10 m;Landsat de 13/08/2026, pixels de 30 m
510340310000022;Cuiabá;Urbana;;Coxipó da Ponte;;0,171;468;2733,3;154;3;4,1;23,5;49,8;89,1;0,6;2,6;59,1;;42,2;98,7;10,4;1511,1;1300,0;5,2;0,0;68,4;6,8;100,0;0,0;0,0;0,0;62,0;6;;;;;;0,248;1,5;40,9;1940;5470;80;110;1,8;;;;0,0;0;0,0;0,0;0;0,0;0,0;2,04;0,0;Plintossolo argilúvico;;Bacia do Rio Cuiabá;Bacia do Rio Ariçá-Açu;5,5;;Sentinel-2 de 23/08/2026, pixels de 10 m;Landsat de 13/08/2026, pixels de 30 m
510340310000023;Cuiabá;Urbana;;Coxipó da Ponte;;0,133;325;2444,8;106;3,1;5,2;28,3;52,0;86,8;0,0;;14,2;0,0;0,0;100,0;;1629,6;1200,0;5,4;0,0;84,6;4,6;97,5;0,0;0,0;0,0;58,7;6;;;;;;0,217;1,2;40,6;1900;5470;390;320;1,5;;;;0,0;0;0,0;0,0;0;0,0;2,2;1,9;0,0;Plintossolo argilúvico;;Bacia do Rio Cuiabá;Bacia do Rio Ariçá-Açu;4,9;;Sentinel-2 de 23/08/2026, pixels de 10 m;Landsat de 13/08/2026, pixels de 30 m
510340310000025;Cuiabá;Rural;;Coxipó da Ponte;;8,679;224;25,8;81;2,8;18,8;12,1;45,5;65,6;0,0;29,6;96,3;0,0;91,4;48,1;0,0;1781,2;1300,0;8,8;;;;;;;;81,4;5;;;;;;0,512;54,2;33,4;11620;35670;21140;22510;-5,7;;;;0,0;0;0,0;0,0;0;0,0;47,2;1,76;0,0;Latossolo vermelho-amarelo;;Bacia do Rio Cuiabá;Bacia do Rio Aricá-Mirim;21000,1;;Sentinel-2 de 23/08/2026, pixels de 40 m;Landsat de 13/08/2026, amostra de 120 m
510340310000026;Cuiabá;Rural;;Coxipó da Ponte;;252,815;498;2,0;179;2,8;18,1;15,3;48,4;76,7;1,0;4,5;97,2;0,0;53,6;7,8;0,0;2150,2;1500,0;11,0;;;;;;;;93,3;5;;;;;;0,547;66,6;34,2;15470;37970;14960;20420;-4,9;;;;0,0;0;0,0;0,0;0;0,0;70,3;1,92;5,8;Plintossolo pétrico;;Bacia do Rio Cuiabá;Bacia do Rio Aricá-Mirim;338102,0;;Sentinel-2 de 23/08/2026, pixels de 40 m;Landsat de 13/08/2026, amostra de 120 m
510340310000031;Cuiabá;Rural;;Coxipó da Ponte;;426,28;97;0,2;39;2,5;17,5;11,3;43,3;67,0;0,0;0,0;89,7;0,0;20,5;0,0;0,0;2510,8;2000,0;9,8;;;;;;;;90,1;5;;;;;;0,445;45,7;39,2;55350;93880;55280;55240;0,1;;;;0,0;0;0,0;0,0;0;0,0;39,4;2,08;32,0;Neossolo quartzarênico;;Bacia do Rio Cuiabá;Bacia do Ribeirão Mutum (MT);2008350,1;;Sentinel-2 de 17/08/2026, pixels de 40 m;Landsat de 13/08/2026, amostra de 120 m
510340310000033;Cuiabá;Rural;;Coxipó da Ponte;;67,978;436;6,4;180;2,4;21,8;12,2;45,0;76,1;;5,0;91,1;0,0;51,7;10,6;5,0;2266,1;1300,0;14,3;;;;;;;;96,2;5;;;;;;0,553;69,7;33,3;16620;40980;16030;20800;-5,8;;;;0,0;0;0,0;0,0;0;0,0;74,3;1,74;1,1;Argissolo vermelho-amarelo;;Bacia do Rio Cuiabá;Bacia do Rio Aricá-Mirim;108671,3;;Sentinel-2 de 23/08/2026, pixels de 40 m;Landsat de 13/08/2026, amostra de 120 m
510340310000034;Cuiabá;Rural;;Coxipó da Ponte;;0,391;37;94,6;12;3,1;21,6;;45,9;73,0;0,0;91,7;100,0;0,0;41,7;100,0;0,0;2540,5;1750,0;0,0;;;;;;;;;0;;;;;;0,415;36,4;34,5;16880;40300;20310;20410;-4,6;;;;0,0;0;0,0;0,0;0;0,0;13,8;2,0;0,0;Argissolo vermelho-amarelo;;Bacia do Rio Cuiabá;Bacia do Rio Cuiabá-Mirim;;;Sentinel-2 de 23/08/2026, pixels de 40 m;Landsat de 13/08/2026, amostra de 120 m
510340310000035;Cuiabá;Rural;;Coxipó da Ponte;;201,781;460;2,3;173;2,7;18,3;15,9;47,6;83,0;0,0;2,3;92,5;0,0;85,0;8,1;;2225,5;1800,0;9,7;;;;;;;;91,0;5;;;;;;0,555;65,8;33,5;11480;49270;11400;11500;-5,6;;;;0,0;0;0,0;0,0;0;0,0;82,8;1,81;11,2;Argissolo vermelho-amarelo;;Bacia do Rio Cuiabá;Bacia do Córrego Cupum;288634,6;;Sentinel-2 de 23/08/2026, pixels de 40 m;Landsat de 13/08/2026, amostra de 120 m
510340310000037;Cuiabá;Rural;;Coxipó da Ponte;;61,88;52;0,8;17;3,1;;17,3;51,9;75,0;0,0;0,0;100,0;0,0;76,5;0,0;0,0;3472,0;3000,0;15,4;;;;;;;;92,4;5;;;;;;0,419;34,6;36,7;18200;38860;23340;23430;-2,4;;;;0,0;0;0,0;0,0;0;0,0;35,3;1,77;0,2;Latossolo vermelho;;Bacia do Rio Cuiabá;Bacia do Rio Cuiabá-Mirim;411740,0;;Sentinel-2 de 23/08/2026, pixels de 40 m;Landsat de 13/08/2026, amostra de 120 m
510340310000038;Cuiabá;Rural;;Coxipó da Ponte;;20,896;74;3,5;28;2,6;27,0;8,1;41,9;74,3;0,0;;100,0;;0,0;28,6;0,0;3928,0;1550,0;15,4;;;;;;;;;3;1,6;1;23,1;37,7;17;0,462;50,2;37,1;4520;8250;4980;4910;-2,0;0,0;0;0,0;12,3;9;12,4;0,0;0;0,0;54,7;2,05;33,4;Plintossolo argilúvico;;Bacia do Rio Cuiabá;Bacia do Rio Ariçá-Açu;141753,9;;Sentinel-2 de 23/08/2026, pixels de 10 m;Landsat de 13/08/2026, pixels de 30 m
510340310000039;Cuiabá;Urbana;;Coxipó da Ponte;;4,172;356;85,3;122;2,9;16,0;17,4;44,7;76,7;0,0;5,7;83,6;0,0;2,5;5,7;13,9;1909,0;1212,0;8,7;;;;;;;;90,9;5;1,7;6;17,6;55,0;63;0,423;40,4;37,9;2710;5680;2660;2600;-1,2;0,0;0;0,0;7,9;28;9,0;0,0;0;0,0;25,1;1,94;16,9;Plintossolo argilúvico;Afluente s/n do Rio Aricalzinho;Bacia do Rio Cuiabá;Bacia do Rio Ariçá-Açu;4734,5;;Sentinel-2 de 23/08/2026, pixels de 10 m;Landsat de 13/08/2026, pixels de 30 m
510340310000040;Cuiabá;Urbana;;Coxipó da Ponte;;5,414;560;103,4;193;2,9;15,9;12,9;45,4;80,7;;7,3;86,0;3,1;80,3;25,4;;2377,8;1800,0;9,9;0,0;70,1;32,8;53,8;0,0;0,0;0,0;82,9;7;4,9;27;9,1;31,9;51;0,441;45,8;38,5;2250;5820;980;900;-0,6;0,0;0;0,0;11,6;65;14,1;0,0;0;0,0;33,2;1,92;0,0;Plintossolo argilúvico;Afluente s/n do Córrego Aricazinho;Bacia do Rio Cuiabá;Bacia do Rio Ariçá-Açu;4427,9;;Sentinel-2 de 23/08/2026, pixels de 10 m;Landsat de 13/08/2026, pixels de 30 m
510340310000041;Cuiabá;Urbana;;Coxipó da Ponte;;0,915;509;556,4;170;3;7,7;21,0;49,7;81,1;;11,8;79,4;2,4;47,6;80,6;0,0;1966,4;1650,0;6,3;0,0;100,0;61,7;86,0;0,0;0,0;0,0;65,0;7;0,0;0;0,0;0,0;0;0,369;27,1;39,1;1380;4580;1350;1320;0,0;0,0;0;0,0;0,0;0;0,0;0,0;0;0,0;36,1;1,61;0,0;Latossolo vermelho-amarelo;Afluente s/n do Córrego Aricazinho;Bacia do Rio Cuiabá;Bacia do Rio Ariçá-Açu;487,2;;Sentinel-2 de 23/08/2026, pixels de 10 m;Landsat de 13/08/2026, pixels de 30 m
510340310000042;Cuiabá;Rural;;Coxipó da Ponte;;15,781;404;25,6;131;3,1;15,8;16,1;48,5;74,3;;31,3;97,7;4,6;73,3;50,4;0,0;1939,2;1300,0;9,6;;;;;;;;80,0;5;;;;;;0,523;55,6;33,9;11810;36240;18990;21540;-5,2;;;;0,0;0;0,0;0,0;0;0,0;56,8;1,69;1,1;Latossolo vermelho-amarelo;;Bacia do Rio Cuiabá;Bacia do Rio Aricá-Mirim;21718,4;;Sentinel-2 de 23/08/2026, pixels de 40 m;Landsat de 13/08/2026, amostra de 120 m
510340310000043;Cuiabá;Rural;;Coxipó da Ponte;;0,214;55;256,7;19;2,9;10,9;16,4;50,9;70,9;0,0;47,4;100,0;;68,4;94,7;0,0;1620,7;1212,0;;;;;;;;;;3;;;;;;0,285;9,1;35,8;12790;37050;19370;23140;-3,3;;;;0,0;0;0,0;0,0;0;0,0;11,0;1,85;0,0;Latossolo vermelho-amarelo;;Bacia do Rio Cuiabá;Bacia do Rio Aricá-Mirim;354,1;;Sentinel-2 de 23/08/2026, pixels de 40 m;Landsat de 13/08/2026, amostra de 120 m
510340310400001;Cuiabá;Urbana;Morada do Ouro;Coxipó da Ponte;;0,171;756;4411,6;256;3;25,4;10,4;53,7;59,9;0,0;98,4;100,0;98,4;0,0;100,0;0,0;6351,8;5000,0;0,9;100,0;94,2;60,3;100,0;100,0;48,9;0,0;7,3;7;0,4;3;0,0;2,0;0;0,202;5,9;39,7;310;1190;350;200;0,6;0,0;0;0,0;0,0;0;0,0;0,0;0;0,0;0,0;2,08;0,0;Plintossolo pétrico;Afluente s/n do Rio Cuiabá;Bacia do Rio Cuiabá;Bacia do Rio Cuiabá;13,3;;Sentinel-2 de 23/08/2026, pixels de 10 m;Landsat de 13/08/2026, pixels de 30 m
510340310400002;Cuiabá;Urbana;Morada do Ouro;Coxipó da Ponte;;0,22;766;3485,6;272;2,8;25,2;8,6;53,0;54,6;0,0;100,0;100,0;99,6;0,0;99,6;0,0;6148,0;4500,0;1,2;87,9;80,8;37,1;96,7;86,3;2,9;1,4;11,1;7;0,0;0;0,0;0,0;0;0,261;14,4;38,3;650;770;170;110;-0,8;0,0;0;0,0;0,0;0;0,8;0,0;0;0,0;1,3;2,08;0,0;Plintossolo pétrico;Afluente s/n do Rio Cuiabá;Bacia do Rio Cuiabá;Bacia do Rio Cuiabá;41,4;;Sentinel-2 de 23/08/2026, pixels de 10 m;Landsat de 13/08/2026, pixels de 30 m
510340310400003;Cuiabá;Urbana;Morada do Ouro;Coxipó da Ponte;;0,173;641;3714,6;234;2,7;25,7;9,4;55,7;55,5;0,0;91,9;100,0;100,0;0,0;100,0;0,0;7754,1;6000,0;0,7;100,0;91,1;41,3;100,0;100,0;21,4;2,8;7,0;7;0,0;0;0,0;6,6;0;0,263;15,2;39,1;600;1000;350;130;0,0;0,0;0;0,0;0,0;0;0,0;0,0;0;0,0;0,0;2,08;0,0;Plintossolo pétrico;Afluente s/n do Rio Cuiabá;Bacia do Rio Cuiabá;Bacia do Rio Cuiabá;41,0;;Sentinel-2 de 23/08/2026, pixels de 10 m;Landsat de 13/08/2026, pixels de 30 m
510340310400004;Cuiabá;Urbana;Morada do Ouro;Coxipó da Ponte;;0,186;777;4166,3;268;2,9;27,5;9,8;55,5;58,7;0,0;100,0;100,0;94,8;0,0;99,6;0,0;6711,4;5000,0;1,3;96,1;88,3;34,2;100,0;98,7;32,9;10,0;9,1;7;0,0;0;0,0;56,5;0;0,239;13,1;38,8;880;950;330;240;-0,3;0,0;0;0,0;0,0;0;0,0;0,0;0;0,0;0,0;2,08;0,0;Plintossolo pétrico;Afluente s/n do Córrego Vassoura;Bacia do Rio Cuiabá;Bacia do Rio Cuiabá;31,4;;Sentinel-2 de 23/08/2026, pixels de 10 m;Landsat de 13/08/2026, pixels de 30 m
510340310400006;Cuiabá;Urbana;Morada do Ouro;Coxipó da Ponte;;0,273;1006;3690,2;336;3;13,5;12,8;51,7;66,6;;98,2;99,4;81,5;14,3;99,7;;4958,4;3100,0;1,4;75,5;51,6;15,4;100,0;75,5;66,6;0,8;21,6;7;11,9;120;12,9;79,1;130;0,199;10,2;39,7;570;1630;650;220;0,6;0,0;0;0,0;11,6;117;11,6;0,0;0;0,0;0,0;2,08;0,0;Plintossolo pétrico;Afluente s/n do Córrego Vassoura;Bacia do Rio Cuiabá;Bacia do Rio Cuiabá;27,7;;Sentinel-2 de 23/08/2026, pixels de 10 m;Landsat de 13/08/2026, pixels de 30 m
510340310400007;Cuiabá;Urbana;Morada do Ouro;Coxipó da Ponte;;0,74;1456;1968,3;591;2,5;7,6;14,4;54,0;65,6;0,3;99,2;98,8;98,1;1,2;99,3;0,0;4095,1;3001,0;0,8;99,2;76,6;50,8;99,5;99,2;88,0;3,6;12,7;7;16,2;236;12,4;38,5;181;0,363;35,0;38,7;430;1940;520;500;-0,4;0,0;0;0,0;13,9;202;28,1;0,0;0;0,0;6,8;2,06;0,0;Plintossolo pétrico;Afluente s/n do Córrego Vassoura;Bacia do Rio Cuiabá;Bacia do Rio Cuiabá;177,9;;Sentinel-2 de 23/08/2026, pixels de 10 m;Landsat de 13/08/2026, pixels de 30 m
510340310400008;Cuiabá;Urbana;Morada do Ouro;Coxipó da Ponte;;0,404;484;1197,5;233;2,1;10,7;9,9;54,8;50,6;0,0;100,0;100,0;98,7;0,0;99,6;0,0;10261,5;8000,0;;100,0;99,6;26,7;100,0;100,0;98,6;0,0;2,7;6;5,4;26;3,7;17,8;18;0,232;15,1;39,1;180;1490;110;540;0,0;0,0;0;0,0;0,0;0;3,1;0,0;0;0,0;0,0;2,08;0,0;Plintossolo pétrico;Afluente s/n do Rio Cuiabá;Bacia do Rio Cuiabá;Bacia do Rio Cuiabá;126,0;;Sentinel-2 de 23/08/2026, pixels de 10 m;Landsat de 13/08/2026, pixels de 30 m
510340310400010;Cuiabá;Urbana;Morada da Serra;Coxipó da Ponte;;0,106;760;7156,4;262;2,9;21,4;10,5;52,5;71,6;1,4;98,9;98,9;98,9;0,0;100,0;;3487,1;2400,0;2,7;100,0;71,8;17,6;100,0;100,0;44,3;0,0;16,1;7;0,0;0;0,0;0,0;0;0,133;1,3;40,4;590;670;160;290;1,3;0,0;0;0,0;0,0;0;0,0;0,0;0;0,0;0,0;2,08;0,0;Plintossolo pétrico;Afluente s/n do Córrego Vassoura;Bacia do Rio Cuiabá;Bacia do Rio Cuiabá;1,8;;Sentinel-2 de 23/08/2026, pixels de 10 m;Landsat de 13/08/2026, pixels de 30 m
510340310400011;Cuiabá;Urbana;Morada da Serra;Coxipó da Ponte;;0,056;508;9137,4;182;2,8;23,8;9,3;56,1;73,6;;99,5;100,0;99,5;0,0;100,0;0,0;3607,4;2500,0;1,6;100,0;99,0;27,8;100,0;100,0;80,1;0,0;10,6;7;0,0;0;0,0;0,0;0;0,127;1,3;40,4;420;960;310;310;1,3;0,0;0;0,0;0,0;0;0,0;0,0;0;0,0;0,0;2,08;0,0;Plintossolo pétrico;Córrego Caju;Bacia do Rio Cuiabá;Bacia do Rio Cuiabá;1,4;;Sentinel-2 de 23/08/2026, pixels de 10 m;Landsat de 13/08/2026, pixels de 30 m
510340310400012;Cuiabá;Urbana;Morada da Serra;Coxipó da Ponte;;0,06;431;7167,0;140;3,1;20,2;13,5;56,4;70,1;0,0;98,6;98,6;98,6;0,0;99,3;0,0;4566,1;3000,0;0,9;100,0;91,9;0,0;100,0;100,0;90,5;0,0;9,8;7;0,0;0;0,0;0,0;0;0,128;2,2;40,2;220;1170;310;270;1,1;0,0;0;0,0;0,0;0;0,0;0,0;0;0,0;0,0;2,08;0,0;Plintossolo pétrico;Córrego Caju;Bacia do Rio Cuiabá;Bacia do Rio Cuiabá;3,1;;Sentinel-2 de 23/08/2026, pixels de 10 m;Landsat de 13/08/2026, pixels de 30 m
510340310400013;Cuiabá;Urbana;Morada da Serra;Coxipó da Ponte;;0,09;527;5877,0;175;3;23,3;8,9;51,8;70,0;0,6;93,7;97,1;94,9;0,0;97,7;2,3;4220,8;2400,0;2,9;100,0;81,6;23,4;100,0;100,0;95,4;0,0;15,6;7;17,6;93;32,9;69,6;173;0,279;23,2;39,1;380;910;360;300;0,0;0,0;0;0,0;3,5;18;35,0;0,0;0;0,0;0,0;2,08;0,0;Plintossolo pétrico;Córrego Caju;Bacia do Rio Cuiabá;Bacia do Rio Cuiabá;39,6;;Sentinel-2 de 23/08/2026, pixels de 10 m;Landsat de 13/08/2026, pixels de 30 m
510340310400014;Cuiabá;Urbana;Morada da Serra;Coxipó da Ponte;;0,182;875;4817,4;287;3;16,9;13,7;54,6;74,5;0,0;100,0;100,0;100,0;0,0;100,0;0,0;2990,0;2000,0;2,8;100,0;90,8;17,9;100,0;100,0;99,5;0,5;14,1;7;6,6;58;8,1;32,0;71;0,314;25,8;39,2;40;1270;560;20;0,1;0,0;0;0,0;25,0;219;33,6;0,0;0;0,0;0,0;2,08;0,0;Plintossolo pétrico;Córrego Caju;Bacia do Rio Cuiabá;Bacia do Rio Cuiabá;53,7;;Sentinel-2 de 23/08/2026, pixels de 10 m;Landsat de 13/08/2026, pixels de 30 m
510340310400015;Cuiabá;Urbana;Morada da Serra;Coxipó da Ponte;;0,066;449;6835,6;158;2,8;21,4;12,7;54,3;69,7;0,7;100,0;100,0;99,4;0,0;100,0;0,0;2821,5;2000,0;3,9;100,0;89,8;60,4;100,0;100,0;100,0;11,1;15,9;7;12,4;56;33,8;74,6;152;0,206;10,3;39,6;350;1370;390;300;0,5;0,0;0;0,0;18,2;82;18,2;0,0;0;0,0;0,0;2,08;0,0;Plintossolo pétrico;Córrego Caju;Bacia do Rio Cuiabá;Bacia do Rio Cuiabá;15,1;;Sentinel-2 de 23/08/2026, pixels de 10 m;Landsat de 13/08/2026, pixels de 30 m
510340310400016;Cuiabá;Urbana;Morada da Serra;Coxipó da Ponte;;0,041;337;8137,7;122;2,8;17,5;9,5;52,5;70,6;0,0;99,2;100,0;99,2;0,0;100,0;0,0;2937,5;2000,0;0,0;100,0;92,0;22,6;100,0;100,0;100,0;0,0;11,3;7;0,0;0;0,0;0,0;0;0,104;0,5;40,3;620;1100;160;540;1,2;0,0;0;0,0;0,0;0;0,0;0,0;0;0,0;0,0;2,08;0,0;Plintossolo pétrico;Córrego Caju;Bacia do Rio Cuiabá;Bacia do Rio Cuiabá;0,6;;Sentinel-2 de 23/08/2026, pixels de 10 m;Landsat de 13/08/2026, pixels de 30 m
510340310400017;Cuiabá;Urbana;Morada da Serra;Coxipó da Ponte;;0,072;430;5952,3;144;3;24,4;10,0;52,6;72,6;;100,0;100,0;100,0;0,0;100,0;0,0;3344,2;2500,0;2,8;100,0;98,1;22,6;100,0;100,0;100,0;0,0;12,4;7;0,0;0;0,0;0,0;0;0,165;1,5;40,2;760;1390;130;650;1,1;0,0;0;0,0;0,0;0;0,0;0,0;0;0,0;0,0;2,08;0,0;Plintossolo pétrico;Córrego Caju;Bacia do Rio Cuiabá;Bacia do Rio Cuiabá;2,5;;Sentinel-2 de 23/08/2026, pixels de 10 m;Landsat de 13/08/2026, pixels de 30 m
510340310400018;Cuiabá;Urbana;Morada da Serra;Coxipó da Ponte;;0,051;307;5977,8;106;2,9;27,7;8,8;56,0;68,7;3,3;100,0;98,1;100,0;0,0;100,0;;3426,3;2400,0;1,5;100,0;72,6;24,4;100,0;100,0;89,6;14,3;14,5;7;0,0;0;0,0;0,0;0;0,15;2,7;40,2;770;1570;310;450;1,1;0,0;0;0,0;0,0;0;0,0;0,0;0;0,0;0,0;2,08;0,0;Plintossolo pétrico;Córrego Caju;Bacia do Rio Cuiabá;Bacia do Rio Cuiabá;4,5;;Sentinel-2 de 23/08/2026, pixels de 10 m;Landsat de 13/08/2026, pixels de 30 m
510340310400019;Cuiabá;Urbana;Morada da Serra;Coxipó da Ponte;;0,07;485;6916,9;182;2,7;21,0;11,1;50,9;62,3;1,6;98,4;98,9;98,9;0,0;100,0;0,0;2791,7;2000,0;4,1;97,9;87,4;32,6;100,0;100,0;89,9;2,9;17,2;7;0,0;0;0,0;0,0;0;0,141;0,4;40,5;1040;1640;420;570;1,4;0,0;0;0,0;0,0;0;0,0;0,0;0;0,0;0,0;2,08;0,0;Plintossolo pétrico;Córrego Caju;Bacia do Rio Cuiabá;Bacia do Rio Cuiabá;0,6;;Sentinel-2 de 23/08/2026, pixels de 10 m;Landsat de 13/08/2026, pixels de 30 m
510340310400020;Cuiabá;Urbana;Morada da Serra;Coxipó da Ponte;;0,074;411;5531,7;168;2,4;26,0;7,3;52,8;72,7;;100,0;100,0;98,8;0,0;100,0;0,0;4175,7;3000,0;1,9;100,0;86,9;31,6;100,0;100,0;89,1;0,0;11,8;7;0,0;0;0,0;0,0;0;0,136;1,1;40,6;1040;1500;360;740;1,5;0,0;0;0,0;0,0;0;0,0;0,0;0;0,0;0,0;2,08;0,0;Plintossolo pétrico;Córrego Caju;Bacia do Rio Cuiabá;Bacia do Rio Cuiabá;2,0;;Sentinel-2 de 23/08/2026, pixels de 10 m;Landsat de 13/08/2026, pixels de 30 m
510340310400021;Cuiabá;Urbana;Morada da Serra;Coxipó da Ponte;;0,047;297;6335,9;97;3,1;27,6;8,4;54,9;63,6;0,0;100,0;100,0;100,0;0,0;100,0;0,0;5125,0;3000,0;2,7;100,0;100,0;90,6;100,0;100,0;88,2;0,0;9,3;7;0,0;0;0,0;0,0;0;0,14;0,2;40,6;1120;1320;440;740;1,5;0,0;0;0,0;0,0;0;0,0;0,0;0;0,0;0,0;2,08;0,0;Plintossolo pétrico;Córrego Caju;Bacia do Rio Cuiabá;Bacia do Rio Cuiabá;0,3;;Sentinel-2 de 23/08/2026, pixels de 10 m;Landsat de 13/08/2026, pixels de 30 m
510340310400022;Cuiabá;Urbana;Morada da Serra;Coxipó da Ponte;;0,118;474;4024,8;164;2,9;25,5;6,1;55,9;71,9;;99,4;99,4;100,0;0,0;100,0;0,0;3789,8;2500,0;0,9;100,0;93,9;29,1;100,0;100,0;89,5;0,0;10,2;7;0,0;0;0,0;0,0;0;0,15;1,8;40,5;1030;1260;470;660;1,4;0,0;0;0,0;0,0;0;0,0;0,0;0;0,0;0,0;2,08;0,0;Plintossolo pétrico;Córrego Caju;Bacia do Rio Cuiabá;Bacia do Rio Cuiabá;4,5;;Sentinel-2 de 23/08/2026, pixels de 10 m;Landsat de 13/08/2026, pixels de 30 m
510340310400023;Cuiabá;Urbana;Morada da Serra;Coxipó da Ponte;;0,127;761;6010,2;267;2,9;27,7;7,5;56,5;69,8;;98,5;99,6;99,6;0,0;100,0;0,0;4895,2;3000,0;1,8;100,0;95,9;69,4;100,0;100,0;87,5;5,8;9,5;7;0,0;0;0,0;0,0;0;0,128;1,0;40,5;880;1220;460;600;1,4;0,0;0;0,0;0,0;0;0,0;0,0;0;0,0;0,0;2,08;0,0;Plintossolo pétrico;Afluente s/n do Córrego Vassoura;Bacia do Rio Cuiabá;Bacia do Rio Cuiabá;1,7;;Sentinel-2 de 23/08/2026, pixels de 10 m;Landsat de 13/08/2026, pixels de 30 m
510340310400024;Cuiabá;Urbana;Morada da Serra;Coxipó da Ponte;;0,082;464;5645,9;147;3,2;25,6;9,5;57,8;64,2;;99,3;98,0;99,3;0,0;99,3;0,0;3179,8;2400,0;4,6;100,0;84,3;55,0;100,0;100,0;100,0;0,0;17,0;7;0,0;0;0,0;0,0;0;0,129;0,5;40,3;660;1110;370;410;1,2;0,0;0;0,0;0,0;0;0,0;0,0;0;0,0;0,0;2,08;0,0;Plintossolo pétrico;Córrego Caju;Bacia do Rio Cuiabá;Bacia do Rio Cuiabá;0,9;;Sentinel-2 de 23/08/2026, pixels de 10 m;Landsat de 13/08/2026, pixels de 30 m
510340310400025;Cuiabá;Urbana;Morada da Serra;Coxipó da Ponte;;0,203;812;4005,2;275;3;23,5;11,1;57,6;69,0;0,0;98,2;100,0;98,2;0,0;99,3;0,0;4299,1;3000,0;1,8;100,0;93,1;46,9;100,0;100,0;99,1;4,7;11,1;7;0,0;0;0,0;0,0;0;0,114;1,5;40,6;610;590;220;120;1,5;0,0;0;0,0;0,0;0;0,0;0,0;0;0,0;0,0;2,08;0,0;Plintossolo pétrico;Córrego Caju;Bacia do Rio Cuiabá;Bacia do Rio Cuiabá;3,8;;Sentinel-2 de 23/08/2026, pixels de 10 m;Landsat de 13/08/2026, pixels de 30 m
510340310400026;Cuiabá;Urbana;Morada da Serra;Coxipó da Ponte;;0,158;525;3327,5;180;2,9;21,1;9,0;50,3;68,0;0,0;99,4;99,4;98,9;0,0;98,9;;3150,5;2000,0;1,6;96,0;87,0;28,9;100,0;96,0;77,6;4,4;14,1;7;11,6;61;13,2;39,5;69;0,192;14,0;39,5;850;710;130;300;0,4;0,0;0;0,0;0,0;0;16,0;0,0;0;0,0;0,0;2,08;0,0;Plintossolo pétrico;Córrego Caju;Bacia do Rio Cuiabá;Bacia do Rio Cuiabá;42,1;;Sentinel-2 de 23/08/2026, pixels de 10 m;Landsat de 13/08/2026, pixels de 30 m
510340310400027;Cuiabá;Urbana;Morada da Serra;Coxipó da Ponte;;0,079;499;6293,9;190;2,6;28,5;6,0;49,5;71,7;;100,0;100,0;100,0;0,0;100,0;0,0;3794,4;2400,0;0,7;100,0;99,8;59,1;100,0;100,0;100,0;0,0;9,1;7;0,0;0;2,3;44,3;11;0,136;1,0;40,3;860;490;320;220;1,2;0,0;0;0,0;0,0;0;0,0;0,0;0;0,0;0,0;2,08;0,0;Plintossolo pétrico;Córrego Caju;Bacia do Rio Cuiabá;Bacia do Rio Cuiabá;1,6;;Sentinel-2 de 23/08/2026, pixels de 10 m;Landsat de 13/08/2026, pixels de 30 m
510340310400028;Cuiabá;Urbana;Morada da Serra;Coxipó da Ponte;;0,066;488;7391,8;179;2,7;24,2;11,7;51,8;68,9;;100,0;100,0;83,8;0,0;100,0;0,0;3422,2;2000,0;1,0;100,0;77,3;18,9;100,0;100,0;86,9;3,3;15,6;7;0,0;0;0,0;0,0;0;0,146;1,5;40,3;950;370;340;230;1,2;0,0;0;0,0;0,0;0;0,0;0,0;0;0,0;0,0;2,08;0,0;Plintossolo pétrico;Córrego Ouro Fino;Bacia do Rio Cuiabá;Bacia do Rio Cuiabá;2,0;;Sentinel-2 de 23/08/2026, pixels de 10 m;Landsat de 13/08/2026, pixels de 30 m
510340310400029;Cuiabá;Urbana;Morada da Serra;Coxipó da Ponte;;0,115;638;5531,7;248;2,6;20,5;8,6;52,7;72,9;;80,6;99,6;89,9;1,2;99,2;0,0;3053,8;2000,0;1,7;100,0;63,6;12,6;100,0;100,0;74,4;0,0;21,3;7;0,0;0;0,0;4,0;0;0,164;3,7;40,7;870;140;90;140;1,6;0,0;0;0,0;0,0;0;0,0;0,0;0;0,0;0,0;2,08;0,0;Plintossolo pétrico;Córrego Ouro Fino;Bacia do Rio Cuiabá;Bacia do Rio Cuiabá;6,7;;Sentinel-2 de 23/08/2026, pixels de 10 m;Landsat de 13/08/2026, pixels de 30 m
510340310400030;Cuiabá;Urbana;Morada da Serra;Coxipó da Ponte;;0,07;666;9557,9;229;2,9;17,7;13,2;52,7;69,1;;97,8;98,3;98,7;0,0;100,0;0,0;3644,4;2500,0;2,3;100,0;89,0;21,2;100,0;100,0;32,9;0,0;13,1;7;0,0;0;0,0;0,0;0;0,12;0,0;40,5;820;570;300;230;1,4;0,0;0;0,0;0,0;0;0,0;0,0;0;0,0;0,0;2,08;0,0;Plintossolo pétrico;Córrego Ouro Fino;Bacia do Rio Cuiabá;Bacia do Rio Cuiabá;0,0;;Sentinel-2 de 23/08/2026, pixels de 10 m;Landsat de 13/08/2026, pixels de 30 m
510340310400031;Cuiabá;Urbana;Morada da Serra;Coxipó da Ponte;;0,046;440;9501,7;161;2,7;19,5;9,1;52,5;68,0;;93,8;98,8;98,8;0,0;100,0;0,0;2863,0;2000,0;;100,0;74,5;24,1;100,0;100,0;63,4;0,0;17,3;6;0,0;0;0,0;0,0;0;0,113;0,2;40,6;730;710;160;200;1,5;0,0;0;0,0;0,0;0;0,0;0,0;0;0,0;0,0;2,08;0,0;Plintossolo pétrico;Córrego Ouro Fino;Bacia do Rio Cuiabá;Bacia do Rio Cuiabá;0,2;;Sentinel-2 de 23/08/2026, pixels de 10 m;Landsat de 13/08/2026, pixels de 30 m
510340310400032;Cuiabá;Urbana;Morada da Serra;Coxipó da Ponte;;0,065;600;9256,7;213;2,8;18,3;10,2;53,8;72,2;;100,0;100,0;99,1;0,0;100,0;;3144,7;2200,0;0,8;100,0;77,8;0,0;100,0;100,0;50,8;0,2;13,7;7;0,0;0;0,0;0,0;0;0,113;0,0;41,2;410;1000;170;140;2,1;0,0;0;0,0;0,0;0;0,0;0,0;0;0,0;0,0;2,08;0,0;Plintossolo pétrico;Afluente s/n do Córrego Vassoura;Bacia do Rio Cuiabá;Bacia do Rio Cuiabá;0,0;;Sentinel-2 de 23/08/2026, pixels de 10 m;Landsat de 13/08/2026, pixels de 30 m
510340310400033;Cuiabá;Urbana;Morada da Serra;Coxipó da Ponte;;0,065;546;8382,9;173;3,2;17,6;11,9;52,9;66,5;0,0;100,0;100,0;100,0;0,0;100,0;0,0;3209,1;2400,0;2,4;100,0;92,1;18,9;100,0;100,0;99,5;0,0;13,1;7;0,0;0;0,0;0,0;0;0,134;0,5;40,9;440;1200;250;130;1,8;0,0;0;0,0;0,0;0;0,0;0,0;0;0,0;0,0;2,08;0,0;Plintossolo pétrico;Afluente s/n do Córrego Vassoura;Bacia do Rio Cuiabá;Bacia do Rio Cuiabá;0,6;;Sentinel-2 de 23/08/2026, pixels de 10 m;Landsat de 13/08/2026, pixels de 30 m
510340310400034;Cuiabá;Urbana;Morada da Serra;Coxipó da Ponte;;0,072;642;8859,7;207;3,1;21,3;8,9;53,9;74,9;0,0;100,0;100,0;99,0;0,0;100,0;0,0;3438,1;2500,0;1,3;100,0;81,6;0,6;100,0;100,0;11,2;0,0;13,1;7;0,0;0;0,0;0,0;0;0,106;0,0;41,2;400;1390;260;270;2,1;0,0;0;0,0;0,0;0;0,0;0,0;0;0,0;0,0;2,08;0,0;Plintossolo pétrico;Afluente s/n do Córrego Vassoura;Bacia do Rio Cuiabá;Bacia do Rio Cuiabá;0,0;;Sentinel-2 de 23/08/2026, pixels de 10 m;Landsat de 13/08/2026, pixels de 30 m
510340310400035;Cuiabá;Urbana;Morada da Serra;Coxipó da Ponte;;0,055;506;9216,3;178;2,8;15,8;9,1;54,9;76,3;;100,0;100,0;98,3;0,0;100,0;0,0;2638,3;2000,0;1,5;100,0;72,7;11,9;100,0;100,0;11,1;0,0;16,4;7;0,0;0;0,0;0,0;0;0,111;0,0;40,9;430;1600;180;350;1,8;0,0;0;0,0;0,0;0;0,0;0,0;0;0,0;0,0;2,08;0,0;Plintossolo pétrico;Afluente s/n do Córrego Vassoura;Bacia do Rio Cuiabá;Bacia do Rio Cuiabá;0,0;;Sentinel-2 de 23/08/2026, pixels de 10 m;Landsat de 13/08/2026, pixels de 30 m
510340310400036;Cuiabá;Urbana;Morada da Serra;Coxipó da Ponte;;0,07;552;7852,7;182;3;18,3;11,8;54,2;75,2;;100,0;100,0;99,5;0,0;100,0;0,0;3444,0;2500,0;2,0;100,0;74,3;9,4;100,0;100,0;23,7;0,4;14,8;7;0,0;0;0,0;0,0;0;0,133;1,1;41,1;610;1590;100;180;2,0;0,0;0;0,0;0,0;0;0,0;0,0;0;0,0;0,0;2,08;0,0;Plintossolo pétrico;Afluente s/n do Córrego Vassoura;Bacia do Rio Cuiabá;Bacia do Rio Cuiabá;1,4;;Sentinel-2 de 23/08/2026, pixels de 10 m;Landsat de 13/08/2026, pixels de 30 m
510340310400037;Cuiabá;Urbana;Morada da Serra;Coxipó da Ponte;;0,102;912;8904,3;301;3;21,1;11,2;54,2;65,8;;99,7;100,0;99,3;0,0;100,0;0,0;3592,4;2500,0;1,4;100,0;98,9;31,2;99,7;100,0;35,6;7,3;10,4;7;0,0;0;0,0;0,0;0;0,139;1,7;40,9;610;1530;170;240;1,8;0,0;0;0,0;0,0;0;0,0;0,0;0;0,0;0,0;2,08;0,0;Plintossolo pétrico;Afluente s/n do Córrego Vassoura;Bacia do Rio Cuiabá;Bacia do Rio Cuiabá;1,9;;Sentinel-2 de 23/08/2026, pixels de 10 m;Landsat de 13/08/2026, pixels de 30 m
510340310400038;Cuiabá;Urbana;Morada da Serra;Coxipó da Ponte;;0,09;714;7901,4;247;2,9;20,3;10,4;54,1;74,1;;99,6;99,6;96,0;0,0;99,6;;2679,4;2000,0;2,5;98,9;52,9;10,8;98,9;95,4;49,2;0,4;20,9;7;0,0;0;0,0;1,4;0;0,135;1,1;40,2;710;1770;400;300;1,1;0,0;0;0,0;4,5;32;11,1;0,0;0;0,0;0,0;2,08;0,0;Plintossolo pétrico;Afluente s/n do Córrego Vassoura;Bacia do Rio Cuiabá;Bacia do Rio Cuiabá;1,4;;Sentinel-2 de 23/08/2026, pixels de 10 m;Landsat de 13/08/2026, pixels de 30 m
510340310400039;Cuiabá;Urbana;Morada da Serra;Coxipó da Ponte;;0,091;752;8227,2;240;3,1;20,6;10,8;52,5;73,4;0,0;98,8;100,0;100,0;0,0;100,0;0,0;3549,0;2500,0;1,6;100,0;80,1;12,4;69,1;100,0;51,3;2,7;13,5;7;0,0;0;0,0;0,0;0;0,132;0,5;40,5;450;1610;510;150;1,4;0,0;0;0,0;0,0;0;0,0;0,0;0;0,0;0,0;2,08;0,0;Plintossolo pétrico;Córrego Caju;Bacia do Rio Cuiabá;Bacia do Rio Cuiabá;0,6;;Sentinel-2 de 23/08/2026, pixels de 10 m;Landsat de 13/08/2026, pixels de 30 m
510340310400040;Cuiabá;Urbana;Morada da Serra;Coxipó da Ponte;;0,093;797;8608,5;266;3;22,1;11,8;57,1;70,8;0,0;100,0;100,0;98,9;0,0;100,0;0,0;3250,7;2000,0;3,2;100,0;82,9;14,7;62,9;100,0;67,5;5,0;15,3;7;0,0;0;0,0;0,0;0;0,131;0,2;40,5;850;1980;450;290;1,4;0,0;0;0,0;0,0;0;0,0;0,0;0;0,0;0,0;2,08;0,0;Plintossolo pétrico;Afluente s/n do Córrego Vassoura;Bacia do Rio Cuiabá;Bacia do Rio Cuiabá;0,2;;Sentinel-2 de 23/08/2026, pixels de 10 m;Landsat de 13/08/2026, pixels de 30 m
510340310400041;Cuiabá;Urbana;Morada da Serra;Coxipó da Ponte;;0,065;411;6299,1;140;2,9;19,7;10,0;56,2;69,6;0,0;99,3;100,0;99,3;0,0;100,0;;3256,9;2000,0;1,8;100,0;50,6;3,2;52,8;88,1;45,7;0,5;18,5;7;0,0;0;0,0;0,0;0;0,157;1,4;40,1;800;2020;150;70;1,0;0,0;0;0,0;0,0;0;0,0;0,0;0;0,0;0,0;2,08;0,0;Plintossolo pétrico;Córrego Caju;Bacia do Rio Cuiabá;Bacia do Rio Cuiabá;2,2;;Sentinel-2 de 23/08/2026, pixels de 10 m;Landsat de 13/08/2026, pixels de 30 m
510340310400042;Cuiabá;Urbana;Morada da Serra;Coxipó da Ponte;;0,083;441;5313,6;153;2,9;21,8;9,8;54,0;71,7;0,0;99,3;100,0;100,0;0,0;100,0;0,0;2559,4;1900,0;1,8;100,0;95,0;18,6;100,0;100,0;100,0;11,8;13,6;7;0,0;0;0,0;3,3;0;0,197;5,2;39,7;530;1750;350;90;0,6;0,0;0;0,0;0,4;2;0,4;0,0;0;0,0;0,0;2,08;0,0;Plintossolo pétrico;Córrego Caju;Bacia do Rio Cuiabá;Bacia do Rio Cuiabá;9,8;;Sentinel-2 de 23/08/2026, pixels de 10 m;Landsat de 13/08/2026, pixels de 30 m
510340310400043;Cuiabá;Urbana;Morada da Serra;Coxipó da Ponte;;0,437;532;1217,5;185;2,9;10,5;13,9;46,2;78,9;0,6;94,1;91,9;35,7;48,6;99,5;1,6;2102,1;1500,0;5,6;66,4;68,2;21,4;100,0;73,7;81,2;26,1;37,7;7;42,8;228;41,7;69,8;222;0,397;47,2;36,6;920;2150;230;130;-2,5;0,0;0;0,0;78,3;417;78,3;0,0;0;0,0;5,7;2,05;0,0;Plintossolo pétrico;Córrego Caju;Bacia do Rio Cuiabá;Bacia do Rio Cuiabá;387,7;;Sentinel-2 de 23/08/2026, pixels de 10 m;Landsat de 13/08/2026, pixels de 30 m
510340310400044;Cuiabá;Urbana;Morada da Serra;Coxipó da Ponte;;0,068;604;8827,1;195;3,1;17,2;13,6;55,6;74,2;0,7;100,0;100,0;89,7;6,7;99,5;0,0;3109,5;2350,0;3,3;81,1;77,3;38,6;99,5;81,1;81,1;1,7;20,7;7;0,6;4;2,8;16,9;17;0,146;0,4;39,7;810;2360;420;270;0,6;0,0;0;0,0;0,0;0;0,0;0,0;0;0,0;0,0;2,08;0,0;Plintossolo pétrico;Afluente s/n do Córrego Vassoura;Bacia do Rio Cuiabá;Bacia do Rio Cuiabá;0,5;;Sentinel-2 de 23/08/2026, pixels de 10 m;Landsat de 13/08/2026, pixels de 30 m
510340310400045;Cuiabá;Urbana;Morada da Serra;Coxipó da Ponte;;0,109;853;7854,7;305;2,8;20,2;9,4;53,0;71,9;;100,0;100,0;99,3;0,0;99,3;0,0;3033,3;2000,0;3,0;100,0;75,7;4,9;100,0;99,8;95,0;31,1;16,7;7;0,0;0;0,0;0,0;0;0,161;1,9;40,3;980;2140;390;120;1,2;0,0;0;0,0;0,0;0;0,0;0,0;0;0,0;0,0;2,08;0,0;Plintossolo pétrico;Córrego Caju;Bacia do Rio Cuiabá;Bacia do Rio Cuiabá;2,4;;Sentinel-2 de 23/08/2026, pixels de 10 m;Landsat de 13/08/2026, pixels de 30 m
510340310400046;Cuiabá;Urbana;Morada da Serra;Coxipó da Ponte;;0,086;540;6244,9;189;2,9;22,8;10,4;54,3;72,4;;99,5;100,0;100,0;0,0;100,0;0,0;3115,1;2200,0;2,2;100,0;58,0;24,6;100,0;100,0;100,0;17,4;18,0;7;0,0;0;0,0;0,0;0;0,167;4,7;39,9;560;1620;150;420;0,8;0,0;0;0,0;0,0;0;0,0;0,0;0;0,0;0,0;2,08;0,0;Plintossolo pétrico;Córrego Caju;Bacia do Rio Cuiabá;Bacia do Rio Cuiabá;7,5;;Sentinel-2 de 23/08/2026, pixels de 10 m;Landsat de 13/08/2026, pixels de 30 m
510340310400047;Cuiabá;Urbana;Morada da Serra;Coxipó da Ponte;;0,073;639;8725,1;217;2,9;22,7;11,4;53,8;74,8;0,0;100,0;99,5;99,1;0,0;100,0;;3355,8;2150,0;2,4;100,0;85,8;6,1;100,0;100,0;100,0;17,1;13,8;7;0,0;0;0,0;0,0;0;0,136;1,1;40,0;980;1920;50;100;0,9;0,0;0;0,0;0,0;0;0,0;0,0;0;0,0;0,0;2,08;0,0;Plintossolo pétrico;Afluente s/n do Córrego Vassoura;Bacia do Rio Cuiabá;Bacia do Rio Cuiabá;1,3;;Sentinel-2 de 23/08/2026, pixels de 10 m;Landsat de 13/08/2026, pixels de 30 m
510340310400048;Cuiabá;Urbana;Morada da Serra;Coxipó da Ponte;;0,082;703;8555,9;237;3;19,9;12,4;50,6;74,0;0,0;100,0;99,6;100,0;0,0;100,0;0,0;2760,1;2000,0;3,1;100,0;86,8;33,3;100,0;100,0;100,0;31,0;15,6;7;0,0;0;0,0;0,0;0;0,136;0,1;39,9;1080;2180;410;270;0,8;0,0;0;0,0;0,0;0;0,0;0,0;0;0,0;0,0;2,08;0,0;Plintossolo pétrico;Afluente s/n do Córrego Vassoura;Bacia do Rio Cuiabá;Bacia do Rio Cuiabá;0,1;;Sentinel-2 de 23/08/2026, pixels de 10 m;Landsat de 13/08/2026, pixels de 30 m
510340310400049;Cuiabá;Urbana;Morada da Serra;Coxipó da Ponte;;0,102;844;8283,8;303;2,8;13,2;13,6;53,1;74,3;0,5;99,3;100,0;99,0;0,0;97,4;0,0;2434,1;1800,0;2,7;81,3;78,1;26,7;100,0;80,5;98,1;53,7;20,6;7;4,5;38;4,8;17,3;41;0,212;9,2;39,1;1110;2240;400;250;0,0;0,0;0;0,0;13,5;114;13,5;0,0;0;0,0;0,0;2,08;0,0;Plintossolo pétrico;Afluente s/n do Córrego Vassoura;Bacia do Rio Cuiabá;Bacia do Rio Cuiabá;11,1;;Sentinel-2 de 23/08/2026, pixels de 10 m;Landsat de 13/08/2026, pixels de 30 m
510340310400050;Cuiabá;Urbana;Morada da Serra;Coxipó da Ponte;;0,049;464;9519,5;153;3;15,7;10,6;51,7;73,7;0,0;100,0;100,0;99,3;0,0;100,0;0,0;1932,1;1200,0;;100,0;84,9;12,7;100,0;100,0;100,0;48,5;17,3;6;0,0;0;0,0;0,0;0;0,177;3,1;39,0;1250;2170;340;280;-0,1;0,0;0;0,0;0,0;0;0,2;0,0;0;0,0;0,0;2,08;0,0;Plintossolo pétrico;Afluente s/n do Córrego Vassoura;Bacia do Rio Cuiabá;Bacia do Rio Cuiabá;3,3;;Sentinel-2 de 23/08/2026, pixels de 10 m;Landsat de 13/08/2026, pixels de 30 m
510340310400051;Cuiabá;Urbana;Morada da Serra;Coxipó da Ponte;;0,137;808;5883,5;273;3;11,5;15,3;52,2;80,1;;99,3;98,2;67,0;24,2;99,3;;1859,4;1400,0;6,6;32,2;77,8;21,0;100,0;32,2;10,6;9,5;37,8;7;17,3;140;8,8;28,9;71;0,421;42,9;37,3;1080;2330;470;370;-1,8;0,0;0;0,0;47,5;384;58,7;0,0;0;0,0;7,9;2,06;0,0;Plintossolo pétrico;Afluente s/n do Córrego Vassoura;Bacia do Rio Cuiabá;Bacia do Rio Cuiabá;72,7;;Sentinel-2 de 23/08/2026, pixels de 10 m;Landsat de 13/08/2026, pixels de 30 m
510340310400052;Cuiabá;Urbana;Morada da Serra;Coxipó da Ponte;;0,132;731;5529,8;265;2,8;13,0;14,1;51,6;76,1;;100,0;100,0;88,7;9,4;100,0;0,0;2292,2;1700,0;4,3;22,7;21,6;0,0;100,0;22,7;22,7;7,3;40,1;7;11,0;80;11,3;28,7;83;0,224;11,3;39,3;990;1830;440;630;0,2;0,0;0;0,0;14,7;108;14,7;0,0;0;0,0;0,0;2,08;0,0;Plintossolo pétrico;Afluente s/n do Córrego Vassoura;Bacia do Rio Cuiabá;Bacia do Rio Cuiabá;20,4;;Sentinel-2 de 23/08/2026, pixels de 10 m;Landsat de 13/08/2026, pixels de 30 m
510340310400054;Cuiabá;Urbana;Morada da Serra;Coxipó da Ponte;;0,109;486;4467,4;178;2,7;18,9;10,5;52,7;74,3;;100,0;99,4;92,1;2,2;100,0;0,0;3542,7;2000,0;;81,9;89,5;24,3;100,0;68,7;41,6;0,0;16,3;6;32,1;156;18,2;50,0;88;0,39;38,3;37,4;550;1170;500;290;-1,7;0,0;0;0,0;11,4;56;31,0;0,0;0;0,0;12,4;2,05;0,0;Plintossolo pétrico;Afluente s/n do Córrego Vassoura;Bacia do Rio Cuiabá;Bacia do Rio Cuiabá;85,9;;Sentinel-2 de 23/08/2026, pixels de 10 m;Landsat de 13/08/2026, pixels de 30 m
510340310400056;Cuiabá;Urbana;Morada da Serra;Coxipó da Ponte;;0,116;594;5109,8;189;3,1;26,8;10,4;51,2;69,0;0,0;100,0;100,0;98,4;0,0;100,0;0,0;4944,5;4000,0;1,0;100,0;100,0;72,7;100,0;100,0;0,2;0,0;7,9;7;0,0;0;0,0;0,0;0;0,145;1,3;40,0;210;1040;80;170;0,9;0,0;0;0,0;0,0;0;0,0;0,0;0;0,0;0,0;2,08;0,0;Plintossolo pétrico;Afluente s/n do Córrego Vassoura;Bacia do Rio Cuiabá;Bacia do Rio Cuiabá;2,5;;Sentinel-2 de 23/08/2026, pixels de 10 m;Landsat de 13/08/2026, pixels de 30 m
510340310400057;Cuiabá;Urbana;Morada da Serra;Coxipó da Ponte;;0,194;671;3452,1;227;3;25,8;10,0;53,5;66,3;0,0;100,0;100,0;98,7;0,0;100,0;0,0;3049,8;2001,0;1,2;100,0;97,9;60,1;100,0;100,0;62,7;0,4;11,4;7;0,2;1;3,7;9,1;25;0,219;14,7;39,5;280;1090;350;110;0,4;0,0;0;0,0;0,0;0;0,0;0,0;0;0,0;0,0;2,08;0,0;Plintossolo pétrico;Afluente s/n do Córrego Vassoura;Bacia do Rio Cuiabá;Bacia do Rio Cuiabá;42,5;;Sentinel-2 de 23/08/2026, pixels de 10 m;Landsat de 13/08/2026, pixels de 30 m
510340310400058;Cuiabá;Urbana;Morada da Serra;Coxipó da Ponte;;0,12;518;4310,7;199;2,6;21,4;8,9;52,9;66,4;0,0;100,0;100,0;99,5;0,0;100,0;;3643,7;2534,5;1,1;100,0;81,5;49,0;100,0;100,0;59,7;5,2;12,5;7;0,0;0;0,0;0,0;0;0,107;0,3;40,8;150;760;250;240;1,7;0,0;0;0,0;0,0;0;0,0;0,0;0;0,0;0,0;2,08;0,0;Plintossolo pétrico;Afluente s/n do Córrego Vassoura;Bacia do Rio Cuiabá;Bacia do Rio Cuiabá;0,7;;Sentinel-2 de 23/08/2026, pixels de 10 m;Landsat de 13/08/2026, pixels de 30 m
510340310400059;Cuiabá;Urbana;Morada da Serra;Coxipó da Ponte;;0,086;632;7343,9;248;2,5;20,7;9,7;51,7;77,5;0,0;95,6;100,0;89,1;0,0;100,0;0,0;3567,0;2250,0;2,1;100,0;88,0;53,3;100,0;100,0;100,0;3,2;14,9;7;0,0;0;0,0;0,0;0;0,161;1,7;41,0;680;220;210;210;1,9;0,0;0;0,0;0,0;0;0,0;0,0;0;0,0;0,0;2,08;0,0;Plintossolo pétrico;Córrego Ouro Fino;Bacia do Rio Cuiabá;Bacia do Rio Cuiabá;2,3;;Sentinel-2 de 23/08/2026, pixels de 10 m;Landsat de 13/08/2026, pixels de 30 m
510340310400061;Cuiabá;Urbana;Morada da Serra;Coxipó da Ponte;;0,137;451;3281,9;156;2,9;11,8;13,5;50,3;78,7;;98,7;92,3;33,3;1,9;97,4;;2274,7;1290,0;4,5;88,9;27,9;4,0;91,4;66,1;47,0;0,0;38,6;7;25,4;115;45,1;86,1;203;0,414;41,0;38,3;350;1200;490;260;-0,8;0,0;0;0,0;65,2;294;65,2;0,0;0;0,0;0,0;2,08;0,0;Plintossolo pétrico;Afluente s/n do Córrego Vassoura;Bacia do Rio Cuiabá;Bacia do Rio Cuiabá;124,5;;Sentinel-2 de 23/08/2026, pixels de 10 m;Landsat de 13/08/2026, pixels de 30 m
510340310400062;Cuiabá;Urbana;Morada da Serra;Coxipó da Ponte;;0,101;665;6596,9;225;3;18,0;12,8;53,7;74,1;;99,1;99,6;96,9;2,2;100,0;0,0;3367,5;2500,0;;100,0;83,3;9,0;100,0;100,0;36,8;0,0;14,0;6;0,0;0;0,0;0,0;0;0,159;2,0;40,6;540;870;130;70;1,5;0,0;0;0,0;0,0;0;0,0;0,0;0;0,0;0,0;2,08;0,0;Plintossolo pétrico;Afluente s/n do Córrego Vassoura;Bacia do Rio Cuiabá;Bacia do Rio Cuiabá;3,0;;Sentinel-2 de 23/08/2026, pixels de 10 m;Landsat de 13/08/2026, pixels de 30 m
510340310400063;Cuiabá;Urbana;Morada da Serra;Coxipó da Ponte;;0,07;599;8524,0;226;2,7;17,2;9,3;52,4;78,8;;100,0;100,0;89,4;0,0;100,0;;2642,6;2000,0;6,1;100,0;87,5;0,0;100,0;92,0;94,5;0,0;20,5;7;0,0;0;2,6;17,1;16;0,149;0,6;40,9;170;1300;420;360;1,8;0,0;0;0,0;2,4;15;2,4;0,0;0;0,0;0,0;2,08;0,0;Plintossolo pétrico;Afluente s/n do Córrego Vassoura;Bacia do Rio Cuiabá;Bacia do Rio Cuiabá;0,7;;Sentinel-2 de 23/08/2026, pixels de 10 m;Landsat de 13/08/2026, pixels de 30 m
510340310400064;Cuiabá;Urbana;Morada da Serra;Coxipó da Ponte;;0,105;475;4506,4;160;3;12,8;15,8;50,5;80,8;0,6;100,0;100,0;31,2;3,1;100,0;0,0;2282,7;1500,0;3,5;100,0;59,6;2,7;100,0;96,0;67,4;20,0;30,9;7;5,9;28;18,6;45,1;88;0,208;6,7;40,8;170;1560;150;610;1,7;0,0;0;0,0;33,4;158;33,4;0,0;0;0,0;0,0;2,08;0,0;Plintossolo pétrico;Afluente s/n do Córrego Vassoura;Bacia do Rio Cuiabá;Bacia do Rio Cuiabá;14,8;;Sentinel-2 de 23/08/2026, pixels de 10 m;Landsat de 13/08/2026, pixels de 30 m
510340310400065;Cuiabá;Urbana;Morada da Serra;Coxipó da Ponte;;0,051;259;5072,7;93;2,8;8,5;17,0;51,7;76,4;;93,5;92,5;48,4;49,5;95,7;0,0;1817,8;1300,0;3,0;92,3;21,6;7,7;92,3;92,3;54,1;0,0;37,8;7;15,1;39;61,4;86,0;159;0,348;32,8;39,1;400;1750;140;490;0,0;0,0;0;0,0;58,4;151;58,4;0,0;0;0,0;33,3;2,0;0,0;Plintossolo pétrico;Afluente s/n do Córrego Vassoura;Bacia do Rio Cuiabá;Bacia do Rio Cuiabá;64,6;;Sentinel-2 de 23/08/2026, pixels de 10 m;Landsat de 13/08/2026, pixels de 30 m
510340310400066;Cuiabá;Urbana;Morada da Serra;Coxipó da Ponte;;0,068;314;4630,7;107;2,9;14,6;14,6;50,3;75,2;0,0;100,0;100,0;10,3;0,0;100,0;0,0;2198,4;1500,0;5,3;87,3;38,2;0,0;100,0;80,3;65,6;0,0;41,0;7;13,7;43;0,0;40,3;0;0,275;17,8;39,6;620;1840;320;210;0,5;0,0;0;0,0;24,7;78;24,7;0,0;0;0,0;10,5;2,06;0,0;Plintossolo pétrico;Afluente s/n do Córrego Vassoura;Bacia do Rio Cuiabá;Bacia do Rio Cuiabá;38,5;;Sentinel-2 de 23/08/2026, pixels de 10 m;Landsat de 13/08/2026, pixels de 30 m
510340310400067;Cuiabá;Urbana;Morada da Serra;Coxipó da Ponte;;0,068;484;7103,6;160;3;13,2;14,0;52,7;78,1;0,0;100,0;100,0;96,9;2,5;100,0;0,0;2889,2;2000,0;3,1;98,1;73,8;5,8;85,5;83,7;78,5;0,0;17,9;7;14,3;69;1,6;36,5;8;0,245;16,3;39,8;940;2060;540;160;0,7;0,0;0;0,0;22,3;108;22,3;0,0;0;0,0;0,0;2,08;0,0;Plintossolo pétrico;Afluente s/n do Córrego Vassoura;Bacia do Rio Cuiabá;Bacia do Rio Cuiabá;22,9;;Sentinel-2 de 23/08/2026, pixels de 10 m;Landsat de 13/08/2026, pixels de 30 m
510340310400068;Cuiabá;Urbana;Morada da Serra;Coxipó da Ponte;;0,051;234;4555,2;74;3,2;9,8;15,4;52,1;78,6;0,0;100,0;100,0;85,1;0,0;95,9;0,0;1742,4;1300,0;4,9;53,0;39,7;10,3;100,0;47,4;44,4;0,0;36,9;7;25,0;58;37,7;86,8;88;0,423;48,4;39,0;1050;2250;730;370;-0,1;0,0;0;0,0;97,7;229;97,7;0,0;0;0,0;4,0;2,07;0,0;Plintossolo pétrico;Afluente s/n do Córrego Vassoura;Bacia do Rio Cuiabá;Bacia do Rio Cuiabá;105,5;;Sentinel-2 de 23/08/2026, pixels de 10 m;Landsat de 13/08/2026, pixels de 30 m
510340310400069;Cuiabá;Urbana;Morada da Serra;Coxipó da Ponte;;0,076;657;8640,6;215;3,1;20,1;10,8;54,2;74,6;;96,3;96,7;98,6;0,0;99,5;0,0;3112,1;2050,0;3,4;100,0;98,9;21,4;100,0;100,0;46,5;0,0;14,2;7;0,0;0;0,0;0,0;0;0,161;5,0;40,7;850;1810;280;80;1,6;0,0;0;0,0;0,0;0;0,0;0,0;0;0,0;0,0;2,08;0,0;Plintossolo pétrico;Afluente s/n do Córrego Vassoura;Bacia do Rio Cuiabá;Bacia do Rio Cuiabá;5,8;;Sentinel-2 de 23/08/2026, pixels de 10 m;Landsat de 13/08/2026, pixels de 30 m
510340310400070;Cuiabá;Urbana;Morada da Serra;Coxipó da Ponte;;0,073;607;8337,0;205;3;17,8;9,4;52,4;80,7;0,0;97,1;100,0;98,0;0,0;100,0;0,0;3094,7;2001,0;3,8;100,0;44,6;0,0;100,0;89,0;66,2;4,8;22,4;7;0,0;0;1,0;4,0;6;0,132;0,6;40,7;1060;2040;520;270;1,6;0,0;0;0,0;5,8;35;7,6;0,0;0;0,0;0,0;2,08;0,0;Plintossolo pétrico;Afluente s/n do Córrego Vassoura;Bacia do Rio Cuiabá;Bacia do Rio Cuiabá;0,7;;Sentinel-2 de 23/08/2026, pixels de 10 m;Landsat de 13/08/2026, pixels de 30 m
510340310400071;Cuiabá;Urbana;Morada da Serra;Coxipó da Ponte;;0,102;886;8667,7;326;2,7;18,5;11,7;50,2;74,0;;98,5;99,4;95,7;0,0;100,0;0,0;2604,0;2000,0;2,4;96,5;76,6;0,0;67,8;95,4;64,7;12,0;18,0;7;0,0;0;0,9;6,1;8;0,152;1,6;40,2;790;2320;470;380;1,1;0,0;0;0,0;3,7;33;17,0;0,0;0;0,0;0,0;2,08;0,0;Plintossolo pétrico;Afluente s/n do Córrego Vassoura;Bacia do Rio Cuiabá;Bacia do Rio Cuiabá;1,8;;Sentinel-2 de 23/08/2026, pixels de 10 m;Landsat de 13/08/2026, pixels de 30 m
510340310400072;Cuiabá;Urbana;Morada da Serra;Coxipó da Ponte;;0,102;768;7518,8;253;3;22,3;11,5;54,3;86,3;0,0;99,6;100,0;99,2;0,0;100,0;0,0;2179,7;1500,0;1,6;100,0;96,0;23,4;74,6;100,0;60,2;0,0;14,3;7;0,1;1;0,0;0,0;0;0,141;2,7;40,2;880;2340;200;280;1,1;0,0;0;0,0;0,9;7;0,9;0,0;0;0,0;0,0;2,08;0,0;Plintossolo pétrico;Córrego Guimitá;Bacia do Rio Cuiabá;Bacia do Rio Cuiabá;3,6;;Sentinel-2 de 23/08/2026, pixels de 10 m;Landsat de 13/08/2026, pixels de 30 m
510340310400073;Cuiabá;Urbana;Nova Conquista;Coxipó da Ponte;;0,107;683;6406,5;230;3;11,9;13,9;50,1;81,7;;99,1;98,3;9,1;77,0;97,0;;2419,8;2000,0;3,5;66,3;40,0;0,0;99,3;65,6;11,0;39,1;42,1;7;9,2;63;11,6;21,7;79;0,189;5,6;40,1;510;1200;390;80;1,0;0,0;0;0,0;11,5;78;16,3;0,0;0;0,0;0,0;2,08;0,0;Plintossolo pétrico;Córrego Ouro Fino;Bacia do Rio Cuiabá;Bacia do Rio Cuiabá;8,8;;Sentinel-2 de 23/08/2026, pixels de 10 m;Landsat de 13/08/2026, pixels de 30 m
510340310400074;Cuiabá;Urbana;Primeiro de Março;Coxipó da Ponte;;0,121;893;7386,2;287;3,1;8,7;15,6;52,3;77,3;;95,8;93,4;38,0;30,0;99,3;0,0;3125,5;2000,0;4,4;99,3;69,7;5,0;93,4;99,3;93,3;13,5;28,4;7;3,2;29;4,5;11,7;40;0,179;3,2;40,9;480;980;600;270;1,8;0,0;0;0,0;0,0;0;5,6;0,0;0;0,0;0,0;2,08;0,0;Plintossolo pétrico;Córrego Ouro Fino;Bacia do Rio Cuiabá;Bacia do Rio Cuiabá;4,3;;Sentinel-2 de 23/08/2026, pixels de 10 m;Landsat de 13/08/2026, pixels de 30 m
510340310400075;Cuiabá;Urbana;Primeiro de Março;Coxipó da Ponte;;0,072;713;9907,1;222;3,2;10,1;17,3;54,3;80,5;0,0;98,6;97,7;7,2;50,5;99,5;0,0;2313,3;1600,0;6,8;100,0;80,6;13,6;100,0;99,4;42,6;12,8;35,2;7;0,0;0;0,0;2,9;0;0,164;1,5;40,9;350;1460;140;250;1,8;0,0;0;0,0;0,0;0;0,0;0,0;0;0,0;0,0;2,08;0,0;Plintossolo pétrico;Córrego Três Barras;Bacia do Rio Cuiabá;Bacia do Rio Cuiabá;1,5;;Sentinel-2 de 23/08/2026, pixels de 10 m;Landsat de 13/08/2026, pixels de 30 m
510340310400076;Cuiabá;Urbana;Primeiro de Março;Coxipó da Ponte;;0,225;748;3322,1;235;3,2;9,5;16,8;49,5;81,8;;98,3;95,3;17,9;52,3;99,1;1,3;2045,0;1500,0;6,4;68,0;81,7;14,3;99,1;68,6;42,8;0,0;38,5;7;14,6;109;24,6;55,2;184;0,365;27,0;39,0;540;1790;250;580;-0,1;0,0;0;0,0;24,7;185;24,7;0,0;0;0,0;10,5;2,08;0,0;Plintossolo pétrico;Córrego Três Barras;Bacia do Rio Cuiabá;Bacia do Rio Cuiabá;81,2;;Sentinel-2 de 23/08/2026, pixels de 10 m;Landsat de 13/08/2026, pixels de 30 m
510340310400077;Cuiabá;Urbana;Primeiro de Março;Coxipó da Ponte;;0,091;886;9692,2;302;2,9;9,5;17,9;51,6;80,8;0,0;98,7;97,7;12,3;81,1;99,0;;1862,2;1370,0;7,4;78,3;42,5;28,6;98,3;82,0;64,8;0,0;45,1;7;9,4;83;17,4;40,6;154;0,202;4,0;40,0;270;1450;550;620;0,9;0,0;0;0,0;9,9;88;9,9;0,0;0;0,0;0,0;2,08;0,0;Plintossolo pétrico;Córrego Três Barras;Bacia do Rio Cuiabá;Bacia do Rio Cuiabá;4,1;;Sentinel-2 de 23/08/2026, pixels de 10 m;Landsat de 13/08/2026, pixels de 30 m
510340310400078;Cuiabá;Urbana;Três Barras;Coxipó da Ponte;;0,123;901;7300,9;299;3;11,0;14,8;52,2;84,9;;100,0;100,0;97,7;0,0;100,0;0,0;2238,0;1800,0;3,6;99,8;80,9;28,3;100,0;99,8;45,4;4,8;18,6;7;10,2;92;21,7;40,8;195;0,202;6,2;39,9;390;1760;380;360;0,8;0,0;0;0,0;17,9;161;17,9;0,0;0;0,0;0,0;2,08;0,0;Plintossolo pétrico;Córrego Três Barras;Bacia do Rio Cuiabá;Bacia do Rio Cuiabá;8,5;;Sentinel-2 de 23/08/2026, pixels de 10 m;Landsat de 13/08/2026, pixels de 30 m
510340310400079;Cuiabá;Urbana;Três Barras;Coxipó da Ponte;;0,069;519;7552,4;192;2,7;9,1;15,8;49,5;81,3;1,0;96,9;90,6;22,9;41,7;99,5;;1786,8;1300,0;7,5;16,0;79,8;23,5;100,0;38,7;5,8;1,0;47,7;7;0,0;0;0,0;1,9;0;0,245;6,7;39,3;850;2230;550;420;0,2;0,0;0;0,0;1,0;5;43,7;0,0;0;0,0;0,0;2,08;0,0;Plintossolo pétrico;Córrego Três Barras;Bacia do Rio Cuiabá;Bacia do Rio Cuiabá;8,9;;Sentinel-2 de 23/08/2026, pixels de 10 m;Landsat de 13/08/2026, pixels de 30 m
510340310400080;Cuiabá;Urbana;Três Barras;Coxipó da Ponte;;0,059;531;9008,7;184;2,9;17,7;13,7;54,0;81,9;0,0;99,5;99,5;94,6;3,3;98,9;0,0;2184,3;1400,0;10,0;91,5;68,0;16,2;100,0;100,0;21,8;4,9;29,5;7;11,6;62;15,6;29,7;83;0,171;0,9;40,2;260;1780;220;300;1,1;0,0;0;0,0;15,7;83;15,7;0,0;0;0,0;0,0;2,08;0,0;Plintossolo pétrico;Afluente s/n do Córrego Vassoura;Bacia do Rio Cuiabá;Bacia do Rio Cuiabá;1,0;;Sentinel-2 de 23/08/2026, pixels de 10 m;Landsat de 13/08/2026, pixels de 30 m
510340310400081;Cuiabá;Urbana;Três Barras;Coxipó da Ponte;;0,081;636;7883,1;185;3,4;15,1;14,9;53,1;80,3;0,0;97,8;96,8;81,1;15,7;99,5;0,0;2815,0;1643,5;4,1;98,9;81,4;35,5;100,0;100,0;89,3;18,7;20,6;7;1,8;11;8,9;19,0;56;0,176;2,2;41,3;180;2210;210;220;2,2;0,0;0;0,0;2,3;15;2,3;0,0;0;0,0;0,0;2,08;0,0;Plintossolo pétrico;Afluente s/n do Córrego Vassoura;Bacia do Rio Cuiabá;Bacia do Rio Cuiabá;2,8;;Sentinel-2 de 23/08/2026, pixels de 10 m;Landsat de 13/08/2026, pixels de 30 m
510340310400082;Cuiabá;Urbana;Três Barras;Coxipó da Ponte;;0,154;956;6196,7;353;2,7;10,1;16,0;49,7;80,6;0,3;98,0;90,7;85,6;11,9;98,9;0,8;1952,6;1500,0;5,5;81,1;55,9;16,0;100,0;83,7;58,9;1,4;30,1;7;17,4;166;26,4;45,3;252;0,227;8,0;39,7;480;2500;510;440;0,6;0,0;0;0,0;18,3;175;18,3;0,0;0;0,0;0,0;2,08;0,0;Plintossolo pétrico;Afluente s/n do Córrego Vassoura;Bacia do Rio Cuiabá;Bacia do Rio Cuiabá;12,9;;Sentinel-2 de 23/08/2026, pixels de 10 m;Landsat de 13/08/2026, pixels de 30 m
510340310400083;Cuiabá;Urbana;;Coxipó da Ponte;;0,204;635;3108,0;228;2,8;9,4;15,7;51,2;76,2;0,6;98,2;97,8;53,1;4,8;98,7;;3323,5;2400,0;3,5;56,7;89,8;41,4;100,0;100,0;0,0;13,5;27,8;7;0,0;0;0,0;8,4;0;0,129;0,1;40,7;520;770;440;640;1,6;0,0;0;0,0;0,0;0;0,0;0,0;0;0,0;0,0;2,08;0,0;Plintossolo pétrico;Córrego Ouro Fino;Bacia do Rio Cuiabá;Bacia do Rio Cuiabá;0,3;;Sentinel-2 de 23/08/2026, pixels de 10 m;Landsat de 13/08/2026, pixels de 30 m
510340310400084;Cuiabá;Urbana;;Coxipó da Ponte;;0,127;966;7594,0;319;3;6,5;18,3;53,0;73,1;0,6;100,0;100,0;98,1;0,0;100,0;0,0;3116,8;2430,0;1,1;100,0;94,1;14,9;100,0;100,0;87,4;23,8;11,8;7;0,0;0;0,0;30,7;0;0,121;0,1;40,8;1370;2280;70;500;1,7;0,0;0;0,0;0,0;0;0,0;0,0;0;0,0;0,0;2,08;0,0;Plintossolo pétrico;Córrego Três Barras;Bacia do Rio Cuiabá;Bacia do Rio Cuiabá;0,1;;Sentinel-2 de 23/08/2026, pixels de 10 m;Landsat de 13/08/2026, pixels de 30 m
510340310400085;Cuiabá;Urbana;Morada da Serra;Coxipó da Ponte;;0,082;624;7606,2;197;3,2;23,9;11,7;52,7;65,7;;99,5;100,0;99,0;0,0;98,5;0,0;3259,4;2350,0;1,4;100,0;80,0;28,0;100,0;100,0;100,0;80,8;14,2;7;0,0;0;0,0;0,0;0;0,137;2,2;40,2;880;1730;150;300;1,1;0,0;0;0,0;0,0;0;0,0;0,0;0;0,0;0,0;2,08;0,0;Plintossolo pétrico;Córrego Caju;Bacia do Rio Cuiabá;Bacia do Rio Cuiabá;2,9;;Sentinel-2 de 23/08/2026, pixels de 10 m;Landsat de 13/08/2026, pixels de 30 m
510340310400086;Cuiabá;Urbana;Morada da Serra;Coxipó da Ponte;;0,084;540;6443,3;182;3;13,7;16,1;51,1;76,1;;99,5;99,5;91,8;0,0;95,1;0,0;2103,0;1500,0;6,8;84,6;54,6;7,6;100,0;83,7;62,2;1,1;30,4;7;14,4;78;13,3;35,2;72;0,246;12,9;38,7;990;2080;50;590;-0,4;0,0;0;0,0;25,7;139;25,7;0,0;0;0,0;10,4;2,06;0,0;Plintossolo pétrico;Afluente s/n do Córrego Vassoura;Bacia do Rio Cuiabá;Bacia do Rio Cuiabá;20,1;;Sentinel-2 de 23/08/2026, pixels de 10 m;Landsat de 13/08/2026, pixels de 30 m
510340310400087;Cuiabá;Urbana;Primeiro de Março;Coxipó da Ponte;;0,101;775;7685,1;248;3,1;8,1;15,6;51,5;74,3;;98,8;98,0;37,5;38,7;100,0;;2167,1;1700,0;4,2;100,0;48,6;0,3;100,0;100,0;94,7;0,0;32,9;7;0,0;0;2,7;17,7;21;0,187;3,0;40,0;240;1160;660;490;0,9;0,0;0;0,0;0,4;3;0,4;0,0;0;0,0;0,0;2,08;0,0;Plintossolo pétrico;Córrego Ouro Fino;Bacia do Rio Cuiabá;Bacia do Rio Cuiabá;3,9;;Sentinel-2 de 23/08/2026, pixels de 10 m;Landsat de 13/08/2026, pixels de 30 m
510340310400088;Cuiabá;Urbana;Primeiro de Março;Coxipó da Ponte;;0,09;769;8554,5;260;3;10,8;16,8;52,9;79,2;0,0;96,2;99,6;0,0;8,5;99,6;0,0;2257,8;1800,0;4,9;100,0;63,4;6,9;100,0;100,0;6,1;2,9;37,1;7;0,0;0;0,0;0,0;0;0,138;1,5;40,9;180;1350;320;270;1,8;0,0;0;0,0;0,0;0;0,0;0,0;0;0,0;0,0;2,08;0,0;Plintossolo pétrico;Córrego Três Barras;Bacia do Rio Cuiabá;Bacia do Rio Cuiabá;1,8;;Sentinel-2 de 23/08/2026, pixels de 10 m;Landsat de 13/08/2026, pixels de 30 m
510340310400089;Cuiabá;Urbana;Primeiro de Março;Coxipó da Ponte;;0,048;518;10794,3;167;3,1;9,5;17,4;50,0;81,3;0,0;100,0;98,8;4,2;0,0;100,0;0,0;2077,1;1500,0;4,4;100,0;86,1;18,3;100,0;100,0;39,8;0,0;32,6;7;0,0;0;0,0;0,0;0;0,145;0,8;40,3;170;1550;500;570;1,2;0,0;0;0,0;0,0;0;0,0;0,0;0;0,0;0,0;2,08;0,0;Plintossolo pétrico;Córrego Três Barras;Bacia do Rio Cuiabá;Bacia do Rio Cuiabá;0,7;;Sentinel-2 de 23/08/2026, pixels de 10 m;Landsat de 13/08/2026, pixels de 30 m
510340310400090;Cuiabá;Urbana;Primeiro de Março;Coxipó da Ponte;;0,056;587;10527,3;190;3,1;7,0;17,4;50,4;81,3;;99,5;95,3;31,6;25,8;100,0;;1968,0;1500,0;5,2;100,0;62,7;12,4;99,5;100,0;100,0;0,0;33,3;7;0,0;0;1,6;23,0;10;0,172;1,8;39,9;360;1440;550;570;0,8;0,0;0;0,0;0,0;0;0,0;0,0;0;0,0;0,0;2,08;0,0;Plintossolo pétrico;Afluente s/n do Córrego Vassoura;Bacia do Rio Cuiabá;Bacia do Rio Cuiabá;1,7;;Sentinel-2 de 23/08/2026, pixels de 10 m;Landsat de 13/08/2026, pixels de 30 m
510340310400091;Cuiabá;Urbana;Três Barras;Coxipó da Ponte;Jardim 1° de março A;0,081;510;6303,2;159;3,2;9,6;17,3;49,6;86,3;0,0;100,0;98,7;81,1;17,6;98,7;0,0;2300,9;2000,0;2,2;81,6;59,6;5,3;95,5;100,0;68,4;0,0;25,3;7;17,8;91;53,3;80,0;272;0,247;10,2;39,0;570;1760;220;400;-0,1;0,0;0;0,0;51,9;265;51,9;0,0;0;0,0;0,0;2,08;0,0;Plintossolo pétrico;Córrego Três Barras;Bacia do Rio Cuiabá;Bacia do Rio Cuiabá;16,2;;Sentinel-2 de 23/08/2026, pixels de 10 m;Landsat de 13/08/2026, pixels de 30 m
510340310400092;Cuiabá;Urbana;Três Barras;Coxipó da Ponte;;0,058;423;7272,9;146;2,9;11,8;14,9;51,3;82,3;0,0;100,0;100,0;98,6;0,0;100,0;;2278,2;2400,0;7,8;100,0;75,4;25,1;95,7;100,0;31,4;15,8;23,7;7;0,0;0;0,0;0,0;0;0,166;1,2;40,3;1100;2520;460;430;1,2;0,0;0;0,0;0,0;0;0,0;0,0;0;0,0;0,0;2,08;0,0;Plintossolo pétrico;Afluente s/n do Córrego Vassoura;Bacia do Rio Cuiabá;Bacia do Rio Cuiabá;1,6;;Sentinel-2 de 23/08/2026, pixels de 10 m;Landsat de 13/08/2026, pixels de 30 m
510340310400093;Cuiabá;Urbana;Três Barras;Coxipó da Ponte;;0,112;739;6605,9;230;3,2;15,0;13,4;48,4;81,6;0,0;100,0;97,8;92,2;3,9;100,0;;1766,5;1212,0;10,2;98,2;67,3;23,3;99,3;98,2;51,0;2,2;30,3;7;5,7;42;4,7;8,7;35;0,187;2,7;40,4;200;1990;90;280;1,3;0,0;0;0,0;13,8;102;13,8;0,0;0;0,0;0,0;2,08;0,0;Plintossolo pétrico;Afluente s/n do Córrego Vassoura;Bacia do Rio Cuiabá;Bacia do Rio Cuiabá;4,1;;Sentinel-2 de 23/08/2026, pixels de 10 m;Landsat de 13/08/2026, pixels de 30 m
510340310400094;Cuiabá;Urbana;Três Barras;Coxipó da Ponte;Três Barras;0,295;903;3064,7;367;2,5;7,4;16,6;48,5;88,8;0,0;99,7;97,0;65,1;14,2;95,4;;1614,3;1300,0;3,0;28,8;71,3;24,3;96,6;41,5;23,8;2,4;37,2;7;33,4;302;53,9;79,7;486;0,365;38,6;38,6;600;2160;510;480;-0,5;0,0;0;0,0;85,8;775;85,8;0,0;0;0,0;9,1;2,06;0,0;Plintossolo pétrico;Afluente s/n do Córrego Vassoura;Bacia do Rio Cuiabá;Bacia do Rio Cuiabá;126,1;;Sentinel-2 de 23/08/2026, pixels de 10 m;Landsat de 13/08/2026, pixels de 30 m
510340310400095;Cuiabá;Urbana;;Coxipó da Ponte;Novo Paraíso;0,369;336;909,6;105;3,2;6,2;22,3;48,8;76,8;0,0;93,3;31,4;3,8;7,6;46,7;0,0;1785,8;1212,0;5,2;0,0;49,8;10,9;28,1;0,0;0,0;0,0;65,7;7;8,4;28;0,0;6,2;0;0,192;5,2;40,5;970;1020;570;740;1,4;0,0;0;0,0;0,0;0;0,0;0,0;0;0,0;0,0;2,08;0,0;Plintossolo pétrico;Córrego Três Barras;Bacia do Rio Cuiabá;Bacia do Rio Cuiabá;57,1;;Sentinel-2 de 23/08/2026, pixels de 10 m;Landsat de 13/08/2026, pixels de 30 m
510340310400096;Cuiabá;Urbana;Morada da Serra;Coxipó da Ponte;;0,088;217;2462,0;80;2,7;24,9;8,3;57,1;70,0;0,0;100,0;100,0;100,0;0,0;100,0;0,0;3572,3;3000,0;1,6;100,0;71,9;56,7;100,0;100,0;42,9;0,0;14,4;7;0,0;0;0,0;0,0;0;0,158;2,5;40,8;460;1190;70;180;1,7;0,0;0;0,0;0,0;0;0,0;0,0;0;0,0;0,0;2,08;0,0;Plintossolo pétrico;Afluente s/n do Córrego Vassoura;Bacia do Rio Cuiabá;Bacia do Rio Cuiabá;10,1;;Sentinel-2 de 23/08/2026, pixels de 10 m;Landsat de 13/08/2026, pixels de 30 m
510340310400097;Cuiabá;Urbana;Morada da Serra;Coxipó da Ponte;;0,055;386;6988,1;149;2,6;23,3;9,6;54,7;65,3;;99,3;100,0;99,3;0,0;100,0;0,0;3410,6;2250,0;1,8;100,0;76,7;16,6;100,0;100,0;63,5;0,0;14,5;7;0,0;0;0,0;5,6;0;0,119;0,2;40,4;440;790;210;230;1,3;0,0;0;0,0;0,0;0;0,0;0,0;0;0,0;0,0;2,08;0,0;Plintossolo pétrico;Córrego Caju;Bacia do Rio Cuiabá;Bacia do Rio Cuiabá;0,3;;Sentinel-2 de 23/08/2026, pixels de 10 m;Landsat de 13/08/2026, pixels de 30 m
510340310400098;Cuiabá;Urbana;Morada da Serra;Coxipó da Ponte;;0,077;566;7347,8;184;3,1;25,1;8,7;54,4;68,9;0,0;98,9;100,0;100,0;0,0;100,0;0,0;3987,0;2800,0;1,2;100,0;100,0;26,3;100,0;100,0;98,6;0,0;9,4;7;20,5;116;25,6;63,3;145;0,164;4,9;39,8;440;1020;340;420;0,7;0,0;0;0,0;1,8;10;13,1;0,0;0;0,0;0,0;2,08;0,0;Plintossolo pétrico;Córrego Caju;Bacia do Rio Cuiabá;Bacia do Rio Cuiabá;6,7;;Sentinel-2 de 23/08/2026, pixels de 10 m;Landsat de 13/08/2026, pixels de 30 m
510340310400099;Cuiabá;Urbana;Morada da Serra;Coxipó da Ponte;;0,053;479;9042,6;152;3,2;21,3;13,8;49,9;65,8;;99,3;100,0;98,7;0,0;100,0;0,0;3013,3;2200,0;3,7;100,0;95,4;21,3;100,0;100,0;100,0;0,8;14,7;7;0,0;0;0,0;1,3;0;0,144;1,1;40,2;560;1320;170;520;1,1;0,0;0;0,0;0,0;0;0,0;0,0;0;0,0;0,0;2,08;0,0;Plintossolo pétrico;Córrego Caju;Bacia do Rio Cuiabá;Bacia do Rio Cuiabá;1,2;;Sentinel-2 de 23/08/2026, pixels de 10 m;Landsat de 13/08/2026, pixels de 30 m
510340310400100;Cuiabá;Urbana;Morada da Serra;Coxipó da Ponte;;0,064;400;6226,4;136;2,9;29,5;10,8;56,0;67,8;0,0;100,0;98,5;100,0;0,0;98,5;0,0;3593,6;2500,0;2,4;100,0;97,2;46,2;100,0;100,0;85,2;0,0;11,9;7;0,0;0;0,0;1,3;0;0,13;0,8;40,8;770;1100;200;600;1,7;0,0;0;0,0;0,0;0;0,0;0,0;0;0,0;0,0;2,08;0,0;Plintossolo pétrico;Córrego Caju;Bacia do Rio Cuiabá;Bacia do Rio Cuiabá;1,3;;Sentinel-2 de 23/08/2026, pixels de 10 m;Landsat de 13/08/2026, pixels de 30 m
510340310400101;Cuiabá;Urbana;Morada da Serra;Coxipó da Ponte;;0,093;686;7360,5;224;3,1;23,9;10,2;52,9;63,6;;98,2;99,1;98,2;0,0;100,0;0,0;3635,6;2500,0;2,3;100,0;99,6;41,5;100,0;100,0;94,8;0,0;11,6;7;0,0;0;0,0;0,0;0;0,126;0,3;40,7;1030;1300;350;730;1,6;0,0;0;0,0;0,0;0;0,0;0,0;0;0,0;0,0;2,08;0,0;Plintossolo pétrico;Córrego Caju;Bacia do Rio Cuiabá;Bacia do Rio Cuiabá;0,4;;Sentinel-2 de 23/08/2026, pixels de 10 m;Landsat de 13/08/2026, pixels de 30 m
510340310400102;Cuiabá;Urbana;Morada da Serra;Coxipó da Ponte;;0,057;370;6544,7;134;2,8;23,5;6,5;53,2;70,0;;94,0;99,3;96,3;2,2;100,0;0,0;4025,9;3000,0;1,9;100,0;95,1;32,2;100,0;100,0;95,1;0,0;12,1;7;0,0;0;0,0;47,3;0;0,139;0,7;40,6;870;380;230;240;1,5;0,0;0;0,0;0,0;0;0,0;0,0;0;0,0;0,0;2,08;0,0;Plintossolo pétrico;Afluente s/n do Córrego Vassoura;Bacia do Rio Cuiabá;Bacia do Rio Cuiabá;1,1;;Sentinel-2 de 23/08/2026, pixels de 10 m;Landsat de 13/08/2026, pixels de 30 m
510340310400103;Cuiabá;Urbana;Morada da Serra;Coxipó da Ponte;;0,048;417;8691,9;134;3,1;18,2;11,0;54,7;70,0;0,0;98,5;100,0;97,8;0,0;100,0;0,0;4352,7;2500,0;;100,0;100,0;37,4;100,0;100,0;100,0;0,0;9,3;6;0,0;0;0,0;0,0;0;0,12;0,0;41,4;220;1240;310;300;2,3;0,0;0;0,0;0,0;0;0,0;0,0;0;0,0;0,0;2,08;0,0;Plintossolo pétrico;Afluente s/n do Córrego Vassoura;Bacia do Rio Cuiabá;Bacia do Rio Cuiabá;0,0;;Sentinel-2 de 23/08/2026, pixels de 10 m;Landsat de 13/08/2026, pixels de 30 m
510340310400104;Cuiabá;Urbana;Morada da Serra;Coxipó da Ponte;;0,038;243;6340,5;87;2,8;21,8;9,9;56,4;76,1;0,0;100,0;100,0;100,0;0,0;100,0;0,0;2204,6;2001,0;;100,0;46,9;16,0;70,0;100,0;70,8;4,1;22,6;6;0,0;0;0,0;0,0;0;0,136;0,8;40,3;940;2140;190;80;1,2;0,0;0;0,0;0,0;0;0,0;0,0;0;0,0;0,0;2,08;0,0;Plintossolo pétrico;Afluente s/n do Córrego Vassoura;Bacia do Rio Cuiabá;Bacia do Rio Cuiabá;1,3;;Sentinel-2 de 23/08/2026, pixels de 10 m;Landsat de 13/08/2026, pixels de 30 m
510340310400105;Cuiabá;Urbana;Morada da Serra;Coxipó da Ponte;;0,09;501;5536,7;159;3,2;15,2;12,8;52,1;71,1;;98,7;100,0;99,4;0,0;99,4;0,0;3025,4;2000,0;1,8;72,7;83,2;24,4;100,0;84,8;92,8;50,9;18,4;7;0,0;0;0,0;0,0;0;0,206;7,4;40,2;730;1860;110;170;1,1;0,0;0;0,0;0,0;0;0,0;0,0;0;0,0;0,0;2,08;0,0;Plintossolo pétrico;Córrego Caju;Bacia do Rio Cuiabá;Bacia do Rio Cuiabá;13,3;;Sentinel-2 de 23/08/2026, pixels de 10 m;Landsat de 13/08/2026, pixels de 30 m
510340310400106;Cuiabá;Urbana;Morada da Serra;Coxipó da Ponte;;0,069;589;8537,7;196;3;19,5;12,1;52,8;77,9;1,0;99,5;100,0;98,5;1,5;100,0;0,0;2678,0;1800,0;1,7;100,0;83,4;29,7;100,0;100,0;100,0;65,5;15,0;7;0,0;0;0,0;0,0;0;0,14;1,2;40,0;1200;1940;270;380;0,9;0,0;0;0,0;0,0;0;0,0;0,0;0;0,0;0,0;2,08;0,0;Plintossolo pétrico;Afluente s/n do Córrego Vassoura;Bacia do Rio Cuiabá;Bacia do Rio Cuiabá;1,4;;Sentinel-2 de 23/08/2026, pixels de 10 m;Landsat de 13/08/2026, pixels de 30 m
510340310400107;Cuiabá;Urbana;Morada da Serra;Coxipó da Ponte;;0,099;370;3744,7;116;3,2;22,2;10,8;54,6;72,2;;99,1;99,1;99,1;0,0;98,3;0,0;5605,1;4000,0;3,6;100,0;91,8;14,1;100,0;100,0;21,7;0,0;11,5;7;0,0;0;0,0;0,0;0;0,173;4,6;40,4;350;840;180;50;1,3;0,0;0;0,0;0,0;0;0,0;0,0;0;0,0;0,0;2,08;0,0;Plintossolo pétrico;Córrego Caju;Bacia do Rio Cuiabá;Bacia do Rio Cuiabá;12,3;;Sentinel-2 de 23/08/2026, pixels de 10 m;Landsat de 13/08/2026, pixels de 30 m
510340310400108;Cuiabá;Urbana;Morada da Serra;Coxipó da Ponte;;0,131;765;5839,7;267;2,9;21,2;11,9;53,6;71,0;0,0;98,5;91,8;80,1;5,6;99,6;7,9;3415,0;2085,0;2,9;91,2;75,7;26,3;91,2;89,7;31,6;0,0;20,0;7;0,0;0;0,0;0,0;0;0,232;14,1;40,6;350;570;220;70;1,5;0,0;0;0,0;0,0;0;0,0;0,0;0;0,0;0,0;2,08;0,0;Plintossolo pétrico;Córrego Ouro Fino;Bacia do Rio Cuiabá;Bacia do Rio Cuiabá;24,1;;Sentinel-2 de 23/08/2026, pixels de 10 m;Landsat de 13/08/2026, pixels de 30 m
510340310400109;Cuiabá;Urbana;Morada da Serra;Coxipó da Ponte;;0,058;439;7564,0;127;3,5;23,2;9,1;52,8;66,1;0,0;100,0;100,0;96,1;0,0;100,0;0,0;4834,0;3000,0;1,6;100,0;84,7;44,0;100,0;100,0;59,7;0,0;11,2;7;0,0;0;0,0;0,0;0;0,163;2,6;41,0;550;510;420;160;1,9;0,0;0;0,0;0,0;0;0,0;0,0;0;0,0;0,0;2,08;0,0;Plintossolo pétrico;Córrego Ouro Fino;Bacia do Rio Cuiabá;Bacia do Rio Cuiabá;3,4;;Sentinel-2 de 23/08/2026, pixels de 10 m;Landsat de 13/08/2026, pixels de 30 m
510340310400111;Cuiabá;Urbana;Três Barras;Coxipó da Ponte;;0,072;487;6753,8;135;3,6;6,4;18,5;49,5;79,5;;100,0;99,3;23,0;71,9;100,0;0,0;1951,1;1600,0;5,4;8,4;80,2;15,8;100,0;47,3;16,3;2,7;45,3;7;0,0;0;0,0;6,8;0;0,217;1,7;39,9;1100;2480;320;560;0,8;0,0;0;0,0;0,0;0;6,4;0,0;0;0,0;0,0;2,08;0,0;Plintossolo pétrico;Córrego Três Barras;Bacia do Rio Cuiabá;Bacia do Rio Cuiabá;2,5;;Sentinel-2 de 23/08/2026, pixels de 10 m;Landsat de 13/08/2026, pixels de 30 m
510340310400112;Cuiabá;Urbana;Três Barras;Coxipó da Ponte;;0,046;349;7523,8;112;3,1;15,5;13,5;56,2;77,7;;100,0;100,0;95,5;0,0;100,0;0,0;3036,4;2300,0;4,8;100,0;76,8;52,7;100,0;100,0;14,0;0,0;18,9;7;0,0;0;0,0;0,0;0;0,141;0,2;41,3;180;1980;210;120;2,2;0,0;0;0,0;0,0;0;0,0;0,0;0;0,0;0,0;2,08;0,0;Plintossolo pétrico;Afluente s/n do Córrego Vassoura;Bacia do Rio Cuiabá;Bacia do Rio Cuiabá;0,3;;Sentinel-2 de 23/08/2026, pixels de 10 m;Landsat de 13/08/2026, pixels de 30 m
510340310400113;Cuiabá;Urbana;;Coxipó da Ponte;;0,131;531;4057,8;179;3;8,3;15,1;49,3;79,8;0,0;97,2;97,8;77,1;1,7;98,9;0,0;3569,3;2500,0;4,2;64,0;73,2;0,0;100,0;62,3;53,6;5,1;26,1;7;3,6;19;8,7;21,7;46;0,241;15,4;39,6;400;260;460;360;0,5;0,0;0;0,0;0,0;0;0,0;0,0;0;0,0;0,0;2,08;0,0;Plintossolo pétrico;Córrego Ouro Fino;Bacia do Rio Cuiabá;Bacia do Rio Cuiabá;38,0;;Sentinel-2 de 23/08/2026, pixels de 10 m;Landsat de 13/08/2026, pixels de 30 m
510340310400116;Cuiabá;Urbana;Primeiro de Março;Coxipó da Ponte;;0,055;543;9919,1;176;3,1;8,8;18,4;50,8;81,2;0,0;96,6;85,2;18,8;0,0;98,9;;1820,8;1400,0;9,0;27,8;86,2;16,0;100,0;82,0;21,7;0,0;47,3;7;0,0;0;3,3;35,0;18;0,203;3,1;40,0;310;1690;510;570;0,9;0,0;0;0,0;0,7;4;0,7;0,0;0;0,0;0,0;2,08;0,0;Plintossolo pétrico;Córrego Três Barras;Bacia do Rio Cuiabá;Bacia do Rio Cuiabá;3,1;;Sentinel-2 de 23/08/2026, pixels de 10 m;Landsat de 13/08/2026, pixels de 30 m
510340310400118;Cuiabá;Urbana;;Coxipó da Ponte;;0,103;718;6966,8;228;3,1;10,4;13,0;51,9;61,1;;99,6;99,1;89,9;0,0;99,6;0,0;3524,0;2500,0;2,1;55,1;61,1;0,0;100,0;56,5;9,7;0,3;24,6;7;0,0;0;0,0;2,0;0;0,144;2,3;40,2;650;1290;390;220;1,1;0,0;0;0,0;0,0;0;0,0;0,0;0;0,0;0,0;2,08;0,0;Plintossolo pétrico;Córrego Três Barras;Bacia do Rio Cuiabá;Bacia do Rio Cuiabá;3,3;;Sentinel-2 de 23/08/2026, pixels de 10 m;Landsat de 13/08/2026, pixels de 30 m
510340310400119;Cuiabá;Urbana;Três Barras;Coxipó da Ponte;;0,228;1018;4459,6;342;3;8,4;15,5;51,4;76,4;;98,8;98,8;43,9;10,5;100,0;0,0;2550,2;1800,0;2,8;98,9;74,1;9,1;97,9;98,5;77,1;2,7;25,9;7;3,5;36;11,8;23,2;120;0,225;9,8;40,1;350;2190;380;260;1,0;0,0;0;0,0;12,8;130;12,8;0,0;0;0,0;0,0;2,08;0,0;Plintossolo pétrico;Afluente s/n do Córrego Vassoura;Bacia do Rio Cuiabá;Bacia do Rio Cuiabá;21,9;;Sentinel-2 de 23/08/2026, pixels de 10 m;Landsat de 13/08/2026, pixels de 30 m
510340310400120;Cuiabá;Urbana;;Coxipó da Ponte;;0,205;1045;5096,1;336;3,1;6,9;16,9;48,6;82,5;0,4;99,1;96,4;4,5;37,5;99,7;0,0;2155,9;1500,0;6,1;13,4;0,1;0,0;99,9;8,2;0,3;5,9;59,0;7;3,6;37;8,5;23,0;88;0,237;10,7;39,4;110;540;170;450;0,3;0,0;0;0,0;0,0;0;6,5;0,0;0;0,0;0,0;2,08;0,0;Plintossolo pétrico;Córrego Ouro Fino;Bacia do Rio Cuiabá;Bacia do Rio Cuiabá;21,0;;Sentinel-2 de 23/08/2026, pixels de 10 m;Landsat de 13/08/2026, pixels de 30 m
510340310400121;Cuiabá;Urbana;;Coxipó da Ponte;;0,066;689;10389,9;230;3;6,5;18,1;52,1;74,3;0,4;100,0;99,6;100,0;0,0;100,0;0,0;2714,8;2200,0;1,6;100,0;95,8;8,7;100,0;100,0;99,9;15,2;12,7;7;0,0;0;0,0;0,0;0;0,117;0,0;40,1;1000;2000;380;520;1,0;0,0;0;0,0;0,0;0;0,0;0,0;0;0,0;0,0;2,08;0,0;Plintossolo pétrico;Córrego Três Barras;Bacia do Rio Cuiabá;Bacia do Rio Cuiabá;0,0;;Sentinel-2 de 23/08/2026, pixels de 10 m;Landsat de 13/08/2026, pixels de 30 m
510340310400122;Cuiabá;Urbana;;Coxipó da Ponte;;0,199;1028;5170,8;342;3;7,3;19,5;52,8;60,6;;100,0;100,0;99,4;0,0;100,0;0,0;9083,0;7000,0;0,7;100,0;0,0;0,0;100,0;100,0;0,0;0,0;17,9;7;0,0;0;0,0;0,0;0;0,165;1,2;40,0;1580;1880;440;50;0,9;0,0;0;0,0;0,0;0;0,0;0,0;0;0,0;0,0;2,08;0,0;Plintossolo pétrico;Córrego Três Barras;Bacia do Rio Cuiabá;Bacia do Rio Cuiabá;2,3;;Sentinel-2 de 23/08/2026, pixels de 10 m;Landsat de 13/08/2026, pixels de 30 m
510340310400124;Cuiabá;Urbana;;Coxipó da Ponte;;0,134;731;5441,8;241;3;4,9;18,9;49,9;74,4;;100,0;100,0;100,0;0,0;100,0;0,0;3032,7;2100,0;3,8;100,0;91,8;20,9;100,0;100,0;89,2;2,9;15,0;7;0,0;0;0,0;0,0;0;0,15;0,8;39,8;750;2770;780;300;0,7;0,0;0;0,0;0,0;0;0,0;0,0;0;0,0;0,0;2,08;0,0;Plintossolo pétrico;Afluente s/n do Córrego Vassoura;Bacia do Rio Cuiabá;Bacia do Rio Cuiabá;1,5;;Sentinel-2 de 23/08/2026, pixels de 10 m;Landsat de 13/08/2026, pixels de 30 m
510340310400125;Cuiabá;Urbana;;Coxipó da Ponte;;0,615;67;109,0;19;3,5;16,4;16,4;40,3;70,1;;15,8;94,7;0,0;0,0;57,9;0,0;3337,6;2750,0;11,5;;;;;;;;80,2;5;2,1;1;2,5;5,4;2;0,343;21,2;38,8;1150;3120;1150;490;-0,3;0,0;0;0,0;0,0;0;9,4;0,0;0;0,0;14,3;2,1;0,0;Plintossolo pétrico;Afluente s/n do Córrego Vassoura;Bacia do Rio Cuiabá;Bacia do Rio Cuiabá;1946,0;;Sentinel-2 de 23/08/2026, pixels de 10 m;Landsat de 13/08/2026, pixels de 30 m
510340310400127;Cuiabá;Urbana;;Coxipó da Ponte;Conjunto Residencial Jonas Pinheiro;0,313;1498;4784,2;429;3,5;2,4;29,2;51,8;81,4;0,3;90,7;35,9;59,4;2,8;99,1;0,0;1372,1;1212,0;3,5;2,2;51,1;0,0;3,9;21,7;0,1;0,0;46,5;7;11,2;168;30,5;61,3;457;0,298;24,7;38,0;1370;2660;690;1260;-1,1;0,0;0;0,0;19,0;285;25,6;0,0;0;0,0;25,9;2,05;0,0;Plintossolo pétrico;Córrego Três Barras;Bacia do Rio Cuiabá;Bacia do Rio Cuiabá;51,6;;Sentinel-2 de 23/08/2026, pixels de 10 m;Landsat de 13/08/2026, pixels de 30 m
510340310400128;Cuiabá;Urbana;;Coxipó da Ponte;;0,102;910;8965,5;281;3,2;8,4;19,6;50,5;81,6;0,9;97,2;97,5;92,2;5,7;97,9;0,0;1982,2;1300,0;5,9;99,1;93,7;0,0;94,5;99,1;90,3;12,2;21,8;7;0,0;0;0,0;5,7;0;0,167;1,8;39,4;1220;2320;420;830;0,3;0,0;0;0,0;1,7;16;1,7;0,0;0;0,0;0,0;2,08;0,0;Plintossolo pétrico;Córrego Três Barras;Bacia do Rio Cuiabá;Bacia do Rio Cuiabá;2,0;;Sentinel-2 de 23/08/2026, pixels de 10 m;Landsat de 13/08/2026, pixels de 30 m
510340310400129;Cuiabá;Urbana;;Coxipó da Ponte;;0,096;839;8711,8;261;3,2;4,2;18,2;54,0;75,1;;100,0;100,0;98,9;0,0;100,0;0,0;2199,1;1500,0;2,3;100,0;91,1;0,0;100,0;100,0;67,0;23,7;15,7;7;0,8;7;0,0;20,0;0;0,124;0,0;40,6;1740;2240;170;150;1,5;0,0;0;0,0;0,0;0;0,0;0,0;0;0,0;0,0;2,08;0,0;Plintossolo pétrico;Córrego Três Barras;Bacia do Rio Cuiabá;Bacia do Rio Cuiabá;0,0;;Sentinel-2 de 23/08/2026, pixels de 10 m;Landsat de 13/08/2026, pixels de 30 m
510340310400130;Cuiabá;Urbana;;Coxipó da Ponte;;0,232;824;3551,2;251;3,3;6,4;19,4;51,6;77,2;0,0;99,2;99,6;98,8;0,0;100,0;0,0;2518,2;2000,0;3,8;100,0;74,8;0,0;100,0;100,0;50,4;29,4;18,9;7;0,5;4;0,0;14,3;0;0,209;3,4;40,4;2250;2710;660;430;1,3;0,0;0;0,0;0,0;0;8,9;0,0;0;0,0;1,1;2,08;0,0;Plintossolo pétrico;Córrego Três Barras;Bacia do Rio Cuiabá;Bacia do Rio Cuiabá;9,6;;Sentinel-2 de 23/08/2026, pixels de 10 m;Landsat de 13/08/2026, pixels de 30 m
510340310400131;Cuiabá;Urbana;;Coxipó da Ponte;;0,206;1001;4859,3;319;3,1;5,4;18,8;50,0;76,4;0,3;100,0;100,0;98,1;0,0;100,0;0,0;2796,8;2000,0;2,8;100,0;87,4;12,4;100,0;100,0;97,6;0,9;15,3;7;1,2;12;0,0;12,6;0;0,213;7,7;41,0;1960;2610;410;220;1,9;0,0;0;0,0;0,0;0;0,0;0,0;0;0,0;0,4;2,08;0,0;Plintossolo pétrico;Córrego Três Barras;Bacia do Rio Cuiabá;Bacia do Rio Cuiabá;15,8;;Sentinel-2 de 23/08/2026, pixels de 10 m;Landsat de 13/08/2026, pixels de 30 m
510340310400132;Cuiabá;Urbana;;Coxipó da Ponte;;0,428;36;84,1;11;3,3;0,0;36,1;50,0;100,0;0,0;45,5;27,3;0,0;0,0;45,5;0,0;1714,3;1500,0;;;;;;;;;;0;19,7;7;29,4;60,8;11;0,44;48,3;38,4;1690;2720;510;600;-0,7;0,0;0;0,0;33,8;12;46,8;0,0;0;0,0;39,0;2,04;0,0;Plintossolo pétrico;Córrego Três Barras;Bacia do Rio Cuiabá;Bacia do Rio Cuiabá;;;Sentinel-2 de 23/08/2026, pixels de 10 m;Landsat de 13/08/2026, pixels de 30 m
510340310400133;Cuiabá;Urbana;;Coxipó da Ponte;;0,111;916;8271,8;313;2,9;5,0;17,1;54,0;83,3;;99,4;99,7;98,4;0,0;99,4;0,0;1830,4;1001,0;2,4;100,0;97,0;69,6;100,0;100,0;100,0;0,0;16,4;7;0,0;0;0,0;0,0;0;0,145;0,1;39,7;730;2760;790;220;0,6;0,0;0;0,0;0,0;0;0,0;0,0;0;0,0;0,0;2,08;0,0;Plintossolo pétrico;Afluente s/n do Córrego Vassoura;Bacia do Rio Cuiabá;Bacia do Rio Cuiabá;0,1;;Sentinel-2 de 23/08/2026, pixels de 10 m;Landsat de 13/08/2026, pixels de 30 m
510340310400134;Cuiabá;Urbana;;Coxipó da Ponte;;0,172;994;5782,3;293;3,4;5,9;17,5;49,9;85,7;1,0;100,0;99,7;97,3;0,0;100,0;;2718,5;2000,0;1,7;100,0;87,8;40,7;100,0;100,0;82,8;7,4;14,4;7;16,7;166;17,5;34,1;174;0,291;23,1;38,6;720;2620;690;220;-0,5;0,0;0;0,0;27,1;269;31,5;0,0;0;0,0;4,2;2,07;0,0;Plintossolo pétrico;Afluente s/n do Córrego Vassoura;Bacia do Rio Cuiabá;Bacia do Rio Cuiabá;40,0;;Sentinel-2 de 23/08/2026, pixels de 10 m;Landsat de 13/08/2026, pixels de 30 m
510340310400135;Cuiabá;Urbana;;Coxipó da Ponte;;0,191;867;4540,5;286;3;8,9;13,8;50,4;78,3;0,3;100,0;100,0;80,8;11,5;100,0;0,0;3004,1;2424,0;3,5;24,7;73,5;10,1;100,0;99,4;45,8;13,8;30,9;7;1,1;10;1,5;9,0;13;0,204;5,7;40,7;870;1250;80;470;1,6;0,0;0;0,0;0,0;0;0,0;0,0;0;0,0;0,0;2,08;0,0;Plintossolo pétrico;Córrego Três Barras;Bacia do Rio Cuiabá;Bacia do Rio Cuiabá;12,6;;Sentinel-2 de 23/08/2026, pixels de 10 m;Landsat de 13/08/2026, pixels de 30 m
510340310400137;Cuiabá;Urbana;;Coxipó da Ponte;;0,127;475;3748,8;155;3,1;10,7;11,8;51,2;67,2;0,0;97,4;98,1;92,3;0,0;98,1;0,0;5303,5;4012,5;0,8;100,0;77,6;0,0;100,0;100,0;100,0;0,0;12,1;7;6,1;29;2,2;23,5;10;0,222;12,1;40,3;660;1140;310;590;1,2;0,0;0;0,0;0,0;0;0,2;0,0;0;0,0;0,0;2,08;0,0;Plintossolo pétrico;Córrego Ouro Fino;Bacia do Rio Cuiabá;Bacia do Rio Cuiabá;32,4;;Sentinel-2 de 23/08/2026, pixels de 10 m;Landsat de 13/08/2026, pixels de 30 m
510340310400138;Cuiabá;Urbana;;Coxipó da Ponte;;0,196;777;3969,0;242;3,2;12,4;9,4;52,4;67,8;0,0;99,6;97,9;18,2;2,1;98,8;;4366,1;2700,0;1,4;96,5;88,2;0,0;100,0;96,5;90,3;0,0;23,1;7;5,9;46;3,3;17,0;26;0,199;8,8;39,9;390;420;330;480;0,8;0,0;0;0,0;9,3;72;11,3;0,0;0;0,0;0,0;2,08;0,0;Plintossolo pétrico;Córrego Ouro Fino;Bacia do Rio Cuiabá;Bacia do Rio Cuiabá;22,2;;Sentinel-2 de 23/08/2026, pixels de 10 m;Landsat de 13/08/2026, pixels de 30 m
510340310400139;Cuiabá;Urbana;Três Barras;Coxipó da Ponte;;0,085;328;3860,7;148;2,2;6,4;17,1;47,6;70,7;0,0;99,3;96,6;84,5;10,8;98,6;0,0;1541,3;1300,0;4,7;66,4;64,2;25,4;100,0;66,4;55,7;7,0;31,7;7;0,0;0;0,0;7,8;0;0,19;1,9;40,0;710;2030;210;160;0,9;0,0;0;0,0;2,0;7;4,1;0,0;0;0,0;0,0;2,08;0,0;Plintossolo pétrico;Córrego Três Barras;Bacia do Rio Cuiabá;Bacia do Rio Cuiabá;4,9;;Sentinel-2 de 23/08/2026, pixels de 10 m;Landsat de 13/08/2026, pixels de 30 m
510340310400140;Cuiabá;Urbana;Três Barras;Coxipó da Ponte;;0,086;764;8918,3;242;3,2;8,0;18,1;52,5;78,4;0,5;97,9;99,6;95,9;0,0;100,0;0,0;2400,3;2000,0;3,3;100,0;77,5;31,5;100,0;100,0;35,1;0,5;18,9;7;0,0;0;0,0;6,6;0;0,16;1,5;40,3;930;2290;390;210;1,2;0,0;0;0,0;0,0;0;0,0;0,0;0;0,0;0,0;2,08;0,0;Plintossolo pétrico;Córrego Três Barras;Bacia do Rio Cuiabá;Bacia do Rio Cuiabá;1,7;;Sentinel-2 de 23/08/2026, pixels de 10 m;Landsat de 13/08/2026, pixels de 30 m
510340310400141;Cuiabá;Urbana;Três Barras;Coxipó da Ponte;Jardim 1° de março B;0,136;343;2517,2;137;2,5;5,5;20,1;52,2;88,6;0,0;92,0;89,8;48,9;37,2;81,8;0,0;1716,8;1500,0;8,3;9,3;56,1;18,2;83,0;11,3;9,3;0,0;53,8;7;37,3;128;64,5;81,9;221;0,404;39,3;38,5;540;1920;510;490;-0,6;0,0;0;0,0;58,0;199;61,0;0,0;0;0,0;24,4;2,04;0,0;Plintossolo pétrico;Córrego Três Barras;Bacia do Rio Cuiabá;Bacia do Rio Cuiabá;155,8;;Sentinel-2 de 23/08/2026, pixels de 10 m;Landsat de 13/08/2026, pixels de 30 m
510340310400142;Cuiabá;Urbana;Morada da Serra;Coxipó da Ponte;;0,075;357;4759,4;127;2,8;23,8;11,2;51,8;74,2;;100,0;100,0;100,0;0,0;100,0;0,0;3800,1;2500,0;1,6;100,0;95,8;0,0;100,0;100,0;50,1;0,8;10,6;7;0,0;0;0,0;0,0;0;0,165;1,6;40,9;610;940;130;50;1,8;0,0;0;0,0;0,0;0;0,0;0,0;0;0,0;0,0;2,08;0,0;Plintossolo pétrico;Afluente s/n do Córrego Vassoura;Bacia do Rio Cuiabá;Bacia do Rio Cuiabá;3,4;;Sentinel-2 de 23/08/2026, pixels de 10 m;Landsat de 13/08/2026, pixels de 30 m
510340310400143;Cuiabá;Urbana;Morada do Ouro;Coxipó da Ponte;;0,172;1619;9408,1;712;2,3;7,6;11,7;52,3;71,1;0,2;98,2;99,9;82,0;3,4;100,0;0,0;4604,5;3500,0;1,6;71,8;30,6;22,1;100,0;71,2;23,3;0,0;25,7;7;3,8;61;6,2;11,4;101;0,292;23,1;38,8;1090;1080;170;570;-0,3;0,0;0;0,0;15,0;243;15,4;0,0;0;0,0;0,6;2,08;0,0;Plintossolo pétrico;Afluente s/n do Córrego Vassoura;Bacia do Rio Cuiabá;Bacia do Rio Cuiabá;24,5;;Sentinel-2 de 23/08/2026, pixels de 10 m;Landsat de 13/08/2026, pixels de 30 m
510340310400144;Cuiabá;Urbana;Morada do Ouro;Coxipó da Ponte;;0,025;554;22321,5;220;2,5;10,3;13,5;53,1;57,0;;100,0;100,0;94,5;1,8;99,5;0,0;8206,9;6100,0;;95,5;0,0;0,0;10,3;0,0;0,0;0,0;22,4;6;10,7;59;3,7;44,4;21;0,287;15,2;39,0;1000;1270;360;640;-0,1;0,0;0;0,0;22,2;123;22,2;0,0;0;0,0;0,0;2,08;0,0;Plintossolo pétrico;Afluente s/n do Córrego Vassoura;Bacia do Rio Cuiabá;Bacia do Rio Cuiabá;6,9;;Sentinel-2 de 23/08/2026, pixels de 10 m;Landsat de 13/08/2026, pixels de 30 m
510340310400145;Cuiabá;Urbana;Morada do Ouro;Coxipó da Ponte;;0,018;568;30920,0;231;2,5;12,7;11,6;57,9;54,9;0,0;100,0;99,6;95,7;2,2;100,0;0,0;8728,6;7000,0;0,9;95,2;0,0;0,0;98,4;0,0;92,3;0,0;19,5;7;12,4;71;26,3;36,8;149;0,273;15,1;38,6;910;1340;430;550;-0,5;0,0;0;0,0;27,7;157;27,7;0,0;0;0,0;0,0;2,08;0,0;Plintossolo pétrico;Afluente s/n do Córrego Vassoura;Bacia do Rio Cuiabá;Bacia do Rio Cuiabá;4,8;;Sentinel-2 de 23/08/2026, pixels de 10 m;Landsat de 13/08/2026, pixels de 30 m
510340310400146;Cuiabá;Urbana;Morada do Ouro;Coxipó da Ponte;;0,031;548;17508,2;222;2,5;11,1;14,1;53,1;56,0;0,0;99,5;100,0;95,5;1,4;100,0;0,0;8450,8;7000,0;0,9;98,7;0,0;0,0;100,0;94,5;0,9;93,6;19,3;7;13,0;71;50,0;73,8;274;0,234;13,4;39,0;840;1430;530;470;-0,1;0,0;0;0,0;25,4;139;25,4;0,0;0;0,0;0,0;2,08;0,0;Plintossolo pétrico;Afluente s/n do Córrego Vassoura;Bacia do Rio Cuiabá;Bacia do Rio Cuiabá;7,6;;Sentinel-2 de 23/08/2026, pixels de 10 m;Landsat de 13/08/2026, pixels de 30 m
510340310400147;Cuiabá;Urbana;Três Barras;Coxipó da Ponte;;0,091;699;7648,2;249;2,8;4,4;17,2;52,5;83,5;0,7;99,6;99,6;93,6;5,2;100,0;0,0;2066,3;1500,0;6,9;100,0;97,6;7,9;100,0;100,0;81,8;5,0;20,9;7;6,6;46;14,0;71,1;98;0,224;11,9;39,5;650;2350;370;280;0,4;0,0;0;0,0;18,7;131;19,1;0,0;0;0,0;0,0;2,08;0,0;Plintossolo pétrico;Afluente s/n do Córrego Vassoura;Bacia do Rio Cuiabá;Bacia do Rio Cuiabá;15,5;;Sentinel-2 de 23/08/2026, pixels de 10 m;Landsat de 13/08/2026, pixels de 30 m
510340310400148;Cuiabá;Urbana;Três Barras;Coxipó da Ponte;;0,04;318;8040,0;88;3,6;4,4;21,1;53,8;81,4;0,0;98,9;100,0;98,9;0,0;100,0;0,0;2265,0;2000,0;3,7;100,0;100,0;7,5;100,0;100,0;88,4;0,0;15,9;7;34,5;110;36,0;68,0;114;0,256;17,5;39,1;890;2530;540;390;0,0;0,0;0;0,0;3,6;12;23,4;0,0;0;0,0;31,6;2,03;0,0;Plintossolo pétrico;Afluente s/n do Córrego Vassoura;Bacia do Rio Cuiabá;Bacia do Rio Cuiabá;22,0;;Sentinel-2 de 23/08/2026, pixels de 10 m;Landsat de 13/08/2026, pixels de 30 m
510340310400149;Cuiabá;Urbana;;Coxipó da Ponte;;0,458;0;0,0;0;0;;;;;;;;;;;;;;;;;;;;;;;0;11,5;0;9,1;36,0;0;0,3;20,6;38,8;1310;1710;440;220;-0,3;0,0;0;0,0;0,0;0;4,7;0,0;0;0,0;9,3;2,08;0,0;Plintossolo pétrico;Córrego Três Barras;Bacia do Rio Cuiabá;Bacia do Rio Cuiabá;;;Sentinel-2 de 23/08/2026, pixels de 10 m;Landsat de 13/08/2026, pixels de 30 m
510340310400150;Cuiabá;Urbana;;Coxipó da Ponte;Novo Paraíso;0,245;191;778,5;93;2,1;11,5;15,2;42,9;80,6;0,0;5,4;20,4;0,0;86,0;29,0;14,0;1407,1;1300,0;12,8;0,0;26,2;6,3;8,4;0,0;0,0;0,0;95,9;7;5,9;11;0,7;5,8;1;0,179;1,9;40,1;1590;1750;720;440;1,0;0,0;0;0,0;0,0;0;0,0;0,0;0;0,0;0,0;2,08;0,0;Plintossolo pétrico;Córrego Três Barras;Bacia do Rio Cuiabá;Bacia do Rio Cuiabá;24,4;;Sentinel-2 de 23/08/2026, pixels de 10 m;Landsat de 13/08/2026, pixels de 30 m
510340310400151;Cuiabá;Urbana;;Coxipó da Ponte;;0,057;548;9661,8;176;3,1;6,9;13,0;50,2;83,6;;98,3;96,6;4,5;36,9;99,4;0,0;2362,6;2000,0;5,3;5,1;83,0;0,0;100,0;100,0;0,0;0,5;47,1;7;0,0;0;0,0;0,0;0;0,171;0,0;40,1;190;770;360;650;1,0;0,0;0;0,0;0,0;0;0,0;0,0;0;0,0;0,0;2,08;0,0;Plintossolo pétrico;Córrego Ouro Fino;Bacia do Rio Cuiabá;Bacia do Rio Cuiabá;0,0;;Sentinel-2 de 23/08/2026, pixels de 10 m;Landsat de 13/08/2026, pixels de 30 m
510340310400152;Cuiabá;Urbana;;Coxipó da Ponte;Serra Dourada;0,116;659;5691,0;206;3,2;5,8;19,3;46,3;77,1;2,0;97,6;97,1;7,8;15,0;98,5;0,0;2173,3;1550,0;6,1;17,3;64,0;6,2;100,0;36,9;10,0;1,5;49,3;7;34,4;227;0,8;57,9;5;0,285;19,3;39,4;410;860;460;810;0,3;0,0;0;0,0;0,0;0;5,2;0,0;0;0,0;0,0;2,08;0,0;Plintossolo pétrico;Córrego Ouro Fino;Bacia do Rio Cuiabá;Bacia do Rio Cuiabá;34,0;;Sentinel-2 de 23/08/2026, pixels de 10 m;Landsat de 13/08/2026, pixels de 30 m
510340310400153;Cuiabá;Urbana;;Coxipó da Ponte;;0,12;888;7417,5;300;3;5,2;20,3;49,9;68,7;0,6;98,7;97,7;95,3;0,0;99,0;;4528,5;3500,0;0,8;94,9;69,1;0,0;97,8;94,9;66,3;0,0;14,3;7;4,0;36;8,2;42,2;72;0,23;14,2;39,5;530;760;620;610;0,4;0,0;0;0,0;0,0;0;9,0;0,0;0;0,0;0,0;2,08;0,0;Plintossolo pétrico;Córrego Ouro Fino;Bacia do Rio Cuiabá;Bacia do Rio Cuiabá;19,2;;Sentinel-2 de 23/08/2026, pixels de 10 m;Landsat de 13/08/2026, pixels de 30 m
510340310400154;Cuiabá;Urbana;;Coxipó da Ponte;;0,088;364;4113,7;122;3;10,2;11,8;50,5;67,3;1,1;100,0;100,0;46,7;23,8;100,0;0,0;5271,2;4000,0;2,0;100,0;89,3;0,0;100,0;100,0;98,9;0,0;17,5;7;20,7;75;10,7;37,7;39;0,363;36,9;38,9;780;1060;650;390;-0,2;0,0;0;0,0;0,0;0;30,4;0,0;0;0,0;0,0;2,08;0,0;Plintossolo pétrico;Córrego Ouro Fino;Bacia do Rio Cuiabá;Bacia do Rio Cuiabá;89,2;;Sentinel-2 de 23/08/2026, pixels de 10 m;Landsat de 13/08/2026, pixels de 30 m
510340310400155;Cuiabá;Urbana;;Coxipó da Ponte;;0,075;478;6372,4;175;2,7;7,9;13,6;50,2;75,9;0,0;99,4;99,4;98,3;0,0;100,0;0,0;2970,3;2500,0;;100,0;88,7;0,0;100,0;100,0;100,0;0,0;13,8;6;0,0;0;2,4;12,0;12;0,183;7,0;40,0;900;1820;430;390;0,9;0,0;0;0,0;0,1;1;0,1;0,0;0;0,0;0,0;2,08;0,0;Plintossolo pétrico;Córrego Três Barras;Bacia do Rio Cuiabá;Bacia do Rio Cuiabá;11,0;;Sentinel-2 de 23/08/2026, pixels de 10 m;Landsat de 13/08/2026, pixels de 30 m
510340310400156;Cuiabá;Urbana;;Coxipó da Ponte;Wantuil de Freitas;0,102;338;3310,9;112;3;5,9;23,4;47,3;80,5;;94,6;82,1;17,0;9,8;93,8;3,6;1831,7;1500,0;10,0;0,0;31,1;0,0;63,1;0,0;0,0;0,0;61,9;7;26,1;88;33,3;61,4;113;0,378;34,1;38,8;800;1600;360;320;-0,3;0,0;0;0,0;17,3;58;42,4;0,0;0;0,0;25,5;2,04;0,0;Plintossolo pétrico;Córrego Três Barras;Bacia do Rio Cuiabá;Bacia do Rio Cuiabá;102,9;;Sentinel-2 de 23/08/2026, pixels de 10 m;Landsat de 13/08/2026, pixels de 30 m
510340310400157;Cuiabá;Urbana;Primeiro de Março;Coxipó da Ponte;Córrego Vassoural;0,201;733;3649,8;245;3;6,0;17,7;50,3;74,4;;98,4;99,2;77,1;2,4;98,0;0,0;3062,8;2400,0;1,7;89,5;60,0;19,1;90,9;95,5;76,9;0,0;22,7;7;18,1;133;18,4;42,7;135;0,329;34,4;38,9;610;770;560;420;-0,2;0,0;0;0,0;26,9;197;37,1;0,0;0;0,0;16,9;2,06;0,0;Plintossolo pétrico;Córrego Ouro Fino;Bacia do Rio Cuiabá;Bacia do Rio Cuiabá;94,3;;Sentinel-2 de 23/08/2026, pixels de 10 m;Landsat de 13/08/2026, pixels de 30 m
510340310400158;Cuiabá;Urbana;Primeiro de Março;Coxipó da Ponte;Córrego Vassoural;0,123;473;3854,5;155;3,1;10,6;14,0;52,0;78,9;0,0;96,1;89,0;29,0;31,6;90,3;0,0;2495,4;1500,0;5,5;46,9;19,7;0,0;84,6;47,4;46,9;3,2;48,8;7;32,7;155;34,4;62,3;163;0,35;31,7;39,0;900;430;430;180;-0,1;0,0;0;0,0;49,9;236;51,8;0,0;0;0,0;0,0;2,08;0,0;Plintossolo pétrico;Córrego Ouro Fino;Bacia do Rio Cuiabá;Bacia do Rio Cuiabá;82,4;;Sentinel-2 de 23/08/2026, pixels de 10 m;Landsat de 13/08/2026, pixels de 30 m
510340310400159;Cuiabá;Urbana;Primeiro de Março;Coxipó da Ponte;Jardim 1° de março A;0,071;335;4746,9;105;3,2;6,9;17,6;51,0;84,8;0,0;95,2;95,2;40,0;0,0;99,0;0,0;1871,4;1212,0;6,4;88,1;31,3;0,0;96,7;100,0;85,7;0,0;40,8;7;48,8;163;69,4;95,4;233;0,445;50,3;38,3;410;1220;590;350;-0,8;0,0;0;0,0;67,3;226;67,3;0,0;0;0,0;15,1;2,05;0,0;Plintossolo pétrico;Afluente s/n do Córrego Vassoura;Bacia do Rio Cuiabá;Bacia do Rio Cuiabá;106,6;;Sentinel-2 de 23/08/2026, pixels de 10 m;Landsat de 13/08/2026, pixels de 30 m
510340310400160;Cuiabá;Urbana;Morada da Serra;Coxipó da Ponte;;0,157;690;4399,7;249;2,8;12,0;14,9;50,6;82,5;1,3;94,4;94,0;18,1;6,4;95,6;;2286,5;2000,0;6,6;87,6;17,9;0,0;98,0;78,3;33,0;12,6;45,7;7;19,2;133;10,2;46,2;70;0,412;41,9;38,4;510;330;60;300;-0,7;0,0;0;0,0;0,0;0;3,6;0,0;0;0,0;0,0;2,08;0,0;Plintossolo pétrico;Córrego Ouro Fino;Bacia do Rio Cuiabá;Bacia do Rio Cuiabá;95,3;;Sentinel-2 de 23/08/2026, pixels de 10 m;Landsat de 13/08/2026, pixels de 30 m
510340310400161;Cuiabá;Urbana;Morada da Serra;Coxipó da Ponte;Córrego Vassoural;0,067;357;5338,1;141;2,5;11,5;17,4;49,3;73,4;1,4;100,0;99,3;8,5;12,8;99,3;0,0;3022,8;2500,0;7,7;49,6;17,6;0,0;88,8;61,6;47,3;6,2;50,4;7;29,3;105;39,4;76,6;141;0,327;26,1;39,0;490;270;300;200;-0,1;0,0;0;0,0;22,9;82;27,5;0,0;0;0,0;0,0;2,08;0,0;Plintossolo pétrico;Córrego Ouro Fino;Bacia do Rio Cuiabá;Bacia do Rio Cuiabá;49,0;;Sentinel-2 de 23/08/2026, pixels de 10 m;Landsat de 13/08/2026, pixels de 30 m
510340310400162;Cuiabá;Urbana;Morada da Serra;Coxipó da Ponte;;0,075;377;5052,5;123;3,1;17,0;14,1;50,7;87,5;0,0;100,0;100,0;97,6;0,0;100,0;0,0;2286,4;1500,0;;54,9;91,0;23,1;100,0;69,5;34,0;0,0;22,8;6;17,1;65;12,6;33,3;48;0,205;9,8;39,0;1100;1520;620;740;-0,1;0,0;0;0,0;17,0;64;17,0;0,0;0;0,0;0,0;2,08;0,0;Plintossolo pétrico;Afluente s/n do Córrego Vassoura;Bacia do Rio Cuiabá;Bacia do Rio Cuiabá;19,5;;Sentinel-2 de 23/08/2026, pixels de 10 m;Landsat de 13/08/2026, pixels de 30 m
510340310400163;Cuiabá;Urbana;Morada da Serra;Coxipó da Ponte;Centro América A;0,063;319;5047,7;120;2,7;9,7;16,6;48,0;84,0;0,0;99,2;100,0;85,8;0,0;100,0;0,0;2072,3;1500,0;1,2;46,1;79,0;14,7;100,0;60,2;60,2;0,0;26,3;7;19,9;64;16,9;42,9;54;0,314;24,2;38,6;990;1380;520;780;-0,5;0,0;0;0,0;23,4;75;23,4;0,0;0;0,0;0,0;2,08;0,0;Plintossolo pétrico;Afluente s/n do Córrego Vassoura;Bacia do Rio Cuiabá;Bacia do Rio Cuiabá;47,8;;Sentinel-2 de 23/08/2026, pixels de 10 m;Landsat de 13/08/2026, pixels de 30 m
510340310400164;Cuiabá;Urbana;;Coxipó da Ponte;;0,389;428;1101,1;201;2,1;7,9;12,1;44,2;87,4;;94,0;84,1;17,4;0,0;98,0;0,0;1725,4;1300,0;4,7;15,2;69,2;23,7;93,4;27,0;13,0;8,8;48,1;7;17,2;74;41,0;65,8;176;0,398;39,4;38,4;1000;2330;610;900;-0,7;0,0;0;0,0;28,4;121;37,8;0,0;0;0,0;49,2;2,0;0,0;Plintossolo pétrico;Córrego Três Barras;Bacia do Rio Cuiabá;Bacia do Rio Cuiabá;358,1;;Sentinel-2 de 23/08/2026, pixels de 10 m;Landsat de 13/08/2026, pixels de 30 m
510340310400166;Cuiabá;Urbana;Centro Político Administrativo;Coxipó da Ponte;;0,459;484;1054,1;184;2,6;12,8;11,2;52,3;69,2;;99,5;100,0;35,3;36,4;100,0;0,0;3470,9;2500,0;2,8;99,0;76,0;32,4;100,0;99,0;82,4;0,0;24,8;7;12,2;59;5,2;22,1;25;0,433;49,6;37,5;1180;700;170;230;-1,6;0,0;0;0,0;2,3;11;13,8;0,0;0;0,0;31,7;2,0;0,0;Plintossolo pétrico;Afluente s/n do Córrego Vassoura;Bacia do Rio Cuiabá;Bacia do Rio Cuiabá;470,4;;Sentinel-2 de 23/08/2026, pixels de 10 m;Landsat de 13/08/2026, pixels de 30 m
510340310400167;Cuiabá;Urbana;Centro Político Administrativo;Coxipó da Ponte;;0,36;1028;2856,8;346;3;11,1;13,6;51,2;38,3;0,0;99,1;100,0;100,0;0,0;99,7;0,0;15754,6;15000,0;;100,0;0,0;0,0;100,0;100,0;100,0;0,0;16,9;6;14,3;147;8,3;43,7;86;0,606;84,7;35,6;620;1000;420;440;-3,5;0,0;0;0,0;15,8;163;56,4;0,0;0;0,0;67,6;1,95;0,0;Plintossolo pétrico;Afluente s/n do Rio Cuiabá;Bacia do Rio Cuiabá;Bacia do Rio Cuiabá;296,6;;Sentinel-2 de 23/08/2026, pixels de 10 m;Landsat de 13/08/2026, pixels de 30 m
510340310400168;Cuiabá;Urbana;;Coxipó da Ponte;Jardim Umuarama;0,101;451;4449,0;142;3,2;8,6;22,4;49,2;84,3;0,0;99,3;97,2;33,1;45,8;94,4;0,0;2527,9;2300,0;3,8;64,1;72,9;29,5;84,3;65,4;41,9;0,0;34,8;7;0,0;0;4,9;10,7;22;0,215;3,2;39,7;1350;2730;80;780;0,6;0,0;0;0,0;0,0;0;0,0;0,0;0;0,0;0,0;2,08;0,0;Plintossolo pétrico;Córrego Três Barras;Bacia do Rio Cuiabá;Bacia do Rio Cuiabá;7,2;;Sentinel-2 de 23/08/2026, pixels de 10 m;Landsat de 13/08/2026, pixels de 30 m
510340310400169;Cuiabá;Urbana;;Coxipó da Ponte;Jardim Umuarama;0,122;780;6382,3;290;2,7;4,0;18,7;50,1;85,5;0,4;94,1;81,4;45,5;31,0;95,9;0,0;2015,2;1500,0;6,3;35,4;56,3;4,2;80,6;35,4;25,2;0,0;44,2;7;7,4;58;25,0;45,0;195;0,289;15,1;39,1;1270;2800;440;680;0,0;0,0;0;0,0;0,0;0;14,6;0,0;0;0,0;12,0;2,06;0,0;Plintossolo pétrico;Afluente s/n do Córrego Vassoura;Bacia do Rio Cuiabá;Bacia do Rio Cuiabá;23,6;;Sentinel-2 de 23/08/2026, pixels de 10 m;Landsat de 13/08/2026, pixels de 30 m
510340310400170;Cuiabá;Urbana;Morada da Serra;Coxipó da Ponte;;0,087;321;3695,8;111;2,9;13,1;8,4;51,1;77,6;0,0;99,1;99,1;92,8;0,0;100,0;0,0;2088,6;1800,0;7,0;37,4;84,7;7,5;100,0;86,3;71,0;0,0;32,0;7;0,0;0;0,0;2,8;0;0,172;9,7;39,3;680;1340;550;480;0,2;0,0;0;0,0;0,0;0;5,6;0,0;0;0,0;0,0;2,08;0,0;Plintossolo pétrico;Afluente s/n do Córrego Vassoura;Bacia do Rio Cuiabá;Bacia do Rio Cuiabá;26,3;;Sentinel-2 de 23/08/2026, pixels de 10 m;Landsat de 13/08/2026, pixels de 30 m
510340310400171;Cuiabá;Urbana;Morada da Serra;Coxipó da Ponte;Centro América B;0,013;161;11942,1;51;3,2;6,2;17,4;52,8;93,2;0,0;100,0;100,0;86,3;0,0;100,0;0,0;1701,4;1500,0;3,4;49,7;32,3;0,0;100,0;64,6;70,8;0,0;36,0;7;1,3;2;17,2;41,4;28;0,231;10,9;38,0;670;1250;530;440;-1,1;0,0;0;0,0;0,0;0;22,2;0,0;0;0,0;0,0;2,08;0,0;Plintossolo pétrico;Afluente s/n do Córrego Vassoura;Bacia do Rio Cuiabá;Bacia do Rio Cuiabá;8,8;;Sentinel-2 de 23/08/2026, pixels de 10 m;Landsat de 13/08/2026, pixels de 30 m
510340310420001;Cuiabá;Urbana;Ufmt;Coxipó da Ponte;;0,796;97;121,8;76;1,3;8,2;0,0;54,6;46,4;0,0;78,9;100,0;98,7;0,0;98,7;0,0;3804,2;2500,0;0,0;100,0;100,0;100,0;100,0;100,0;100,0;100,0;11,9;7;5,5;5;3,4;26,2;3;0,33;25,0;39,4;1170;1740;260;50;0,3;0,0;0;0,0;16,1;16;16,1;0,0;0;0,0;0,0;2,08;0,0;Plintossolo pétrico;Afluente s/n do Rio Cuiabá;Bacia do Rio Cuiabá;Bacia do Rio Cuiabá;2051,5;;Sentinel-2 de 23/08/2026, pixels de 10 m;Landsat de 13/08/2026, pixels de 30 m
510340310420002;Cuiabá;Urbana;Jardim das Américas;Coxipó da Ponte;;0,251;487;1941,7;174;2,8;31,2;5,7;50,5;30,6;0,0;99,4;100,0;96,0;0,0;100,0;0,0;10682,9;10000,0;;100,0;94,3;72,5;100,0;100,0;72,1;3,1;3,7;6;12,1;59;28,5;59,2;139;0,23;13,3;38,9;650;2080;400;180;-0,2;0,0;0;0,0;23,3;114;23,3;0,0;0;0,0;0,0;2,08;0,0;Plintossolo pétrico;Afluente s/n do Rio Cuiabá;Bacia do Rio Cuiabá;Bacia do Rio Cuiabá;68,5;;Sentinel-2 de 23/08/2026, pixels de 10 m;Landsat de 13/08/2026, pixels de 30 m
510340310420003;Cuiabá;Urbana;Jardim Itália;Coxipó da Ponte;;0,119;683;5762,5;245;2,8;8,6;13,3;52,9;71,6;0,4;100,0;99,2;80,8;6,5;100,0;;2246,9;1700,0;4,1;97,2;36,3;5,1;100,0;97,2;51,8;0,0;28,4;7;15,1;103;20,5;42,9;140;0,179;5,1;39,0;220;1810;480;340;-0,1;0,0;0;0,0;25,3;173;25,3;0,0;0;0,0;0,0;2,08;0,0;Plintossolo pétrico;Afluente s/n do Rio Cuiabá;Bacia do Rio Cuiabá;Bacia do Rio Cuiabá;8,9;;Sentinel-2 de 23/08/2026, pixels de 10 m;Landsat de 13/08/2026, pixels de 30 m
510340310420004;Cuiabá;Urbana;Jardim Itália;Coxipó da Ponte;;0,191;372;1945,7;140;2,7;17,5;8,6;49,2;38,2;0,0;100,0;100,0;49,3;0,0;100,0;0,0;7738,9;5001,0;0,0;100,0;98,9;85,5;100,0;100,0;70,2;0,0;11,1;7;11,9;44;4,1;44,8;15;0,231;13,6;38,9;1220;2590;30;160;-0,2;0,0;0;0,0;4,4;16;13,1;0,0;0;0,0;0,0;2,08;0,0;Plintossolo pétrico;Afluente s/n do Rio Coxipó;Bacia do Rio Cuiabá;Bacia do Rio Cuiabá;69,8;;Sentinel-2 de 23/08/2026, pixels de 10 m;Landsat de 13/08/2026, pixels de 30 m
510340310420005;Cuiabá;Urbana;Campo Verde;Coxipó da Ponte;;0,099;247;2496,9;78;3,2;17,8;10,9;49,0;84,6;0,0;98,7;96,2;66,7;23,1;97,4;0,0;2090,2;1800,0;10,6;84,2;66,0;27,1;91,9;73,3;58,3;1,6;36,2;7;38,0;94;35,8;75,8;88;0,277;17,6;40,1;950;1040;470;310;1,0;0,0;0;0,0;66,4;164;85,2;0,0;0;0,0;0,0;2,08;0,0;Plintossolo pétrico;Afluente s/n do Rio Cuiabá;Bacia do Rio Cuiabá;Bacia do Rio Cuiabá;70,5;;Sentinel-2 de 23/08/2026, pixels de 10 m;Landsat de 13/08/2026, pixels de 30 m
510340310420006;Cuiabá;Urbana;Campo Verde;Coxipó da Ponte;;0,068;538;7951,4;177;3;12,6;11,3;49,8;77,7;0,6;98,3;96,6;94,4;0,0;98,9;;3068,7;2400,0;5,5;76,4;63,1;3,7;100,0;72,4;24,0;2,0;25,6;7;31,5;169;0,0;14,1;0;0,183;3,8;39,1;1230;1530;340;540;0,0;0,0;0;0,0;0,0;0;5,1;0,0;0;0,0;0,0;2,08;0,0;Plintossolo pétrico;Córrego Campo Verde da Esperança;Bacia do Rio Cuiabá;Bacia do Rio Cuiabá;4,8;;Sentinel-2 de 23/08/2026, pixels de 10 m;Landsat de 13/08/2026, pixels de 30 m
510340310420007;Cuiabá;Urbana;Dom Bosco;Coxipó da Ponte;Região do Dom Bosco;0,289;812;2806,2;260;3,1;12,2;13,2;50,9;82,1;0,5;100,0;99,2;91,5;6,2;99,6;;2651,0;1800,0;5,7;99,5;71,9;52,0;99,5;94,2;56,4;5,0;22,1;7;14,2;115;18,1;29,3;147;0,267;13,5;38,7;910;1200;520;430;-0,4;0,0;0;0,0;22,8;186;22,8;0,0;0;0,0;0,0;2,08;0,0;Plintossolo pétrico;Afluente s/n do Rio Cuiabá;Bacia do Rio Cuiabá;Bacia do Rio Cuiabá;48,0;;Sentinel-2 de 23/08/2026, pixels de 10 m;Landsat de 13/08/2026, pixels de 30 m
510340310420008;Cuiabá;Urbana;Dom Bosco;Coxipó da Ponte;Região do Dom Bosco;0,144;783;5455,2;258;3;10,0;16,0;51,7;75,2;0,0;98,4;99,2;75,2;17,1;100,0;;2332,8;1500,0;5,4;94,4;89,4;58,5;100,0;94,1;68,1;0,8;23,3;7;5,6;44;4,1;11,5;32;0,234;7,7;39,6;950;1620;140;190;0,5;0,0;0;0,0;1,6;12;4,0;0,0;0;0,0;0,0;2,08;0,0;Plintossolo pétrico;Córrego Bela Vista;Bacia do Rio Cuiabá;Bacia do Rio Cuiabá;14,2;;Sentinel-2 de 23/08/2026, pixels de 10 m;Landsat de 13/08/2026, pixels de 30 m
510340310420009;Cuiabá;Urbana;Bela Vista;Coxipó da Ponte;;0,041;323;7849,5;119;2,7;11,1;16,1;51,7;76,2;0,0;100,0;99,2;84,9;9,2;100,0;0,0;2348,0;1950,0;6,1;93,8;79,6;10,8;100,0;92,3;92,6;7,7;23,9;7;54,4;176;34,0;76,0;110;0,325;26,3;39,3;800;1350;420;250;0,2;0,0;0;0,0;90,5;292;90,5;0,0;0;0,0;0,0;2,08;0,0;Plintossolo pétrico;Afluente s/n do Rio Cuiabá;Bacia do Rio Cuiabá;Bacia do Rio Cuiabá;33,4;;Sentinel-2 de 23/08/2026, pixels de 10 m;Landsat de 13/08/2026, pixels de 30 m
510340310420010;Cuiabá;Urbana;Bela Vista;Coxipó da Ponte;;0,044;304;6854,0;101;3;14,1;11,5;53,0;75,0;;100,0;100,0;89,1;10,9;100,0;0,0;4126,8;2500,0;6,5;100,0;80,6;6,2;100,0;100,0;77,0;10,9;19,1;7;0,0;0;0,0;0,0;0;0,178;9,0;39,9;910;1890;190;100;0,8;0,0;0;0,0;0,0;0;0,0;0,0;0;0,0;0,0;2,08;0,0;Plintossolo pétrico;Córrego Bela Vista;Bacia do Rio Cuiabá;Bacia do Rio Cuiabá;13,0;;Sentinel-2 de 23/08/2026, pixels de 10 m;Landsat de 13/08/2026, pixels de 30 m
510340310420011;Cuiabá;Urbana;Terra Nova;Coxipó da Ponte;;0,027;0;0,0;0;0;;;;;;;;;;;;;;;;;;;;;;;0;35,9;0;41,5;68,3;0;0,207;11,3;38,7;780;1310;430;100;-0,4;0,0;0;0,0;50,0;0;50,0;0,0;0;0,0;0,0;2,08;0,0;Plintossolo pétrico;Afluente s/n do Rio Cuiabá;Bacia do Rio Cuiabá;Bacia do Rio Cuiabá;;;Sentinel-2 de 23/08/2026, pixels de 10 m;Landsat de 13/08/2026, pixels de 30 m
510340310420012;Cuiabá;Urbana;Carumbé;Coxipó da Ponte;;0,063;561;8843,9;197;2,8;22,1;10,9;49,6;76,5;1,1;98,5;100,0;94,4;2,0;100,0;3,6;2384,4;1300,0;6,4;92,9;74,9;0,9;100,0;92,9;44,6;3,4;23,8;7;9,1;51;0,0;3,0;0;0,146;2,1;39,9;1180;1770;200;260;0,8;0,0;0;0,0;0,0;0;0,0;0,0;0;0,0;0,0;2,08;0,0;Plintossolo pétrico;Córrego Campo Verde da Esperança;Bacia do Rio Cuiabá;Bacia do Rio Cuiabá;2,4;;Sentinel-2 de 23/08/2026, pixels de 10 m;Landsat de 13/08/2026, pixels de 30 m
510340310420013;Cuiabá;Urbana;Carumbé;Coxipó da Ponte;;0,062;531;8614,1;170;3,1;11,9;13,4;49,0;75,9;;99,4;98,2;83,5;0,0;99,4;0,0;2170,5;1500,0;5,6;85,5;95,7;67,6;100,0;97,9;97,9;0,0;23,1;7;7,5;40;17,4;37,0;92;0,232;5,6;39,5;940;2260;370;330;0,4;0,0;0;0,0;0,0;0;0,0;0,0;0;0,0;0,0;2,08;0,0;Plintossolo pétrico;Afluente s/n do Córrego do Moinho;Bacia do Rio Cuiabá;Bacia do Rio Cuiabá;6,5;;Sentinel-2 de 23/08/2026, pixels de 10 m;Landsat de 13/08/2026, pixels de 30 m
510340310420014;Cuiabá;Urbana;São Roque;Coxipó da Ponte;;0,147;504;3426,5;166;3;10,3;11,9;49,8;76,4;0,0;100,0;98,2;61,4;0,0;100,0;3,0;2497,1;1800,0;4,6;100,0;82,3;29,0;100,0;100,0;95,4;0,8;24,0;7;11,4;57;0,0;18,5;0;0,282;20,1;39,3;760;2280;280;370;0,2;0,0;0;0,0;0,0;0;0,0;0,0;0;0,0;0,0;2,08;0,0;Plintossolo pétrico;Afluente s/n do Córrego do Moinho;Bacia do Rio Cuiabá;Bacia do Rio Cuiabá;58,6;;Sentinel-2 de 23/08/2026, pixels de 10 m;Landsat de 13/08/2026, pixels de 30 m
510340310420015;Cuiabá;Urbana;Novo Mato Grosso;Coxipó da Ponte;;1,004;516;513,7;45;2,7;11,4;2,1;11,2;82,2;0,0;97,8;100,0;15,6;80,0;97,8;0,0;2220,5;2000,0;13,8;97,6;76,4;67,5;97,6;95,9;75,6;9,8;42,6;7;5,9;30;6,4;13,9;33;0,31;24,8;39,1;550;2840;330;450;0,0;0,0;0;0,0;10,9;56;13,0;0,0;0;0,0;1,0;2,08;0,0;Plintossolo pétrico;Afluente s/n do Córrego Vassoura;Bacia do Rio Cuiabá;Bacia do Rio Cuiabá;482,5;;Sentinel-2 de 23/08/2026, pixels de 10 m;Landsat de 13/08/2026, pixels de 30 m
510340310420016;Cuiabá;Urbana;Novo Mato Grosso;Coxipó da Ponte;;0,044;323;7335,2;98;3,3;8,0;21,4;53,9;83,3;;95,9;98,0;58,2;20,4;100,0;0,0;2264,9;1525,0;5,3;100,0;63,8;2,8;96,6;100,0;63,2;1,9;29,1;7;39,3;127;60,0;92,0;194;0,339;27,5;38,4;580;2590;190;240;-0,7;0,0;0;0,0;83,4;269;83,4;0,0;0;0,0;0,0;2,08;0,0;Plintossolo pétrico;Afluente s/n do Córrego Vassoura;Bacia do Rio Cuiabá;Bacia do Rio Cuiabá;37,5;;Sentinel-2 de 23/08/2026, pixels de 10 m;Landsat de 13/08/2026, pixels de 30 m
510340310420017;Cuiabá;Urbana;Novo Horizonte;Coxipó da Ponte;;0,072;439;6134,2;159;2,8;13,2;13,4;50,8;74,9;;96,9;97,5;89,3;8,8;100,0;0,0;2726,7;2100,0;4,9;54,9;54,0;21,6;96,6;52,4;49,4;3,2;30,8;7;11,6;51;1,4;19,2;6;0,244;12,0;39,6;620;2800;330;200;0,5;0,0;0;0,0;38,5;169;38,5;0,0;0;0,0;0,0;2,08;0,0;Plintossolo pétrico;Afluente s/n do Córrego Vassoura;Bacia do Rio Cuiabá;Bacia do Rio Cuiabá;19,7;;Sentinel-2 de 23/08/2026, pixels de 10 m;Landsat de 13/08/2026, pixels de 30 m
510340310420018;Cuiabá;Urbana;Novo Horizonte;Coxipó da Ponte;;0,06;493;8191,2;173;2,8;15,6;13,2;49,9;75,3;0,0;96,0;99,4;96,0;1,7;99,4;0,0;2558,3;1800,0;4,7;100,0;26,8;0,0;100,0;100,0;43,4;4,1;27,7;7;0,0;0;3,0;10,6;15;0,163;2,6;40,4;650;2780;300;280;1,3;0,0;0;0,0;1,2;6;1,2;0,0;0;0,0;0,0;2,08;0,0;Plintossolo pétrico;Córrego Guimitá;Bacia do Rio Cuiabá;Bacia do Rio Cuiabá;3,2;;Sentinel-2 de 23/08/2026, pixels de 10 m;Landsat de 13/08/2026, pixels de 30 m
510340310420019;Cuiabá;Urbana;Novo Horizonte;Coxipó da Ponte;;0,096;521;5453,3;195;2,7;15,9;14,8;54,1;85,4;0,0;91,3;98,5;75,9;12,8;99,5;0,0;1859,1;1450,0;11,3;94,6;36,3;2,7;100,0;93,9;83,1;5,0;39,9;7;21,3;111;20,2;41,5;105;0,28;24,2;39,5;610;2500;530;500;0,4;0,0;0;0,0;34,0;177;58,2;0,0;0;0,0;0,0;2,08;0,0;Plintossolo pétrico;Afluente s/n do Córrego Vassoura;Bacia do Rio Cuiabá;Bacia do Rio Cuiabá;44,6;;Sentinel-2 de 23/08/2026, pixels de 10 m;Landsat de 13/08/2026, pixels de 30 m
510340310420020;Cuiabá;Urbana;Novo Horizonte;Coxipó da Ponte;;0,041;387;9376,1;123;3,1;15,5;13,4;55,8;74,7;0,0;98,4;94,3;87,8;0,0;100,0;;2103,0;1400,0;5,5;71,6;14,0;1,0;100,0;83,5;46,0;0,0;36,4;7;0,0;0;0,0;22,6;0;0,179;2,4;40,4;550;2700;430;390;1,3;0,0;0;0,0;13,0;50;13,2;0,0;0;0,0;0,0;2,08;0,0;Plintossolo pétrico;Córrego Guimitá;Bacia do Rio Cuiabá;Bacia do Rio Cuiabá;2,5;;Sentinel-2 de 23/08/2026, pixels de 10 m;Landsat de 13/08/2026, pixels de 30 m
510340310420021;Cuiabá;Urbana;Novo Horizonte;Coxipó da Ponte;;0,123;535;4363,9;189;2,8;15,3;14,6;47,5;82,2;0,0;99,5;100,0;74,6;22,8;93,7;0,0;2386,7;2000,0;6,3;52,1;43,0;8,2;98,9;52,1;21,5;11,6;38,1;7;22,1;118;22,1;60,7;118;0,317;25,8;38,9;650;3110;80;80;-0,2;0,0;0;0,0;64,1;343;64,1;0,0;0;0,0;0,0;2,08;0,0;Plintossolo pétrico;Córrego Guimitá;Bacia do Rio Cuiabá;Bacia do Rio Cuiabá;59,3;;Sentinel-2 de 23/08/2026, pixels de 10 m;Landsat de 13/08/2026, pixels de 30 m
510340310420022;Cuiabá;Urbana;Planalto;Coxipó da Ponte;;0,077;528;6879,1;188;2,8;17,2;13,6;52,1;85,8;0,0;97,9;92,6;72,3;23,4;96,8;0,0;2509,4;2000,0;4,4;78,2;84,3;53,2;99,4;76,9;41,9;11,6;26,0;7;18,4;97;31,1;52,5;164;0,266;12,6;39,9;430;3380;280;140;0,8;0,0;0;0,0;29,2;154;29,2;0,0;0;0,0;0,0;2,08;0,0;Plintossolo pétrico;Afluente s/n do Córrego Vassoura;Bacia do Rio Cuiabá;Bacia do Rio Cuiabá;18,4;;Sentinel-2 de 23/08/2026, pixels de 10 m;Landsat de 13/08/2026, pixels de 30 m
510340310420023;Cuiabá;Urbana;Planalto;Coxipó da Ponte;;0,111;566;5083,2;191;3;19,3;12,9;53,4;86,9;0,0;99,0;99,0;92,1;3,7;96,9;0,0;1894,9;1212,0;7,8;41,7;87,3;18,7;92,9;36,7;25,8;10,2;33,2;7;16,8;95;34,2;69,4;194;0,277;16,5;39,6;360;3000;220;310;0,5;0,0;0;0,0;25,9;147;25,9;0,0;0;0,0;0,0;2,08;0,0;Plintossolo pétrico;Afluente s/n do Córrego Vassoura;Bacia do Rio Cuiabá;Bacia do Rio Cuiabá;32,4;;Sentinel-2 de 23/08/2026, pixels de 10 m;Landsat de 13/08/2026, pixels de 30 m
510340310420024;Cuiabá;Urbana;Planalto;Coxipó da Ponte;;0,076;693;9062,5;222;3,1;16,9;14,7;52,1;84,4;0,0;99,1;100,0;95,5;2,3;100,0;;1870,8;1306,5;7,2;100,0;86,9;50,6;100,0;100,0;72,4;1,6;23,2;7;0,0;0;0,0;0,0;0;0,196;2,6;40,9;270;3280;190;200;1,8;0,0;0;0,0;0,0;0;0,0;0,0;0;0,0;0,0;2,08;0,0;Plintossolo pétrico;Afluente s/n do Córrego Vassoura;Bacia do Rio Cuiabá;Bacia do Rio Cuiabá;2,9;;Sentinel-2 de 23/08/2026, pixels de 10 m;Landsat de 13/08/2026, pixels de 30 m
510340310420025;Cuiabá;Urbana;Planalto;Coxipó da Ponte;;0,078;590;7543,9;219;2,7;15,6;15,9;50,7;76,1;;97,3;95,0;94,5;0,0;100,0;1,8;2012,3;1212,0;8,4;100,0;70,7;34,4;100,0;100,0;64,2;11,5;26,8;7;0,0;0;0,0;0,0;0;0,15;0,9;40,6;190;3220;330;230;1,5;0,0;0;0,0;0,0;0;0,0;0,0;0;0,0;0,0;2,08;0,0;Plintossolo pétrico;Córrego Carumbé;Bacia do Rio Cuiabá;Bacia do Rio Cuiabá;1,2;;Sentinel-2 de 23/08/2026, pixels de 10 m;Landsat de 13/08/2026, pixels de 30 m
510340310420026;Cuiabá;Urbana;Planalto;Coxipó da Ponte;;0,068;485;7178,8;161;3;19,2;11,1;47,8;76,3;1,2;99,4;100,0;95,0;0,0;100,0;0,0;3495,5;2000,0;8,2;100,0;84,3;0,0;100,0;100,0;65,4;24,3;20,7;7;0,0;0;0,0;0,0;0;0,16;1,2;40,0;550;3370;320;50;0,9;0,0;0;0,0;0,0;0;0,0;0,0;0;0,0;0,0;2,08;0,0;Plintossolo pétrico;Afluente s/n do Córrego do Moinho;Bacia do Rio Cuiabá;Bacia do Rio Cuiabá;1,7;;Sentinel-2 de 23/08/2026, pixels de 10 m;Landsat de 13/08/2026, pixels de 30 m
510340310420027;Cuiabá;Urbana;Residencial Itamaraty;Coxipó da Ponte;;0,086;569;6637,5;191;3;7,6;12,3;51,5;82,2;;100,0;100,0;12,6;1,6;100,0;0,0;3271,6;2400,0;2,7;100,0;67,5;14,2;99,1;100,0;67,3;6,3;29,3;7;0,0;0;0,0;0,0;0;0,174;2,0;39,7;520;3630;150;410;0,6;0,0;0;0,0;0,0;0;0,0;0,0;0;0,0;0,0;2,08;0,0;Plintossolo pétrico;Afluente s/n do Córrego do Moinho;Bacia do Rio Cuiabá;Bacia do Rio Cuiabá;3,0;;Sentinel-2 de 23/08/2026, pixels de 10 m;Landsat de 13/08/2026, pixels de 30 m
510340310420028;Cuiabá;Urbana;Sol Nascente;Coxipó da Ponte;;0,066;598;9045,4;205;2,9;9,5;12,4;49,7;76,9;0,0;99,5;99,0;41,5;10,7;100,0;0,0;2688,9;2001,0;3,3;100,0;88,8;0,2;100,0;100,0;57,7;0,0;24,1;7;0,3;2;3,8;5,7;23;0,185;2,1;39,9;490;3580;460;290;0,8;0,0;0;0,0;6,4;39;16,4;0,0;0;0,0;0,0;2,08;0,0;Plintossolo pétrico;Afluente s/n do Córrego do Moinho;Bacia do Rio Cuiabá;Bacia do Rio Cuiabá;2,3;;Sentinel-2 de 23/08/2026, pixels de 10 m;Landsat de 13/08/2026, pixels de 30 m
510340310420029;Cuiabá;Urbana;Sol Nascente;Coxipó da Ponte;;0,121;962;7925,8;339;2,8;12,5;14,1;52,2;85,9;;98,8;99,4;78,8;4,1;100,0;0,0;1916,9;1500,0;3,0;100,0;63,2;12,5;100,0;98,5;76,1;0,6;24,4;7;0,5;5;9,2;22,1;88;0,162;2,5;40,1;180;3290;390;50;1,0;0,0;0;0,0;0,4;4;0,4;0,0;0;0,0;0,0;2,08;0,0;Plintossolo pétrico;Afluente s/n do Córrego do Moinho;Bacia do Rio Cuiabá;Bacia do Rio Cuiabá;3,1;;Sentinel-2 de 23/08/2026, pixels de 10 m;Landsat de 13/08/2026, pixels de 30 m
510340310420030;Cuiabá;Urbana;Jardim Eldorado;Coxipó da Ponte;;0,159;1004;6304,2;339;3;11,5;10,2;51,9;70,3;0,4;90,0;100,0;60,8;0,0;100,0;0,0;2774,0;1500,0;1,7;91,8;88,3;34,4;99,2;99,2;32,7;0,7;22,1;7;11,8;118;8,9;25,3;89;0,223;13,6;39,6;420;2820;320;170;0,5;0,0;0;0,0;0,0;0;0,0;0,0;0;0,0;0,0;2,08;0,0;Plintossolo pétrico;Afluente s/n do Córrego do Moinho;Bacia do Rio Cuiabá;Bacia do Rio Cuiabá;21,5;;Sentinel-2 de 23/08/2026, pixels de 10 m;Landsat de 13/08/2026, pixels de 30 m
510340310420032;Cuiabá;Urbana;Residencial São Carlos;Coxipó da Ponte;;0,025;405;16446,5;166;2,4;5,2;14,6;55,3;73,1;;94,0;100,0;99,4;0,0;98,8;0,0;2612,7;2000,0;;100,0;6,9;0,0;100,0;100,0;100,0;0,0;29,6;6;0,0;0;0,0;0,0;0;0,239;9,1;39,7;260;2850;290;40;0,6;0,0;0;0,0;0,0;0;0,0;0,0;0;0,0;0,0;2,08;0,0;Plintossolo pétrico;Afluente s/n do Córrego do Moinho;Bacia do Rio Cuiabá;Bacia do Rio Cuiabá;5,6;;Sentinel-2 de 23/08/2026, pixels de 10 m;Landsat de 13/08/2026, pixels de 30 m
510340310420033;Cuiabá;Urbana;Residencial São Carlos;Coxipó da Ponte;;0,019;585;30674,7;262;2,2;9,7;13,2;53,7;75,6;0,0;80,9;100,0;99,6;0,0;100,0;0,0;2453,1;2000,0;1,5;100,0;51,1;0,0;100,0;100,0;48,9;21,2;22,7;7;0,0;0;0,0;0,0;0;0,117;0,0;40,1;170;2950;420;110;1,0;0,0;0;0,0;0,0;0;0,0;0,0;0;0,0;0,0;2,08;0,0;Plintossolo pétrico;Afluente s/n do Córrego do Moinho;Bacia do Rio Cuiabá;Bacia do Rio Cuiabá;0,0;;Sentinel-2 de 23/08/2026, pixels de 10 m;Landsat de 13/08/2026, pixels de 30 m
510340310420034;Cuiabá;Urbana;Residencial São Carlos;Coxipó da Ponte;;0,036;546;15374,2;239;2,3;8,2;11,2;55,9;73,8;0,0;99,6;100,0;100,0;0,0;100,0;0,0;2934,9;2450,0;1,6;100,0;55,1;21,1;100,0;100,0;94,3;21,1;18,2;7;0,0;0;0,0;0,0;0;0,242;16,3;39,5;100;3080;340;80;0,4;0,0;0;0,0;0,0;0;0,0;0,0;0;0,0;0,0;2,08;0,0;Plintossolo pétrico;Afluente s/n do Córrego do Moinho;Bacia do Rio Cuiabá;Bacia do Rio Cuiabá;10,7;;Sentinel-2 de 23/08/2026, pixels de 10 m;Landsat de 13/08/2026, pixels de 30 m
510340310420035;Cuiabá;Urbana;Residencial Santa Inês;Coxipó da Ponte;;0,057;481;8487,3;210;2,3;12,1;11,4;54,7;68,2;;100,0;100,0;100,0;0,0;100,0;0,0;2111,5;1800,0;;100,0;37,4;0,0;100,0;100,0;100,0;0,0;24,5;6;0,0;0;0,0;6,2;0;0,148;3,4;40,3;690;2520;30;150;1,2;0,0;0;0,0;0,0;0;0,0;0,0;0;0,0;0,0;2,08;0,0;Plintossolo pétrico;Afluente s/n do Córrego do Moinho;Bacia do Rio Cuiabá;Bacia do Rio Cuiabá;4,0;;Sentinel-2 de 23/08/2026, pixels de 10 m;Landsat de 13/08/2026, pixels de 30 m
510340310420036;Cuiabá;Urbana;Residencial Santa Inês;Coxipó da Ponte;;0,383;816;2133,0;251;3,3;13,6;14,6;50,6;32,2;0,0;80,1;99,6;97,6;0,0;100,0;0,0;14274,2;10000,0;0,5;97,4;97,4;97,4;100,0;0,0;0,0;0,0;4,7;7;0,0;0;8,5;37,9;69;0,238;7,2;38,7;950;2290;410;340;-0,4;0,0;0;0,0;0,0;0;0,0;0,0;0;0,0;0,0;2,08;0,0;Plintossolo pétrico;Córrego Banguê;Bacia do Rio Cuiabá;Bacia do Rio Cuiabá;33,8;;Sentinel-2 de 23/08/2026, pixels de 10 m;Landsat de 13/08/2026, pixels de 30 m
510340310420037;Cuiabá;Urbana;Residencial Santa Inês;Coxipó da Ponte;;0,015;350;22659,4;148;2,4;12,6;13,7;53,1;71,1;;98,6;98,6;100,0;0,0;98,0;0,0;3319,0;2850,0;;100,0;32,6;0,0;100,0;100,0;70,0;32,6;22,7;6;0,0;0;0,0;0,0;0;0,155;0,0;40,7;850;2350;160;40;1,6;0,0;0;0,0;0,0;0;0,0;0,0;0;0,0;0,0;2,08;0,0;Plintossolo pétrico;Afluente s/n do Córrego do Moinho;Bacia do Rio Cuiabá;Bacia do Rio Cuiabá;0,0;;Sentinel-2 de 23/08/2026, pixels de 10 m;Landsat de 13/08/2026, pixels de 30 m
510340310420038;Cuiabá;Urbana;Residencial Santa Inês;Coxipó da Ponte;;0,014;370;26654,3;185;2;10,8;9,2;55,1;76,8;;99,5;100,0;100,0;0,0;100,0;0,0;2975,8;2500,0;1,3;100,0;0,0;0,0;100,0;100,0;100,0;0,0;25,6;7;0,0;0;0,0;0,0;0;0,131;0,0;40,2;750;2460;90;90;1,1;0,0;0;0,0;0,0;0;0,0;0,0;0;0,0;0,0;2,08;0,0;Plintossolo pétrico;Afluente s/n do Córrego do Moinho;Bacia do Rio Cuiabá;Bacia do Rio Cuiabá;0,0;;Sentinel-2 de 23/08/2026, pixels de 10 m;Landsat de 13/08/2026, pixels de 30 m
510340310420039;Cuiabá;Urbana;Morada dos Nobres;Coxipó da Ponte;;1,122;243;216,6;76;3,2;16,5;18,5;49,4;47,3;0,0;94,7;98,7;71,1;0,0;100,0;0,0;8576,8;5001,0;1,6;97,9;82,7;67,1;100,0;96,3;42,4;0,0;12,6;7;6,9;17;3,1;26,0;8;0,33;30,7;38,1;1060;3070;710;680;-1,0;0,0;0;0,0;5,7;14;11,6;0,0;0;0,0;27,1;2,04;0,0;Plintossolo pétrico;Afluente s/n do Rio Coxipó;Bacia do Rio Cuiabá;Bacia do Rio Cuiabá;1417,5;;Sentinel-2 de 23/08/2026, pixels de 10 m;Landsat de 13/08/2026, pixels de 30 m
510340310420041;Cuiabá;Urbana;Recanto dos Pássaros;Coxipó da Ponte;;0,111;575;5181,3;210;2,7;24,9;10,3;51,0;47,8;;90,5;99,5;99,5;0,0;100,0;0,0;6966,0;5000,0;;100,0;100,0;85,6;100,0;100,0;59,8;19,8;6,9;6;0,0;0;0,0;0,0;0;0,131;0,3;39,7;290;4860;160;130;0,6;0,0;0;0,0;0,0;0;0,0;0,0;0;0,0;0,0;2,08;0,0;Plintossolo pétrico;Córrego do Moinho;Bacia do Rio Cuiabá;Bacia do Rio Cuiabá;0,6;;Sentinel-2 de 23/08/2026, pixels de 10 m;Landsat de 13/08/2026, pixels de 30 m
510340310420042;Cuiabá;Urbana;Jardim Imperial;Coxipó da Ponte;;0,059;218;3674,6;71;3,1;15,6;10,6;54,1;61,9;0,0;100,0;100,0;94,4;0,0;100,0;0,0;4318,9;3500,0;;100,0;99,1;25,2;100,0;100,0;100,0;0,0;9,8;6;26,7;58;51,9;100,0;113;0,313;29,7;38,5;870;5150;380;270;-0,6;0,0;0;0,0;0,0;0;22,9;0,0;0;0,0;0,0;2,08;0,0;Plintossolo pétrico;Córrego do Moinho;Bacia do Rio Cuiabá;Bacia do Rio Cuiabá;80,4;;Sentinel-2 de 23/08/2026, pixels de 10 m;Landsat de 13/08/2026, pixels de 30 m
510340310420043;Cuiabá;Urbana;Jardim Imperial;Coxipó da Ponte;;0,128;618;4832,9;218;2,8;15,2;11,5;50,5;62,6;0,0;100,0;100,0;99,5;0,0;100,0;0,0;3656,6;2500,0;2,4;100,0;75,1;26,9;100,0;100,0;96,4;1,3;14,8;7;21,6;134;37,4;58,3;231;0,247;18,1;39,8;540;5070;190;240;0,7;0,0;0;0,0;17,3;107;17,3;0,0;0;0,0;0,0;2,08;0,0;Plintossolo pétrico;Córrego do Moinho;Bacia do Rio Cuiabá;Bacia do Rio Cuiabá;37,5;;Sentinel-2 de 23/08/2026, pixels de 10 m;Landsat de 13/08/2026, pixels de 30 m
510340310420044;Cuiabá;Urbana;Jardim Imperial;Coxipó da Ponte;;0,074;397;5393,1;126;3,2;11,3;13,1;53,4;62,2;0,0;100,0;100,0;100,0;0,0;100,0;0,0;3792,7;3000,0;1,2;100,0;80,4;29,5;100,0;100,0;98,0;1,5;12,4;7;5,2;21;11,3;46,8;45;0,19;6,4;39,7;500;4780;160;40;0,6;0,0;0;0,0;0,1;1;0,1;0,0;0;0,0;0,0;2,08;0,0;Plintossolo pétrico;Córrego do Moinho;Bacia do Rio Cuiabá;Bacia do Rio Cuiabá;11,9;;Sentinel-2 de 23/08/2026, pixels de 10 m;Landsat de 13/08/2026, pixels de 30 m
510340310420046;Cuiabá;Urbana;Jardim Universitário;Coxipó da Ponte;;0,119;540;4548,4;189;2,9;18,7;11,3;54,3;52,4;;100,0;100,0;97,4;0,0;100,0;0,0;4655,2;3250,0;1,3;97,2;91,5;28,7;97,2;97,2;70,9;0,0;10,4;7;13,6;74;40,4;90,8;218;0,332;27,2;38,6;360;4870;590;220;-0,5;0,0;0;0,0;34,8;188;34,8;0,0;0;0,0;0,0;2,08;0,0;Plintossolo pétrico;Córrego do Moinho;Bacia do Rio Cuiabá;Bacia do Rio Cuiabá;59,9;;Sentinel-2 de 23/08/2026, pixels de 10 m;Landsat de 13/08/2026, pixels de 30 m
510340310420047;Cuiabá;Urbana;Cachoeira das Garças;Coxipó da Ponte;;0,832;106;127,4;44;2,4;9,4;14,2;43,4;71,7;0,0;100,0;100,0;13,6;47,7;100,0;0,0;4005,7;2600,0;;65,1;65,1;41,5;100,0;52,8;63,2;0,0;35,3;6;16,2;17;21,5;39,6;23;0,453;54,1;36,2;900;3620;870;720;-2,9;0,0;0;0,0;69,6;74;100,0;28,3;30;14,6;56,1;1,98;0,0;Plintossolo pétrico;Córrego do Moinho;Bacia do Rio Cuiabá;Bacia do Rio Cuiabá;4246,3;;Sentinel-2 de 23/08/2026, pixels de 10 m;Landsat de 13/08/2026, pixels de 30 m
510340310420048;Cuiabá;Urbana;Boa Esperança;Coxipó da Ponte;;0,13;429;3309,2;166;2,6;24,0;6,5;52,9;35,0;0,0;82,5;99,4;92,2;0,0;100,0;0,0;7426,0;5001,0;1,3;100,0;90,2;42,4;100,0;100,0;69,0;0,2;10,6;7;0,0;0;0,0;0,0;0;0,183;4,1;39,4;1570;1840;180;80;0,3;0,0;0;0,0;0,0;0;0,0;0,0;0;0,0;0,0;2,08;0,0;Plintossolo pétrico;Córrego Seco;Bacia do Rio Cuiabá;Bacia do Rio Cuiabá;12,4;;Sentinel-2 de 23/08/2026, pixels de 10 m;Landsat de 13/08/2026, pixels de 30 m
510340310420049;Cuiabá;Urbana;Boa Esperança;Coxipó da Ponte;;0,185;819;4423,1;315;2,6;18,4;6,7;51,6;46,4;0,0;99,4;100,0;95,6;0,0;99,7;;4930,7;3450,0;0,4;100,0;76,9;30,0;100,0;100,0;61,7;2,0;11,2;7;0,0;0;2,1;7,3;17;0,194;5,4;39,3;1770;2020;200;230;0,2;0,0;0;0,0;0,0;0;0,0;0,0;0;0,0;0,0;2,08;0,0;Plintossolo pétrico;Córrego Seco;Bacia do Rio Cuiabá;Bacia do Rio Cuiabá;12,2;;Sentinel-2 de 23/08/2026, pixels de 10 m;Landsat de 13/08/2026, pixels de 30 m
510340310420050;Cuiabá;Urbana;Boa Esperança;Coxipó da Ponte;;0,077;396;5139,0;203;2;12,4;6,3;50,5;44,7;1,0;61,6;99,5;83,7;0,0;100,0;0,0;5010,9;3000,0;0,0;100,0;66,4;32,6;100,0;100,0;27,3;8,3;19,6;7;0,0;0;0,0;11,5;0;0,19;7,9;39,2;1550;2340;210;110;0,1;0,0;0;0,0;0,0;0;0,0;0,0;0;0,0;0,0;2,08;0,0;Plintossolo pétrico;Afluente s/n do Rio Coxipó;Bacia do Rio Cuiabá;Bacia do Rio Cuiabá;15,4;;Sentinel-2 de 23/08/2026, pixels de 10 m;Landsat de 13/08/2026, pixels de 30 m
510340310420052;Cuiabá;Urbana;Boa Esperança;Coxipó da Ponte;;0,171;368;2150,5;146;2,5;20,1;9,0;47,3;45,7;;99,3;100,0;83,6;0,0;100,0;0,0;5766,0;4000,0;0,9;100,0;92,9;74,7;100,0;100,0;74,5;0,0;10,1;7;0,0;0;0,0;2,3;0;0,369;34,0;38,3;1960;1520;380;300;-0,8;0,0;0;0,0;0,4;1;1,8;0,0;0;0,0;0,0;2,08;0,0;Plintossolo pétrico;Córrego Seco;Bacia do Rio Cuiabá;Bacia do Rio Cuiabá;158,0;;Sentinel-2 de 23/08/2026, pixels de 10 m;Landsat de 13/08/2026, pixels de 30 m
510340310420053;Cuiabá;Urbana;Boa Esperança;Coxipó da Ponte;;0,154;0;0,0;0;0;;;;;;;;;;;;;;;;;;;;;;;0;0,0;0;0,0;3,7;0;0,296;15,0;40,3;1780;1280;420;480;1,2;0,0;0;0,0;0,0;0;0,0;0,0;0;0,0;0,0;2,08;0,0;Plintossolo pétrico;Afluente s/n do Rio Cuiabá;Bacia do Rio Cuiabá;Bacia do Rio Cuiabá;;;Sentinel-2 de 23/08/2026, pixels de 10 m;Landsat de 13/08/2026, pixels de 30 m
510340310420054;Cuiabá;Urbana;Boa Esperança;Coxipó da Ponte;;0,15;422;2816,5;163;2,6;27,5;8,1;50,2;53,1;0,7;98,8;98,8;87,7;1,8;99,4;0,0;5715,9;4500,0;1,1;100,0;79,0;21,7;100,0;100,0;21,0;0,0;12,0;7;0,0;0;0,0;0,0;0;0,135;1,1;40,1;1540;1220;170;220;1,0;0,0;0;0,0;0,0;0;0,0;0,0;0;0,0;0,0;2,08;0,0;Plintossolo pétrico;Afluente s/n do Rio Cuiabá;Bacia do Rio Cuiabá;Bacia do Rio Cuiabá;3,9;;Sentinel-2 de 23/08/2026, pixels de 10 m;Landsat de 13/08/2026, pixels de 30 m
510340310420055;Cuiabá;Urbana;Jardim Shangri-lá;Coxipó da Ponte;;0,118;279;2373,0;101;2,8;23,7;7,5;48,7;35,8;0,0;97,0;100,0;95,0;5,0;100,0;0,0;8511,6;6000,0;0,0;100,0;88,9;52,3;96,8;100,0;90,3;0,0;5,9;7;0,0;0;0,0;15,0;0;0,221;7,9;39,1;1290;730;360;130;0,0;0,0;0;0,0;0,8;2;0,8;0,0;0;0,0;0,0;2,08;0,0;Plintossolo pétrico;Afluente s/n do Rio Cuiabá;Bacia do Rio Cuiabá;Bacia do Rio Cuiabá;33,4;;Sentinel-2 de 23/08/2026, pixels de 10 m;Landsat de 13/08/2026, pixels de 30 m
510340310420056;Cuiabá;Urbana;Bela Marina;Coxipó da Ponte;;1,106;2078;1878,4;887;2,3;5,0;13,1;53,7;64,2;0,2;89,3;99,5;85,2;5,0;99,8;0,6;4465,2;3500,0;0,9;99,2;13,9;1,6;99,2;99,2;92,7;80,3;24,6;7;15,3;317;11,4;29,0;236;0,513;64,6;36,3;1770;1410;710;90;-2,8;42,5;883;15,4;65,3;1358;83,3;69,1;1437;46,7;52,0;2,03;14,4;Plintossolo pétrico;Córrego São Gonçalo;Bacia do Rio Cuiabá;Bacia do Rio Cuiabá;343,8;;Sentinel-2 de 23/08/2026, pixels de 10 m;Landsat de 13/08/2026, pixels de 30 m
510340310420057;Cuiabá;Urbana;Praeirinho;Coxipó da Ponte;Região do Praeirinho;0,066;895;13524,0;287;3,1;11,8;18,2;51,3;85,0;0,0;99,0;94,4;82,9;13,6;99,0;;1770,3;1212,0;8,4;100,0;53,7;0,0;93,0;95,8;85,0;0,0;31,7;7;0,2;1;40,7;74,6;364;0,191;2,9;41,7;1240;1170;240;450;2,6;93,2;834;0,0;45,0;403;45,0;94,4;845;1,5;0,0;2,3;100,0;Neossolo flúvico;Córrego São Gonçalo;Bacia do Rio Cuiabá;Bacia do Rio Cuiabá;2,1;;Sentinel-2 de 23/08/2026, pixels de 10 m;Landsat de 13/08/2026, pixels de 30 m
510340310420058;Cuiabá;Urbana;Praeirinho;Coxipó da Ponte;Região do Praeirinho;0,082;517;6303,2;178;2,9;14,5;15,5;50,9;81,6;0,0;97,2;98,3;62,9;37,1;100,0;;2007,6;1500,0;7,6;100,0;60,2;36,9;83,8;100,0;67,3;0,0;32,0;7;31,9;165;39,8;84,7;206;0,349;32,7;38,0;1080;1060;290;370;-1,1;89,8;464;8,2;89,2;461;89,2;80,6;417;25,7;0,0;2,27;89,4;Neossolo flúvico;Afluente s/n do Rio Cuiabá;Bacia do Rio Cuiabá;Bacia do Rio Cuiabá;51,9;;Sentinel-2 de 23/08/2026, pixels de 10 m;Landsat de 13/08/2026, pixels de 30 m
510340310420059;Cuiabá;Urbana;Praeiro;Coxipó da Ponte;;0,112;557;4978,5;180;3,1;17,6;11,3;49,4;71,6;0,7;99,4;100,0;100,0;0,0;100,0;;2611,7;2000,0;3,2;100,0;56,6;5,0;87,8;94,1;82,2;0,0;20,5;7;0,0;0;24,8;42,5;138;0,165;4,9;39,8;930;750;70;10;0,7;31,9;177;0,0;26,1;145;26,1;34,0;189;0,0;0,0;2,08;0,0;Plintossolo pétrico;Afluente s/n do Rio Cuiabá;Bacia do Rio Cuiabá;Bacia do Rio Cuiabá;9,9;;Sentinel-2 de 23/08/2026, pixels de 10 m;Landsat de 13/08/2026, pixels de 30 m
510340310420060;Cuiabá;Urbana;Jardim Califórnia;Coxipó da Ponte;;0,425;745;1752,7;232;3;27,7;9,3;51,4;41,1;0,0;97,4;100,0;92,2;1,3;99,6;0,0;7998,2;6000,0;0,6;100,0;84,8;54,5;96,0;100,0;65,9;0,0;8,0;7;2,2;16;32,9;45,3;245;0,237;10,7;39,0;830;280;690;280;-0,1;1,8;13;0,0;22,0;164;22,0;2,8;21;0,0;0,0;2,08;0,0;Plintossolo pétrico;Afluente s/n do Rio Cuiabá;Bacia do Rio Cuiabá;Bacia do Rio Cuiabá;61,0;;Sentinel-2 de 23/08/2026, pixels de 10 m;Landsat de 13/08/2026, pixels de 30 m
510340310420061;Cuiabá;Urbana;Jardim Petrópolis;Coxipó da Ponte;;0,221;848;3840,7;344;2,5;18,3;8,1;54,2;49,5;0,0;89,8;100,0;95,6;2,3;100,0;0,0;7853,3;5001,0;;100,0;95,5;52,8;77,4;100,0;77,1;0,0;7,6;6;7,8;66;15,4;97,1;130;0,145;4,0;39,5;730;440;570;250;0,4;0,0;0;0,0;15,1;128;15,1;0,0;0;0,0;0,0;2,08;0,0;Plintossolo pétrico;Afluente s/n do Rio Cuiabá;Bacia do Rio Cuiabá;Bacia do Rio Cuiabá;10,4;;Sentinel-2 de 23/08/2026, pixels de 10 m;Landsat de 13/08/2026, pixels de 30 m
510340310420062;Cuiabá;Urbana;Alto da Serra I;Coxipó da Ponte;;0,183;906;4943,5;304;3;9,6;17,8;50,1;84,9;0,3;99,0;99,0;9,9;5,3;96,7;;2096,0;1212,0;8,4;93,6;79,2;25,1;100,0;88,0;77,9;0,0;38,7;7;4,8;44;8,7;15,7;79;0,305;22,1;39,2;750;3660;600;380;0,1;0,0;0;0,0;32,0;290;32,0;0,0;0;0,0;13,1;2,06;0,0;Plintossolo pétrico;Córrego Carumbé;Bacia do Rio Cuiabá;Bacia do Rio Cuiabá;44,6;;Sentinel-2 de 23/08/2026, pixels de 10 m;Landsat de 13/08/2026, pixels de 30 m
510340310420063;Cuiabá;Urbana;;Coxipó da Ponte;;0,232;742;3196,3;277;2,7;10,0;18,2;46,9;90,7;0,0;100,0;100,0;1,4;1,8;100,0;0,0;1735,1;1600,0;5,9;97,2;59,8;11,9;99,5;96,8;86,3;2,3;39,9;7;11,4;84;13,8;28,4;102;0,249;13,3;39,6;1000;2730;960;890;0,5;0,0;0;0,0;17,8;132;17,8;0,0;0;0,0;0,0;2,08;0,0;Plintossolo pétrico;Afluente s/n do Córrego Vassoura;Bacia do Rio Cuiabá;Bacia do Rio Cuiabá;41,6;;Sentinel-2 de 23/08/2026, pixels de 10 m;Landsat de 13/08/2026, pixels de 30 m
510340310420064;Cuiabá;Urbana;Jardim Itália;Coxipó da Ponte;;0,085;790;9340,6;281;2,8;9,1;11,8;50,1;75,2;0,0;97,2;99,3;80,1;0,0;99,6;0,0;3574,0;2000,0;3,3;100,0;50,9;10,3;100,0;99,6;50,6;1,1;22,7;7;0,0;0;0,0;0,0;0;0,137;0,5;39,7;640;2350;500;330;0,6;0,0;0;0,0;0,0;0;0,0;0,0;0;0,0;0,0;2,08;0,0;Plintossolo pétrico;Afluente s/n do Rio Cuiabá;Bacia do Rio Cuiabá;Bacia do Rio Cuiabá;0,5;;Sentinel-2 de 23/08/2026, pixels de 10 m;Landsat de 13/08/2026, pixels de 30 m
510340310420066;Cuiabá;Urbana;Bela Vista;Coxipó da Ponte;;0,089;926;10444,6;337;2,7;14,8;12,1;51,0;77,6;0,0;99,4;99,7;91,4;5,0;100,0;;2151,9;1500,0;6,1;97,2;71,2;22,0;100,0;100,0;84,2;5,1;24,4;7;16,8;156;4,7;12,1;43;0,182;1,7;40,0;660;1770;210;260;0,9;0,0;0;0,0;0,0;0;16,4;0,0;0;0,0;0,0;2,08;0,0;Plintossolo pétrico;Córrego Bela Vista;Bacia do Rio Cuiabá;Bacia do Rio Cuiabá;1,6;;Sentinel-2 de 23/08/2026, pixels de 10 m;Landsat de 13/08/2026, pixels de 30 m
510340310420067;Cuiabá;Urbana;Novo Mato Grosso;Coxipó da Ponte;;0,065;435;6733,1;144;3;12,2;15,2;51,5;76,6;1,4;99,3;100,0;97,9;0,0;100,0;;3629,3;2500,0;4,8;100,0;37,9;3,4;98,6;100,0;71,7;14,5;23,1;7;9,3;41;18,9;39,2;82;0,228;11,6;39,8;370;2810;150;50;0,7;0,0;0;0,0;9,0;39;9,0;0,0;0;0,0;0,0;2,08;0,0;Plintossolo pétrico;Afluente s/n do Córrego Vassoura;Bacia do Rio Cuiabá;Bacia do Rio Cuiabá;17,3;;Sentinel-2 de 23/08/2026, pixels de 10 m;Landsat de 13/08/2026, pixels de 30 m
510340310420068;Cuiabá;Urbana;Planalto;Coxipó da Ponte;;0,092;643;6971,9;214;3;9,2;21,0;51,5;82,6;;96,3;87,4;62,6;31,8;100,0;7,9;1896,4;1500,0;8,1;32,8;91,0;34,1;63,5;32,8;17,3;0,8;38,3;7;11,9;77;56,1;72,9;361;0,318;24,1;39,3;610;3550;220;130;0,2;0,0;0;0,0;32,4;209;32,4;0,0;0;0,0;11,2;2,06;0,0;Plintossolo pétrico;Córrego Carumbé;Bacia do Rio Cuiabá;Bacia do Rio Cuiabá;34,5;;Sentinel-2 de 23/08/2026, pixels de 10 m;Landsat de 13/08/2026, pixels de 30 m
510340310420069;Cuiabá;Urbana;Planalto;Coxipó da Ponte;;0,084;462;5508,9;141;3,3;16,0;13,9;49,6;74,9;0,0;99,3;100,0;91,5;0,0;100,0;0,0;2209,6;1800,0;5,2;100,0;98,7;43,1;99,4;100,0;98,7;0,6;18,8;7;0,0;0;0,0;0,8;0;0,163;4,4;40,3;140;3110;260;180;1,2;0,0;0;0,0;0,0;0;0,0;0,0;0;0,0;0,0;2,08;0,0;Plintossolo pétrico;Afluente s/n do Córrego Vassoura;Bacia do Rio Cuiabá;Bacia do Rio Cuiabá;8,0;;Sentinel-2 de 23/08/2026, pixels de 10 m;Landsat de 13/08/2026, pixels de 30 m
510340310420070;Cuiabá;Urbana;Residencial Itamaraty;Coxipó da Ponte;;0,34;1014;2980,8;324;3,1;9,9;16,3;50,1;83,2;0,0;99,4;99,1;9,6;0,0;99,4;0,0;2179,2;2000,0;4,5;100,0;67,6;14,2;99,6;100,0;57,0;3,8;34,5;7;5,4;54;12,6;31,2;128;0,426;52,1;38,1;770;3920;340;250;-1,0;0,0;0;0,0;46,1;468;46,3;0,0;0;0,0;49,2;1,98;0,0;Plintossolo pétrico;Córrego Carumbé;Bacia do Rio Cuiabá;Bacia do Rio Cuiabá;174,7;;Sentinel-2 de 23/08/2026, pixels de 10 m;Landsat de 13/08/2026, pixels de 30 m
510340310420071;Cuiabá;Urbana;Jardim Eldorado;Coxipó da Ponte;;0,118;725;6138,7;243;3;7,0;19,6;51,2;83,4;;97,5;98,4;39,5;9,5;100,0;0,0;1812,5;1300,0;4,3;82,3;84,1;28,0;98,3;76,3;41,9;0,0;31,5;7;0,2;1;0,0;5,9;0;0,265;11,7;40,2;120;3090;140;370;1,1;0,0;0;0,0;0,3;2;7,3;0,0;0;0,0;0,0;2,08;0,0;Plintossolo pétrico;Afluente s/n do Córrego do Moinho;Bacia do Rio Cuiabá;Bacia do Rio Cuiabá;19,0;;Sentinel-2 de 23/08/2026, pixels de 10 m;Landsat de 13/08/2026, pixels de 30 m
510340310420072;Cuiabá;Urbana;Santa Cruz;Coxipó da Ponte;;0,546;876;1603,5;328;2,7;15,8;10,4;52,6;46,5;1,0;98,8;99,7;62,8;4,9;99,4;0,0;5674,7;4000,0;0,5;95,8;92,6;49,5;100,0;96,5;49,9;0,0;13,5;7;19,9;175;11,9;41,8;104;0,35;34,3;37,1;1610;2950;430;460;-2,0;0,0;0;0,0;37,8;331;42,2;2,6;23;1,4;26,5;2,03;0,0;Plintossolo pétrico;Afluente s/n do Rio Coxipó;Bacia do Rio Cuiabá;Bacia do Rio Cuiabá;213,8;;Sentinel-2 de 23/08/2026, pixels de 10 m;Landsat de 13/08/2026, pixels de 30 m
510340310420073;Cuiabá;Urbana;Recanto dos Pássaros;Coxipó da Ponte;;0,172;578;3368,6;262;2,2;14,9;10,7;53,3;52,8;0,9;79,8;100,0;88,9;0,0;100,0;0,0;6556,9;4100,0;1,8;100,0;88,4;57,4;100,0;100,0;83,2;12,6;13,1;7;8,3;48;4,2;38,8;25;0,235;13,9;38,4;160;4380;330;70;-0,7;0,0;0;0,0;7,0;40;14,9;0,0;0;0,0;8,5;2,07;0,0;Plintossolo pétrico;Córrego do Moinho;Bacia do Rio Cuiabá;Bacia do Rio Cuiabá;41,4;;Sentinel-2 de 23/08/2026, pixels de 10 m;Landsat de 13/08/2026, pixels de 30 m
510340310420074;Cuiabá;Urbana;Jardim Imperial;Coxipó da Ponte;;0,076;419;5485,6;149;2,8;13,4;8,4;56,3;59,2;0,7;100,0;99,3;97,3;0,0;100,0;0,0;4919,9;3000,0;1,6;100,0;93,8;42,7;100,0;100,0;99,8;0,0;9,6;7;0,0;0;0,0;0,0;0;0,141;1,3;39,8;480;5150;140;90;0,7;0,0;0;0,0;0,0;0;0,0;0,0;0;0,0;0,0;2,08;0,0;Plintossolo pétrico;Córrego do Moinho;Bacia do Rio Cuiabá;Bacia do Rio Cuiabá;2,4;;Sentinel-2 de 23/08/2026, pixels de 10 m;Landsat de 13/08/2026, pixels de 30 m
510340310420075;Cuiabá;Urbana;Jardim Imperial;Coxipó da Ponte;;0,233;758;3256,3;255;3;9,1;14,1;49,6;73,0;;100,0;100,0;84,7;1,2;100,0;0,0;3034,5;2000,0;1,9;89,6;64,5;10,4;99,2;42,7;69,4;1,3;20,5;7;10,9;82;9,1;62,6;69;0,329;25,3;38,0;390;4140;980;600;-1,1;0,0;0;0,0;56,0;424;56,0;1,8;14;1,5;31,5;2,02;0,0;Plintossolo pétrico;Córrego Tijucal;Bacia do Rio Cuiabá;Bacia do Rio Cuiabá;77,8;;Sentinel-2 de 23/08/2026, pixels de 10 m;Landsat de 13/08/2026, pixels de 30 m
510340310420076;Cuiabá;Urbana;Jardim Universitário;Coxipó da Ponte;;0,131;454;3476,3;164;2,8;21,4;8,8;55,7;55,5;;100,0;100,0;99,4;0,0;100,0;0,0;5167,3;4000,0;0,8;94,3;97,6;37,7;96,3;100,0;73,8;0,0;8,4;7;5,2;24;8,2;17,7;37;0,236;14,4;39,3;310;4970;370;90;0,2;0,0;0;0,0;12,2;55;12,2;0,0;0;0,0;0,0;2,08;0,0;Plintossolo pétrico;Córrego do Moinho;Bacia do Rio Cuiabá;Bacia do Rio Cuiabá;41,6;;Sentinel-2 de 23/08/2026, pixels de 10 m;Landsat de 13/08/2026, pixels de 30 m
510340310420077;Cuiabá;Urbana;Boa Esperança;Coxipó da Ponte;;0,192;600;3132,1;229;2,6;24,3;10,2;53,5;44,5;0,8;96,9;100,0;77,3;3,5;99,6;;7699,6;5000,0;0,6;100,0;81,3;45,8;100,0;100,0;40,3;0,0;10,9;7;16,8;101;13,6;60,1;82;0,311;24,0;38,2;1740;2550;440;240;-0,9;0,0;0;0,0;30,4;183;30,4;6,6;40;2,3;25,1;2,03;0,0;Plintossolo pétrico;Afluente s/n do Rio Coxipó;Bacia do Rio Cuiabá;Bacia do Rio Cuiabá;76,8;;Sentinel-2 de 23/08/2026, pixels de 10 m;Landsat de 13/08/2026, pixels de 30 m
510340310420078;Cuiabá;Urbana;Boa Esperança;Coxipó da Ponte;;0,154;514;3341,0;232;2,2;11,5;9,3;51,9;53,9;0,8;100,0;100,0;98,3;0,0;100,0;0,0;4610,1;3150,0;0,9;100,0;81,7;30,4;100,0;100,0;74,1;0,0;10,9;7;0,0;0;0,0;32,1;0;0,271;18,8;39,6;1710;1300;370;310;0,5;0,0;0;0,0;0,0;0;0,0;0,0;0;0,0;0,0;2,08;0,0;Plintossolo pétrico;Afluente s/n do Rio Cuiabá;Bacia do Rio Cuiabá;Bacia do Rio Cuiabá;56,3;;Sentinel-2 de 23/08/2026, pixels de 10 m;Landsat de 13/08/2026, pixels de 30 m
510340310420079;Cuiabá;Urbana;Jardim Shangri-lá;Coxipó da Ponte;;0,469;855;1824,4;301;2,8;19,8;8,7;51,7;35,1;;97,3;100,0;89,4;1,3;100,0;0,0;8868,5;7000,0;0,4;100,0;84,4;66,8;100,0;100,0;65,4;0,0;7,5;7;4,2;36;0,2;6,7;2;0,217;10,4;39,5;1690;1130;340;120;0,4;0,0;0;0,0;3,1;26;8,0;0,0;0;0,0;1,3;2,08;0,0;Plintossolo pétrico;Córrego São Gonçalo;Bacia do Rio Cuiabá;Bacia do Rio Cuiabá;57,0;;Sentinel-2 de 23/08/2026, pixels de 10 m;Landsat de 13/08/2026, pixels de 30 m
510340310420080;Cuiabá;Urbana;Praeiro;Coxipó da Ponte;;0,074;477;6456,4;167;2,9;19,9;11,1;54,7;82,4;0,0;100,0;100,0;100,0;0,0;100,0;0,0;2540,3;1750,0;4,3;100,0;77,4;14,0;100,0;100,0;81,8;2,1;18,7;7;0,0;0;6,0;30,0;29;0,171;2,8;39,7;800;550;230;190;0,6;16,0;76;0,0;15,6;74;15,6;15,7;75;0,0;0,0;2,08;0,0;Plintossolo pétrico;Afluente s/n do Rio Cuiabá;Bacia do Rio Cuiabá;Bacia do Rio Cuiabá;4,3;;Sentinel-2 de 23/08/2026, pixels de 10 m;Landsat de 13/08/2026, pixels de 30 m
510340310420081;Cuiabá;Urbana;Jardim Califórnia;Coxipó da Ponte;;0,205;700;3409,4;259;2,7;16,7;9,7;51,4;41,7;;97,3;99,2;91,1;0,0;100,0;0,0;6865,2;4300,0;0,5;99,3;84,6;49,1;97,1;99,3;90,3;0,0;9,1;7;0,0;0;0,0;0,0;0;0,171;3,7;39,2;1200;790;410;190;0,1;0,0;0;0,0;0,0;0;0,0;0,0;0;0,0;0,0;2,08;0,0;Plintossolo pétrico;Córrego São Gonçalo;Bacia do Rio Cuiabá;Bacia do Rio Cuiabá;10,8;;Sentinel-2 de 23/08/2026, pixels de 10 m;Landsat de 13/08/2026, pixels de 30 m
510340310420082;Cuiabá;Urbana;Jardim Petrópolis;Coxipó da Ponte;;0,194;313;1610,4;123;2,5;18,5;9,9;50,8;45,0;0,0;91,9;100,0;98,4;0,0;100,0;0,0;8044,1;6000,0;;100,0;92,7;12,8;100,0;100,0;99,4;0,0;7,0;6;14,5;45;18,5;66,7;58;0,132;2,3;40,0;1240;730;500;410;0,9;0,0;0;0,0;9,7;30;9,7;0,0;0;0,0;0,0;2,08;0,0;Plintossolo pétrico;Afluente s/n do Rio Cuiabá;Bacia do Rio Cuiabá;Bacia do Rio Cuiabá;14,3;;Sentinel-2 de 23/08/2026, pixels de 10 m;Landsat de 13/08/2026, pixels de 30 m
510340310420083;Cuiabá;Urbana;Alto da Serra I;Coxipó da Ponte;;0,139;839;6052,9;255;3,3;9,4;17,4;49,5;80,9;;98,8;96,5;7,1;11,0;100,0;1,6;2120,8;1500,0;7,9;100,0;51,6;2,5;100,0;100,0;99,0;0,2;41,0;7;9,3;78;10,5;21,7;88;0,241;8,2;39,7;570;3410;360;370;0,6;0,0;0;0,0;23,1;194;23,1;0,0;0;0,0;0,0;2,08;0,0;Plintossolo pétrico;Córrego Guimitá;Bacia do Rio Cuiabá;Bacia do Rio Cuiabá;13,6;;Sentinel-2 de 23/08/2026, pixels de 10 m;Landsat de 13/08/2026, pixels de 30 m
510340310420084;Cuiabá;Urbana;Dr. Fábio Leite I;Coxipó da Ponte;;0,069;494;7117,0;159;3,1;5,7;20,6;52,6;81,0;0,0;96,9;96,2;13,8;32,7;99,4;;2007,8;1600,0;5,2;88,7;47,0;13,2;99,4;83,6;19,4;1,8;40,1;7;26,8;133;32,3;69,2;160;0,249;10,2;39,9;120;3000;540;700;0,8;0,0;0;0,0;51,1;252;51,1;0,0;0;0,0;0,0;2,08;0,0;Plintossolo pétrico;Córrego Guimitá;Bacia do Rio Cuiabá;Bacia do Rio Cuiabá;14,2;;Sentinel-2 de 23/08/2026, pixels de 10 m;Landsat de 13/08/2026, pixels de 30 m
510340310420085;Cuiabá;Urbana;Dr. Fábio Leite I;Coxipó da Ponte;;0,055;292;5352,4;98;3;8,2;14,0;45,5;83,9;0,0;99,0;99,0;10,2;16,3;100,0;0,0;1991,2;1500,0;9,0;97,3;60,3;0,0;100,0;97,3;52,7;0,0;41,2;7;51,6;151;44,6;92,9;130;0,309;27,8;38,7;310;2830;500;640;-0,4;0,0;0;0,0;69,5;203;69,5;0,0;0;0,0;0,0;2,08;0,0;Plintossolo pétrico;Córrego Guimitá;Bacia do Rio Cuiabá;Bacia do Rio Cuiabá;52,4;;Sentinel-2 de 23/08/2026, pixels de 10 m;Landsat de 13/08/2026, pixels de 30 m
510340310420086;Cuiabá;Urbana;Dr. Fábio Leite I;Coxipó da Ponte;;0,098;678;6892,2;217;3,1;9,6;12,5;50,4;70,9;1,0;97,2;98,2;6,9;0,0;99,1;0,0;1209,6;1212,0;1,3;99,3;40,6;2,4;100,0;100,0;66,8;2,2;38,3;7;1,3;9;21,5;45,2;146;0,196;5,2;39,9;680;2570;910;750;0,8;0,0;0;0,0;30,1;204;30,1;0,0;0;0,0;0,0;2,08;0,0;Plintossolo pétrico;Afluente s/n do Córrego Vassoura;Bacia do Rio Cuiabá;Bacia do Rio Cuiabá;7,5;;Sentinel-2 de 23/08/2026, pixels de 10 m;Landsat de 13/08/2026, pixels de 30 m
510340310420087;Cuiabá;Urbana;Dr. Fábio Leite I;Coxipó da Ponte;;0,187;687;3681,5;286;2,4;11,8;17,0;49,1;91,3;0,0;97,6;98,3;7,3;4,2;99,7;0,0;1889,0;1600,0;6,0;97,2;62,4;17,7;100,0;97,8;68,1;1,5;38,7;7;0,2;2;0,0;14,4;0;0,195;4,1;40,3;680;2930;1300;390;1,2;0,0;0;0,0;0,0;0;0,0;0,0;0;0,0;0,0;2,08;0,0;Plintossolo pétrico;Córrego Guimitá;Bacia do Rio Cuiabá;Bacia do Rio Cuiabá;11,2;;Sentinel-2 de 23/08/2026, pixels de 10 m;Landsat de 13/08/2026, pixels de 30 m
510340310420088;Cuiabá;Urbana;Alto da Serra I;Coxipó da Ponte;;0,141;671;4762,6;225;3;9,1;17,6;47,1;78,7;0,9;97,8;98,2;12,9;0,0;100,0;;1653,5;600,0;2,8;99,3;47,2;8,3;100,0;99,3;70,6;0,0;37,1;7;11,0;74;4,7;42,5;32;0,282;16,2;39,3;160;3360;1110;360;0,2;0,0;0;0,0;0,0;0;12,6;0,0;0;0,0;0,0;2,08;0,0;Plintossolo pétrico;Córrego Guimitá;Bacia do Rio Cuiabá;Bacia do Rio Cuiabá;34,0;;Sentinel-2 de 23/08/2026, pixels de 10 m;Landsat de 13/08/2026, pixels de 30 m
510340310420089;Cuiabá;Urbana;Alto da Serra I;Coxipó da Ponte;;0,16;692;4334,4;224;3,1;8,8;17,3;49,6;85,0;0,0;100,0;99,6;1,8;95,5;100,0;0,0;2222,6;2000,0;7,3;100,0;69,2;31,1;100,0;93,6;94,7;11,0;38,0;7;0,0;0;0,0;1,9;0;0,213;4,6;40,2;570;3680;870;880;1,1;0,0;0;0,0;0,0;0;5,3;0,0;0;0,0;0,0;2,08;0,0;Plintossolo pétrico;Córrego Guimitá;Bacia do Rio Cuiabá;Bacia do Rio Cuiabá;10,6;;Sentinel-2 de 23/08/2026, pixels de 10 m;Landsat de 13/08/2026, pixels de 30 m
510340310420090;Cuiabá;Urbana;;Coxipó da Ponte;;0,197;1014;5138,1;340;3;10,1;15,6;51,6;80,8;;97,9;96,5;2,1;26,2;98,5;;2025,8;1500,0;9,9;98,6;43,4;4,7;100,0;99,0;88,2;5,9;46,0;7;0,0;0;0,0;0,0;0;0,22;4,7;39,6;640;3220;1070;310;0,5;0,0;0;0,0;0,0;0;0,0;0,0;0;0,0;0,0;2,08;0,0;Plintossolo pétrico;Córrego Guimitá;Bacia do Rio Cuiabá;Bacia do Rio Cuiabá;9,1;;Sentinel-2 de 23/08/2026, pixels de 10 m;Landsat de 13/08/2026, pixels de 30 m
510340310420091;Cuiabá;Urbana;Jardim Itália;Coxipó da Ponte;;0,479;626;1306,5;218;2,9;17,9;11,3;50,8;36,9;;95,4;100,0;53,7;0,0;100,0;0,0;11233,9;8000,0;0,0;100,0;98,6;46,0;100,0;100,0;97,1;49,8;8,9;7;19,2;120;37,3;65,6;233;0,283;22,7;38,0;1140;2510;450;340;-1,1;0,0;0;0,0;3,5;22;23,3;0,0;0;0,0;14,6;2,05;0,0;Plintossolo pétrico;Afluente s/n do Rio Coxipó;Bacia do Rio Cuiabá;Bacia do Rio Cuiabá;173,7;;Sentinel-2 de 23/08/2026, pixels de 10 m;Landsat de 13/08/2026, pixels de 30 m
510340310420092;Cuiabá;Urbana;Campo Verde;Coxipó da Ponte;;0,109;745;6853,7;234;3,2;12,8;13,7;49,8;82,4;0,0;98,7;97,0;73,1;13,2;99,1;;1865,5;1300,0;8,3;61,9;55,6;10,7;100,0;59,6;33,6;0,7;37,8;7;25,8;192;8,2;29,1;61;0,269;14,7;38,5;1110;1280;610;450;-0,6;0,0;0;0,0;0,0;0;23,4;0,0;0;0,0;0,0;2,08;0,0;Plintossolo pétrico;Córrego Campo Verde da Esperança;Bacia do Rio Cuiabá;Bacia do Rio Cuiabá;21,5;;Sentinel-2 de 23/08/2026, pixels de 10 m;Landsat de 13/08/2026, pixels de 30 m
510340310420093;Cuiabá;Urbana;Bela Vista;Coxipó da Ponte;;0,035;273;7744,6;87;3,1;17,9;17,6;51,6;76,2;0,0;100,0;100,0;95,4;0,0;96,6;0,0;2534,8;1550,0;6,7;98,9;91,5;20,2;94,9;98,9;98,2;0,0;20,8;7;10,8;30;13,5;25,0;37;0,224;8,6;39,0;810;1510;250;280;-0,1;0,0;0;0,0;18,0;49;29,9;0,0;0;0,0;0,0;2,08;0,0;Plintossolo pétrico;Córrego Bela Vista;Bacia do Rio Cuiabá;Bacia do Rio Cuiabá;11,0;;Sentinel-2 de 23/08/2026, pixels de 10 m;Landsat de 13/08/2026, pixels de 30 m
510340310420094;Cuiabá;Urbana;Bela Vista;Coxipó da Ponte;;0,069;597;8604,4;205;2,9;16,9;10,7;52,3;74,0;;99,5;98,5;94,1;4,4;100,0;;3802,2;2900,0;4,9;100,0;62,3;25,0;100,0;100,0;86,4;3,0;19,9;7;0,0;0;0,0;0,0;0;0,142;1,9;40,7;740;2020;300;110;1,6;0,0;0;0,0;0,0;0;0,0;0,0;0;0,0;0,0;2,08;0,0;Plintossolo pétrico;Córrego Bela Vista;Bacia do Rio Cuiabá;Bacia do Rio Cuiabá;2,2;;Sentinel-2 de 23/08/2026, pixels de 10 m;Landsat de 13/08/2026, pixels de 30 m
510340310420095;Cuiabá;Urbana;Carumbé;Coxipó da Ponte;;0,06;444;7393,0;165;2,7;23,2;11,3;53,6;67,6;;94,5;99,4;80,0;10,9;100,0;;3218,6;2100,0;5,1;100,0;55,6;0,7;100,0;100,0;95,7;0,0;24,9;7;1,8;8;0,0;0,0;0;0,133;0,7;40,0;1340;1800;60;430;0,9;0,0;0;0,0;0,0;0;0,0;0,0;0;0,0;0,0;2,08;0,0;Plintossolo pétrico;Córrego Campo Verde da Esperança;Bacia do Rio Cuiabá;Bacia do Rio Cuiabá;0,9;;Sentinel-2 de 23/08/2026, pixels de 10 m;Landsat de 13/08/2026, pixels de 30 m
510340310420097;Cuiabá;Urbana;Novo Horizonte;Coxipó da Ponte;;0,031;103;3337,0;47;2,2;10,7;16,5;45,6;71,8;0,0;100,0;100,0;85,1;10,6;100,0;0,0;3336,0;2424,0;;16,5;44,7;0,0;100,0;25,2;16,5;0,0;36,3;6;37,0;38;60,5;97,7;62;0,323;27,8;39,4;410;2860;330;490;0,3;0,0;0;0,0;82,9;85;82,9;0,0;0;0,0;0,0;2,08;0,0;Plintossolo pétrico;Córrego Guimitá;Bacia do Rio Cuiabá;Bacia do Rio Cuiabá;83,7;;Sentinel-2 de 23/08/2026, pixels de 10 m;Landsat de 13/08/2026, pixels de 30 m
510340310420098;Cuiabá;Urbana;Planalto;Coxipó da Ponte;;0,053;464;8786,2;158;2,9;17,2;12,7;51,3;81,9;;99,4;100,0;96,2;1,9;100,0;0,0;2360,1;1500,0;4,0;100,0;82,1;22,0;100,0;100,0;85,8;15,9;18,8;7;0,0;0;0,0;0,0;0;0,238;12,0;40,2;400;3390;320;220;1,1;0,0;0;0,0;0,0;0;0,0;0,0;0;0,0;0,0;2,08;0,0;Plintossolo pétrico;Afluente s/n do Córrego do Moinho;Bacia do Rio Cuiabá;Bacia do Rio Cuiabá;13,7;;Sentinel-2 de 23/08/2026, pixels de 10 m;Landsat de 13/08/2026, pixels de 30 m
510340310420099;Cuiabá;Urbana;Residencial Itamaraty;Coxipó da Ponte;;0,092;654;7118,3;219;3;8,7;13,3;49,2;72,8;;97,7;99,5;12,3;36,1;100,0;0,0;2880,4;2000,0;2,1;100,0;78,8;17,8;100,0;100,0;31,1;3,8;28,2;7;0,0;0;0,0;0,0;0;0,149;1,1;40,3;330;3490;120;170;1,2;0,0;0;0,0;0,0;0;0,0;0,0;0;0,0;0,0;2,08;0,0;Plintossolo pétrico;Córrego Carumbé;Bacia do Rio Cuiabá;Bacia do Rio Cuiabá;1,5;;Sentinel-2 de 23/08/2026, pixels de 10 m;Landsat de 13/08/2026, pixels de 30 m
510340310420100;Cuiabá;Urbana;Sol Nascente;Coxipó da Ponte;;0,034;207;6075,5;77;2,7;17,9;12,1;53,1;82,1;0,0;96,1;96,1;96,1;0,0;100,0;0,0;2122,2;1400,0;7,0;100,0;76,8;64,3;100,0;100,0;94,2;0,0;24,0;7;0,0;0;0,0;0,0;0;0,177;3,9;40,2;460;3440;330;160;1,1;0,0;0;0,0;0,0;0;1,1;0,0;0;0,0;0,0;2,08;0,0;Plintossolo pétrico;Afluente s/n do Córrego do Moinho;Bacia do Rio Cuiabá;Bacia do Rio Cuiabá;6,4;;Sentinel-2 de 23/08/2026, pixels de 10 m;Landsat de 13/08/2026, pixels de 30 m
510340310420102;Cuiabá;Urbana;Jardim Imperial;Coxipó da Ponte;;0,03;184;6117,2;63;2,9;15,8;8,7;51,6;53,3;0,0;100,0;100,0;90,5;0,0;100,0;0,0;4486,0;3005,0;0,0;100,0;100,0;0,0;100,0;100,0;100,0;0,0;8,6;7;4,5;8;34,2;81,6;63;0,146;1,0;39,3;700;5210;320;170;0,2;0,0;0;0,0;0,0;0;0,0;0,0;0;0,0;0,0;2,08;0,0;Plintossolo pétrico;Córrego do Moinho;Bacia do Rio Cuiabá;Bacia do Rio Cuiabá;1,6;;Sentinel-2 de 23/08/2026, pixels de 10 m;Landsat de 13/08/2026, pixels de 30 m
510340310420103;Cuiabá;Urbana;Jardim Imperial;Coxipó da Ponte;;0,229;796;3480,1;365;2,2;3,9;15,3;53,6;61,9;;88,2;100,0;97,3;0,0;100,0;0,0;3992,1;3500,0;0,0;100,0;11,7;11,7;100,0;100,0;88,3;0,0;22,9;7;8,2;65;8,0;21,1;63;0,333;35,6;38,9;760;5290;410;270;-0,2;0,0;0;0,0;0,0;0;46,0;0,0;0;0,0;5,4;2,07;0,0;Plintossolo pétrico;Córrego do Moinho;Bacia do Rio Cuiabá;Bacia do Rio Cuiabá;102,4;;Sentinel-2 de 23/08/2026, pixels de 10 m;Landsat de 13/08/2026, pixels de 30 m
510340310420104;Cuiabá;Urbana;Jardim Imperial;Coxipó da Ponte;;0,162;483;2987,0;170;2,8;12,4;14,9;53,4;48,9;;91,2;100,0;88,8;0,0;100,0;0,0;7197,2;5000,0;;100,0;98,6;58,6;100,0;100,0;99,2;51,8;8,6;6;15,2;74;5,7;35,0;28;0,417;49,4;37,0;610;4780;560;280;-2,1;0,0;0;0,0;42,4;205;46,6;0,0;0;0,0;30,1;2,02;0,0;Plintossolo pétrico;Córrego do Moinho;Bacia do Rio Cuiabá;Bacia do Rio Cuiabá;165,7;;Sentinel-2 de 23/08/2026, pixels de 10 m;Landsat de 13/08/2026, pixels de 30 m
510340310420105;Cuiabá;Urbana;Jardim Imperial;Coxipó da Ponte;;0,068;559;8173,2;173;3,2;14,8;11,6;50,6;63,1;1,6;100,0;99,4;97,1;0,0;100,0;0,0;5012,0;4000,0;1,1;100,0;83,2;33,1;100,0;100,0;100,0;0,0;10,5;7;5,8;33;17,1;63,4;95;0,154;0,4;39,7;720;4890;130;260;0,6;0,0;0;0,0;0,0;0;0,0;0,0;0;0,0;0,0;2,08;0,0;Plintossolo pétrico;Córrego do Moinho;Bacia do Rio Cuiabá;Bacia do Rio Cuiabá;0,5;;Sentinel-2 de 23/08/2026, pixels de 10 m;Landsat de 13/08/2026, pixels de 30 m
510340310420106;Cuiabá;Urbana;Jardim Universitário;Coxipó da Ponte;;0,125;357;2856,7;123;2,9;24,4;9,2;54,1;57,4;0,0;100,0;100,0;99,2;0,0;100,0;0,0;6694,7;5000,0;1,0;100,0;86,3;39,2;100,0;100,0;64,1;0,0;7,8;7;0,1;0;2,2;11,0;8;0,267;15,4;38,6;310;4700;600;70;-0,5;0,0;0;0,0;5,3;19;5,3;0,0;0;0,0;0,0;2,08;0,0;Plintossolo pétrico;Córrego do Moinho;Bacia do Rio Cuiabá;Bacia do Rio Cuiabá;53,9;;Sentinel-2 de 23/08/2026, pixels de 10 m;Landsat de 13/08/2026, pixels de 30 m
510340310420107;Cuiabá;Urbana;Boa Esperança;Coxipó da Ponte;;0,171;353;2061,2;120;2,9;25,5;8,8;53,8;38,8;;100,0;100,0;75,8;0,0;100,0;0,0;8512,3;6000,0;1,0;100,0;62,3;19,0;100,0;100,0;34,0;1,4;13,1;7;14,8;52;9,4;40,4;33;0,328;29,8;37,9;1650;2730;330;250;-1,2;0,0;0;0,0;27,4;97;27,4;0,0;0;0,0;23,8;2,02;0,0;Plintossolo pétrico;Afluente s/n do Rio Coxipó;Bacia do Rio Cuiabá;Bacia do Rio Cuiabá;144,4;;Sentinel-2 de 23/08/2026, pixels de 10 m;Landsat de 13/08/2026, pixels de 30 m
510340310420108;Cuiabá;Urbana;Praeirinho;Coxipó da Ponte;;0,271;504;1862,9;149;3,4;9,1;16,3;52,8;79,0;0,0;99,3;100,0;91,3;0,0;100,0;0,0;2061,8;1212,0;2,9;100,0;57,1;6,3;94,2;98,6;69,4;0,0;22,8;7;4,2;21;12,9;23,1;65;0,314;33,1;38,1;1390;1240;210;500;-1,0;45,8;231;12,9;34,2;172;43,2;53,6;270;33,7;5,3;2,21;58,2;Neossolo flúvico;Córrego São Gonçalo;Bacia do Rio Cuiabá;Bacia do Rio Cuiabá;178,0;;Sentinel-2 de 23/08/2026, pixels de 10 m;Landsat de 13/08/2026, pixels de 30 m
510340310420109;Cuiabá;Urbana;;Coxipó da Ponte;;0,109;607;5580,4;198;3,1;6,4;18,1;48,8;78,1;0,5;99,5;99,5;6,1;19,7;97,5;0,0;2024,6;1500,0;4,4;31,8;82,7;28,5;100,0;0,8;7,9;0,0;43,3;7;0,0;0;1,7;15,1;10;0,248;7,5;39,1;910;3850;750;490;0,0;0,0;0;0,0;3,0;18;3,0;0,0;0;0,0;0,8;2,08;0,0;Plintossolo pétrico;Córrego Carumbé;Bacia do Rio Cuiabá;Bacia do Rio Cuiabá;13,5;;Sentinel-2 de 23/08/2026, pixels de 10 m;Landsat de 13/08/2026, pixels de 30 m
510340310420112;Cuiabá;Urbana;Novo Mato Grosso;Coxipó da Ponte;;0,063;457;7263,7;145;3,2;7,2;11,6;50,5;82,9;0,0;100,0;99,3;88,3;11,7;100,0;;3324,2;2000,0;2,4;100,0;32,2;2,0;97,4;100,0;91,2;10,7;23,2;7;0,0;0;2,3;10,2;10;0,148;4,1;40,3;410;2760;50;160;1,2;0,0;0;0,0;0,8;3;0,8;0,0;0;0,0;0,0;2,08;0,0;Plintossolo pétrico;Afluente s/n do Córrego Vassoura;Bacia do Rio Cuiabá;Bacia do Rio Cuiabá;5,7;;Sentinel-2 de 23/08/2026, pixels de 10 m;Landsat de 13/08/2026, pixels de 30 m
510340310420114;Cuiabá;Urbana;Recanto dos Pássaros;Coxipó da Ponte;;0,425;592;1391,9;209;2,8;11,8;13,3;53,4;56,6;0,7;98,6;98,6;94,3;3,3;100,0;0,0;6346,8;5000,0;1,5;99,0;97,0;86,3;100,0;95,9;96,5;65,7;8,2;7;16,4;97;22,3;54,9;132;0,425;53,8;37,3;340;4240;300;200;-1,8;0,0;0;0,0;72,3;428;73,1;0,0;0;0,0;48,7;2,0;0,0;Plintossolo pétrico;Córrego do Moinho;Bacia do Rio Cuiabá;Bacia do Rio Cuiabá;386,2;;Sentinel-2 de 23/08/2026, pixels de 10 m;Landsat de 13/08/2026, pixels de 30 m
510340310420115;Cuiabá;Urbana;Jardim Imperial;Coxipó da Ponte;;0,146;938;6411,9;333;2,8;11,6;12,3;51,8;70,6;0,6;100,0;99,4;88,6;1,8;100,0;0,0;3190,5;2000,0;3,4;90,7;89,2;51,1;100,0;97,3;95,3;0,0;17,6;7;0,0;0;8,5;70,7;80;0,191;1,6;39,2;40;4520;670;290;0,1;0,0;0;0,0;5,8;54;5,8;0,0;0;0,0;1,1;2,08;0,0;Plintossolo pétrico;Córrego do Moinho;Bacia do Rio Cuiabá;Bacia do Rio Cuiabá;2,5;;Sentinel-2 de 23/08/2026, pixels de 10 m;Landsat de 13/08/2026, pixels de 30 m
510340310420116;Cuiabá;Urbana;Jardim Imperial;Coxipó da Ponte;;0,133;640;4824,3;221;2,9;12,5;9,7;50,8;66,4;;100,0;100,0;95,9;1,4;100,0;0,0;3729,5;2500,0;1,1;100,0;88,6;28,3;100,0;100,0;86,1;14,7;11,8;7;0,5;3;7,1;21,2;45;0,144;1,4;39,9;280;4590;400;210;0,8;0,0;0;0,0;0,4;2;0,4;0,0;0;0,0;0,0;2,08;0,0;Plintossolo pétrico;Córrego do Moinho;Bacia do Rio Cuiabá;Bacia do Rio Cuiabá;2,9;;Sentinel-2 de 23/08/2026, pixels de 10 m;Landsat de 13/08/2026, pixels de 30 m
510340310420117;Cuiabá;Urbana;Jardim Petrópolis;Coxipó da Ponte;;0,144;837;5825,6;373;2,2;11,4;11,0;55,3;33,2;0,0;82,3;100,0;95,4;1,3;100,0;0,0;9114,8;6000,0;0,0;100,0;98,8;38,8;100,0;100,0;45,3;11,4;6,3;7;0,0;0;3,3;39,2;28;0,151;4,5;39,2;1000;800;210;130;0,1;0,0;0;0,0;11,8;99;11,8;0,0;0;0,0;0,0;2,08;0,0;Plintossolo pétrico;Afluente s/n do Rio Cuiabá;Bacia do Rio Cuiabá;Bacia do Rio Cuiabá;7,7;;Sentinel-2 de 23/08/2026, pixels de 10 m;Landsat de 13/08/2026, pixels de 30 m
510340310420118;Cuiabá;Urbana;Alto da Serra I;Coxipó da Ponte;;0,08;442;5498,6;139;3,2;10,4;17,0;47,1;84,6;0,0;99,3;100,0;25,2;0,0;100,0;0,0;2428,3;1750,0;8,0;93,7;69,7;24,9;95,7;93,7;90,5;0,0;35,8;7;21,8;96;26,8;52,6;118;0,246;12,6;39,3;410;3170;220;350;0,2;0,0;0;0,0;39,6;175;39,6;0,0;0;0,0;0,0;2,08;0,0;Plintossolo pétrico;Córrego Guimitá;Bacia do Rio Cuiabá;Bacia do Rio Cuiabá;22,8;;Sentinel-2 de 23/08/2026, pixels de 10 m;Landsat de 13/08/2026, pixels de 30 m
510340310420119;Cuiabá;Urbana;Dr. Fábio Leite I;Coxipó da Ponte;;0,09;548;6076,9;176;3,1;7,1;16,2;48,5;79,9;0,0;98,9;95,5;15,9;61,9;100,0;;2304,8;2000,0;5,0;100,0;58,2;7,1;100,0;100,0;84,1;6,6;35,1;7;17,1;94;21,0;36,0;115;0,217;5,5;39,8;250;2990;810;620;0,7;0,0;0;0,0;16,0;88;16,0;0,0;0;0,0;0,0;2,08;0,0;Plintossolo pétrico;Córrego Guimitá;Bacia do Rio Cuiabá;Bacia do Rio Cuiabá;9,0;;Sentinel-2 de 23/08/2026, pixels de 10 m;Landsat de 13/08/2026, pixels de 30 m
510340310420120;Cuiabá;Urbana;Dr. Fábio Leite I;Coxipó da Ponte;;0,081;456;5642,0;144;3,2;6,6;14,7;52,0;79,2;1,8;97,9;98,6;4,9;4,2;96,5;0,0;1441,6;1212,0;;100,0;41,4;11,0;100,0;100,0;86,1;3,1;43,6;6;22,3;102;50,5;79,3;230;0,297;19,8;38,8;490;2630;740;700;-0,3;0,0;0;0,0;60,3;275;60,3;0,0;0;0,0;0,0;2,08;0,0;Plintossolo pétrico;Afluente s/n do Córrego Vassoura;Bacia do Rio Cuiabá;Bacia do Rio Cuiabá;35,2;;Sentinel-2 de 23/08/2026, pixels de 10 m;Landsat de 13/08/2026, pixels de 30 m
510340310420121;Cuiabá;Urbana;Dr. Fábio Leite I;Coxipó da Ponte;;0,083;581;7007,2;178;3,3;8,6;17,7;51,3;71,1;;97,8;97,2;2,8;0,0;100,0;;1809,4;1218,0;6,4;100,0;63,7;7,2;100,0;100,0;73,7;3,1;39,4;7;29,3;170;26,3;54,5;153;0,245;11,8;39,9;550;2840;1080;520;0,8;0,0;0;0,0;22,8;132;22,8;0,0;0;0,0;0,0;2,08;0,0;Plintossolo pétrico;Córrego Guimitá;Bacia do Rio Cuiabá;Bacia do Rio Cuiabá;16,9;;Sentinel-2 de 23/08/2026, pixels de 10 m;Landsat de 13/08/2026, pixels de 30 m
510340310420122;Cuiabá;Urbana;Dr. Fábio Leite I;Coxipó da Ponte;;0,114;743;6534,5;260;2,9;8,5;15,6;49,7;80,9;0,7;98,5;97,7;15,8;13,1;99,6;0,0;2266,9;1700,0;3,0;99,7;51,0;16,6;100,0;99,7;63,4;7,0;34,2;7;0,0;0;0,0;16,8;0;0,191;3,1;39,9;360;3150;1180;240;0,8;0,0;0;0,0;1,6;12;1,6;0,0;0;0,0;0,0;2,08;0,0;Plintossolo pétrico;Córrego Guimitá;Bacia do Rio Cuiabá;Bacia do Rio Cuiabá;4,8;;Sentinel-2 de 23/08/2026, pixels de 10 m;Landsat de 13/08/2026, pixels de 30 m
510340310420123;Cuiabá;Urbana;Dr. Fábio Leite I;Coxipó da Ponte;;0,107;741;6918,1;217;3,4;6,3;13,6;50,2;81,2;;99,5;98,6;6,9;7,8;100,0;;2178,7;1700,0;2,1;96,9;49,0;6,7;100,0;96,9;95,0;0,0;35,3;7;0,0;0;0,0;0,0;0;0,167;2,0;40,7;1010;2600;1080;690;1,6;0,0;0;0,0;0,0;0;0,0;0,0;0;0,0;0,0;2,08;0,0;Plintossolo pétrico;Afluente s/n do Córrego Vassoura;Bacia do Rio Cuiabá;Bacia do Rio Cuiabá;2,9;;Sentinel-2 de 23/08/2026, pixels de 10 m;Landsat de 13/08/2026, pixels de 30 m
510340310420124;Cuiabá;Urbana;Dr. Fábio Leite I;Coxipó da Ponte;;0,114;549;4799,3;190;2,9;10,2;15,8;49,2;79,1;0,5;93,2;96,3;35,8;13,7;100,0;0,0;1913,9;1500,0;2,8;97,4;54,5;2,7;100,0;96,9;77,6;0,0;32,8;7;13,6;74;37,7;66,9;207;0,209;6,9;39,9;1010;2400;870;510;0,8;0,0;0;0,0;42,5;233;42,5;0,0;0;0,0;0,0;2,08;0,0;Plintossolo pétrico;Afluente s/n do Córrego Vassoura;Bacia do Rio Cuiabá;Bacia do Rio Cuiabá;14,3;;Sentinel-2 de 23/08/2026, pixels de 10 m;Landsat de 13/08/2026, pixels de 30 m
510340310420125;Cuiabá;Urbana;Alto da Serra I;Coxipó da Ponte;;0,154;1138;7393,3;368;3,1;8,5;15,6;49,0;83,9;;98,1;99,2;20,7;53,5;99,7;;2327,5;2000,0;5,9;100,0;80,7;32,4;100,0;100,0;100,0;0,4;32,2;7;12,8;145;10,6;27,1;121;0,213;5,5;40,1;190;3300;630;750;1,0;0,0;0;0,0;5,7;64;13,0;0,0;0;0,0;0,0;2,08;0,0;Plintossolo pétrico;Córrego Guimitá;Bacia do Rio Cuiabá;Bacia do Rio Cuiabá;7,4;;Sentinel-2 de 23/08/2026, pixels de 10 m;Landsat de 13/08/2026, pixels de 30 m
510340310420126;Cuiabá;Urbana;;Coxipó da Ponte;;0,24;807;3363,1;268;3;9,3;17,3;50,6;86,6;0,0;97,8;97,4;5,2;1,1;99,3;0,0;1885,0;1600,0;6,1;98,1;74,7;21,7;98,9;98,1;87,2;0,0;37,3;7;0,0;0;0,0;0,0;0;0,256;13,1;39,3;900;3390;760;600;0,2;0,0;0;0,0;0,0;0;3,9;0,0;0;0,0;11,7;2,07;0,0;Plintossolo pétrico;Afluente s/n do Córrego Vassoura;Bacia do Rio Cuiabá;Bacia do Rio Cuiabá;39,0;;Sentinel-2 de 23/08/2026, pixels de 10 m;Landsat de 13/08/2026, pixels de 30 m
510340310420127;Cuiabá;Urbana;;Coxipó da Ponte;;0,542;966;1781,5;321;3;7,0;19,7;52,1;84,8;0,0;98,4;99,1;12,1;1,2;100,0;;2053,0;1500,0;4,3;100,0;47,0;6,3;100,0;100,0;99,2;5,8;37,3;7;0,0;0;0,0;0,0;0;0,247;13,0;39,4;1440;3750;320;1120;0,3;0,0;0;0,0;0,0;0;7,0;0,0;0;0,0;15,2;2,06;0,0;Plintossolo pétrico;Afluente s/n do Córrego Vassoura;Bacia do Rio Cuiabá;Bacia do Rio Cuiabá;72,9;;Sentinel-2 de 23/08/2026, pixels de 10 m;Landsat de 13/08/2026, pixels de 30 m
510340310420128;Cuiabá;Urbana;Jardim Itália;Coxipó da Ponte;;0,79;1504;1903,2;489;3,1;19,7;10,6;50,3;27,7;;85,9;100,0;98,2;0,0;99,6;0,0;23159,5;20000,0;0,8;99,9;100,0;99,9;100,0;99,9;3,5;5,3;3,4;7;4,4;66;13,4;27,3;202;0,297;16,6;37,6;670;1770;750;270;-1,5;0,0;0;0,0;4,2;64;4,2;0,0;0;0,0;0,0;2,08;0,0;Plintossolo pétrico;Afluente s/n do Rio Cuiabá;Bacia do Rio Cuiabá;Bacia do Rio Cuiabá;87,2;;Sentinel-2 de 23/08/2026, pixels de 10 m;Landsat de 13/08/2026, pixels de 30 m
510340310420130;Cuiabá;Urbana;;Coxipó da Ponte;;0,519;1319;2542,3;393;3,4;10,1;13,8;49,9;34,2;;100,0;100,0;100,0;0,0;100,0;0,0;14114,5;12000,0;0,0;100,0;0,0;0,0;100,0;0,0;0,0;0,0;14,3;7;1,5;19;26,8;49,7;353;0,344;26,2;38,2;1790;5460;1380;160;-0,9;0,0;0;0,0;21,8;288;31,8;0,0;0;0,0;20,6;2,05;0,0;Plintossolo pétrico;Afluente s/n do Rio Coxipó;Bacia do Rio Cuiabá;Bacia do Rio Cuiabá;103,1;;Sentinel-2 de 23/08/2026, pixels de 10 m;Landsat de 13/08/2026, pixels de 30 m
510340310420131;Cuiabá;Urbana;;Coxipó da Ponte;;0,322;1070;3318,4;314;3,4;9,2;16,3;50,7;36,4;;100,0;100,0;99,4;0,0;100,0;0,0;14398,1;11000,0;0,5;100,0;0,0;0,0;100,0;0,0;0,0;0,0;14,9;7;0,0;0;30,1;45,2;322;0,317;20,0;37,9;1510;5380;1070;320;-1,2;0,0;0;0,0;4,3;46;12,9;0,0;0;0,0;19,5;2,05;0,0;Plintossolo pétrico;Afluente s/n do Rio Coxipó;Bacia do Rio Cuiabá;Bacia do Rio Cuiabá;60,2;;Sentinel-2 de 23/08/2026, pixels de 10 m;Landsat de 13/08/2026, pixels de 30 m
510340310420133;Cuiabá;Urbana;;Coxipó da Ponte;;0,117;796;6826,5;307;2,6;12,1;16,8;55,5;53,5;0,0;100,0;100,0;100,0;0,0;100,0;0,0;5523,7;5000,0;1,0;100,0;0,0;0,0;100,0;100,0;0,0;0,0;21,3;7;0,0;0;0,0;9,7;0;0,173;1,5;40,3;950;4790;470;120;1,2;0,0;0;0,0;0,0;0;0,0;0,0;0;0,0;0,0;2,08;0,0;Plintossolo pétrico;Afluente s/n do Rio Coxipó;Bacia do Rio Cuiabá;Bacia do Rio Cuiabá;2,2;;Sentinel-2 de 23/08/2026, pixels de 10 m;Landsat de 13/08/2026, pixels de 30 m
510340310420134;Cuiabá;Urbana;;Coxipó da Ponte;;0,116;1098;9491,0;401;2,7;8,0;19,0;54,6;55,2;0,4;100,0;99,8;99,5;0,0;99,8;0,0;7220,1;5500,0;0,5;100,0;75,0;30,9;100,0;100,0;100,0;0,0;8,4;7;0,0;0;1,6;7,9;17;0,16;0,5;39,4;850;4570;540;330;0,3;0,0;0;0,0;0,0;0;0,0;0,0;0;0,0;0,0;2,08;0,0;Plintossolo pétrico;Afluente s/n do Rio Coxipó;Bacia do Rio Cuiabá;Bacia do Rio Cuiabá;0,5;;Sentinel-2 de 23/08/2026, pixels de 10 m;Landsat de 13/08/2026, pixels de 30 m
510340310420137;Cuiabá;Urbana;;Coxipó da Ponte;;0,38;1028;2708,3;333;3,1;7,4;19,3;52,2;53,3;;100,0;100,0;98,8;0,0;100,0;0,0;9971,8;9000,0;;100,0;0,0;0,0;0,0;100,0;0,0;0,0;19,4;6;13,0;133;12,9;50,5;133;0,405;48,9;37,1;700;3650;1200;100;-2,0;0,0;0;0,0;41,2;424;52,3;0,0;0;0,0;58,4;1,95;0,0;Plintossolo pétrico;Córrego Fortaleza;Bacia do Rio Cuiabá;Bacia do Rio Cuiabá;180,8;;Sentinel-2 de 23/08/2026, pixels de 10 m;Landsat de 13/08/2026, pixels de 30 m
510340310420140;Cuiabá;Urbana;;Coxipó da Ponte;;0,358;680;1900,8;220;3,1;6,0;20,9;46,9;87,5;0,0;83,6;85,0;9,5;7,7;96,4;0,0;1856,1;1600,0;7,7;82,2;68,4;27,5;92,5;85,1;81,2;0,0;44,4;7;3,7;25;2,9;10,6;20;0,262;13,2;38,8;1400;3430;370;530;-0,3;0,0;0;0,0;0,0;0;11,1;0,0;0;0,0;24,9;2,04;0,0;Plintossolo pétrico;Afluente s/n do Córrego Vassoura;Bacia do Rio Cuiabá;Bacia do Rio Cuiabá;69,5;;Sentinel-2 de 23/08/2026, pixels de 10 m;Landsat de 13/08/2026, pixels de 30 m
510340310420142;Cuiabá;Urbana;;Coxipó da Ponte;;0,624;212;339,5;75;2,8;7,5;21,7;46,7;89,6;0,0;20,0;37,3;0,0;98,7;9,3;;1862,7;1800,0;10,3;;;;;;;;90,7;5;0,0;0;25,5;33,5;54;0,289;16,1;39,1;570;3880;1350;590;0,0;0,0;0;0,0;0,0;0;38,7;0,0;0;0,0;11,7;2,08;0,0;Plintossolo pétrico;Afluente s/n do Rio Coxipó;Bacia do Rio Cuiabá;Bacia do Rio Cuiabá;473,9;;Sentinel-2 de 23/08/2026, pixels de 10 m;Landsat de 13/08/2026, pixels de 30 m
510340310420143;Cuiabá;Urbana;;Coxipó da Ponte;;0,159;529;3324,7;174;3;7,9;22,3;49,1;83,6;1,1;97,7;89,1;16,1;71,3;98,9;1,7;1747,6;1500,0;5,8;25,9;65,0;5,7;100,0;35,7;2,1;0,0;47,7;7;0,0;0;68,5;74,5;362;0,259;9,4;38,9;880;4070;1190;1010;-0,2;0,0;0;0,0;0,0;0;0,0;0,0;0;0,0;0,0;2,08;0,0;Plintossolo pétrico;Afluente s/n do Rio Coxipó;Bacia do Rio Cuiabá;Bacia do Rio Cuiabá;28,3;;Sentinel-2 de 23/08/2026, pixels de 10 m;Landsat de 13/08/2026, pixels de 30 m
510340310420144;Cuiabá;Urbana;Residencial Santa Inês;Coxipó da Ponte;;0,015;369;24916,7;180;2,1;7,9;9,5;52,6;71,3;;100,0;100,0;100,0;0,0;100,0;0,0;3197,2;2400,0;;100,0;93,2;42,5;100,0;100,0;100,0;0,0;12,1;6;0,0;0;0,0;0,0;0;0,171;0,7;39,5;750;2450;160;150;0,4;0,0;0;0,0;0,0;0;0,0;0,0;0;0,0;0,0;2,08;0,0;Plintossolo pétrico;Córrego Banguê;Bacia do Rio Cuiabá;Bacia do Rio Cuiabá;0,3;;Sentinel-2 de 23/08/2026, pixels de 10 m;Landsat de 13/08/2026, pixels de 30 m
510340310420145;Cuiabá;Urbana;Jardim Itália;Coxipó da Ponte;;0,085;586;6908,4;196;3;9,6;14,5;51,0;78,0;1,0;99,0;98,5;74,5;0,0;99,5;0,0;2768,2;2000,0;5,4;100,0;59,9;4,6;100,0;100,0;82,4;1,0;25,8;7;0,0;0;0,9;17,9;5;0,157;1,0;39,0;600;2210;540;530;-0,1;0,0;0;0,0;0,0;0;0,0;0,0;0;0,0;0,0;2,08;0,0;Plintossolo pétrico;Afluente s/n do Rio Cuiabá;Bacia do Rio Cuiabá;Bacia do Rio Cuiabá;1,5;;Sentinel-2 de 23/08/2026, pixels de 10 m;Landsat de 13/08/2026, pixels de 30 m
510340310420146;Cuiabá;Urbana;Jardim Itália;Coxipó da Ponte;;0,079;641;8088,5;214;3;8,0;13,6;52,3;80,5;;99,5;97,7;68,2;0,0;99,5;1,4;2245,7;1600,0;5,1;95,3;65,4;0,0;95,3;95,3;61,0;19,8;27,5;7;12,7;81;30,5;52,6;196;0,163;2,0;39,8;280;2040;560;390;0,7;0,0;0;0,0;12,9;83;12,9;0,0;0;0,0;0,0;2,08;0,0;Plintossolo pétrico;Afluente s/n do Rio Cuiabá;Bacia do Rio Cuiabá;Bacia do Rio Cuiabá;2,5;;Sentinel-2 de 23/08/2026, pixels de 10 m;Landsat de 13/08/2026, pixels de 30 m
510340310420147;Cuiabá;Urbana;Jardim Itália;Coxipó da Ponte;;0,158;556;3513,8;219;2,5;18,0;12,2;51,1;39,0;;100,0;100,0;72,6;0,0;100,0;0,0;9770,3;8000,0;0,7;100,0;100,0;89,4;100,0;100,0;79,5;0,4;6,9;7;6,2;35;11,9;29,5;66;0,191;6,7;38,9;1150;2840;270;210;-0,2;0,0;0;0,0;5,0;28;8,5;0,0;0;0,0;0,5;2,08;0,0;Plintossolo pétrico;Afluente s/n do Rio Coxipó;Bacia do Rio Cuiabá;Bacia do Rio Cuiabá;19,0;;Sentinel-2 de 23/08/2026, pixels de 10 m;Landsat de 13/08/2026, pixels de 30 m
510340310420149;Cuiabá;Urbana;Jardim Universitário;Coxipó da Ponte;;1,037;850;819,3;343;2,5;13,2;13,3;50,6;54,5;0,0;98,5;100,0;85,4;0,0;99,7;0,0;4297,9;3500,0;1,5;94,9;89,6;60,9;100,0;99,4;64,4;0,7;13,7;7;13,2;112;10,9;29,1;92;0,437;52,3;36,9;830;4170;640;700;-2,2;0,0;0;0,0;30,3;258;65,4;3,7;32;2,6;49,5;1,99;0,0;Plintossolo pétrico;Córrego do Moinho;Bacia do Rio Cuiabá;Bacia do Rio Cuiabá;638,1;;Sentinel-2 de 23/08/2026, pixels de 10 m;Landsat de 13/08/2026, pixels de 30 m
510340310420150;Cuiabá;Urbana;;Coxipó da Ponte;;0,116;917;7888,2;307;3;5,9;15,2;52,0;66,4;0,3;100,0;99,7;99,7;0,0;100,0;0,0;4048,6;3200,0;0,9;100,0;97,1;32,5;100,0;100,0;69,7;4,3;9,3;7;13,8;127;4,0;23,0;36;0,203;12,3;39,5;910;5170;620;170;0,4;0,0;0;0,0;1,8;17;16,0;0,0;0;0,0;0,0;2,08;0,0;Plintossolo pétrico;Córrego do Moinho;Bacia do Rio Cuiabá;Bacia do Rio Cuiabá;15,6;;Sentinel-2 de 23/08/2026, pixels de 10 m;Landsat de 13/08/2026, pixels de 30 m
510340310420151;Cuiabá;Urbana;Alto da Serra I;Coxipó da Ponte;;0,13;570;4372,5;177;3,2;11,6;18,4;51,1;86,3;0,0;98,9;89,8;15,8;9,6;100,0;0,0;1816,7;1800,0;6,7;96,1;63,0;7,5;96,1;93,2;91,9;2,3;38,3;7;21,0;120;11,9;37,7;68;0,307;18,8;39,0;160;3610;1210;500;-0,1;0,0;0;0,0;0,0;0;23,0;0,0;0;0,0;0,0;2,08;0,0;Plintossolo pétrico;Córrego Guimitá;Bacia do Rio Cuiabá;Bacia do Rio Cuiabá;42,9;;Sentinel-2 de 23/08/2026, pixels de 10 m;Landsat de 13/08/2026, pixels de 30 m
510340310420152;Cuiabá;Urbana;Jardim Universitário;Coxipó da Ponte;;0,238;695;2919,9;237;2,9;11,1;15,4;51,9;63,9;0,0;98,3;98,7;94,1;1,7;99,6;0,0;4983,8;3500,0;2,2;87,9;97,1;65,0;100,0;87,9;47,7;0,0;12,3;7;24,6;171;48,3;91,5;335;0,45;49,8;36,3;560;4810;1000;210;-2,8;0,0;0;0,0;50,4;350;50,4;13,9;96;3,6;30,1;2,01;0,0;Plintossolo pétrico;Córrego do Moinho;Bacia do Rio Cuiabá;Bacia do Rio Cuiabá;170,5;;Sentinel-2 de 23/08/2026, pixels de 10 m;Landsat de 13/08/2026, pixels de 30 m
510340310420153;Cuiabá;Urbana;Jardim Universitário;Coxipó da Ponte;;0,101;418;4139,4;166;2,5;9,8;11,7;52,6;70,1;;100,0;100,0;97,0;0,0;100,0;0,0;3709,9;3000,0;;85,4;90,2;61,7;100,0;85,4;100,0;0,0;14,4;6;8,9;37;30,9;92,7;129;0,447;47,6;35,9;390;4450;1010;320;-3,2;0,0;0;0,0;46,4;194;46,4;13,9;58;5,8;41,4;1,98;0,0;Plintossolo pétrico;Córrego do Moinho;Bacia do Rio Cuiabá;Bacia do Rio Cuiabá;115,0;;Sentinel-2 de 23/08/2026, pixels de 10 m;Landsat de 13/08/2026, pixels de 30 m
510340310420154;Cuiabá;Urbana;;Coxipó da Ponte;Região do Altos da Serra;0,212;533;2509,9;172;3,1;6,0;23,3;49,7;83,9;;94,8;96,5;8,7;0,0;97,7;;2189,2;1950,0;5,6;0,0;96,4;34,4;95,3;0,4;0,0;0,0;46,9;7;0,0;0;76,7;80,9;409;0,307;13,1;39,1;810;4240;1530;820;0,0;0,0;0;0,0;0,0;0;2,9;0,0;0;0,0;0,4;2,1;0,0;Plintossolo pétrico;Afluente s/n do Rio Coxipó;Bacia do Rio Cuiabá;Bacia do Rio Cuiabá;52,1;;Sentinel-2 de 23/08/2026, pixels de 10 m;Landsat de 13/08/2026, pixels de 30 m
510340310420155;Cuiabá;Urbana;Alto da Serra I;Coxipó da Ponte;;0,098;512;5206,4;179;2,9;8,6;18,0;50,6;80,7;0,0;98,9;91,6;3,4;0,0;99,4;0,0;1631,8;1500,0;7,8;97,3;83,6;37,7;97,3;97,3;84,2;0,0;38,9;7;0,0;0;2,3;9,4;12;0,238;6,9;39,6;390;3790;1210;730;0,5;0,0;0;0,0;0,0;0;0,0;0,0;0;0,0;0,0;2,08;0,0;Plintossolo pétrico;Córrego Guimitá;Bacia do Rio Cuiabá;Bacia do Rio Cuiabá;13,2;;Sentinel-2 de 23/08/2026, pixels de 10 m;Landsat de 13/08/2026, pixels de 30 m
510340310420156;Cuiabá;Urbana;;Coxipó da Ponte;;0,399;654;1638,5;224;2,9;7,2;17,3;51,1;70,2;;100,0;100,0;99,1;0,0;100,0;0,0;3276,7;2000,0;0,6;99,4;99,4;98,8;98,8;98,8;90,1;9,3;10,2;7;15,7;102;15,3;48,7;100;0,455;54,1;36,8;900;3610;730;500;-2,3;0,0;0;0,0;61,1;399;61,1;0,0;0;0,0;56,1;1,95;0,0;Plintossolo pétrico;Córrego Tijucal;Bacia do Rio Cuiabá;Bacia do Rio Cuiabá;330,1;;Sentinel-2 de 23/08/2026, pixels de 10 m;Landsat de 13/08/2026, pixels de 30 m
510340310420157;Cuiabá;Urbana;;Coxipó da Ponte;;0,114;594;5229,2;210;2,8;7,6;15,3;50,7;70,5;1,2;100,0;100,0;99,0;0,0;99,5;0,0;3170,0;2400,0;0,9;100,0;99,5;55,6;100,0;100,0;65,0;0,0;10,7;7;0,0;0;21,1;57,0;125;0,24;17,3;38,0;890;3740;1030;390;-1,1;0,0;0;0,0;10,0;60;15,0;0,0;0;0,0;15,5;2,05;0,0;Plintossolo pétrico;Córrego Tijucal;Bacia do Rio Cuiabá;Bacia do Rio Cuiabá;33,2;;Sentinel-2 de 23/08/2026, pixels de 10 m;Landsat de 13/08/2026, pixels de 30 m
510340310420158;Cuiabá;Urbana;;Coxipó da Ponte;;0,129;929;7182,8;414;2,2;3,8;17,1;55,3;63,5;0,0;96,1;100,0;99,8;0,0;100,0;0,0;4414,6;4000,0;0,0;100,0;100,0;20,5;100,0;100,0;100,0;0,0;7,9;7;0,0;0;0,0;0,7;0;0,209;9,3;38,4;740;4040;900;420;-0,7;0,0;0;0,0;15,1;140;15,1;0,0;0;0,0;9,2;2,08;0,0;Plintossolo pétrico;Córrego Tijucal;Bacia do Rio Cuiabá;Bacia do Rio Cuiabá;12,9;;Sentinel-2 de 23/08/2026, pixels de 10 m;Landsat de 13/08/2026, pixels de 30 m
510340310420159;Cuiabá;Urbana;;Coxipó da Ponte;;0,091;690;7578,4;279;2,5;6,4;18,4;53,2;59,7;;100,0;100,0;100,0;0,0;100,0;0,0;5235,4;4100,0;;100,0;0,0;0,0;100,0;100,0;0,0;0,0;23,9;6;0,0;0;3,3;20,0;23;0,254;14,8;38,7;970;4100;940;200;-0,4;0,0;0;0,0;31,4;217;31,4;0,0;0;0,0;0,0;2,08;0,0;Plintossolo pétrico;Afluente s/n do Rio Coxipó;Bacia do Rio Cuiabá;Bacia do Rio Cuiabá;19,5;;Sentinel-2 de 23/08/2026, pixels de 10 m;Landsat de 13/08/2026, pixels de 30 m
510340310420160;Cuiabá;Urbana;;Coxipó da Ponte;;0,07;686;9833,7;289;2,4;7,4;17,2;55,4;60,6;0,0;100,0;100,0;100,0;0,0;100,0;0,0;5198,8;4000,0;0,0;100,0;100,0;0,0;100,0;0,0;0,0;0,0;6,3;7;0,0;0;1,2;20,2;8;0,142;0,0;39,5;700;4260;700;480;0,4;0,0;0;0,0;0,7;5;0,7;0,0;0;0,0;0,0;2,08;0,0;Plintossolo pétrico;Córrego Tijucal;Bacia do Rio Cuiabá;Bacia do Rio Cuiabá;0,0;;Sentinel-2 de 23/08/2026, pixels de 10 m;Landsat de 13/08/2026, pixels de 30 m
510340310420161;Cuiabá;Urbana;;Coxipó da Ponte;;0,052;742;14227,0;290;2,6;7,8;17,9;51,8;58,9;0,0;100,0;100,0;99,7;0,0;100,0;0,0;5771,1;4500,0;0,0;100,0;100,0;100,0;100,0;0,0;0,0;0,0;5,7;7;0,0;0;5,3;36,8;39;0,12;0,0;39,8;860;4280;750;360;0,7;0,0;0;0,0;0,0;0;0,0;0,0;0;0,0;0,0;2,08;0,0;Plintossolo pétrico;Afluente s/n do Rio Coxipó;Bacia do Rio Cuiabá;Bacia do Rio Cuiabá;0,0;;Sentinel-2 de 23/08/2026, pixels de 10 m;Landsat de 13/08/2026, pixels de 30 m
510340310420162;Cuiabá;Urbana;;Coxipó da Ponte;;0,072;735;10237,3;281;2,6;9,5;18,0;54,4;62,0;0,0;100,0;100,0;100,0;0,0;100,0;0,0;7980,0;5000,0;1,0;100,0;0,0;0,0;100,0;100,0;0,0;0,0;18,9;7;0,0;0;6,2;13,4;45;0,138;1,0;39,8;780;4410;610;490;0,7;0,0;0;0,0;0,0;0;0,0;0,0;0;0,0;0,0;2,08;0,0;Plintossolo pétrico;Afluente s/n do Rio Coxipó;Bacia do Rio Cuiabá;Bacia do Rio Cuiabá;1,0;;Sentinel-2 de 23/08/2026, pixels de 10 m;Landsat de 13/08/2026, pixels de 30 m
510340310420163;Cuiabá;Urbana;;Coxipó da Ponte;;0,11;555;5041,3;195;2,8;8,3;12,3;54,6;67,9;0,0;99,5;100,0;90,8;9,2;99,5;0,0;4428,8;3600,0;3,2;100,0;100,0;39,5;100,0;100,0;100,0;0,0;12,2;7;14,7;81;38,8;76,7;215;0,455;54,3;36,1;930;4880;840;230;-3,0;0,0;0;0,0;71,8;399;71,8;0,0;0;0,0;44,4;1,98;0,0;Plintossolo pétrico;Córrego do Moinho;Bacia do Rio Cuiabá;Bacia do Rio Cuiabá;107,6;;Sentinel-2 de 23/08/2026, pixels de 10 m;Landsat de 13/08/2026, pixels de 30 m
510340310420164;Cuiabá;Urbana;;Coxipó da Ponte;;0,055;520;9446,5;173;3;5,6;14,0;53,5;64,4;0,6;100,0;99,4;98,8;0,0;99,4;0,0;4411,0;3500,0;;100,0;100,0;22,1;100,0;100,0;91,2;0,0;8,9;6;0,0;0;0,0;14,5;0;0,166;7,3;39,2;1030;5040;830;140;0,1;0,0;0;0,0;9,4;49;9,4;0,0;0;0,0;1,3;2,08;0,0;Plintossolo pétrico;Córrego do Moinho;Bacia do Rio Cuiabá;Bacia do Rio Cuiabá;7,7;;Sentinel-2 de 23/08/2026, pixels de 10 m;Landsat de 13/08/2026, pixels de 30 m
510340310420165;Cuiabá;Urbana;;Coxipó da Ponte;;0,169;748;4425,3;239;3,1;9,4;19,7;51,9;51,5;;100,0;100,0;100,0;0,0;100,0;0,0;9697,4;8000,0;0,7;100,0;100,0;0,0;100,0;100,0;0,0;100,0;3,1;7;24,4;183;52,7;89,3;394;0,302;25,8;39,0;1250;4570;890;320;-0,1;0,0;0;0,0;39,3;294;39,4;0,0;0;0,0;26,2;2,04;0,0;Plintossolo pétrico;Afluente s/n do Rio Coxipó;Bacia do Rio Cuiabá;Bacia do Rio Cuiabá;58,3;;Sentinel-2 de 23/08/2026, pixels de 10 m;Landsat de 13/08/2026, pixels de 30 m
510340310420166;Cuiabá;Urbana;;Coxipó da Ponte;;0,254;1591;6269,4;517;3,1;11,6;17,3;52,1;43,5;0,3;99,8;100,0;100,0;0,0;100,0;0,0;9908,1;8000,0;0,5;100,0;100,0;100,0;100,0;100,0;100,0;0,0;2,7;7;8,1;129;24,5;61,2;390;0,217;8,0;39,8;1370;5100;810;270;0,7;0,0;0;0,0;7,9;126;16,1;0,0;0;0,0;3,6;2,07;0,0;Plintossolo pétrico;Afluente s/n do Rio Coxipó;Bacia do Rio Cuiabá;Bacia do Rio Cuiabá;12,8;;Sentinel-2 de 23/08/2026, pixels de 10 m;Landsat de 13/08/2026, pixels de 30 m
510340310420167;Cuiabá;Urbana;;Coxipó da Ponte;;0,145;568;3921,8;202;2,8;7,0;18,3;47,5;90,0;0,0;97,5;97,0;17,8;3,5;99,0;;1682,6;1500,0;5,9;18,3;63,2;25,4;100,0;28,9;5,6;6,2;49,1;7;0,0;0;14,5;30,8;82;0,256;7,4;39,4;1060;4100;1010;780;0,3;0,0;0;0,0;0,0;0;0,0;0,0;0;0,0;1,2;2,08;0,0;Plintossolo pétrico;Afluente s/n do Rio Coxipó;Bacia do Rio Cuiabá;Bacia do Rio Cuiabá;18,9;;Sentinel-2 de 23/08/2026, pixels de 10 m;Landsat de 13/08/2026, pixels de 30 m
510340310420168;Cuiabá;Urbana;;Coxipó da Ponte;Região do Altos da Serra;0,042;97;2325,4;29;3,3;0,0;32,0;46,4;91,8;0,0;100,0;82,8;41,4;41,4;96,6;0,0;1369,3;1212,0;10,2;2,1;39,2;7,2;70,1;7,2;0,0;0,0;57,1;7;0,0;0;95,1;100,0;92;0,299;14,6;38,9;1220;4330;1310;900;-0,2;0,0;0;0,0;6,5;6;19,7;0,0;0;0,0;0,0;2,1;0,0;Plintossolo pétrico;Afluente s/n do Rio Coxipó;Bacia do Rio Cuiabá;Bacia do Rio Cuiabá;63,2;;Sentinel-2 de 23/08/2026, pixels de 10 m;Landsat de 13/08/2026, pixels de 30 m
510340310420169;Cuiabá;Urbana;Jardim Eldorado;Coxipó da Ponte;Sol Nascente;0,028;279;10096,0;93;3;9,0;15,8;50,9;81,0;0,0;95,7;95,7;55,9;29,0;95,7;3,2;1940,0;1500,0;3,8;65,9;72,4;68,8;100,0;90,7;25,8;0,0;33,3;7;68,6;191;63,6;95,5;178;0,268;16,3;40,3;280;3080;270;310;1,2;0,0;0;0,0;38,5;107;38,5;0,0;0;0,0;0,0;2,08;0,0;Plintossolo pétrico;Afluente s/n do Córrego do Moinho;Bacia do Rio Cuiabá;Bacia do Rio Cuiabá;16,4;;Sentinel-2 de 23/08/2026, pixels de 10 m;Landsat de 13/08/2026, pixels de 30 m
510340310420170;Cuiabá;Urbana;Sol Nascente;Coxipó da Ponte;Sol Nascente;0,068;240;3506,9;73;3,3;7,5;13,8;53,8;87,5;0,0;100,0;100,0;37,0;56,2;100,0;;1775,2;1200,0;3,3;95,0;88,3;41,2;100,0;95,0;62,5;0,0;28,1;7;28,6;69;36,2;75,0;87;0,382;29,8;38,4;260;3420;220;340;-0,7;0,0;0;0,0;31,4;75;31,4;0,0;0;0,0;0,0;2,08;0,0;Plintossolo pétrico;Afluente s/n do Córrego do Moinho;Bacia do Rio Cuiabá;Bacia do Rio Cuiabá;84,4;;Sentinel-2 de 23/08/2026, pixels de 10 m;Landsat de 13/08/2026, pixels de 30 m
510340310420171;Cuiabá;Urbana;Residencial São Carlos;Coxipó da Ponte;;0,088;941;10743,2;334;2,8;7,4;17,1;53,5;74,1;0,0;93,7;99,1;53,3;1,2;99,7;;2534,9;2000,0;2,1;33,0;71,9;42,0;100,0;94,0;50,5;3,6;34,4;7;6,7;63;0,0;3,6;0;0,156;1,7;38,7;530;2630;190;240;-0,4;0,0;0;0,0;0,0;0;0,0;0,0;0;0,0;0,0;2,08;0,0;Plintossolo pétrico;Afluente s/n do Córrego do Moinho;Bacia do Rio Cuiabá;Bacia do Rio Cuiabá;1,6;;Sentinel-2 de 23/08/2026, pixels de 10 m;Landsat de 13/08/2026, pixels de 30 m
510340310420172;Cuiabá;Urbana;Residencial São Carlos;Coxipó da Ponte;;0,045;638;14162,8;274;2,3;4,7;16,0;56,7;66,8;;97,1;100,0;99,6;0,0;99,3;0,0;4937,4;4000,0;0,0;100,0;100,0;100,0;100,0;100,0;100,0;100,0;7,2;7;30,3;193;5,5;65,5;35;0,206;16,8;38,5;400;2800;390;210;-0,6;0,0;0;0,0;0,0;0;0,0;0,0;0;0,0;0,0;2,08;0,0;Plintossolo pétrico;Afluente s/n do Córrego do Moinho;Bacia do Rio Cuiabá;Bacia do Rio Cuiabá;11,8;;Sentinel-2 de 23/08/2026, pixels de 10 m;Landsat de 13/08/2026, pixels de 30 m
510340310420173;Cuiabá;Urbana;Carumbé;Coxipó da Ponte;;0,052;396;7566,4;124;3,2;20,5;13,4;49,5;72,5;0,0;100,0;96,0;100,0;0,0;100,0;0,0;3075,4;2000,0;8,1;100,0;58,3;1,8;100,0;100,0;42,9;4,0;24,4;7;0,0;0;0,0;0,0;0;0,139;2,1;40,5;1130;2030;270;350;1,4;0,0;0;0,0;0,0;0;0,0;0,0;0;0,0;0,0;2,08;0,0;Plintossolo pétrico;Afluente s/n do Córrego do Moinho;Bacia do Rio Cuiabá;Bacia do Rio Cuiabá;2,8;;Sentinel-2 de 23/08/2026, pixels de 10 m;Landsat de 13/08/2026, pixels de 30 m
510340310420174;Cuiabá;Urbana;Carumbé;Coxipó da Ponte;;0,038;602;15782,9;249;2,4;7,1;14,1;53,8;58,8;;98,4;99,6;97,2;0,0;100,0;0,0;8333,6;7000,0;;100,0;97,0;0,0;100,0;100,0;95,0;0,0;5,1;6;0,0;0;0,0;0,0;0;0,126;2,4;39,6;1010;2210;290;190;0,5;0,0;0;0,0;0,0;0;0,0;0,0;0;0,0;0,0;2,08;0,0;Plintossolo pétrico;Afluente s/n do Córrego do Moinho;Bacia do Rio Cuiabá;Bacia do Rio Cuiabá;1,5;;Sentinel-2 de 23/08/2026, pixels de 10 m;Landsat de 13/08/2026, pixels de 30 m
510340310420175;Cuiabá;Urbana;Carumbé;Coxipó da Ponte;;0,04;590;14571,8;259;2,3;1,7;13,4;52,5;69,0;;98,1;100,0;97,3;0,0;100,0;0,0;4721,8;4000,0;;100,0;100,0;0,0;100,0;100,0;0,0;0,0;8,8;6;16,7;98;8,5;38,3;50;0,123;2,0;38,8;790;2420;190;210;-0,3;0,0;0;0,0;0,0;0;0,0;0,0;0;0,0;0,0;2,08;0,0;Plintossolo pétrico;Afluente s/n do Córrego do Moinho;Bacia do Rio Cuiabá;Bacia do Rio Cuiabá;1,4;;Sentinel-2 de 23/08/2026, pixels de 10 m;Landsat de 13/08/2026, pixels de 30 m
510340310420176;Cuiabá;Urbana;Carumbé;Coxipó da Ponte;;0,021;541;25648,2;224;2,4;4,6;15,9;53,8;71,9;0,0;98,7;100,0;98,2;0,0;99,1;0,0;4767,8;4000,0;0,0;100,0;100,0;100,0;100,0;100,0;100,0;0,0;7,5;7;55,7;301;55,6;94,4;301;0,2;10,5;38,3;620;2580;250;330;-0,8;0,0;0;0,0;0,0;0;0,0;0,0;0;0,0;0,0;2,08;0,0;Plintossolo pétrico;Afluente s/n do Córrego do Moinho;Bacia do Rio Cuiabá;Bacia do Rio Cuiabá;4,1;;Sentinel-2 de 23/08/2026, pixels de 10 m;Landsat de 13/08/2026, pixels de 30 m
510340310420177;Cuiabá;Urbana;Boa Esperança;Coxipó da Ponte;;0,164;488;2982,6;197;2,5;24,0;7,2;49,4;45,9;0,6;98,0;100,0;67,0;0,0;100,0;0,0;6144,2;5000,0;;100,0;92,2;51,6;100,0;98,4;18,6;0,0;13,3;6;9,6;47;1,2;13,9;6;0,29;20,9;38,1;1570;2370;360;260;-1,0;0,0;0;0,0;22,8;111;22,8;10,8;53;6,8;10,4;2,06;0,0;Plintossolo pétrico;Córrego Seco;Bacia do Rio Cuiabá;Bacia do Rio Cuiabá;70,2;;Sentinel-2 de 23/08/2026, pixels de 10 m;Landsat de 13/08/2026, pixels de 30 m
510340310420178;Cuiabá;Urbana;Boa Esperança;Coxipó da Ponte;;0,187;410;2194,5;152;2,7;22,0;7,1;49,3;40,5;1,5;98,0;100,0;76,3;0,0;99,3;0,0;6686,9;5000,0;;98,5;92,7;50,0;100,0;99,0;58,8;0,0;11,4;6;15,7;64;19,9;40,3;82;0,297;21,7;38,0;1670;2050;220;140;-1,1;0,0;0;0,0;29,4;121;33,5;0,3;1;0,3;3,0;2,08;0,0;Plintossolo pétrico;Córrego Seco;Bacia do Rio Cuiabá;Bacia do Rio Cuiabá;99,0;;Sentinel-2 de 23/08/2026, pixels de 10 m;Landsat de 13/08/2026, pixels de 30 m
510340310420179;Cuiabá;Urbana;Jardim Itália;Coxipó da Ponte;;0,077;386;5031,2;154;2,5;11,9;12,7;51,0;77,2;0,0;98,1;98,1;87,7;0,0;98,7;0,0;3399,9;2150,0;2,8;98,2;26,1;0,0;98,2;98,2;46,5;0,0;25,2;7;8,6;33;10,0;36,7;39;0,132;0,9;40,4;370;2160;620;280;1,3;0,0;0;0,0;10,9;42;10,9;0,0;0;0,0;0,0;2,08;0,0;Plintossolo pétrico;Afluente s/n do Rio Cuiabá;Bacia do Rio Cuiabá;Bacia do Rio Cuiabá;1,8;;Sentinel-2 de 23/08/2026, pixels de 10 m;Landsat de 13/08/2026, pixels de 30 m
510340310420180;Cuiabá;Urbana;Jardim Itália;Coxipó da Ponte;;0,127;620;4895,1;217;2,9;9,8;12,9;50,3;74,4;0,5;100,0;100,0;85,3;0,0;98,6;0,0;3718,5;2424,0;3,0;100,0;53,4;8,2;100,0;100,0;61,0;0,5;20,8;7;14,4;89;19,9;46,4;123;0,189;10,0;39,1;710;2490;510;100;0,0;0,0;0;0,0;12,5;77;12,5;0,0;0;0,0;0,0;2,08;0,0;Plintossolo pétrico;Afluente s/n do Rio Cuiabá;Bacia do Rio Cuiabá;Bacia do Rio Cuiabá;20,5;;Sentinel-2 de 23/08/2026, pixels de 10 m;Landsat de 13/08/2026, pixels de 30 m
510340310420181;Cuiabá;Urbana;Santa Cruz;Coxipó da Ponte;;0,359;707;1968,9;298;2,4;8,5;13,2;53,2;52,6;0,0;99,0;100,0;66,1;5,4;99,7;0,0;5146,2;4000,0;0,5;100,0;92,9;79,8;100,0;100,0;69,3;2,3;13,0;7;4,9;34;3,8;11,6;27;0,342;33,5;38,3;1100;3950;960;690;-0,8;0,0;0;0,0;5,3;38;32,9;0,0;0;0,0;33,5;2,0;0,0;Plintossolo pétrico;Córrego do Moinho;Bacia do Rio Cuiabá;Bacia do Rio Cuiabá;170,1;;Sentinel-2 de 23/08/2026, pixels de 10 m;Landsat de 13/08/2026, pixels de 30 m
510340310420182;Cuiabá;Urbana;Santa Cruz;Coxipó da Ponte;;1,007;590;586,0;214;2,8;15,6;12,4;51,4;55,8;0,0;100,0;99,5;71,5;0,0;100,0;0,0;5706,7;4000,0;1,4;100,0;66,9;40,8;100,0;95,6;48,1;0,0;16,0;7;11,8;70;8,5;29,4;50;0,338;31,9;38,1;1150;3510;680;330;-1,0;0,0;0;0,0;15,3;91;35,5;0,0;0;0,0;23,2;2,04;0,0;Plintossolo pétrico;Córrego do Moinho;Bacia do Rio Cuiabá;Bacia do Rio Cuiabá;544,5;;Sentinel-2 de 23/08/2026, pixels de 10 m;Landsat de 13/08/2026, pixels de 30 m
510340310420183;Cuiabá;Urbana;;Coxipó da Ponte;;0,171;678;3976,0;200;3,4;5,6;24,8;49,4;88,9;0,0;93,0;90,5;2,0;16,5;98,0;0,0;1614,8;1300,0;7,9;86,9;63,7;12,9;87,9;86,9;78,1;1,8;44,8;7;20,7;140;25,2;45,1;171;0,278;15,9;39,0;980;2950;640;490;-0,1;0,0;0;0,0;27,2;185;29,4;0,0;0;0,0;0,0;2,08;0,0;Plintossolo pétrico;Afluente s/n do Córrego Vassoura;Bacia do Rio Cuiabá;Bacia do Rio Cuiabá;40,1;;Sentinel-2 de 23/08/2026, pixels de 10 m;Landsat de 13/08/2026, pixels de 30 m
510340310420184;Cuiabá;Urbana;;Coxipó da Ponte;;0,133;702;5275,6;228;3,1;7,8;19,9;50,9;80,5;;97,8;96,5;2,2;14,9;100,0;0,0;2180,2;1300,0;6,4;100,0;53,7;15,1;100,0;100,0;92,5;0,0;39,7;7;0,0;0;3,0;8,9;21;0,193;3,7;39,9;1240;3150;510;750;0,8;0,0;0;0,0;0,2;2;0,2;0,0;0;0,0;0,0;2,08;0,0;Plintossolo pétrico;Afluente s/n do Córrego Vassoura;Bacia do Rio Cuiabá;Bacia do Rio Cuiabá;7,0;;Sentinel-2 de 23/08/2026, pixels de 10 m;Landsat de 13/08/2026, pixels de 30 m
510340310420185;Cuiabá;Urbana;Santa Cruz;Coxipó da Ponte;;0,318;1439;4532,1;508;2,8;8,5;14,7;52,1;51,1;;99,8;99,4;41,3;25,0;100,0;;9513,1;7000,0;0,7;77,4;77,9;57,7;80,5;77,3;30,1;1,7;18,0;7;7,9;114;7,6;41,0;110;0,279;22,2;38,2;1300;3780;1220;740;-0,9;0,0;0;0,0;3,4;49;10,7;0,0;0;0,0;7,7;2,07;0,0;Plintossolo pétrico;Córrego Banguê;Bacia do Rio Cuiabá;Bacia do Rio Cuiabá;49,1;;Sentinel-2 de 23/08/2026, pixels de 10 m;Landsat de 13/08/2026, pixels de 30 m
510340310420186;Cuiabá;Urbana;Santa Cruz;Coxipó da Ponte;;0,354;814;2299,3;281;2,9;7,9;15,6;53,3;48,9;;97,9;99,6;78,6;0,0;99,6;0,0;8063,1;5000,0;0,6;89,7;87,5;65,4;91,4;94,7;61,1;0,0;10,9;7;8,1;66;5,2;11,9;42;0,37;39,5;37,1;1100;4360;1160;750;-2,0;0,0;0;0,0;24,0;196;37,1;0,0;0;0,0;41,4;1,99;0,0;Plintossolo pétrico;Córrego do Moinho;Bacia do Rio Cuiabá;Bacia do Rio Cuiabá;171,8;;Sentinel-2 de 23/08/2026, pixels de 10 m;Landsat de 13/08/2026, pixels de 30 m
510340310420187;Cuiabá;Urbana;Jardim Califórnia;Coxipó da Ponte;;0,119;377;3162,4;139;2,7;18,0;11,1;55,7;34,0;;98,6;99,3;97,1;0,0;100,0;0,0;9646,1;7000,0;0,9;100,0;95,2;58,6;100,0;100,0;35,3;0,0;4,6;7;0,0;0;0,0;0,0;0;0,258;14,2;38,5;1290;750;650;90;-0,6;0,0;0;0,0;0,0;0;0,0;0,0;0;0,0;0,0;2,08;0,0;Plintossolo pétrico;Córrego São Gonçalo;Bacia do Rio Cuiabá;Bacia do Rio Cuiabá;44,8;;Sentinel-2 de 23/08/2026, pixels de 10 m;Landsat de 13/08/2026, pixels de 30 m
510340310420188;Cuiabá;Urbana;Jardim Califórnia;Coxipó da Ponte;;0,036;588;16377,2;229;2,4;10,9;16,0;52,7;40,0;0,0;100,0;100,0;98,7;0,0;100,0;0,0;8378,5;6000,0;0,0;100,0;97,3;93,0;100,0;100,0;6,6;0,0;3,8;7;0,0;0;0,0;0,0;0;0,218;10,6;38,4;1420;930;700;270;-0,7;0,0;0;0,0;0,0;0;0,0;0,0;0;0,0;0,0;2,08;0,0;Plintossolo pétrico;Córrego São Gonçalo;Bacia do Rio Cuiabá;Bacia do Rio Cuiabá;6,5;;Sentinel-2 de 23/08/2026, pixels de 10 m;Landsat de 13/08/2026, pixels de 30 m
510340310420189;Cuiabá;Urbana;;Coxipó da Ponte;;1,341;544;405,7;171;3,2;9,4;18,0;52,9;32,2;;93,6;98,2;91,8;0,0;100,0;0,0;14569,2;10000,0;0,7;100,0;100,0;100,0;100,0;100,0;100,0;89,5;2,9;7;12,0;65;10,7;32,1;58;0,459;54,2;36,7;730;3840;730;200;-2,4;0,0;0;0,0;30,8;167;53,1;0,0;0;0,0;48,7;1,98;0,0;Plintossolo pétrico;Afluente s/n do Córrego do Moinho;Bacia do Rio Cuiabá;Bacia do Rio Cuiabá;1336,1;;Sentinel-2 de 23/08/2026, pixels de 10 m;Landsat de 13/08/2026, pixels de 30 m
510340310420190;Cuiabá;Urbana;;Coxipó da Ponte;;1,733;187;107,9;60;3,1;15,0;11,2;44,9;82,9;0,0;45,0;98,3;0,0;5,0;36,7;0,0;2509,2;2000,0;2,6;;;;;;;;68,9;5;5,6;10;26,4;37,5;49;0,43;46,8;37,7;1570;4610;1020;540;-1,4;0,0;0;0,0;31,2;58;56,5;0,0;0;0,0;49,6;2,02;0,0;Plintossolo pétrico;Afluente s/n do Rio Coxipó;Bacia do Rio Cuiabá;Bacia do Rio Cuiabá;4337,1;;Sentinel-2 de 23/08/2026, pixels de 10 m;Landsat de 13/08/2026, pixels de 30 m
510340310420191;Cuiabá;Urbana;;Coxipó da Ponte;;0,348;244;700,9;77;3,2;7,8;18,9;50,8;47,1;0,0;100,0;100,0;100,0;0,0;100,0;0,0;12360,3;10000,0;0,0;100,0;100,0;100,0;0,0;100,0;100,0;0,0;0,8;7;0,0;0;0,0;0,0;0;0,23;15,3;37,8;1430;5190;1130;320;-1,3;0,0;0;0,0;9,6;23;11,8;0,0;0;0,0;5,0;2,07;0,0;Plintossolo pétrico;Córrego do Moinho;Bacia do Rio Cuiabá;Bacia do Rio Cuiabá;218,2;;Sentinel-2 de 23/08/2026, pixels de 10 m;Landsat de 13/08/2026, pixels de 30 m
510340310430001;Cuiabá;Urbana;Jardim Passaredo;Coxipó da Ponte;Região do Passaredo;0,301;836;2774,0;309;2,7;13,9;13,9;50,4;88,4;0,0;100,0;100,0;10,0;46,0;100,0;0,0;3613,1;3004,0;3,7;16,3;88,2;65,3;100,0;20,2;4,9;7,9;39,1;7;0,0;0;0,0;0,0;0;0,313;22,8;39,8;750;2200;190;270;0,7;0,0;0;0,0;0,0;0;0,0;0,0;0;0,0;0,0;1,66;0,0;Latossolo vermelho-amarelo;Córrego Faval;Bacia do Rio Cuiabá;Bacia do Rio Cuiabá;82,1;;Sentinel-2 de 23/08/2026, pixels de 10 m;Landsat de 13/08/2026, pixels de 30 m
510340310430002;Cuiabá;Urbana;São Francisco;Coxipó da Ponte;Região do Passaredo;0,152;475;3122,8;220;2,2;10,9;11,6;50,1;79,4;;100,0;100,0;22,3;0,0;100,0;0,0;2112,7;2000,0;1,0;32,2;72,4;28,2;100,0;85,9;26,5;0,0;37,8;7;19,4;92;34,5;63,4;164;0,252;10,8;40,2;410;2400;350;470;1,1;0,0;0;0,0;20,6;98;20,6;0,0;0;0,0;0,0;1,75;0,0;Latossolo vermelho-amarelo;Córrego Faval;Bacia do Rio Cuiabá;Bacia do Rio Cuiabá;34,6;;Sentinel-2 de 23/08/2026, pixels de 10 m;Landsat de 13/08/2026, pixels de 30 m
510340310430003;Cuiabá;Urbana;São Francisco;Coxipó da Ponte;;0,307;327;1063,6;108;3;14,1;10,7;56,0;63,9;0,0;100,0;100,0;99,1;0,0;100,0;0,0;4339,0;3500,0;2,2;100,0;100,0;0,0;100,0;100,0;100,0;100,0;9,9;7;7,1;23;22,9;48,5;75;0,263;22,2;39,9;420;3150;500;510;0,8;0,0;0;0,0;32,2;105;32,2;0,0;0;0,0;8,8;1,97;0,0;Plintossolo pétrico;Córrego Faval;Bacia do Rio Cuiabá;Bacia do Rio Cuiabá;208,4;;Sentinel-2 de 23/08/2026, pixels de 10 m;Landsat de 13/08/2026, pixels de 30 m
510340310430004;Cuiabá;Urbana;Jardim Presidente;Coxipó da Ponte;;0,51;498;975,7;194;2,6;12,7;14,3;48,6;60,8;0,0;89,7;99,5;61,3;5,7;100,0;0,0;3436,3;3000,0;0,7;24,1;68,9;5,0;100,0;24,1;21,1;0,4;32,1;7;0,0;0;0,0;0,0;0;0,196;4,7;40,3;710;3660;670;330;1,2;0,0;0;0,0;0,0;0;0,0;0,0;0;0,0;0,0;1,73;0,0;Latossolo vermelho-amarelo;Córrego Faval;Bacia do Rio Cuiabá;Bacia do Rio Cuiabá;48,1;;Sentinel-2 de 23/08/2026, pixels de 10 m;Landsat de 13/08/2026, pixels de 30 m
510340310430005;Cuiabá;Urbana;Jardim Presidente;Coxipó da Ponte;;0,107;739;6875,3;253;2,9;16,4;10,8;53,7;76,6;0,0;100,0;100,0;85,0;1,2;100,0;0,0;3051,1;2000,0;2,5;84,6;62,5;0,0;100,0;87,6;50,1;0,0;22,1;7;0,0;0;0,0;5,3;0;0,161;1,6;39,9;300;4340;80;280;0,8;0,0;0;0,0;0,0;0;0,0;0,0;0;0,0;0,0;2,08;0,0;Plintossolo pétrico;Córrego Faval;Bacia do Rio Cuiabá;Bacia do Rio Cuiabá;2,3;;Sentinel-2 de 23/08/2026, pixels de 10 m;Landsat de 13/08/2026, pixels de 30 m
510340310430006;Cuiabá;Urbana;Residencial Coxipó;Coxipó da Ponte;;0,089;397;4450,5;143;2,8;16,4;9,8;53,9;62,5;0,0;100,0;100,0;86,7;2,8;100,0;0,0;3315,5;2650,0;1,5;77,3;42,8;0,0;100,0;97,2;48,1;6,3;24,2;7;0,2;1;43,4;80,3;172;0,18;3,6;39,8;40;4680;270;60;0,7;0,0;0;0,0;0,1;0;0,1;0,0;0;0,0;0,0;2,08;0,0;Plintossolo pétrico;Córrego Faval;Bacia do Rio Cuiabá;Bacia do Rio Cuiabá;8,1;;Sentinel-2 de 23/08/2026, pixels de 10 m;Landsat de 13/08/2026, pixels de 30 m
510340310430007;Cuiabá;Urbana;Residencial Coxipó;Coxipó da Ponte;;0,069;519;7549,6;204;2,5;14,5;11,8;52,2;65,9;2,3;98,5;100,0;87,3;0,0;100,0;0,0;2525,2;2001,0;2,8;85,5;51,4;10,6;86,7;85,5;79,6;0,0;25,0;7;0,3;2;29,9;59,7;155;0,201;6,0;39,1;200;4570;370;210;0,0;0,0;0;0,0;0,3;2;0,3;0,0;0;0,0;0,0;2,07;0,0;Plintossolo pétrico;Córrego Faval;Bacia do Rio Cuiabá;Bacia do Rio Cuiabá;8,0;;Sentinel-2 de 23/08/2026, pixels de 10 m;Landsat de 13/08/2026, pixels de 30 m
510340310430008;Cuiabá;Urbana;Residencial Coxipó;Coxipó da Ponte;Região do Residencial do Coxipó;0,066;514;7757,4;152;3,4;11,3;16,1;51,2;72,6;3,7;98,7;96,1;27,6;60,5;99,3;0,0;1669,5;1500,0;7,8;39,1;30,0;0,0;100,0;39,1;25,7;2,1;51,4;7;28,5;146;53,8;69,2;277;0,286;17,0;38,5;400;4580;240;420;-0,6;0,0;0;0,0;17,7;91;27,1;0,0;0;0,0;0,0;2,0;0,0;Plintossolo pétrico;Córrego Faval;Bacia do Rio Cuiabá;Bacia do Rio Cuiabá;21,8;;Sentinel-2 de 23/08/2026, pixels de 10 m;Landsat de 13/08/2026, pixels de 30 m
510340310430010;Cuiabá;Urbana;Residencial Coxipó;Coxipó da Ponte;Região do Residencial do Coxipó;0,164;771;4711,0;239;3,2;12,1;15,4;48,8;82,5;0,0;99,6;99,2;10,0;4,2;100,0;0,0;2060,3;1500,0;7,2;17,6;62,1;0,0;100,0;17,6;33,1;6,0;50,1;7;26,5;204;22,4;44,1;172;0,316;24,8;37,7;690;5170;290;700;-1,4;0,0;0;0,0;27,9;215;27,9;0,0;0;0,0;10,8;2,05;0,0;Plintossolo pétrico;Córrego Figueirinha;Bacia do Rio Cuiabá;Bacia do Rio Cuiabá;52,8;;Sentinel-2 de 23/08/2026, pixels de 10 m;Landsat de 13/08/2026, pixels de 30 m
510340310430011;Cuiabá;Urbana;Residencial Coxipó;Coxipó da Ponte;;0,105;753;7175,0;268;2,8;12,9;11,0;52,1;72,1;;97,8;99,3;11,6;18,3;100,0;0,0;2283,1;2000,0;3,5;80,6;51,3;0,0;99,7;80,7;22,0;1,5;38,1;7;9,2;70;13,3;38,3;100;0,201;6,5;38,9;400;4640;160;610;-0,2;0,0;0;0,0;12,9;97;13,1;0,0;0;0,0;0,8;1,8;0,0;Latossolo vermelho-amarelo;Córrego Faval;Bacia do Rio Cuiabá;Bacia do Rio Cuiabá;9,1;;Sentinel-2 de 23/08/2026, pixels de 10 m;Landsat de 13/08/2026, pixels de 30 m
510340310430013;Cuiabá;Urbana;Cohab São Gonçalo;Coxipó da Ponte;;0,096;515;5366,0;167;3,1;18,6;12,6;53,2;80,2;;97,0;93,4;58,1;28,7;98,2;1,8;1860,1;1212,0;7,0;94,0;71,1;14,4;99,4;92,0;91,8;13,8;32,2;7;46,8;241;54,5;100,0;281;0,294;25,4;38,3;80;4280;70;140;-0,8;0,0;0;0,0;29,3;151;29,3;0,0;0;0,0;0,0;2,08;0,0;Plintossolo pétrico;Córrego Pequizal;Bacia do Rio Cuiabá;Bacia do Rio Cuiabá;47,3;;Sentinel-2 de 23/08/2026, pixels de 10 m;Landsat de 13/08/2026, pixels de 30 m
510340310430014;Cuiabá;Urbana;Cohab São Gonçalo;Coxipó da Ponte;;0,095;700;7374,3;248;2,8;23,4;9,0;54,1;71,9;0,0;99,2;98,8;94,8;5,2;100,0;0,0;2267,0;1900,0;3,8;98,9;67,0;15,0;99,7;98,9;84,7;16,3;21,4;7;10,7;75;78,2;100,0;547;0,179;5,3;39,9;260;4110;250;450;0,8;0,0;0;0,0;8,1;57;8,1;0,0;0;0,0;0,0;2,08;0,0;Plintossolo pétrico;Córrego Pequizal;Bacia do Rio Cuiabá;Bacia do Rio Cuiabá;7,2;;Sentinel-2 de 23/08/2026, pixels de 10 m;Landsat de 13/08/2026, pixels de 30 m
510340310430015;Cuiabá;Urbana;Cohab São Gonçalo;Coxipó da Ponte;;0,098;642;6557,6;219;2,9;16,5;11,8;51,6;73,5;0,8;98,2;98,2;97,7;0,0;100,0;;2604,1;2000,0;0,6;100,0;60,6;7,0;100,0;99,7;84,4;0,5;17,6;7;11,7;75;55,2;85,4;354;0,199;11,5;39,3;170;3920;570;550;0,2;0,0;0;0,0;19,2;123;19,2;0,0;0;0,0;0,0;2,08;0,0;Plintossolo pétrico;Córrego Pequizal;Bacia do Rio Cuiabá;Bacia do Rio Cuiabá;17,6;;Sentinel-2 de 23/08/2026, pixels de 10 m;Landsat de 13/08/2026, pixels de 30 m
510340310430016;Cuiabá;Urbana;Jardim Mossoró;Coxipó da Ponte;Jardim Mossoró;0,115;755;6562,0;302;2,5;9,7;15,5;49,8;79,9;0,7;96,4;91,4;64,6;3,0;100,0;1,0;2130,1;2000,0;1,2;57,4;92,8;76,7;100,0;100,0;51,3;0,0;26,0;7;4,1;31;32,5;56,9;246;0,213;5,8;39,5;410;4170;480;650;0,4;0,0;0;0,0;0,0;0;0,0;0,0;0;0,0;2,1;2,08;0,0;Plintossolo pétrico;Córrego Figueirinha;Bacia do Rio Cuiabá;Bacia do Rio Cuiabá;8,8;;Sentinel-2 de 23/08/2026, pixels de 10 m;Landsat de 13/08/2026, pixels de 30 m
510340310430018;Cuiabá;Urbana;Parque Cuiabá;Coxipó da Ponte;;0,109;668;6104,4;244;2,7;18,4;9,7;52,8;65,4;0,0;100,0;100,0;80,7;0,0;100,0;0,0;3019,5;2430,0;2,1;78,9;88,9;20,5;100,0;94,3;29,6;0,4;19,4;7;0,0;0;0,0;0,0;0;0,213;8,6;39,4;590;5390;620;0;0,3;0,0;0;0,0;0,0;0;0,0;0,0;0;0,0;0,0;2,08;0,0;Plintossolo pétrico;Afluente s/n do Rio Cuiabá;Bacia do Rio Cuiabá;Bacia do Rio Cuiabá;14,0;;Sentinel-2 de 23/08/2026, pixels de 10 m;Landsat de 13/08/2026, pixels de 30 m
510340310430019;Cuiabá;Urbana;Parque Cuiabá;Coxipó da Ponte;;0,106;610;5748,8;242;2,5;17,7;12,5;50,0;73,1;;97,5;100,0;57,4;2,1;100,0;0,0;2625,5;2000,0;2,0;49,0;88,5;43,1;100,0;49,0;25,9;3,4;28,2;7;0,0;0;0,0;3,3;0;0,208;4,8;39,6;220;5780;530;110;0,5;0,0;0;0,0;0,0;0;0,0;0,0;0;0,0;0,0;2,08;0,0;Plintossolo pétrico;Córrego Figueirinha;Bacia do Rio Cuiabá;Bacia do Rio Cuiabá;8,3;;Sentinel-2 de 23/08/2026, pixels de 10 m;Landsat de 13/08/2026, pixels de 30 m
510340310430020;Cuiabá;Urbana;Parque Cuiabá;Coxipó da Ponte;;0,108;714;6588,0;235;3;16,4;11,8;53,8;61,1;0,4;98,7;100,0;99,6;0,0;100,0;0,0;3123,4;2500,0;1,6;67,5;64,6;2,9;99,4;67,5;41,2;1,1;21,2;7;0,0;0;0,0;0,0;0;0,205;6,6;39,7;400;6250;120;240;0,6;0,0;0;0,0;0,0;0;0,0;0,0;0;0,0;0,0;2,08;0,0;Plintossolo pétrico;Afluente s/n do Rio Cuiabá;Bacia do Rio Cuiabá;Bacia do Rio Cuiabá;10,0;;Sentinel-2 de 23/08/2026, pixels de 10 m;Landsat de 13/08/2026, pixels de 30 m
510340310430021;Cuiabá;Urbana;Parque Cuiabá;Coxipó da Ponte;;0,074;562;7566,9;181;3,1;12,6;12,3;54,8;69,0;;99,4;99,4;99,4;0,0;99,4;0,0;3321,4;2500,0;3,1;100,0;58,5;4,8;100,0;100,0;71,2;4,5;18,8;7;0,0;0;0,0;0,0;0;0,191;6,5;40,3;640;6510;150;30;1,2;0,0;0;0,0;0,0;0;0,0;0,0;0;0,0;0,0;2,08;0,0;Plintossolo pétrico;Afluente s/n do Rio Cuiabá;Bacia do Rio Cuiabá;Bacia do Rio Cuiabá;8,6;;Sentinel-2 de 23/08/2026, pixels de 10 m;Landsat de 13/08/2026, pixels de 30 m
510340310430022;Cuiabá;Urbana;Parque Cuiabá;Coxipó da Ponte;;0,296;836;2827,4;279;3;12,3;16,7;49,2;67,0;;100,0;99,3;94,6;2,2;99,3;0,0;3024,5;2000,0;1,6;50,6;87,6;8,3;99,6;53,7;36,6;0,0;21,2;7;7,9;66;8,5;38,8;71;0,312;23,2;38,3;740;6320;340;370;-0,8;0,0;0;0,0;20,3;169;20,3;0,0;0;0,0;3,8;2,07;0,0;Plintossolo pétrico;Afluente s/n do Rio Cuiabá;Bacia do Rio Cuiabá;Bacia do Rio Cuiabá;82,1;;Sentinel-2 de 23/08/2026, pixels de 10 m;Landsat de 13/08/2026, pixels de 30 m
510340310430024;Cuiabá;Urbana;Parque Cuiabá;Coxipó da Ponte;Parque Cuiabá A;0,183;758;4140,3;282;2,7;3,4;18,3;46,6;87,7;0,0;75,5;73,0;16,3;74,5;72,0;;1826,7;1312,0;3,6;2,9;60,4;24,9;98,0;0,7;5,0;0,0;57,8;7;25,9;197;31,5;60,9;239;0,327;22,3;37,9;540;5750;360;400;-1,2;0,0;0;0,0;43,3;328;43,3;0,0;0;0,0;2,9;2,08;0,0;Plintossolo pétrico;Afluente s/n do Rio Cuiabá;Bacia do Rio Cuiabá;Bacia do Rio Cuiabá;53,8;;Sentinel-2 de 23/08/2026, pixels de 10 m;Landsat de 13/08/2026, pixels de 30 m
510340310430025;Cuiabá;Urbana;Parque Cuiabá;Coxipó da Ponte;;0,074;450;6081,8;159;2,8;24,7;8,7;52,4;45,6;;99,4;100,0;99,4;0,0;100,0;0,0;3227,9;2500,0;1,0;100,0;75,4;7,2;100,0;100,0;86,0;6,1;14,1;7;0,0;0;0,0;0,0;0;0,185;8,4;39,9;290;5230;260;80;0,8;0,0;0;0,0;0,0;0;0,0;0,0;0;0,0;0,0;2,08;0,0;Plintossolo pétrico;Afluente s/n do Rio Cuiabá;Bacia do Rio Cuiabá;Bacia do Rio Cuiabá;13,8;;Sentinel-2 de 23/08/2026, pixels de 10 m;Landsat de 13/08/2026, pixels de 30 m
510340310430026;Cuiabá;Urbana;Parque Cuiabá;Coxipó da Ponte;;0,168;838;5000,0;303;2,8;14,3;12,5;50,7;63,1;0,0;99,3;100,0;94,1;2,6;100,0;0,0;3342,8;2000,0;1,3;73,3;82,3;24,5;100,0;92,7;64,0;5,8;17,8;7;3,4;28;6,9;18,3;57;0,17;4,1;39,7;70;5120;40;290;0,6;0,0;0;0,0;15,6;131;15,6;0,0;0;0,0;0,0;2,08;0,0;Plintossolo pétrico;Afluente s/n do Rio Cuiabá;Bacia do Rio Cuiabá;Bacia do Rio Cuiabá;8,2;;Sentinel-2 de 23/08/2026, pixels de 10 m;Landsat de 13/08/2026, pixels de 30 m
510340310430027;Cuiabá;Urbana;Parque Atalaia;Coxipó da Ponte;Parque Atalaia;0,284;771;2714,9;284;2,7;7,5;16,6;47,7;81,1;0,0;87,3;87,3;11,6;17,3;51,1;0,0;1455,7;1212,0;7,4;0,0;56,8;11,8;84,8;9,1;0,0;0,0;67,2;7;13,3;102;25,7;59,3;199;0,29;11,6;38,5;870;5470;410;620;-0,6;2,6;20;0,0;8,3;64;8,6;5,2;40;0,0;4,7;2,09;0,0;Plintossolo pétrico;Afluente s/n do Rio Cuiabá;Bacia do Rio Cuiabá;Bacia do Rio Cuiabá;42,7;;Sentinel-2 de 23/08/2026, pixels de 10 m;Landsat de 13/08/2026, pixels de 30 m
510340310430028;Cuiabá;Urbana;Parque Atalaia;Coxipó da Ponte;;0,229;889;3874,9;324;2,7;13,0;12,5;49,6;71,2;;99,7;99,7;26,2;3,1;99,4;;2853,2;2500,0;3,4;35,0;81,7;30,9;100,0;35,0;19,7;3,9;36,4;7;1,5;13;6,8;34,8;60;0,187;2,3;39,5;410;5130;500;320;0,4;0,0;0;0,0;3,3;29;3,3;0,0;0;0,0;0,0;2,08;0,0;Plintossolo pétrico;Afluente s/n do Rio Cuiabá;Bacia do Rio Cuiabá;Bacia do Rio Cuiabá;5,9;;Sentinel-2 de 23/08/2026, pixels de 10 m;Landsat de 13/08/2026, pixels de 30 m
510340310430029;Cuiabá;Urbana;Parque Atalaia;Coxipó da Ponte;;0,238;1017;4268,7;375;2,7;14,9;13,4;50,6;67,5;0,0;98,9;99,2;9,9;2,9;98,9;;3342,2;2500,0;4,2;71,7;74,9;20,4;100,0;76,2;21,1;7,7;34,6;7;11,5;117;29,9;56,7;304;0,256;13,8;38,8;250;4910;490;500;-0,3;0,0;0;0,0;20,9;212;20,9;0,0;0;0,0;0,0;2,08;0,0;Plintossolo pétrico;Afluente s/n do Rio Cuiabá;Bacia do Rio Cuiabá;Bacia do Rio Cuiabá;32,3;;Sentinel-2 de 23/08/2026, pixels de 10 m;Landsat de 13/08/2026, pixels de 30 m
510340310430032;Cuiabá;Urbana;Jardim Gramado;Coxipó da Ponte;;0,404;991;2450,1;344;2,9;13,3;14,9;50,8;71,4;;98,3;99,4;52,6;3,2;100,0;0,0;3525,4;2400,0;4,4;94,6;97,2;78,5;100,0;94,6;84,5;1,7;21,7;7;5,5;54;34,2;59,7;339;0,488;55,7;35,7;1250;2670;1040;360;-3,4;43,3;429;0,0;53,5;530;61,6;55,5;550;44,5;33,6;2,03;5,8;Plintossolo pétrico;Afluente s/n do Córrego São Gonçalo;Bacia do Rio Cuiabá;Bacia do Rio Cuiabá;227,1;;Sentinel-2 de 23/08/2026, pixels de 10 m;Landsat de 13/08/2026, pixels de 30 m
510340310430034;Cuiabá;Urbana;Coophema;Coxipó da Ponte;;0,181;636;3511,9;224;2,8;20,0;12,4;53,0;47,2;0,0;100,0;100,0;81,7;2,2;100,0;0,0;5403,7;3600,0;0,0;83,0;85,1;35,5;100,0;90,6;11,9;8,8;13,2;7;0,0;0;0,0;1,1;0;0,257;14,9;38,4;1610;2200;740;410;-0,7;0,0;0;0,0;0,1;0;0,1;0,0;0;0,0;4,5;2,08;1,5;Plintossolo pétrico;Córrego São Gonçalo;Bacia do Rio Cuiabá;Bacia do Rio Cuiabá;42,4;;Sentinel-2 de 23/08/2026, pixels de 10 m;Landsat de 13/08/2026, pixels de 30 m
510340310430035;Cuiabá;Urbana;Coophema;Coxipó da Ponte;;0,133;605;4542,1;194;3,1;24,0;10,7;51,6;52,2;1,2;100,0;100,0;92,8;4,1;100,0;0,0;6070,1;4000,0;0,8;89,8;75,7;52,6;100,0;89,8;19,8;5,0;12,1;7;0,0;0;0,0;0,0;0;0,21;7,3;39,0;1440;2330;480;180;-0,1;0,0;0;0,0;0,0;0;5,7;0,0;0;0,0;0,0;2,08;0,0;Plintossolo pétrico;Afluente s/n do Córrego São Gonçalo;Bacia do Rio Cuiabá;Bacia do Rio Cuiabá;16,0;;Sentinel-2 de 23/08/2026, pixels de 10 m;Landsat de 13/08/2026, pixels de 30 m
510340310430037;Cuiabá;Urbana;Coxipó;Coxipó da Ponte;;0,134;150;1115,5;67;2,2;9,3;13,3;50,7;64,0;0,0;67,2;98,5;47,8;7,5;100,0;0,0;3022,8;2000,0;3,2;100,0;33,8;2,7;100,0;100,0;100,0;0,0;35,2;7;0,0;0;0,0;16,8;0;0,114;3,1;39,2;720;2410;210;480;0,1;0,0;0;0,0;0,0;0;2,2;0,0;0;0,0;0,0;2,08;0,0;Plintossolo pétrico;Córrego São Gonçalo;Bacia do Rio Cuiabá;Bacia do Rio Cuiabá;27,7;;Sentinel-2 de 23/08/2026, pixels de 10 m;Landsat de 13/08/2026, pixels de 30 m
510340310430038;Cuiabá;Urbana;Coxipó;Coxipó da Ponte;;0,304;405;1332,9;167;2,4;24,7;9,1;53,6;53,6;0,0;89,2;97,0;30,5;0,0;99,4;0,0;5895,4;4500,0;0,0;64,0;45,2;0,0;64,0;61,0;54,3;24,2;30,2;7;0,0;0;0,0;37,3;0;0,25;20,2;39,4;550;2490;120;300;0,3;0,0;0;0,0;13,6;55;41,1;0,0;0;0,0;0,0;2,08;0,0;Plintossolo pétrico;Córrego São Gonçalo;Bacia do Rio Cuiabá;Bacia do Rio Cuiabá;151,6;;Sentinel-2 de 23/08/2026, pixels de 10 m;Landsat de 13/08/2026, pixels de 30 m
510340310430041;Cuiabá;Urbana;Coxipó;Coxipó da Ponte;;0,1;402;4003,1;176;2,3;16,2;7,5;46,5;64,4;0,0;79,5;99,4;77,3;0,0;99,4;0,0;4058,0;3000,0;3,4;100,0;41,1;6,8;100,0;100,0;70,9;7,0;26,5;7;0,0;0;0,0;0,0;0;0,273;18,8;39,1;1840;1300;230;310;0,0;0,0;0;0,0;0,0;0;0,0;0,0;0;0,0;0,0;2,08;0,0;Plintossolo pétrico;Córrego Shangri-lá;Bacia do Rio Cuiabá;Bacia do Rio Cuiabá;46,8;;Sentinel-2 de 23/08/2026, pixels de 10 m;Landsat de 13/08/2026, pixels de 30 m
510340310430042;Cuiabá;Urbana;Chácara dos Pinheiros;Coxipó da Ponte;;0,325;382;1177,0;117;3,3;12,0;13,9;48,4;64,7;;98,3;100,0;32,5;0,0;99,1;0,0;4164,2;2840,0;2,6;100,0;63,4;30,6;100,0;100,0;86,4;11,8;25,9;7;18,1;69;38,9;68,7;149;0,494;65,2;36,1;1030;2630;550;300;-3,0;0,0;0;0,0;52,2;200;54,6;21,2;81;11,2;47,2;1,98;0,0;Plintossolo pétrico;Córrego Seco;Bacia do Rio Cuiabá;Bacia do Rio Cuiabá;554,7;;Sentinel-2 de 23/08/2026, pixels de 10 m;Landsat de 13/08/2026, pixels de 30 m
510340310430043;Cuiabá;Urbana;Jardim das Palmeiras;Coxipó da Ponte;;0,128;626;4888,2;225;2,8;18,2;11,7;52,1;55,6;0,0;99,1;99,6;33,8;8,4;99,6;0,0;4088,9;2750,0;1,0;100,0;87,4;31,6;100,0;97,6;91,3;9,8;20,4;7;0,0;0;0,0;30,3;0;0,211;8,8;39,0;310;2750;440;260;-0,1;0,0;0;0,0;3,3;21;12,5;0,0;0;0,0;0,0;2,08;0,0;Plintossolo pétrico;Córrego São Gonçalo;Bacia do Rio Cuiabá;Bacia do Rio Cuiabá;18,0;;Sentinel-2 de 23/08/2026, pixels de 10 m;Landsat de 13/08/2026, pixels de 30 m
510340310430044;Cuiabá;Urbana;Parque Ohara;Coxipó da Ponte;;0,912;617;676,8;240;2,6;12,5;12,6;46,8;69,9;0,5;99,2;99,6;35,8;12,5;99,2;;3344,2;2500,0;2,6;64,3;83,8;23,2;100,0;81,5;62,9;0,0;28,8;7;5,4;33;5,2;37,9;32;0,287;23,5;38,9;710;3710;220;240;-0,2;0,0;0;0,0;24,9;153;27,1;6,3;39;4,0;19,0;2,05;0,0;Plintossolo pétrico;Córrego do Moinho;Bacia do Rio Cuiabá;Bacia do Rio Cuiabá;347,4;;Sentinel-2 de 23/08/2026, pixels de 10 m;Landsat de 13/08/2026, pixels de 30 m
510340310430046;Cuiabá;Urbana;Vista Alegre;Coxipó da Ponte;;0,38;600;1579,6;291;2,1;18,0;9,2;50,3;70,3;0,7;95,5;96,6;63,9;36,1;100,0;0,0;2855,1;2500,0;5,2;100,0;58,7;16,5;100,0;100,0;82,5;5,0;27,5;7;1,1;6;1,0;52,7;6;0,209;12,6;39,4;750;3090;60;250;0,3;0,0;0;0,0;21,5;129;24,4;0,0;0;0,0;5,2;2,07;0,0;Plintossolo pétrico;Afluente s/n do Córrego São Gonçalo;Bacia do Rio Cuiabá;Bacia do Rio Cuiabá;79,8;;Sentinel-2 de 23/08/2026, pixels de 10 m;Landsat de 13/08/2026, pixels de 30 m
510340310430047;Cuiabá;Urbana;Nossa Senhora Aparecida;Coxipó da Ponte;;0,161;675;4198,8;243;2,7;19,0;9,5;50,8;52,0;0,0;98,8;100,0;29,2;1,2;100,0;0,0;3618,7;3000,0;3,3;100,0;83,1;18,4;100,0;100,0;91,0;0,0;24,9;7;0,0;0;0,0;18,6;0;0,199;6,0;39,4;750;3650;140;50;0,3;0,0;0;0,0;0,0;0;0,0;0,0;0;0,0;0,0;2,08;0,0;Plintossolo pétrico;Córrego Pequizal;Bacia do Rio Cuiabá;Bacia do Rio Cuiabá;14,3;;Sentinel-2 de 23/08/2026, pixels de 10 m;Landsat de 13/08/2026, pixels de 30 m
510340310430048;Cuiabá;Urbana;Nossa Senhora Aparecida;Coxipó da Ponte;;0,338;643;1903,7;229;2,8;18,7;12,0;50,9;68,4;0,0;99,1;100,0;16,6;4,4;99,1;;3883,8;3000,0;2,9;43,5;67,2;12,4;100,0;41,7;27,8;5,1;36,3;7;19,8;127;18,7;82,5;120;0,409;43,8;37,3;550;3370;640;490;-1,8;2,0;13;0,0;35,1;226;35,1;16,1;104;0,0;31,7;2,01;0,0;Plintossolo pétrico;Afluente s/n do Córrego São Gonçalo;Bacia do Rio Cuiabá;Bacia do Rio Cuiabá;230,2;;Sentinel-2 de 23/08/2026, pixels de 10 m;Landsat de 13/08/2026, pixels de 30 m
510340310430049;Cuiabá;Urbana;Jardim Comodoro;Coxipó da Ponte;;0,478;1035;2165,3;381;2,7;12,2;13,5;50,4;64,3;;99,2;99,2;43,3;5,0;99,5;0,0;3801,3;2500,0;2,2;100,0;76,4;0,0;100,0;100,0;86,2;0,0;22,4;7;5,0;52;14,5;73,1;150;0,298;24,7;38,3;530;4230;300;70;-0,8;0,0;0;0,0;39,2;406;39,2;0,0;0;0,0;28,9;2,03;0,0;Plintossolo pétrico;Córrego Pequizal;Bacia do Rio Cuiabá;Bacia do Rio Cuiabá;114,1;;Sentinel-2 de 23/08/2026, pixels de 10 m;Landsat de 13/08/2026, pixels de 30 m
510340310430050;Cuiabá;Urbana;São José;Coxipó da Ponte;;1,471;182;123,7;106;1,7;14,3;8,8;42,3;65,4;0,0;91,5;92,5;45,3;0,0;91,5;0,0;2487,8;2000,0;4,3;14,5;39,3;6,9;96,5;9,2;13,3;6,9;47,4;7;8,3;15;25,9;54,0;47;0,394;44,0;38,0;890;4670;1170;1170;-1,1;0,0;0;0,0;41,4;75;49,8;2,7;5;1,3;57,1;1,98;0,0;Plintossolo pétrico;Córrego do Moinho;Bacia do Rio Cuiabá;Bacia do Rio Cuiabá;3556,3;;Sentinel-2 de 23/08/2026, pixels de 10 m;Landsat de 13/08/2026, pixels de 30 m
510340310430051;Cuiabá;Urbana;Altos do Coxipó;Coxipó da Ponte;;0,271;331;1223,5;139;2,4;14,5;11,8;48,9;68,0;0,0;98,6;100,0;95,0;0,0;97,1;0,0;3194,5;2000,0;1,5;69,5;56,8;17,8;100,0;49,8;38,7;0,0;23,1;7;11,7;39;19,5;48,3;65;0,256;20,7;39,0;1150;3960;360;810;-0,1;0,0;0;0,0;22,5;75;22,5;0,0;0;0,0;0,0;2,08;0,0;Plintossolo pétrico;Córrego do Moinho;Bacia do Rio Cuiabá;Bacia do Rio Cuiabá;169,5;;Sentinel-2 de 23/08/2026, pixels de 10 m;Landsat de 13/08/2026, pixels de 30 m
510340310430052;Cuiabá;Urbana;Jardim dos Ipês;Coxipó da Ponte;;0,277;931;3358,3;315;3;13,0;17,9;52,2;74,4;;100,0;99,7;74,6;0,0;100,0;0,0;3923,7;3000,0;1,8;100,0;45,1;0,0;100,0;100,0;83,7;0,0;21,6;7;28,0;260;30,7;76,3;286;0,381;39,2;37,7;1210;3170;120;480;-1,4;0,0;0;0,0;41,0;382;41,0;0,0;0;0,0;27,3;2,02;0,0;Plintossolo pétrico;Córrego Tijucal;Bacia do Rio Cuiabá;Bacia do Rio Cuiabá;116,6;;Sentinel-2 de 23/08/2026, pixels de 10 m;Landsat de 13/08/2026, pixels de 30 m
510340310430053;Cuiabá;Urbana;Jardim dos Ipês;Coxipó da Ponte;;0,173;801;4641,9;311;2,6;14,1;11,2;49,8;75,5;0,0;99,7;100,0;83,6;0,0;100,0;0,0;4401,1;3500,0;1,9;100,0;75,3;23,2;100,0;100,0;38,6;1,9;15,3;7;8,8;71;14,5;48,8;116;0,205;9,6;39,6;930;2920;180;530;0,5;0,0;0;0,0;8,0;64;8,0;0,0;0;0,0;0,0;2,08;0,0;Plintossolo pétrico;Córrego Tijucal;Bacia do Rio Cuiabá;Bacia do Rio Cuiabá;20,7;;Sentinel-2 de 23/08/2026, pixels de 10 m;Landsat de 13/08/2026, pixels de 30 m
510340310430054;Cuiabá;Urbana;Tijucal;Coxipó da Ponte;;0,12;699;5841,2;304;2,3;21,0;10,0;54,2;72,5;0,0;100,0;100,0;97,7;0,0;100,0;0,0;2657,2;2000,0;0,9;99,9;58,9;11,7;99,9;94,6;19,6;1,6;17,8;7;13,3;93;27,7;55,4;193;0,181;5,8;40,1;1120;2520;220;180;1,0;0,0;0;0,0;10,9;76;10,9;0,0;0;0,0;0,8;2,08;0,0;Plintossolo pétrico;Córrego Imbauval;Bacia do Rio Cuiabá;Bacia do Rio Cuiabá;10,0;;Sentinel-2 de 23/08/2026, pixels de 10 m;Landsat de 13/08/2026, pixels de 30 m
510340310430055;Cuiabá;Urbana;Tijucal;Coxipó da Ponte;;0,098;810;8252,2;285;2,8;16,4;12,2;53,1;77,4;0,0;99,6;100,0;97,2;0,0;99,6;0,0;2597,2;2300,0;1,4;100,0;78,6;12,8;100,0;100,0;43,7;3,8;15,8;7;0,4;3;2,8;30,3;22;0,146;0,5;40,5;950;2340;390;180;1,4;0,0;0;0,0;0,0;0;0,0;0,0;0;0,0;0,0;2,08;0,0;Plintossolo pétrico;Córrego Imbauval;Bacia do Rio Cuiabá;Bacia do Rio Cuiabá;0,6;;Sentinel-2 de 23/08/2026, pixels de 10 m;Landsat de 13/08/2026, pixels de 30 m
510340310430056;Cuiabá;Urbana;Tijucal;Coxipó da Ponte;Tijucal;0,108;507;4695,2;152;3,3;10,7;14,6;52,7;71,6;;100,0;98,7;65,1;26,3;99,3;0,0;2075,1;1500,0;4,9;79,9;58,4;18,3;100,0;79,9;42,2;0,0;31,4;7;3,1;16;2,9;10,8;15;0,268;18,8;39,6;570;2010;100;190;0,5;0,0;0;0,0;16,4;83;52,5;0,0;0;0,0;1,8;2,08;0,0;Plintossolo pétrico;Córrego Imbauval;Bacia do Rio Cuiabá;Bacia do Rio Cuiabá;40,0;;Sentinel-2 de 23/08/2026, pixels de 10 m;Landsat de 13/08/2026, pixels de 30 m
510340310430057;Cuiabá;Urbana;Tijucal;Coxipó da Ponte;;0,097;757;7802,0;296;2,6;21,5;10,8;53,0;78,1;0,0;100,0;100,0;89,2;10,1;100,0;0,0;2300,6;1800,0;3,0;100,0;97,5;23,8;100,0;100,0;92,7;0,0;16,6;7;12,0;91;5,4;44,6;41;0,189;7,8;40,6;350;1840;360;210;1,5;0,0;0;0,0;4,0;30;8,5;0,0;0;0,0;0,0;2,08;0,0;Plintossolo pétrico;Córrego Imbauval;Bacia do Rio Cuiabá;Bacia do Rio Cuiabá;10,0;;Sentinel-2 de 23/08/2026, pixels de 10 m;Landsat de 13/08/2026, pixels de 30 m
510340310430058;Cuiabá;Urbana;Tijucal;Coxipó da Ponte;;0,068;549;8042,5;179;3,1;17,5;15,3;51,4;65,9;0,0;100,0;99,4;98,9;0,0;100,0;0,0;2486,0;2100,0;2,5;99,1;48,5;0,0;100,0;98,7;66,3;0,0;21,4;7;1,8;10;16,2;88,8;89;0,157;1,5;40,9;500;2140;330;430;1,8;0,0;0;0,0;0,6;3;0,6;0,0;0;0,0;0,0;2,08;0,0;Plintossolo pétrico;Córrego Faval;Bacia do Rio Cuiabá;Bacia do Rio Cuiabá;1,9;;Sentinel-2 de 23/08/2026, pixels de 10 m;Landsat de 13/08/2026, pixels de 30 m
510340310430059;Cuiabá;Urbana;Tijucal;Coxipó da Ponte;;0,066;577;8783,9;211;2,7;20,6;11,1;54,4;74,4;;99,5;99,5;97,2;0,0;99,5;0,0;2006,4;1600,0;2,3;100,0;88,0;0,0;100,0;100,0;100,0;9,9;17,1;7;0,0;0;69,4;100,0;400;0,126;0,2;41,2;150;2530;550;340;2,1;0,0;0;0,0;0,0;0;0,0;0,0;0;0,0;0,0;2,08;0,0;Plintossolo pétrico;Córrego Tijucal;Bacia do Rio Cuiabá;Bacia do Rio Cuiabá;0,2;;Sentinel-2 de 23/08/2026, pixels de 10 m;Landsat de 13/08/2026, pixels de 30 m
510340310430060;Cuiabá;Urbana;Tijucal;Coxipó da Ponte;;0,067;562;8331,8;195;2,9;18,7;11,9;54,4;72,2;0,0;100,0;100,0;97,4;0,0;99,0;0,0;2209,7;1800,0;3,1;100,0;88,6;12,5;100,0;100,0;89,9;0,0;17,3;7;0,0;0;65,0;75,0;365;0,162;2,5;40,8;200;2710;680;210;1,7;0,0;0;0,0;0,0;0;0,0;0,0;0;0,0;0,0;2,08;0,0;Plintossolo pétrico;Córrego Tijucal;Bacia do Rio Cuiabá;Bacia do Rio Cuiabá;3,0;;Sentinel-2 de 23/08/2026, pixels de 10 m;Landsat de 13/08/2026, pixels de 30 m
510340310430061;Cuiabá;Urbana;Tijucal;Coxipó da Ponte;;0,064;530;8259,2;187;2,8;20,4;11,5;54,2;78,3;0,0;100,0;100,0;100,0;0,0;100,0;0,0;3194,2;2200,0;3,4;99,2;77,1;7,2;100,0;100,0;19,1;0,0;16,5;7;0,0;0;19,1;86,8;101;0,12;0,0;40,7;320;2940;620;520;1,6;0,0;0;0,0;0,0;0;0,0;0,0;0;0,0;0,0;2,08;0,0;Plintossolo pétrico;Córrego Tijucal;Bacia do Rio Cuiabá;Bacia do Rio Cuiabá;0,0;;Sentinel-2 de 23/08/2026, pixels de 10 m;Landsat de 13/08/2026, pixels de 30 m
510340310430062;Cuiabá;Urbana;Tijucal;Coxipó da Ponte;;0,173;481;2780,8;165;2,9;24,1;9,8;53,4;61,7;;100,0;100,0;100,0;0,0;100,0;0,0;3650,8;2800,0;2,7;99,0;69,6;8,9;99,0;99,0;42,4;0,0;16,0;7;4,0;19;16,2;29,7;78;0,152;4,4;40,5;1070;3680;200;860;1,4;0,0;0;0,0;17,1;82;17,1;0,0;0;0,0;0,0;2,08;0,0;Plintossolo pétrico;Córrego Faval;Bacia do Rio Cuiabá;Bacia do Rio Cuiabá;15,8;;Sentinel-2 de 23/08/2026, pixels de 10 m;Landsat de 13/08/2026, pixels de 30 m
510340310430063;Cuiabá;Urbana;Tijucal;Coxipó da Ponte;;0,089;565;6319,1;231;2,4;20,7;10,4;54,7;71,5;0,0;100,0;100,0;100,0;0,0;99,6;0,0;2996,0;2550,0;0,9;100,0;56,3;5,1;100,0;98,9;63,4;0,0;17,1;7;0,0;0;1,1;7,8;6;0,112;0,2;40,8;670;3290;320;570;1,7;0,0;0;0,0;0,0;0;0,0;0,0;0;0,0;0,0;2,08;0,0;Plintossolo pétrico;Córrego Faval;Bacia do Rio Cuiabá;Bacia do Rio Cuiabá;0,3;;Sentinel-2 de 23/08/2026, pixels de 10 m;Landsat de 13/08/2026, pixels de 30 m
510340310430064;Cuiabá;Urbana;Tijucal;Coxipó da Ponte;;0,086;694;8051,7;236;2,9;20,6;9,8;53,7;73,8;0,0;100,0;100,0;99,6;0,0;100,0;0,0;2986,1;2200,0;0,9;100,0;72,9;15,9;100,0;100,0;36,6;0,3;14,7;7;0,0;0;14,4;27,8;100;0,121;0,2;41,0;370;2960;690;320;1,9;0,0;0;0,0;0,0;0;0,0;0,0;0;0,0;0,0;2,08;0,0;Plintossolo pétrico;Córrego Tijucal;Bacia do Rio Cuiabá;Bacia do Rio Cuiabá;0,2;;Sentinel-2 de 23/08/2026, pixels de 10 m;Landsat de 13/08/2026, pixels de 30 m
510340310430065;Cuiabá;Urbana;Tijucal;Coxipó da Ponte;;0,111;536;4822,1;214;2,5;20,9;11,8;53,2;78,7;0,0;99,5;99,5;98,6;0,0;99,1;0,0;3255,4;3000,0;2,9;97,8;79,4;8,2;100,0;97,4;40,6;0,0;16,1;7;1,0;5;8,9;42,6;48;0,204;12,3;39,5;600;3140;630;120;0,4;0,0;0;0,0;32,7;175;32,7;0,0;0;0,0;0,0;2,08;0,0;Plintossolo pétrico;Córrego Tijucal;Bacia do Rio Cuiabá;Bacia do Rio Cuiabá;25,5;;Sentinel-2 de 23/08/2026, pixels de 10 m;Landsat de 13/08/2026, pixels de 30 m
510340310430066;Cuiabá;Urbana;Tijucal;Coxipó da Ponte;;0,1;582;5838,6;209;2,8;16,7;10,5;51,7;70,8;0,0;100,0;100,0;100,0;0,0;99,5;0,0;3109,4;2900,0;2,1;99,5;83,3;24,2;100,0;99,5;71,3;0,0;14,4;7;1,1;6;5,0;57,5;29;0,2;9,4;40,4;560;2810;550;150;1,3;0,0;0;0,0;18,9;110;18,9;0,0;0;0,0;0,0;2,08;0,0;Plintossolo pétrico;Córrego Tijucal;Bacia do Rio Cuiabá;Bacia do Rio Cuiabá;16,2;;Sentinel-2 de 23/08/2026, pixels de 10 m;Landsat de 13/08/2026, pixels de 30 m
510340310430067;Cuiabá;Urbana;Tijucal;Coxipó da Ponte;;0,101;887;8757,7;324;2,7;23,0;10,7;52,2;72,5;0,0;97,2;100,0;100,0;0,0;100,0;0,0;2596,0;2100,0;2,3;100,0;95,4;82,2;100,0;100,0;46,4;2,0;14,3;7;0,0;0;0,0;0,0;0;0,132;1,0;40,6;700;2460;380;200;1,5;0,0;0;0,0;0,0;0;0,0;0,0;0;0,0;0,0;2,08;0,0;Plintossolo pétrico;Córrego Tijucal;Bacia do Rio Cuiabá;Bacia do Rio Cuiabá;1,1;;Sentinel-2 de 23/08/2026, pixels de 10 m;Landsat de 13/08/2026, pixels de 30 m
510340310430068;Cuiabá;Urbana;Tijucal;Coxipó da Ponte;;0,062;612;9859,4;190;3,2;19,0;14,5;52,6;73,2;0,0;100,0;100,0;94,7;4,7;100,0;0,0;2521,1;2000,0;3,9;100,0;52,3;0,0;100,0;100,0;78,8;0,0;22,7;7;0,0;0;31,2;31,2;191;0,123;0,3;41,0;440;2510;400;250;1,9;0,0;0;0,0;0,0;0;0,0;0,0;0;0,0;0,0;2,08;0,0;Plintossolo pétrico;Córrego Tijucal;Bacia do Rio Cuiabá;Bacia do Rio Cuiabá;0,3;;Sentinel-2 de 23/08/2026, pixels de 10 m;Landsat de 13/08/2026, pixels de 30 m
510340310430069;Cuiabá;Urbana;Lagoa Azul;Coxipó da Ponte;;0,34;532;1566,4;197;2,7;7,1;14,7;52,4;77,1;;100,0;100,0;0,0;99,5;100,0;0,0;2346,7;1990,0;2,4;0,0;87,8;24,6;100,0;97,9;0,0;0,0;44,3;7;11,3;60;9,2;38,7;49;0,397;44,7;37,8;160;1340;610;540;-1,3;0,0;0;0,0;35,3;188;38,2;0,0;0;0,0;35,4;1,91;0,0;Plintossolo pétrico;Córrego Castelhano;Bacia do Rio Cuiabá;Bacia do Rio Cuiabá;285,7;;Sentinel-2 de 23/08/2026, pixels de 10 m;Landsat de 13/08/2026, pixels de 30 m
510340310430070;Cuiabá;Urbana;São Sebastião;Coxipó da Ponte;;0,149;1002;6724,6;342;2,9;9,2;17,0;50,0;78,8;0,3;100,0;100,0;67,0;4,1;100,0;0,0;2232,2;1500,0;2,4;72,8;99,0;27,8;100,0;72,8;41,0;10,3;23,0;7;0,0;0;0,0;0,0;0;0,23;9,0;37,9;740;370;150;130;-1,2;0,0;0;0,0;0,0;0;0,7;0,0;0;0,0;0,0;2,08;0,0;Plintossolo pétrico;Córrego Para-Tudo;Bacia do Rio Cuiabá;Bacia do Rio Cuiabá;13,4;;Sentinel-2 de 23/08/2026, pixels de 10 m;Landsat de 13/08/2026, pixels de 30 m
510340310430071;Cuiabá;Urbana;Santa Laura;Coxipó da Ponte;Região do Santa Laura;0,246;627;2547,9;211;3;6,2;23,6;47,4;84,4;;91,9;72,5;18,0;19,9;86,7;0,0;1749,6;1300,0;6,9;10,7;68,9;29,6;30,8;10,3;10,7;1,1;53,5;7;23,7;148;11,1;58,2;70;0,302;15,7;39,1;880;2260;280;530;0,0;0,0;0;0,0;3,3;21;3,3;0,0;0;0,0;0,0;2,08;0,0;Plintossolo pétrico;Córrego São José do Sapateiro;Bacia do Rio Cuiabá;Bacia do Rio Cuiabá;61,6;;Sentinel-2 de 23/08/2026, pixels de 10 m;Landsat de 13/08/2026, pixels de 30 m
510340310430072;Cuiabá;Urbana;Jardim Fortaleza;Coxipó da Ponte;Região do Santa Laura;0,1;974;9706,4;308;3,2;12,1;18,3;51,5;84,3;0,0;100,0;99,7;86,7;0,0;100,0;0,0;1761,5;1400,0;8,2;24,1;92,3;13,2;100,0;23,4;12,0;0,6;35,9;7;2,3;22;0,0;12,1;0;0,178;1,6;41,0;370;2400;230;90;1,9;0,0;0;0,0;0,0;0;0,0;0,0;0;0,0;0,0;2,08;0,0;Plintossolo pétrico;Córrego São José do Sapateiro;Bacia do Rio Cuiabá;Bacia do Rio Cuiabá;1,6;;Sentinel-2 de 23/08/2026, pixels de 10 m;Landsat de 13/08/2026, pixels de 30 m
510340310430073;Cuiabá;Urbana;Jardim Fortaleza;Coxipó da Ponte;Região do Santa Laura;0,053;418;7819,2;128;3,3;7,7;17,5;49,8;80,9;0,0;92,2;91,4;78,9;0,0;100,0;0,0;1657,4;1300,0;3,2;2,9;80,4;39,2;100,0;23,4;1,0;0,0;37,9;7;1,6;7;13,0;43,5;55;0,201;2,3;39,7;490;1840;530;160;0,6;0,0;0;0,0;0,0;0;0,0;0,0;0;0,0;0,0;2,08;0,0;Plintossolo pétrico;Afluente s/n do Rio Coxipó;Bacia do Rio Cuiabá;Bacia do Rio Cuiabá;2,9;;Sentinel-2 de 23/08/2026, pixels de 10 m;Landsat de 13/08/2026, pixels de 30 m
510340310430074;Cuiabá;Urbana;São João Del Rey;Coxipó da Ponte;Região do São João Del Rey - A;0,061;483;7903,6;178;2,7;11,0;17,6;52,8;73,9;0,6;100,0;100,0;96,6;0,0;100,0;0,0;1879,7;1500,0;5,0;100,0;53,6;17,2;100,0;100,0;82,4;0,0;25,3;7;0,0;0;0,0;0,0;0;0,142;0,7;41,0;340;2560;370;50;1,9;0,0;0;0,0;0,0;0;0,0;0,0;0;0,0;0,0;2,08;0,0;Plintossolo pétrico;Afluente s/n do Rio Coxipó;Bacia do Rio Cuiabá;Bacia do Rio Cuiabá;0,9;;Sentinel-2 de 23/08/2026, pixels de 10 m;Landsat de 13/08/2026, pixels de 30 m
510340310430075;Cuiabá;Urbana;São João Del Rey;Coxipó da Ponte;Região do São João Del Rey - C;0,058;490;8445,3;177;2,8;10,8;15,3;54,1;84,5;1,2;99,4;98,9;92,7;1,7;99,4;0,0;1642,4;1300,0;6,1;42,2;75,7;22,2;99,4;91,4;36,6;0,0;33,2;7;4,2;21;2,3;53,5;11;0,18;2,4;39,7;480;2700;250;250;0,6;0,0;0;0,0;0,0;0;0,0;0,0;0;0,0;0,0;2,08;0,0;Plintossolo pétrico;Afluente s/n do Rio Coxipó;Bacia do Rio Cuiabá;Bacia do Rio Cuiabá;2,8;;Sentinel-2 de 23/08/2026, pixels de 10 m;Landsat de 13/08/2026, pixels de 30 m
510340310430076;Cuiabá;Urbana;São João Del Rey;Coxipó da Ponte;Região do São João Del Rey - C;0,087;692;7979,4;245;2,8;10,7;12,9;51,2;78,2;0,0;99,6;99,2;98,8;0,0;99,6;0,0;1963,7;1500,0;3,4;100,0;87,6;28,0;100,0;100,0;72,1;10,1;18,2;7;2,1;14;0,0;6,2;0;0,154;0,5;40,1;100;3060;470;210;1,0;0,0;0;0,0;0,0;0;0,0;0,0;0;0,0;0,0;2,08;0,0;Plintossolo pétrico;Afluente s/n do Rio Coxipó;Bacia do Rio Cuiabá;Bacia do Rio Cuiabá;0,6;;Sentinel-2 de 23/08/2026, pixels de 10 m;Landsat de 13/08/2026, pixels de 30 m
510340310430077;Cuiabá;Urbana;São João Del Rey;Coxipó da Ponte;;0,135;901;6665,3;317;2,8;12,8;14,8;48,5;77,8;0,0;99,7;96,8;95,0;0,0;100,0;1,9;2006,3;1500,0;6,6;100,0;77,7;22,8;100,0;100,0;46,4;2,6;23,4;7;0,0;0;1,6;8,0;14;0,172;2,4;40,6;450;3070;200;350;1,5;0,0;0;0,0;0,0;0;0,0;0,0;0;0,0;0,0;2,08;0,0;Plintossolo pétrico;Córrego Fortaleza;Bacia do Rio Cuiabá;Bacia do Rio Cuiabá;3,6;;Sentinel-2 de 23/08/2026, pixels de 10 m;Landsat de 13/08/2026, pixels de 30 m
510340310430078;Cuiabá;Urbana;São João Del Rey;Coxipó da Ponte;;0,06;496;8304,0;165;3;10,7;15,3;53,8;74,0;0,0;100,0;98,2;93,9;0,0;100,0;0,0;2329,1;1600,0;6,4;100,0;91,7;10,5;100,0;100,0;63,0;0,0;20,4;7;0,0;0;0,0;0,0;0;0,138;0,7;41,0;740;2900;240;450;1,9;0,0;0;0,0;0,0;0;0,0;0,0;0;0,0;0,0;2,08;0,0;Plintossolo pétrico;Córrego Fortaleza;Bacia do Rio Cuiabá;Bacia do Rio Cuiabá;0,8;;Sentinel-2 de 23/08/2026, pixels de 10 m;Landsat de 13/08/2026, pixels de 30 m
510340310430079;Cuiabá;Urbana;Osmar Cabral;Coxipó da Ponte;Região do São João Del Rey - A;0,112;976;8712,6;362;2,7;11,6;13,9;47,7;79,7;;99,4;98,9;87,8;3,0;100,0;0,0;1850,4;1395,0;5,1;43,6;92,1;6,6;100,0;43,6;43,0;0,0;29,4;7;0,0;0;0,0;0,0;0;0,158;1,0;41,3;320;2530;130;200;2,2;0,0;0;0,0;0,0;0;0,0;0,0;0;0,0;0,0;2,08;0,0;Plintossolo pétrico;Córrego Fortaleza;Bacia do Rio Cuiabá;Bacia do Rio Cuiabá;1,1;;Sentinel-2 de 23/08/2026, pixels de 10 m;Landsat de 13/08/2026, pixels de 30 m
510340310430080;Cuiabá;Urbana;Osmar Cabral;Coxipó da Ponte;;0,083;667;8039,2;228;2,9;16,0;12,4;52,3;80,7;0,0;99,6;99,6;88,2;0,0;100,0;0,0;2020,6;1550,0;6,0;95,7;88,2;7,0;100,0;94,6;59,4;7,6;22,8;7;0,0;0;0,0;3,5;0;0,139;0,5;41,3;610;2850;340;310;2,2;0,0;0;0,0;0,0;0;0,0;0,0;0;0,0;0,0;2,08;0,0;Plintossolo pétrico;Córrego Fortaleza;Bacia do Rio Cuiabá;Bacia do Rio Cuiabá;0,6;;Sentinel-2 de 23/08/2026, pixels de 10 m;Landsat de 13/08/2026, pixels de 30 m
510340310430081;Cuiabá;Urbana;Osmar Cabral;Coxipó da Ponte;;0,074;692;9292,5;236;2,9;14,6;14,2;53,0;77,0;1,4;99,6;93,6;80,5;7,2;100,0;;1669,4;1212,0;9,4;100,0;88,4;72,8;100,0;100,0;96,1;10,4;28,2;7;1,3;9;0,0;17,4;0;0,21;5,9;40,7;850;3050;200;240;1,6;0,0;0;0,0;0,0;0;0,0;0,0;0;0,0;0,0;2,08;0,0;Plintossolo pétrico;Córrego Fortaleza;Bacia do Rio Cuiabá;Bacia do Rio Cuiabá;6,3;;Sentinel-2 de 23/08/2026, pixels de 10 m;Landsat de 13/08/2026, pixels de 30 m
510340310430082;Cuiabá;Urbana;Osmar Cabral;Coxipó da Ponte;;0,061;542;8948,0;170;3,2;12,0;16,2;53,1;75,8;1,3;98,8;97,1;68,2;0,0;100,0;;1892,2;1500,0;5,4;100,0;89,9;26,2;100,0;100,0;92,8;0,2;24,7;7;0,0;0;0,0;0,0;0;0,183;2,3;41,3;650;2840;240;350;2,2;0,0;0;0,0;0,0;0;0,0;0,0;0;0,0;0,0;2,08;0,0;Plintossolo pétrico;Córrego Fortaleza;Bacia do Rio Cuiabá;Bacia do Rio Cuiabá;2,6;;Sentinel-2 de 23/08/2026, pixels de 10 m;Landsat de 13/08/2026, pixels de 30 m
510340310430084;Cuiabá;Urbana;;Coxipó da Ponte;;3,532;805;227,9;291;2,6;9,7;17,1;45,7;71,2;;73,2;91,1;36,1;6,5;91,4;0,0;2242,2;1800,0;7,2;;;;;;;;48,1;5;3,9;32;4,1;17,8;33;0,403;41,8;37,8;980;2480;1150;630;-1,3;0,0;0;0,0;9,7;78;10,9;0,0;0;0,0;38,6;2,04;0,0;Plintossolo pétrico;Afluente s/n do Rio Coxipó;Bacia do Rio Cuiabá;Bacia do Rio Cuiabá;1834,0;;Sentinel-2 de 23/08/2026, pixels de 10 m;Landsat de 13/08/2026, pixels de 30 m
510340310430085;Cuiabá;Urbana;Pedra 90;Coxipó da Ponte;;0,115;922;8032,0;312;3;10,4;17,7;51,1;83,7;0,7;75,6;95,2;1,0;66,3;100,0;0,0;1976,0;1600,0;7,1;100,0;68,3;0,0;100,0;100,0;1,0;0,8;42,6;7;0,0;0;0,0;0,0;0;0,189;1,9;39,9;1100;3230;250;260;0,8;0,0;0;0,0;0,0;0;0,0;0,0;0;0,0;0,0;2,08;0,0;Plintossolo pétrico;Córrego Aricá;Bacia do Rio Cuiabá;Bacia do Rio Ariçá-Açu;2,4;;Sentinel-2 de 23/08/2026, pixels de 10 m;Landsat de 13/08/2026, pixels de 30 m
510340310430086;Cuiabá;Urbana;Pedra 90;Coxipó da Ponte;;0,12;1029;8557,3;346;3;11,0;16,3;50,0;75,2;;85,3;85,5;17,3;64,7;100,0;;1805,5;1500,0;6,8;100,0;69,2;12,9;100,0;100,0;64,3;6,8;38,9;7;0,0;0;0,0;0,0;0;0,181;1,8;40,3;770;2930;430;280;1,2;0,0;0;0,0;0,0;0;0,0;0,0;0;0,0;0,0;2,08;0,0;Plintossolo pétrico;Córrego Aricá;Bacia do Rio Cuiabá;Bacia do Rio Ariçá-Açu;2,1;;Sentinel-2 de 23/08/2026, pixels de 10 m;Landsat de 13/08/2026, pixels de 30 m
510340310430087;Cuiabá;Urbana;Pedra 90;Coxipó da Ponte;;0,098;832;8483,8;268;3,1;11,8;18,5;53,7;79,7;0,0;94,0;98,1;1,5;85,8;99,3;0,0;1763,6;1300,0;4,0;100,0;65,9;7,9;100,0;100,0;90,9;0,7;37,5;7;0,0;0;0,0;0,0;0;0,213;4,0;40,4;470;4000;250;140;1,3;0,0;0;0,0;0,0;0;0,0;0,0;0;0,0;0,0;1,64;0,0;Latossolo vermelho-amarelo;Córrego Aricá;Bacia do Rio Cuiabá;Bacia do Rio Ariçá-Açu;4,7;;Sentinel-2 de 23/08/2026, pixels de 10 m;Landsat de 13/08/2026, pixels de 30 m
510340310430088;Cuiabá;Urbana;Pedra 90;Coxipó da Ponte;;0,11;1081;9787,7;344;3,1;8,6;19,8;52,3;76,0;0,3;87,5;84,0;14,0;60,8;100,0;;2431,2;1500,0;4,1;100,0;84,0;10,2;100,0;100,0;26,6;0,0;32,1;7;0,0;0;0,0;0,0;0;0,18;1,4;40,6;480;4030;410;420;1,5;0,0;0;0,0;0,0;0;0,0;0,0;0;0,0;0,0;1,64;0,0;Latossolo vermelho-amarelo;Córrego Aricá;Bacia do Rio Cuiabá;Bacia do Rio Ariçá-Açu;1,4;;Sentinel-2 de 23/08/2026, pixels de 10 m;Landsat de 13/08/2026, pixels de 30 m
510340310430089;Cuiabá;Urbana;Pedra 90;Coxipó da Ponte;;0,197;581;2942,3;201;2,9;10,5;17,0;49,9;78,8;;95,5;97,5;22,9;51,7;100,0;2,0;1881,5;1496,0;5,4;100,0;100,0;34,1;100,0;100,0;100,0;0,0;30,3;7;0,0;0;0,0;0,0;0;0,226;8,9;40,8;100;3650;60;500;1,7;0,0;0;0,0;0,0;0;0,0;0,0;0;0,0;0,0;1,64;0,0;Latossolo vermelho-amarelo;Córrego Aricá;Bacia do Rio Cuiabá;Bacia do Rio Ariçá-Açu;30,2;;Sentinel-2 de 23/08/2026, pixels de 10 m;Landsat de 13/08/2026, pixels de 30 m
510340310430090;Cuiabá;Urbana;Pedra 90;Coxipó da Ponte;;0,067;588;8804,2;197;3;9,4;13,4;55,3;77,7;;98,0;94,4;2,5;78,7;100,0;0,0;2217,5;1600,0;4,8;100,0;80,8;31,3;100,0;100,0;100,0;0,0;33,9;7;0,0;0;0,0;3,6;0;0,167;2,3;40,4;250;3340;350;470;1,3;0,0;0;0,0;0,0;0;0,0;0,0;0;0,0;0,0;1,64;0,0;Latossolo vermelho-amarelo;Ribeirão dos Peixes;Bacia do Rio Cuiabá;Bacia do Rio Ariçá-Açu;2,6;;Sentinel-2 de 23/08/2026, pixels de 10 m;Landsat de 13/08/2026, pixels de 30 m
510340310430091;Cuiabá;Urbana;Pedra 90;Coxipó da Ponte;;0,094;831;8824,8;313;2,7;11,2;15,6;49,6;78,3;;95,8;97,4;17,6;1,9;99,7;0,0;1829,9;1212,0;7,2;100,0;83,5;23,4;100,0;100,0;73,7;9,0;35,6;7;0,0;0;0,0;1,2;0;0,159;1,4;40,8;460;3140;470;320;1,7;0,0;0;0,0;0,0;0;0,0;0,0;0;0,0;0,0;1,64;0,0;Latossolo vermelho-amarelo;Ribeirão dos Peixes;Bacia do Rio Cuiabá;Bacia do Rio Ariçá-Açu;1,6;;Sentinel-2 de 23/08/2026, pixels de 10 m;Landsat de 13/08/2026, pixels de 30 m
510340310430092;Cuiabá;Urbana;Pedra 90;Coxipó da Ponte;;0,094;875;9320,8;283;3,1;10,3;18,2;50,2;78,9;;96,8;97,5;3,2;12,0;100,0;0,0;2084,4;1800,0;6,1;100,0;98,7;6,2;100,0;100,0;72,1;8,7;33,2;7;0,0;0;0,0;0,0;0;0,148;0,7;40,8;710;2920;670;360;1,7;0,0;0;0,0;0,0;0;0,0;0,0;0;0,0;0,0;1,72;0,0;Latossolo vermelho-amarelo;Córrego Aricá;Bacia do Rio Cuiabá;Bacia do Rio Ariçá-Açu;0,8;;Sentinel-2 de 23/08/2026, pixels de 10 m;Landsat de 13/08/2026, pixels de 30 m
510340310430093;Cuiabá;Urbana;Pedra 90;Coxipó da Ponte;;0,092;789;8570,3;276;2,9;10,3;16,2;51,6;80,6;;97,8;98,6;10,1;27,9;100,0;1,4;1977,0;1500,0;5,3;100,0;75,9;20,8;100,0;100,0;84,3;0,0;34,8;7;0,0;0;0,0;0,0;0;0,14;0,4;40,7;750;2800;370;380;1,6;0,0;0;0,0;0,0;0;0,0;0,0;0;0,0;0,0;2,0;0,0;Plintossolo pétrico;Córrego Aricá;Bacia do Rio Cuiabá;Bacia do Rio Ariçá-Açu;0,5;;Sentinel-2 de 23/08/2026, pixels de 10 m;Landsat de 13/08/2026, pixels de 30 m
510340310430094;Cuiabá;Urbana;Pedra 90;Coxipó da Ponte;;0,093;794;8567,3;274;2,9;11,8;14,4;51,9;77,1;0,0;98,2;96,7;1,5;91,6;100,0;;2355,4;1800,0;3,0;100,0;95,0;21,8;100,0;100,0;13,4;0,0;29,6;7;0,0;0;0,0;0,0;0;0,143;0,8;40,8;770;2660;480;420;1,7;0,0;0;0,0;0,0;0;0,0;0,0;0;0,0;0,0;1,68;0,0;Latossolo vermelho-amarelo;Córrego Aricá;Bacia do Rio Cuiabá;Bacia do Rio Ariçá-Açu;0,9;;Sentinel-2 de 23/08/2026, pixels de 10 m;Landsat de 13/08/2026, pixels de 30 m
510340310430095;Cuiabá;Urbana;Pedra 90;Coxipó da Ponte;;0,067;480;7181,2;162;3;15,2;16,2;49,6;75,0;0,0;99,4;97,5;3,1;81,5;100,0;;1951,3;1500,0;5,1;100,0;87,5;35,4;100,0;100,0;100,0;0,0;33,8;7;0,0;0;0,0;0,0;0;0,163;2,4;40,5;110;2140;410;90;1,4;0,0;0;0,0;0,0;0;0,0;0,0;0;0,0;0,0;2,08;0,0;Plintossolo pétrico;Afluente s/n do Rio Coxipó;Bacia do Rio Cuiabá;Bacia do Rio Cuiabá;3,4;;Sentinel-2 de 23/08/2026, pixels de 10 m;Landsat de 13/08/2026, pixels de 30 m
510340310430096;Cuiabá;Urbana;Pedra 90;Coxipó da Ponte;;0,052;427;8204,3;143;3;9,8;17,1;51,1;70,7;0,0;97,2;94,4;13,3;0,0;100,0;;1838,9;1500,0;6,2;100,0;100,0;66,5;100,0;100,0;95,1;0,0;32,4;7;0,0;0;0,0;0,0;0;0,209;2,9;40,6;430;2590;230;370;1,5;0,0;0;0,0;0,0;0;0,0;0,0;0;0,0;0,0;2,08;0,0;Plintossolo pétrico;Afluente s/n do Rio Coxipó;Bacia do Rio Cuiabá;Bacia do Rio Cuiabá;3,5;;Sentinel-2 de 23/08/2026, pixels de 10 m;Landsat de 13/08/2026, pixels de 30 m
510340310430097;Cuiabá;Urbana;Pedra 90;Coxipó da Ponte;;0,093;913;9823,4;291;3,1;11,8;12,8;50,2;78,4;0,0;96,2;98,6;2,1;29,6;100,0;0,0;1787,4;1500,0;6,3;100,0;75,0;0,0;100,0;100,0;86,0;0,9;38,1;7;0,0;0;0,0;16,7;0;0,178;0,8;40,7;810;2950;250;460;1,6;0,0;0;0,0;0,0;0;0,0;0,0;0;0,0;0,0;2,08;0,0;Plintossolo pétrico;Córrego Aricá;Bacia do Rio Cuiabá;Bacia do Rio Ariçá-Açu;0,8;;Sentinel-2 de 23/08/2026, pixels de 10 m;Landsat de 13/08/2026, pixels de 30 m
510340310430100;Cuiabá;Urbana;Nova Esperança;Coxipó da Ponte;;0,225;1133;5037,9;379;3;9,7;17,8;46,2;82,7;;97,4;100,0;2,4;91,3;99,7;0,0;1977,3;1212,0;4,7;0,0;91,3;74,9;100,0;100,0;0,0;0,0;47,4;7;0,0;0;0,0;0,0;0;0,238;4,0;40,1;590;1260;430;310;1,0;0,0;0;0,0;0,0;0;0,0;0,0;0;0,0;0,0;1,64;0,0;Latossolo vermelho-amarelo;Ribeirão dos Cágados;Bacia do Rio Cuiabá;Bacia do Rio Ariçá-Açu;7,9;;Sentinel-2 de 23/08/2026, pixels de 10 m;Landsat de 13/08/2026, pixels de 30 m
510340310430101;Cuiabá;Urbana;Nova Esperança;Coxipó da Ponte;;0,24;806;3360,9;269;3;11,7;14,8;48,5;74,4;0,7;99,6;98,9;11,9;8,6;99,6;;2067,3;1400,0;6,6;15,1;91,4;48,1;100,0;97,4;18,7;12,2;45,4;7;0,0;0;0,0;3,0;0;0,273;10,2;39,8;770;800;170;260;0,7;0,0;0;0,0;0,0;0;0,0;0,0;0;0,0;0,0;1,84;0,0;Latossolo vermelho-amarelo;Córrego Para-Tudo;Bacia do Rio Cuiabá;Bacia do Rio Cuiabá;30,4;;Sentinel-2 de 23/08/2026, pixels de 10 m;Landsat de 13/08/2026, pixels de 30 m
510340310430102;Cuiabá;Urbana;Jardim Industriário;Coxipó da Ponte;;0,138;861;6260,5;292;2,9;10,6;13,1;50,5;77,8;;99,3;99,0;13,4;23,3;100,0;0,0;2313,0;1800,0;3,9;39,4;87,3;28,7;100,0;99,0;37,9;1,0;38,6;7;0,0;0;0,0;0,0;0;0,158;1,4;40,4;270;830;90;180;1,3;0,0;0;0,0;0,0;0;0,0;0,0;0;0,0;0,0;1,64;0,0;Latossolo vermelho-amarelo;Córrego Para-Tudo;Bacia do Rio Cuiabá;Bacia do Rio Cuiabá;2,2;;Sentinel-2 de 23/08/2026, pixels de 10 m;Landsat de 13/08/2026, pixels de 30 m
510340310430103;Cuiabá;Urbana;Jardim Industriário;Coxipó da Ponte;;0,103;1007;9808,3;370;2,7;10,3;14,2;51,7;77,4;0,0;98,9;99,7;3,5;5,4;100,0;0,0;2188,8;1600,0;3,1;54,6;73,8;14,7;100,0;99,0;31,7;0,3;39,3;7;0,0;0;0,0;0,0;0;0,148;0,8;40,4;440;920;210;360;1,3;0,0;0;0,0;0,0;0;0,0;0,0;0;0,0;0,0;1,64;0,0;Latossolo vermelho-amarelo;Ribeirão dos Cágados;Bacia do Rio Cuiabá;Bacia do Rio Ariçá-Açu;0,8;;Sentinel-2 de 23/08/2026, pixels de 10 m;Landsat de 13/08/2026, pixels de 30 m
510340310430104;Cuiabá;Urbana;Jardim Industriário;Coxipó da Ponte;;0,187;307;1643,6;100;3,1;6,5;15,3;49,2;75,9;0,0;100,0;99,0;8,0;0,0;100,0;0,0;1943,2;1500,0;5,2;28,3;89,6;11,1;100,0;87,9;26,4;0,3;43,0;7;0,0;0;0,0;9,3;0;0,262;15,6;39,1;510;1380;550;640;0,0;0,0;0;0,0;0,0;0;0,0;0,0;0;0,0;6,7;1,63;0,0;Latossolo vermelho-amarelo;Ribeirão dos Cágados;Bacia do Rio Cuiabá;Bacia do Rio Ariçá-Açu;95,0;;Sentinel-2 de 23/08/2026, pixels de 10 m;Landsat de 13/08/2026, pixels de 30 m
510340310430105;Cuiabá;Urbana;Jardim Industriário;Coxipó da Ponte;;0,043;420;9692,7;132;3,2;9,5;12,9;46,0;73,1;1,2;99,2;97,7;28,0;0,0;100,0;0,0;2246,5;1600,0;2,7;100,0;99,5;33,6;100,0;100,0;49,8;9,3;25,0;7;0,0;0;0,0;0,0;0;0,174;0,9;40,7;400;1680;330;450;1,6;0,0;0;0,0;0,0;0;0,0;0,0;0;0,0;0,0;1,64;0,0;Latossolo vermelho-amarelo;Ribeirão dos Cágados;Bacia do Rio Cuiabá;Bacia do Rio Ariçá-Açu;0,9;;Sentinel-2 de 23/08/2026, pixels de 10 m;Landsat de 13/08/2026, pixels de 30 m
510340310430106;Cuiabá;Urbana;Jardim Industriário;Coxipó da Ponte;;0,049;391;7996,5;148;2,6;13,6;15,1;52,7;65,2;;89,9;98,6;16,2;37,8;99,3;;2782,9;2000,0;2,7;100,0;88,5;59,8;100,0;100,0;91,3;2,8;28,5;7;0,0;0;0,0;0,0;0;0,181;2,3;40,2;370;1700;420;220;1,1;0,0;0;0,0;0,0;0;0,0;0,0;0;0,0;0,0;1,64;0,0;Latossolo vermelho-amarelo;Afluente s/n do Rio dos Cágados;Bacia do Rio Cuiabá;Bacia do Rio Ariçá-Açu;2,9;;Sentinel-2 de 23/08/2026, pixels de 10 m;Landsat de 13/08/2026, pixels de 30 m
510340310430107;Cuiabá;Urbana;Jardim Industriário;Coxipó da Ponte;;0,08;612;7654,8;210;2,9;9,6;10,1;52,3;69,4;0,0;99,5;99,0;4,3;24,3;99,5;;2878,9;2000,0;2,8;66,7;85,9;35,3;100,0;100,0;45,8;0,3;33,7;7;0,0;0;0,0;0,0;0;0,175;2,5;40,2;110;1260;120;180;1,1;0,0;0;0,0;0,0;0;0,0;0,0;0;0,0;0,0;1,64;0,0;Latossolo vermelho-amarelo;Afluente s/n do Córrego Caité;Bacia do Rio Cuiabá;Bacia do Rio Ariçá-Açu;3,3;;Sentinel-2 de 23/08/2026, pixels de 10 m;Landsat de 13/08/2026, pixels de 30 m
510340310430108;Cuiabá;Urbana;Jardim Industriário;Coxipó da Ponte;;0,15;2731;18266,3;0;0;;;;;;;;;;;;;;;;;;;;;;;0;0,0;0;0,0;0,0;0;0,131;2,2;39,7;210;1600;500;170;0,6;0,0;0;0,0;0,0;0;0,0;0,0;0;0,0;0,0;1,64;0,0;Latossolo vermelho-amarelo;Afluente s/n do Rio dos Cágados;Bacia do Rio Cuiabá;Bacia do Rio Ariçá-Açu;1,2;;Sentinel-2 de 23/08/2026, pixels de 10 m;Landsat de 13/08/2026, pixels de 30 m
510340310430109;Cuiabá;Urbana;Pascoal Ramos;Coxipó da Ponte;;1,462;1260;862,0;445;2,8;6,5;16,7;52,0;77,1;0,0;98,2;99,3;75,5;12,1;98,4;0,7;3066,0;2500,0;2,6;80,2;85,1;69,8;100,0;81,7;76,3;1,0;21,5;7;8,5;108;19,9;40,3;251;0,465;59,0;36,7;980;1140;1060;250;-2,4;0,0;0;0,0;15,7;198;33,1;0,0;0;0,0;59,7;1,99;0,0;Plintossolo pétrico;Córrego Para-Tudo;Bacia do Rio Cuiabá;Bacia do Rio Cuiabá;684,6;;Sentinel-2 de 23/08/2026, pixels de 10 m;Landsat de 13/08/2026, pixels de 30 m
510340310430110;Cuiabá;Urbana;Pascoal Ramos;Coxipó da Ponte;;0,172;542;3152,1;207;2,6;17,7;13,1;52,0;73,6;;99,5;97,6;23,2;11,6;98,6;;1971,1;1212,0;6,8;100,0;97,0;22,0;100,0;100,0;70,8;11,1;31,6;7;0,0;0;0,0;0,0;0;0,278;14,5;39,5;290;230;170;350;0,4;0,0;0;0,0;0,0;0;0,1;0,0;0;0,0;0,0;1,84;0,0;Latossolo vermelho-amarelo;Córrego Para-Tudo;Bacia do Rio Cuiabá;Bacia do Rio Cuiabá;46,0;;Sentinel-2 de 23/08/2026, pixels de 10 m;Landsat de 13/08/2026, pixels de 30 m
510340310430112;Cuiabá;Urbana;;Coxipó da Ponte;;0,506;1314;2597,1;444;3;6,0;17,8;49,4;54,9;0,0;99,8;100,0;99,8;0,0;100,0;0,0;5427,4;5000,0;1,2;100,0;100,0;0,0;100,0;0,0;0,0;0,0;7,4;7;;;;;;0,222;3,3;40,2;500;4300;2660;3260;1,1;;;;0,0;0;0,0;0,0;0;0,0;1,0;1,88;4,3;Latossolo vermelho-amarelo;Afluente s/n do Rio dos Cágados;Bacia do Rio Cuiabá;Bacia do Rio Ariçá-Açu;12,7;;Sentinel-2 de 23/08/2026, pixels de 10 m;Landsat de 13/08/2026, pixels de 30 m
510340310430114;Cuiabá;Urbana;;Coxipó da Ponte;;0,225;805;3581,9;315;2,6;10,3;14,2;50,7;77,5;0,4;99,0;100,0;34,9;10,8;100,0;0,0;2520,8;2011,0;3,9;100,0;55,5;16,0;98,8;100,0;75,0;13,0;31,0;7;0,0;0;0,5;31,2;4;0,292;18,3;39,3;1600;7020;380;240;0,2;0,0;0;0,0;0,0;0;0,0;0,0;0;0,0;0,0;1,65;0,0;Latossolo vermelho-amarelo;Microbacia sem nome;Bacia do Rio Cuiabá;Bacia do Rio Cuiabá;51,1;;Sentinel-2 de 23/08/2026, pixels de 10 m;Landsat de 13/08/2026, pixels de 30 m
510340310430115;Cuiabá;Urbana;;Coxipó da Ponte;;0,271;951;3508,0;337;2,8;8,2;12,2;53,1;75,7;0,0;80,4;100,0;92,0;3,0;100,0;0,0;3735,8;3000,0;0,7;100,0;100,0;0,0;100,0;100,0;21,0;21,0;13,3;7;17,5;167;52,1;77,3;495;0,338;30,8;38,6;820;2910;450;60;-0,5;0,0;0;0,0;46,4;441;46,4;0,0;0;0,0;24,5;2,04;0,0;Plintossolo pétrico;Córrego Imbauval;Bacia do Rio Cuiabá;Bacia do Rio Cuiabá;87,8;;Sentinel-2 de 23/08/2026, pixels de 10 m;Landsat de 13/08/2026, pixels de 30 m
510340310430119;Cuiabá;Urbana;Residencial Coxipó;Coxipó da Ponte;Região do Residencial do Coxipó;0,064;422;6560,8;160;2,6;11,1;12,8;47,4;67,8;1,2;99,4;100,0;45,0;34,4;100,0;0,0;2570,4;2500,0;3,0;19,7;78,4;0,0;100,0;19,7;19,9;0,0;36,5;7;0,0;0;0,0;0,0;0;0,233;4,2;39,5;730;5050;340;490;0,4;0,0;0;0,0;0,0;0;0,0;0,0;0;0,0;0,0;2,08;0,0;Plintossolo pétrico;Córrego Faval;Bacia do Rio Cuiabá;Bacia do Rio Cuiabá;6,4;;Sentinel-2 de 23/08/2026, pixels de 10 m;Landsat de 13/08/2026, pixels de 30 m
510340310430120;Cuiabá;Urbana;Residencial Coxipó;Coxipó da Ponte;;0,042;432;10229,6;146;3;10,2;10,4;52,1;72,5;0,7;100,0;100,0;43,2;9,6;100,0;0,0;2164,6;1200,0;2,4;53,9;67,1;0,0;100,0;50,7;84,5;0,0;33,9;7;0,0;0;0,0;33,3;0;0,154;0,5;39,3;100;4680;350;910;0,2;0,0;0;0,0;0,0;0;0,0;0,0;0;0,0;0,0;1,64;0,0;Latossolo vermelho-amarelo;Córrego Faval;Bacia do Rio Cuiabá;Bacia do Rio Cuiabá;0,5;;Sentinel-2 de 23/08/2026, pixels de 10 m;Landsat de 13/08/2026, pixels de 30 m
510340310430121;Cuiabá;Urbana;Cohab São Gonçalo;Coxipó da Ponte;;0,023;222;9540,6;81;2,7;17,6;7,2;54,5;76,6;0,0;100,0;100,0;100,0;0,0;100,0;0,0;1831,5;1356,0;5,7;95,5;39,2;0,0;100,0;100,0;66,2;12,6;28,5;7;1,8;4;48,0;100,0;107;0,167;1,7;39,4;500;4630;510;310;0,3;0,0;0;0,0;0,0;0;0,0;0,0;0;0,0;0,0;2,08;0,0;Plintossolo pétrico;Córrego Pequizal;Bacia do Rio Cuiabá;Bacia do Rio Cuiabá;1,8;;Sentinel-2 de 23/08/2026, pixels de 10 m;Landsat de 13/08/2026, pixels de 30 m
510340310430122;Cuiabá;Urbana;Cohab São Gonçalo;Coxipó da Ponte;;0,069;442;6398,7;167;2,6;16,1;12,4;50,9;69,9;;97,6;100,0;85,6;0,0;100,0;0,0;2272,6;1800,0;4,5;80,3;80,3;25,1;100,0;80,3;67,9;7,2;24,5;7;3,3;15;8,1;77,0;36;0,188;3,5;39,7;270;4500;290;100;0,6;0,0;0;0,0;0,0;0;0,0;0,0;0;0,0;0,0;2,08;0,0;Plintossolo pétrico;Córrego Pequizal;Bacia do Rio Cuiabá;Bacia do Rio Cuiabá;5,5;;Sentinel-2 de 23/08/2026, pixels de 10 m;Landsat de 13/08/2026, pixels de 30 m
510340310430123;Cuiabá;Urbana;Parque Cuiabá;Coxipó da Ponte;;0,059;490;8334,4;178;2,8;24,5;10,0;55,9;62,9;;99,4;100,0;98,3;0,0;100,0;0,0;3943,2;3000,0;2,4;100,0;65,5;14,5;100,0;100,0;62,7;6,1;15,9;7;0,0;0;0,0;0,0;0;0,146;2,9;39,8;40;5930;360;70;0,7;0,0;0;0,0;0,0;0;0,0;0,0;0;0,0;0,0;2,08;0,0;Plintossolo pétrico;Córrego Figueirinha;Bacia do Rio Cuiabá;Bacia do Rio Cuiabá;3,5;;Sentinel-2 de 23/08/2026, pixels de 10 m;Landsat de 13/08/2026, pixels de 30 m
510340310430124;Cuiabá;Urbana;Parque Atalaia;Coxipó da Ponte;;0,75;880;1172,6;305;2,9;15,1;15,6;53,1;68,5;0,0;95,7;98,0;57,0;0,0;89,5;0,0;2454,1;1600,0;2,5;33,2;76,1;22,6;97,2;39,9;6,4;3,9;35,7;7;15,7;138;30,8;67,4;271;0,438;48,5;35,8;1190;4560;610;890;-3,3;63,7;561;35,3;57,2;503;77,0;74,6;656;52,6;50,7;2,11;18,4;Neossolo flúvico;Afluente s/n do Rio Cuiabá;Bacia do Rio Cuiabá;Bacia do Rio Cuiabá;413,4;;Sentinel-2 de 23/08/2026, pixels de 10 m;Landsat de 13/08/2026, pixels de 30 m
510340310430126;Cuiabá;Urbana;Nossa Senhora Aparecida;Coxipó da Ponte;;0,202;888;4396,7;337;2,6;14,6;12,0;51,0;66,0;;99,1;100,0;46,6;3,3;100,0;0,0;2425,8;1500,0;2,6;99,7;89,2;34,7;100,0;99,7;66,2;0,0;23,3;7;10,6;94;36,7;65,7;325;0,211;10,6;39,1;410;3770;490;470;0,0;0,0;0;0,0;18,6;165;18,6;0,0;0;0,0;0,0;2,08;0,0;Plintossolo pétrico;Córrego Pequizal;Bacia do Rio Cuiabá;Bacia do Rio Cuiabá;24,1;;Sentinel-2 de 23/08/2026, pixels de 10 m;Landsat de 13/08/2026, pixels de 30 m
510340310430127;Cuiabá;Urbana;Altos do Coxipó;Coxipó da Ponte;;0,178;465;2615,9;198;2,3;13,5;9,2;51,6;60,2;;98,5;99,5;90,4;0,0;100,0;0,0;3534,9;2800,0;1,0;84,3;75,7;31,6;100,0;100,0;76,6;0,0;17,2;7;3,6;17;13,8;25,1;64;0,201;10,9;38,9;870;3450;440;350;-0,2;0,0;0;0,0;18,8;87;18,8;0,0;0;0,0;0,0;2,08;0,0;Plintossolo pétrico;Córrego Tijucal;Bacia do Rio Cuiabá;Bacia do Rio Cuiabá;41,7;;Sentinel-2 de 23/08/2026, pixels de 10 m;Landsat de 13/08/2026, pixels de 30 m
510340310430128;Cuiabá;Urbana;Tijucal;Coxipó da Ponte;;0,079;531;6687,3;204;2,6;20,7;10,9;51,4;79,5;0,0;100,0;100,0;99,0;0,0;100,0;0,0;4436,9;4000,0;2,5;99,4;84,4;18,6;100,0;99,4;32,6;0,0;12,5;7;12,0;64;27,0;68,0;143;0,249;18,0;39,7;760;3330;380;790;0,6;0,0;0;0,0;26,3;140;26,3;0,0;0;0,0;10,6;2,06;0,0;Plintossolo pétrico;Córrego Faval;Bacia do Rio Cuiabá;Bacia do Rio Cuiabá;26,8;;Sentinel-2 de 23/08/2026, pixels de 10 m;Landsat de 13/08/2026, pixels de 30 m
510340310430129;Cuiabá;Urbana;Tijucal;Coxipó da Ponte;;0,058;518;8973,0;186;2,8;17,6;11,4;50,6;73,6;0,0;100,0;100,0;98,9;0,0;100,0;0,0;2687,7;2000,0;2,3;100,0;63,3;4,2;100,0;100,0;60,2;0,0;18,4;7;0,0;0;0,0;2,3;0;0,142;1,4;40,7;590;3190;500;270;1,6;0,0;0;0,0;0,5;3;0,5;0,0;0;0,0;0,0;2,08;0,0;Plintossolo pétrico;Córrego Tijucal;Bacia do Rio Cuiabá;Bacia do Rio Cuiabá;1,6;;Sentinel-2 de 23/08/2026, pixels de 10 m;Landsat de 13/08/2026, pixels de 30 m
510340310430130;Cuiabá;Urbana;São Sebastião;Coxipó da Ponte;;0,319;623;1952,7;198;3,1;13,0;15,7;51,2;84,9;;99,5;94,4;8,6;67,2;100,0;;1798,3;1300,0;8,7;37,6;88,4;72,9;100,0;55,9;3,7;0,0;46,2;7;4,7;29;5,4;14,6;34;0,36;31,2;37,9;440;580;270;240;-1,2;0,0;0;0,0;10,0;63;10,5;0,0;0;0,0;15,1;2,08;0,0;Plintossolo pétrico;Córrego Para-Tudo;Bacia do Rio Cuiabá;Bacia do Rio Cuiabá;159,8;;Sentinel-2 de 23/08/2026, pixels de 10 m;Landsat de 13/08/2026, pixels de 30 m
510340310430131;Cuiabá;Urbana;Santa Laura;Coxipó da Ponte;Região do Santa Laura;0,159;1048;6570,6;336;3,1;8,9;16,9;52,2;81,0;0,0;97,9;98,8;86,0;11,3;99,7;2,4;1703,5;1212,0;6,2;18,5;75,6;28,1;100,0;69,5;9,9;2,0;37,6;7;0,0;0;0,0;9,9;0;0,221;7,8;40,2;490;2140;120;250;1,1;0,0;0;0,0;5,2;55;5,2;0,0;0;0,0;0,0;2,08;0,0;Plintossolo pétrico;Córrego São José do Sapateiro;Bacia do Rio Cuiabá;Bacia do Rio Cuiabá;11,8;;Sentinel-2 de 23/08/2026, pixels de 10 m;Landsat de 13/08/2026, pixels de 30 m
510340310430132;Cuiabá;Urbana;Santa Laura;Coxipó da Ponte;Região do Santa Laura;0,197;548;2786,5;170;3,2;10,8;18,2;50,0;80,8;0,0;95,3;92,4;57,6;19,4;88,2;1,8;1445,3;1212,0;9,9;5,3;74,1;31,7;100,0;12,5;0,0;0,0;51,4;7;13,3;73;10,5;27,3;58;0,436;45,1;37,7;570;1680;340;300;-1,4;0,0;0;0,0;31,6;173;31,6;0,0;0;0,0;41,7;2,01;0,0;Plintossolo pétrico;Afluente s/n do Rio Coxipó;Bacia do Rio Cuiabá;Bacia do Rio Cuiabá;162,1;;Sentinel-2 de 23/08/2026, pixels de 10 m;Landsat de 13/08/2026, pixels de 30 m
510340310430133;Cuiabá;Urbana;Jardim Fortaleza;Coxipó da Ponte;Região do Santa Laura;0,095;658;6955,5;227;2,9;7,4;14,9;49,7;84,3;0,5;97,4;96,5;69,2;4,8;100,0;0,0;1731,1;1300,0;3,7;25,1;70,1;7,3;97,9;46,4;20,7;3,8;37,1;7;11,7;77;6,7;26,0;44;0,228;6,0;40,3;660;2630;150;160;1,2;0,0;0;0,0;8,9;59;8,9;0,0;0;0,0;0,0;2,08;0,0;Plintossolo pétrico;Córrego São José do Sapateiro;Bacia do Rio Cuiabá;Bacia do Rio Cuiabá;8,7;;Sentinel-2 de 23/08/2026, pixels de 10 m;Landsat de 13/08/2026, pixels de 30 m
510340310430134;Cuiabá;Urbana;Jardim Fortaleza;Coxipó da Ponte;Região do Santa Laura;0,087;660;7617,9;201;3,3;7,1;15,9;47,4;82,9;1,4;98,0;98,0;59,7;3,0;100,0;0,0;1787,4;1212,0;5,9;7,1;73,2;6,5;100,0;7,1;6,8;4,1;42,6;7;15,3;101;11,1;36,7;73;0,26;9,1;40,1;960;2900;370;140;1,0;0,0;0;0,0;12,6;83;12,6;0,0;0;0,0;0,0;2,08;0,0;Plintossolo pétrico;Córrego São José do Sapateiro;Bacia do Rio Cuiabá;Bacia do Rio Cuiabá;12,0;;Sentinel-2 de 23/08/2026, pixels de 10 m;Landsat de 13/08/2026, pixels de 30 m
510340310430136;Cuiabá;Urbana;São João Del Rey;Coxipó da Ponte;;0,061;628;10327,0;231;2,7;13,4;14,0;49,2;78,8;0,0;99,1;99,1;93,9;1,3;99,1;0,0;1877,4;1246,0;4,4;100,0;74,3;4,2;100,0;100,0;92,6;0,0;22,4;7;0,0;0;0,0;0,0;0;0,18;3,1;40,7;680;2890;400;360;1,6;0,0;0;0,0;0,0;0;0,0;0,0;0;0,0;0,0;2,08;0,0;Plintossolo pétrico;Córrego Fortaleza;Bacia do Rio Cuiabá;Bacia do Rio Cuiabá;3,0;;Sentinel-2 de 23/08/2026, pixels de 10 m;Landsat de 13/08/2026, pixels de 30 m
510340310430137;Cuiabá;Urbana;Osmar Cabral;Coxipó da Ponte;;0,336;1248;3719,6;453;2,8;4,2;22,1;47,3;83,5;0,3;87,6;96,5;85,0;3,3;98,0;1,1;2010,7;1500,0;3,8;14,0;53,9;11,2;100,0;14,0;6,0;0,0;39,8;7;17,2;215;23,3;65,2;291;0,243;6,0;40,0;1050;3280;210;190;0,9;0,0;0;0,0;8,7;109;14,8;0,0;0;0,0;0,0;2,08;0,0;Plintossolo pétrico;Córrego Fortaleza;Bacia do Rio Cuiabá;Bacia do Rio Cuiabá;16,2;;Sentinel-2 de 23/08/2026, pixels de 10 m;Landsat de 13/08/2026, pixels de 30 m
510340310430139;Cuiabá;Urbana;Pedra 90;Coxipó da Ponte;;0,098;706;7202,9;247;2,9;9,9;18,6;50,6;83,6;0,0;85,0;96,4;7,7;8,1;100,0;;1922,7;1500,0;5,9;100,0;50,8;0,0;100,0;100,0;25,2;0,0;41,6;7;0,0;0;0,0;0,0;0;0,244;11,6;40,2;640;4220;510;150;1,1;0,0;0;0,0;0,0;0;0,0;0,0;0;0,0;0,0;1,64;0,0;Latossolo vermelho-amarelo;Córrego Aricá;Bacia do Rio Cuiabá;Bacia do Rio Ariçá-Açu;16,1;;Sentinel-2 de 23/08/2026, pixels de 10 m;Landsat de 13/08/2026, pixels de 30 m
510340310430140;Cuiabá;Urbana;Pedra 90;Coxipó da Ponte;;0,125;959;7666,4;305;3,1;11,3;17,9;51,3;77,7;0,8;87,2;90,2;5,9;67,2;100,0;0,0;2140,9;1700,0;4,9;100,0;78,7;0,3;100,0;100,0;97,2;1,3;35,7;7;0,0;0;0,0;0,0;0;0,203;3,8;40,7;270;3810;240;500;1,6;0,0;0;0,0;0,0;0;0,0;0,0;0;0,0;0,6;1,64;0,0;Latossolo vermelho-amarelo;Ribeirão dos Peixes;Bacia do Rio Cuiabá;Bacia do Rio Ariçá-Açu;5,0;;Sentinel-2 de 23/08/2026, pixels de 10 m;Landsat de 13/08/2026, pixels de 30 m
510340310430141;Cuiabá;Urbana;Pedra 90;Coxipó da Ponte;;0,066;641;9686,9;210;3,1;11,4;15,6;50,9;76,4;0,0;97,1;92,4;0,0;89,5;100,0;;1812,3;1300,0;2,4;100,0;100,0;11,2;100,0;100,0;28,2;0,0;30,3;7;0,0;0;0,0;0,0;0;0,158;1,1;40,8;480;2400;330;230;1,7;0,0;0;0,0;0,0;0;0,0;0,0;0;0,0;0,0;1,68;0,0;Latossolo vermelho-amarelo;Córrego Para-Tudo;Bacia do Rio Cuiabá;Bacia do Rio Cuiabá;1,1;;Sentinel-2 de 23/08/2026, pixels de 10 m;Landsat de 13/08/2026, pixels de 30 m
510340310430142;Cuiabá;Urbana;Pedra 90;Coxipó da Ponte;;0,119;729;6117,2;241;3;14,4;14,1;51,9;78,9;0,0;100,0;98,3;1,2;89,6;100,0;2,1;2367,1;1800,0;4,6;100,0;50,3;7,1;100,0;100,0;15,6;0,7;37,5;7;0,0;0;0,0;0,0;0;0,177;5,5;40,5;350;2480;70;60;1,4;0,0;0;0,0;0,0;0;0,0;0,0;0;0,0;0,0;2,01;0,0;Plintossolo pétrico;Afluente s/n do Rio Coxipó;Bacia do Rio Cuiabá;Bacia do Rio Cuiabá;9,0;;Sentinel-2 de 23/08/2026, pixels de 10 m;Landsat de 13/08/2026, pixels de 30 m
510340310430143;Cuiabá;Urbana;Pedra 90;Coxipó da Ponte;;0,093;812;8723,2;265;3,1;9,5;15,1;51,7;78,9;;92,1;96,2;12,5;11,7;99,6;0,0;2006,3;1500,0;5,1;100,0;81,9;20,6;100,0;100,0;78,1;0,0;34,2;7;0,0;0;11,2;20,7;91;0,184;1,9;40,9;290;3520;110;320;1,8;0,0;0;0,0;0,0;0;0,0;0,0;0;0,0;0,0;1,64;0,0;Latossolo vermelho-amarelo;Córrego Aricá;Bacia do Rio Cuiabá;Bacia do Rio Ariçá-Açu;2,2;;Sentinel-2 de 23/08/2026, pixels de 10 m;Landsat de 13/08/2026, pixels de 30 m
510340310430144;Cuiabá;Urbana;Pedra 90;Coxipó da Ponte;;0,106;868;8187,0;301;2,9;7,6;17,1;50,6;76,0;;95,7;95,0;17,3;4,7;99,7;1,3;1879,5;1500,0;3,9;100,0;83,9;5,6;100,0;100,0;61,4;0,0;31,8;7;0,0;0;36,3;66,1;315;0,19;3,4;40,9;480;3340;330;100;1,8;0,0;0;0,0;0,0;0;0,0;0,0;0;0,0;0,0;1,76;0,0;Latossolo vermelho-amarelo;Córrego Aricá;Bacia do Rio Cuiabá;Bacia do Rio Ariçá-Açu;4,2;;Sentinel-2 de 23/08/2026, pixels de 10 m;Landsat de 13/08/2026, pixels de 30 m
510340310430145;Cuiabá;Urbana;Pedra 90;Coxipó da Ponte;;0,107;924;8655,1;316;2,9;10,4;16,0;48,8;82,3;;94,6;99,4;6,6;3,2;100,0;0,9;2123,9;1500,0;5,5;100,0;68,3;19,8;100,0;93,2;77,3;0,6;36,7;7;8,2;75;9,9;64,9;92;0,172;3,2;41,0;730;3130;340;180;1,9;0,0;0;0,0;0,0;0;0,0;0,0;0;0,0;0,0;1,98;0,0;Plintossolo pétrico;Córrego Aricá;Bacia do Rio Cuiabá;Bacia do Rio Ariçá-Açu;3,7;;Sentinel-2 de 23/08/2026, pixels de 10 m;Landsat de 13/08/2026, pixels de 30 m
510340310430146;Cuiabá;Urbana;Nova Esperança;Coxipó da Ponte;;0,163;751;4599,6;257;2,9;9,3;16,0;48,1;74,2;0,8;98,8;96,1;14,0;4,7;100,0;;2101,2;1800,0;3,5;28,4;73,6;21,7;100,0;97,2;6,3;2,4;42,3;7;0,0;0;0,0;0,0;0;0,206;2,8;40,2;580;540;380;190;1,1;0,0;0;0,0;0,0;0;0,0;0,0;0;0,0;0,0;1,64;0,0;Latossolo vermelho-amarelo;Córrego Para-Tudo;Bacia do Rio Cuiabá;Bacia do Rio Cuiabá;6,1;;Sentinel-2 de 23/08/2026, pixels de 10 m;Landsat de 13/08/2026, pixels de 30 m
510340310430148;Cuiabá;Urbana;Jardim Industriário;Coxipó da Ponte;;0,825;747;906,0;279;2,7;10,2;12,6;45,2;73,4;0,4;98,9;95,0;6,1;29,0;99,3;0,0;2259,2;1600,0;3,5;99,7;97,6;77,6;100,0;100,0;88,4;0,9;29,5;7;11,9;89;25,6;80,7;192;0,134;2,6;41,2;940;2150;300;1030;2,1;0,0;0;0,0;0,0;0;0,0;0,0;0;0,0;0,0;1,64;0,0;Latossolo vermelho-amarelo;Ribeirão dos Cágados;Bacia do Rio Cuiabá;Bacia do Rio Ariçá-Açu;28,7;;Sentinel-2 de 23/08/2026, pixels de 10 m;Landsat de 13/08/2026, pixels de 30 m
510340310430149;Cuiabá;Urbana;Pascoal Ramos;Coxipó da Ponte;;0,282;617;2185,6;198;3,1;4,4;19,4;50,7;81,2;0,0;97,0;97,5;93,4;5,6;100,0;0,0;1910,9;1500,0;5,2;100,0;95,5;52,0;100,0;100,0;100,0;0,0;20,3;7;0,0;0;0,0;0,0;0;0,198;14,4;40,8;1430;1520;40;310;1,7;0,0;0;0,0;0,0;0;0,0;0,0;0;0,0;1,4;1,65;0,0;Latossolo vermelho-amarelo;Afluente s/n do Córrego Caité;Bacia do Rio Cuiabá;Bacia do Rio Ariçá-Açu;65,8;;Sentinel-2 de 23/08/2026, pixels de 10 m;Landsat de 13/08/2026, pixels de 30 m
510340310430151;Cuiabá;Urbana;São Francisco;Coxipó da Ponte;Região do Passaredo;0,231;283;1222,5;89;3,2;15,2;11,7;46,6;78,4;;92,1;100,0;21,3;66,3;100,0;0,0;2526,4;2000,0;5,9;21,6;82,0;40,3;90,8;13,8;7,1;7,4;43,5;7;0,0;0;0,0;0,0;0;0,246;17,7;40,1;450;2520;370;570;1,0;0,0;0;0,0;0,0;0;0,0;0,0;0;0,0;0,0;1,65;0,0;Latossolo vermelho-amarelo;Córrego Faval;Bacia do Rio Cuiabá;Bacia do Rio Cuiabá;144,5;;Sentinel-2 de 23/08/2026, pixels de 10 m;Landsat de 13/08/2026, pixels de 30 m
510340310430152;Cuiabá;Urbana;Residencial Coxipó;Coxipó da Ponte;Região do Residencial do Coxipó;0,14;867;6172,5;311;2,8;11,9;15,8;52,5;82,7;0,0;100,0;99,7;19,9;6,1;100,0;0,0;1615,8;1212,0;6,3;19,4;54,3;0,0;100,0;19,4;0,0;7,7;50,1;7;0,3;2;1,3;6,7;12;0,19;2,0;39,2;670;5260;110;580;0,1;0,0;0;0,0;0,5;4;0,5;0,0;0;0,0;0,0;2,08;0,0;Plintossolo pétrico;Córrego Faval;Bacia do Rio Cuiabá;Bacia do Rio Cuiabá;3,2;;Sentinel-2 de 23/08/2026, pixels de 10 m;Landsat de 13/08/2026, pixels de 30 m
510340310430153;Cuiabá;Urbana;Jardim Mossoró;Coxipó da Ponte;Jardim Mossoró;0,114;796;6987,7;315;2,5;11,1;12,7;48,4;77,6;;99,7;99,4;45,1;46,0;99,4;0,0;2250,3;2000,0;2,7;2,5;83,4;6,0;100,0;16,3;2,5;0,0;38,8;7;6,0;48;15,7;47,8;125;0,213;3,8;39,1;360;4630;390;240;0,0;0,0;0;0,0;0,3;3;0,3;0,0;0;0,0;3,4;2,08;0,0;Plintossolo pétrico;Córrego Figueirinha;Bacia do Rio Cuiabá;Bacia do Rio Cuiabá;5,4;;Sentinel-2 de 23/08/2026, pixels de 10 m;Landsat de 13/08/2026, pixels de 30 m
510340310430155;Cuiabá;Urbana;Parque Cuiabá;Coxipó da Ponte;;0,078;485;6203,3;164;3;21,2;12,4;56,3;67,0;0,0;100,0;100,0;96,3;0,0;100,0;0,0;3486,4;2220,0;1,5;97,1;66,6;18,1;100,0;97,9;59,0;6,0;16,2;7;0,0;0;0,0;0,0;0;0,181;5,3;39,8;400;5240;380;70;0,7;0,0;0;0,0;0,0;0;0,0;0,0;0;0,0;0,0;2,08;0,0;Plintossolo pétrico;Afluente s/n do Rio Cuiabá;Bacia do Rio Cuiabá;Bacia do Rio Cuiabá;8,5;;Sentinel-2 de 23/08/2026, pixels de 10 m;Landsat de 13/08/2026, pixels de 30 m
510340310430156;Cuiabá;Urbana;Parque Geórgia;Coxipó da Ponte;;0,16;1017;6359,6;364;2,8;7,0;15,2;50,0;69,7;0,3;91,5;100,0;96,4;0,0;100,0;;5935,1;4500,0;1,0;44,5;43,7;28,4;44,5;44,5;44,1;1,1;24,4;7;0,0;0;0,0;6,2;0;0,177;5,4;38,1;800;3390;1510;170;-1,0;0,0;0;0,0;0,1;1;0,1;0,0;0;0,0;0,0;2,08;0,0;Plintossolo pétrico;Afluente s/n do Rio Cuiabá;Bacia do Rio Cuiabá;Bacia do Rio Cuiabá;8,5;;Sentinel-2 de 23/08/2026, pixels de 10 m;Landsat de 13/08/2026, pixels de 30 m
510340310430157;Cuiabá;Urbana;Jardim Gramado;Coxipó da Ponte;;0,334;906;2712,9;328;2,7;14,8;12,1;54,0;61,1;;100,0;100,0;41,2;3,4;100,0;0,0;5136,0;3600,0;1,9;54,7;51,2;26,8;54,7;53,4;50,2;0,0;30,3;7;0,0;0;0,0;4,9;0;0,365;38,8;37,6;1260;2540;260;160;-1,5;0,0;0;0,0;11,1;100;45,8;0,0;0;0,0;31,8;2,02;0,0;Plintossolo pétrico;Afluente s/n do Córrego São Gonçalo;Bacia do Rio Cuiabá;Bacia do Rio Cuiabá;143,0;;Sentinel-2 de 23/08/2026, pixels de 10 m;Landsat de 13/08/2026, pixels de 30 m
510340310430158;Cuiabá;Urbana;Coxipó;Coxipó da Ponte;;0,29;607;2092,6;226;2,7;11,2;12,4;53,9;49,9;;100,0;99,6;85,4;11,9;100,0;0,0;7406,6;5000,0;0,6;69,5;67,4;60,5;69,5;69,5;65,4;0,0;15,8;7;19,3;117;11,0;33,8;67;0,405;45,2;37,0;1530;1680;440;430;-2,1;0,0;0;0,0;39,6;240;67,5;12,1;73;7,1;39,4;1,99;0,0;Plintossolo pétrico;Córrego Shangri-lá;Bacia do Rio Cuiabá;Bacia do Rio Cuiabá;215,9;;Sentinel-2 de 23/08/2026, pixels de 10 m;Landsat de 13/08/2026, pixels de 30 m
510340310430160;Cuiabá;Urbana;Nossa Senhora Aparecida;Coxipó da Ponte;;0,257;620;2412,5;200;3,1;19,0;12,3;49,7;57,1;;97,5;100,0;34,0;18,5;100,0;0,0;5583,2;4000,0;0,6;98,5;79,5;16,8;100,0;100,0;62,7;0,5;19,5;7;0,0;0;13,1;18,2;81;0,188;7,5;39,7;1010;3700;260;180;0,6;0,0;0;0,0;0,0;0;0,0;0,0;0;0,0;0,0;2,08;0,0;Plintossolo pétrico;Afluente s/n do Córrego São Gonçalo;Bacia do Rio Cuiabá;Bacia do Rio Cuiabá;31,1;;Sentinel-2 de 23/08/2026, pixels de 10 m;Landsat de 13/08/2026, pixels de 30 m
510340310430161;Cuiabá;Urbana;São José;Coxipó da Ponte;;0,271;292;1077,4;98;2,8;16,1;12,0;51,7;77,4;0,0;94,9;98,0;53,1;11,2;100,0;0,0;2433,2;1750,0;1,7;99,3;60,9;20,1;100,0;98,9;20,1;0,0;26,2;7;2,6;7;54,3;85,0;159;0,219;11,8;39,2;500;4560;640;560;0,1;0,0;0;0,0;6,5;19;6,5;0,0;0;0,0;18,6;2,05;0,0;Plintossolo pétrico;Córrego Faval;Bacia do Rio Cuiabá;Bacia do Rio Cuiabá;109,5;;Sentinel-2 de 23/08/2026, pixels de 10 m;Landsat de 13/08/2026, pixels de 30 m
510340310430162;Cuiabá;Urbana;Tijucal;Coxipó da Ponte;;0,068;486;7159,5;175;2,8;17,9;12,3;53,1;75,1;0,0;100,0;99,4;96,0;3,4;100,0;0,0;2350,6;1800,0;3,4;81,9;73,7;0,0;100,0;100,0;25,7;0,0;21,9;7;16,6;81;41,9;71,6;204;0,247;17,7;39,1;720;2060;270;240;0,0;0,0;0;0,0;25,2;123;25,2;0,0;0;0,0;4,8;2,07;0,0;Plintossolo pétrico;Córrego Imbauval;Bacia do Rio Cuiabá;Bacia do Rio Cuiabá;24,8;;Sentinel-2 de 23/08/2026, pixels de 10 m;Landsat de 13/08/2026, pixels de 30 m
510340310430163;Cuiabá;Urbana;Tijucal;Coxipó da Ponte;;0,074;403;5453,5;146;2,8;23,1;10,2;54,6;69,2;0,0;99,3;100,0;99,3;0,0;100,0;0,0;2709,6;2300,0;2,6;96,5;79,7;0,0;100,0;96,5;47,6;0,0;16,9;7;0,0;0;32,9;79,7;133;0,143;1,8;40,9;380;2290;340;450;1,8;0,0;0;0,0;0,0;0;0,0;0,0;0;0,0;0,0;2,08;0,0;Plintossolo pétrico;Córrego Tijucal;Bacia do Rio Cuiabá;Bacia do Rio Cuiabá;3,3;;Sentinel-2 de 23/08/2026, pixels de 10 m;Landsat de 13/08/2026, pixels de 30 m
510340310430164;Cuiabá;Urbana;Tijucal;Coxipó da Ponte;;0,042;351;8285,0;124;2,8;18,2;12,5;56,1;68,9;0,0;100,0;100,0;97,6;0,0;100,0;0,0;2688,8;2450,0;;100,0;89,5;21,1;100,0;100,0;99,1;0,0;14,4;6;0,0;0;48,2;67,9;169;0,125;0,5;41,1;460;2320;250;290;2,0;0,0;0;0,0;0,0;0;0,0;0,0;0;0,0;0,0;2,08;0,0;Plintossolo pétrico;Córrego Tijucal;Bacia do Rio Cuiabá;Bacia do Rio Cuiabá;0,6;;Sentinel-2 de 23/08/2026, pixels de 10 m;Landsat de 13/08/2026, pixels de 30 m
510340310430165;Cuiabá;Urbana;Santa Laura;Coxipó da Ponte;Região do Santa Laura;0,119;699;5881,6;223;3,1;7,4;18,9;51,9;79,3;;98,7;99,1;94,6;1,3;98,7;0,0;1958,9;1400,0;6,1;14,0;66,8;27,0;100,0;53,2;0,3;0,7;37,4;7;33,8;236;47,2;76,4;330;0,331;23,7;38,9;950;2880;560;300;-0,2;0,0;0;0,0;29,3;205;29,3;0,0;0;0,0;0,0;2,08;0,0;Plintossolo pétrico;Córrego São José do Sapateiro;Bacia do Rio Cuiabá;Bacia do Rio Cuiabá;40,3;;Sentinel-2 de 23/08/2026, pixels de 10 m;Landsat de 13/08/2026, pixels de 30 m
510340310430166;Cuiabá;Urbana;São João Del Rey;Coxipó da Ponte;;0,138;1048;7620,6;329;3,2;7,3;17,7;49,0;84,3;;96,7;97,0;84,5;2,7;98,2;2,7;1840,2;1500,0;4,5;31,4;82,5;41,2;96,3;52,7;29,5;0,5;33,2;7;0,7;7;10,6;28,9;111;0,219;5,7;39,7;600;2540;350;460;0,6;0,0;0;0,0;3,2;33;3,2;0,0;0;0,0;0,0;2,08;0,0;Plintossolo pétrico;Afluente s/n do Rio Coxipó;Bacia do Rio Cuiabá;Bacia do Rio Cuiabá;7,5;;Sentinel-2 de 23/08/2026, pixels de 10 m;Landsat de 13/08/2026, pixels de 30 m
510340310430167;Cuiabá;Urbana;São João Del Rey;Coxipó da Ponte;;0,111;890;7995,9;302;2,9;11,6;16,2;53,3;79,3;;99,7;99,0;94,4;2,0;100,0;1,0;1794,4;1212,0;5,9;80,4;72,2;5,2;100,0;80,4;79,6;1,5;27,1;7;11,4;102;0,0;3,5;0;0,187;3,9;40,4;350;2490;490;210;1,3;0,0;0;0,0;0,0;0;0,0;0,0;0;0,0;0,0;2,08;0,0;Plintossolo pétrico;Afluente s/n do Rio Coxipó;Bacia do Rio Cuiabá;Bacia do Rio Cuiabá;4,9;;Sentinel-2 de 23/08/2026, pixels de 10 m;Landsat de 13/08/2026, pixels de 30 m
510340310430170;Cuiabá;Urbana;Pedra 90;Coxipó da Ponte;;0,084;490;5821,1;157;3,1;9,2;17,6;54,1;78,8;0,6;93,0;100,0;12,7;62,4;100,0;0,0;2016,4;1440,0;3,1;100,0;64,3;0,0;100,0;100,0;93,9;6,3;34,3;7;0,5;2;1,1;30,4;5;0,191;4,8;40,3;950;3120;70;230;1,2;0,0;0;0,0;0,0;0;0,0;0,0;0;0,0;0,0;2,08;0,0;Plintossolo pétrico;Córrego Aricá;Bacia do Rio Cuiabá;Bacia do Rio Ariçá-Açu;8,2;;Sentinel-2 de 23/08/2026, pixels de 10 m;Landsat de 13/08/2026, pixels de 30 m
510340310430172;Cuiabá;Urbana;Pedra 90;Coxipó da Ponte;Pedra 90 C;0,08;476;5918,2;148;3,2;7,1;22,3;47,9;80,9;0,0;91,9;83,1;7,4;7,4;93,2;0,0;1493,5;1212,0;5,4;100,0;93,6;40,1;100,0;100,0;72,9;0,0;36,8;7;8,6;41;2,8;31,9;13;0,301;15,9;39,1;730;4040;310;430;0,0;0,0;0;0,0;30,3;144;31,9;0,0;0;0,0;1,3;2,02;0,0;Plintossolo argilúvico;Córrego Aricá;Bacia do Rio Cuiabá;Bacia do Rio Ariçá-Açu;26,7;;Sentinel-2 de 23/08/2026, pixels de 10 m;Landsat de 13/08/2026, pixels de 30 m
510340310430173;Cuiabá;Urbana;Pedra 90;Coxipó da Ponte;;0,067;671;10083,0;214;3,1;9,5;15,4;51,0;77,0;0,0;93,5;97,2;2,3;9,3;100,0;1,4;1864,5;1500,0;5,5;100,0;88,5;20,0;100,0;100,0;97,0;0,0;35,4;7;0,0;0;0,0;0,0;0;0,173;1,8;40,7;580;2750;160;330;1,6;0,0;0;0,0;0,0;0;0,0;0,0;0;0,0;0,0;2,08;0,0;Plintossolo pétrico;Afluente s/n do Rio Coxipó;Bacia do Rio Cuiabá;Bacia do Rio Ariçá-Açu;1,8;;Sentinel-2 de 23/08/2026, pixels de 10 m;Landsat de 13/08/2026, pixels de 30 m
510340310430175;Cuiabá;Urbana;Jardim Industriário;Coxipó da Ponte;;0,109;791;7242,7;256;3,1;7,1;14,2;52,0;74,1;0,0;100,0;100,0;7,8;6,2;99,2;0,0;2426,4;2000,0;2,7;1,9;83,8;20,9;100,0;100,0;0,0;1,4;43,7;7;0,0;0;0,0;0,0;0;0,162;0,6;40,6;120;1100;270;420;1,5;0,0;0;0,0;0,0;0;0,0;0,0;0;0,0;0,0;1,64;0,0;Latossolo vermelho-amarelo;Ribeirão dos Cágados;Bacia do Rio Cuiabá;Bacia do Rio Ariçá-Açu;0,8;;Sentinel-2 de 23/08/2026, pixels de 10 m;Landsat de 13/08/2026, pixels de 30 m
510340310430176;Cuiabá;Urbana;Jardim Industriário;Coxipó da Ponte;;0,125;840;6707,4;285;2,9;11,1;13,9;52,5;79,6;2,0;98,6;98,6;2,5;4,9;100,0;;2078,1;1600,0;2,0;26,5;65,5;4,5;100,0;100,0;15,6;0,0;43,9;7;0,0;0;0,0;0,0;0;0,209;5,6;40,0;320;1220;410;590;0,9;0,0;0;0,0;0,0;0;0,0;0,0;0;0,0;1,1;1,64;0,0;Latossolo vermelho-amarelo;Ribeirão dos Cágados;Bacia do Rio Cuiabá;Bacia do Rio Ariçá-Açu;8,3;;Sentinel-2 de 23/08/2026, pixels de 10 m;Landsat de 13/08/2026, pixels de 30 m
510340310430177;Cuiabá;Urbana;Jardim Industriário;Coxipó da Ponte;;0,07;422;5994,4;160;2,6;11,4;12,6;47,6;79,4;0,0;100,0;99,4;2,5;5,0;100,0;0,0;2656,7;2000,0;1,5;100,0;91,0;30,1;100,0;100,0;53,3;3,6;27,4;7;0,0;0;0,0;0,0;0;0,182;4,2;40,0;220;1060;290;90;0,9;0,0;0;0,0;0,0;0;0,0;0,0;0;0,0;0,0;1,64;0,0;Latossolo vermelho-amarelo;Afluente s/n do Córrego Caité;Bacia do Rio Cuiabá;Bacia do Rio Ariçá-Açu;7,0;;Sentinel-2 de 23/08/2026, pixels de 10 m;Landsat de 13/08/2026, pixels de 30 m
510340310430179;Cuiabá;Urbana;;Coxipó da Ponte;;0,469;965;2059,6;365;2,6;9,7;15,2;49,1;70,3;;100,0;99,7;6,8;1,1;100,0;0,0;2621,5;1800,0;2,4;100,0;70,7;0,0;100,0;100,0;96,8;0,2;30,8;7;1,5;14;8,3;40,5;80;0,248;10,3;39,4;1120;6900;290;500;0,3;0,0;0;0,0;0,0;0;0,1;0,0;0;0,0;0,9;1,89;0,0;Plintossolo pétrico;Microbacia sem nome;Bacia do Rio Cuiabá;Bacia do Rio Cuiabá;50,1;;Sentinel-2 de 23/08/2026, pixels de 10 m;Landsat de 13/08/2026, pixels de 30 m
510340310430180;Cuiabá;Urbana;;Coxipó da Ponte;;0,117;390;3337,4;129;3;9,2;18,7;50,3;76,2;0,0;99,2;100,0;10,9;2,3;100,0;0,0;2434,4;1800,0;3,1;100,0;85,4;50,3;100,0;93,1;69,2;6,9;29,4;7;0,0;0;0,0;19,8;0;0,277;9,8;39,3;1280;6550;170;40;0,2;0,0;0;0,0;0,0;0;0,0;0,0;0;0,0;5,3;1,65;0,0;Latossolo vermelho-amarelo;Microbacia sem nome;Bacia do Rio Cuiabá;Bacia do Rio Cuiabá;29,4;;Sentinel-2 de 23/08/2026, pixels de 10 m;Landsat de 13/08/2026, pixels de 30 m
510340310430182;Cuiabá;Urbana;Jardim Passaredo;Coxipó da Ponte;;0,298;472;1582,3;163;2,9;10,6;13,3;50,4;79,4;0,0;99,4;100,0;6,1;0,0;100,0;0,0;2957,0;1973,0;1,9;0,0;84,5;43,9;100,0;12,5;0,0;0,0;41,9;7;0,0;0;0,0;0,0;0;0,309;19,6;40,0;1130;1410;440;80;0,9;0,0;0;0,0;0,0;0;0,0;0,0;0;0,0;0,0;1,68;0,0;Latossolo vermelho-amarelo;Córrego Imbauval;Bacia do Rio Cuiabá;Bacia do Rio Cuiabá;123,7;;Sentinel-2 de 23/08/2026, pixels de 10 m;Landsat de 13/08/2026, pixels de 30 m
510340310430183;Cuiabá;Urbana;Residencial Coxipó;Coxipó da Ponte;;0,078;656;8416,6;211;3,1;11,4;15,4;54,6;74,7;0,0;99,1;99,5;22,7;61,6;99,5;0,0;2304,5;1800,0;4,8;4,9;39,4;0,0;100,0;4,9;2,6;0,3;50,2;7;0,0;0;2,2;20,2;15;0,185;1,4;40,1;490;5110;90;380;1,0;0,0;0;0,0;1,4;9;1,4;0,0;0;0,0;0,0;2,08;0,0;Plintossolo pétrico;Córrego Faval;Bacia do Rio Cuiabá;Bacia do Rio Cuiabá;1,7;;Sentinel-2 de 23/08/2026, pixels de 10 m;Landsat de 13/08/2026, pixels de 30 m
510340310430185;Cuiabá;Urbana;Parque Atalaia;Coxipó da Ponte;;0,549;1408;2566,3;479;2,9;10,4;15,4;52,7;78,1;;99,8;100,0;53,9;0,8;100,0;0,0;2352,4;1800,0;5,6;72,9;76,6;10,8;100,0;67,5;47,2;4,1;31,2;7;6,7;95;26,2;36,0;368;0,351;32,3;36,8;870;4490;580;440;-2,3;40,2;566;32,3;38,1;536;39,6;41,4;582;37,6;20,2;2,14;30,7;Neossolo flúvico;Afluente s/n do Rio Cuiabá;Bacia do Rio Cuiabá;Bacia do Rio Cuiabá;125,9;;Sentinel-2 de 23/08/2026, pixels de 10 m;Landsat de 13/08/2026, pixels de 30 m
510340310430186;Cuiabá;Urbana;Altos do Coxipó;Coxipó da Ponte;;1,84;618;335,8;312;2;19,4;7,8;50,8;52,9;0,0;100,0;99,7;98,1;0,0;99,4;0,0;3420,2;2500,0;3,3;59,5;75,7;19,9;99,2;62,5;3,7;0,0;22,2;7;14,8;92;31,6;60,5;195;0,411;45,0;37,4;1120;4140;1120;440;-1,7;0,0;0;0,0;55,5;343;57,5;7,3;45;3,8;55,6;1,98;0,0;Plintossolo pétrico;Córrego do Moinho;Bacia do Rio Cuiabá;Bacia do Rio Cuiabá;1339,8;;Sentinel-2 de 23/08/2026, pixels de 10 m;Landsat de 13/08/2026, pixels de 30 m
510340310430188;Cuiabá;Urbana;Pedra 90;Coxipó da Ponte;;0,147;1313;8927,6;432;3;7,8;19,6;49,5;79,6;0,0;95,1;97,2;31,5;7,9;99,8;;1853,1;1500,0;12,0;100,0;69,1;13,4;100,0;100,0;68,8;0,0;40,9;7;0,0;0;0,0;0,0;0;0,232;6,7;40,1;830;4350;570;260;1,0;0,0;0;0,0;0,0;0;0,0;0,0;0;0,0;0,0;1,75;0,0;Latossolo vermelho-amarelo;Córrego Aricá;Bacia do Rio Cuiabá;Bacia do Rio Ariçá-Açu;7,5;;Sentinel-2 de 23/08/2026, pixels de 10 m;Landsat de 13/08/2026, pixels de 30 m
510340310430189;Cuiabá;Urbana;Nova Esperança;Coxipó da Ponte;;0,126;610;4826,9;227;2,7;9,7;14,4;49,3;81,3;0,0;100,0;100,0;4,8;8,8;100,0;0,0;1880,1;1212,0;5,9;30,0;88,5;21,3;100,0;100,0;0,8;4,3;44,4;7;0,0;0;0,0;0,0;0;0,187;3,2;39,9;420;830;250;240;0,8;0,0;0;0,0;0,0;0;0,0;0,0;0;0,0;0,0;1,64;0,0;Latossolo vermelho-amarelo;Córrego Para-Tudo;Bacia do Rio Cuiabá;Bacia do Rio Ariçá-Açu;6,6;;Sentinel-2 de 23/08/2026, pixels de 10 m;Landsat de 13/08/2026, pixels de 30 m
510340310430190;Cuiabá;Urbana;Pascoal Ramos;Coxipó da Ponte;;0,126;703;5572,5;240;2,9;6,4;13,1;55,2;67,7;0,7;100,0;100,0;100,0;0,0;100,0;0,0;4006,8;2950,0;;100,0;96,4;83,4;100,0;100,0;87,9;2,6;9,9;6;0,0;0;0,0;0,0;0;0,158;4,1;40,4;960;1540;270;140;1,3;0,0;0;0,0;0,0;0;0,0;0,0;0;0,0;0,0;1,64;0,0;Latossolo vermelho-amarelo;Córrego Para-Tudo;Bacia do Rio Cuiabá;Bacia do Rio Ariçá-Açu;7,3;;Sentinel-2 de 23/08/2026, pixels de 10 m;Landsat de 13/08/2026, pixels de 30 m
510340310430191;Cuiabá;Urbana;Pascoal Ramos;Coxipó da Ponte;;0,378;498;1316,6;179;2,8;15,1;16,9;51,4;73,9;0,0;94,4;100,0;15,1;32,4;99,4;;2160,0;1500,0;5,6;91,8;68,3;25,9;98,2;91,8;35,5;0,4;36,8;7;0,0;0;0,0;0,2;0;0,166;5,2;40,2;580;790;640;290;1,1;0,0;0;0,0;0,0;0;0,0;0,0;0;0,0;0,9;1,71;0,0;Latossolo vermelho-amarelo;Córrego Para-Tudo;Bacia do Rio Cuiabá;Bacia do Rio Cuiabá;39,5;;Sentinel-2 de 23/08/2026, pixels de 10 m;Landsat de 13/08/2026, pixels de 30 m
510340310430192;Cuiabá;Urbana;Osmar Cabral;Coxipó da Ponte;;0,101;689;6839,8;244;2,8;2,9;18,6;51,8;77,2;0,0;100,0;96,7;96,3;2,0;100,0;0,0;2683,2;2200,0;;99,0;91,9;13,1;100,0;96,2;54,9;0,0;14,4;6;0,6;4;49,6;81,2;342;0,156;0,3;39,8;1250;3470;280;230;0,7;0,0;0;0,0;0,0;0;1,0;0,0;0;0,0;0,0;2,08;0,0;Plintossolo pétrico;Córrego São José do Sapateiro;Bacia do Rio Cuiabá;Bacia do Rio Cuiabá;0,4;;Sentinel-2 de 23/08/2026, pixels de 10 m;Landsat de 13/08/2026, pixels de 30 m
510340310430193;Cuiabá;Urbana;Osmar Cabral;Coxipó da Ponte;;0,099;489;4960,2;181;2,7;1,2;21,1;50,3;80,6;0,0;100,0;100,0;100,0;0,0;100,0;0,0;2711,0;2100,0;0,0;100,0;97,8;69,5;100,0;100,0;100,0;0,0;10,7;7;17,2;84;21,2;41,4;104;0,263;18,6;39,4;1370;3450;410;240;0,3;0,0;0;0,0;21,7;106;21,7;0,0;0;0,0;16,4;2,05;0,0;Plintossolo pétrico;Córrego São José do Sapateiro;Bacia do Rio Cuiabá;Bacia do Rio Cuiabá;37,7;;Sentinel-2 de 23/08/2026, pixels de 10 m;Landsat de 13/08/2026, pixels de 30 m
510340310430194;Cuiabá;Urbana;;Coxipó da Ponte;Região do Santa Laura;0,09;644;7194,0;234;2,8;13,2;12,4;52,6;87,0;;99,6;99,6;83,8;0,0;99,6;0,0;1876,5;1212,0;7,2;57,0;86,8;10,1;100,0;57,0;47,2;1,2;31,0;7;0,0;0;0,0;0,0;0;0,185;1,7;41,1;870;2950;290;150;2,0;0,0;0;0,0;0,0;0;0,0;0,0;0;0,0;0,0;2,08;0,0;Plintossolo pétrico;Córrego São José do Sapateiro;Bacia do Rio Cuiabá;Bacia do Rio Cuiabá;2,4;;Sentinel-2 de 23/08/2026, pixels de 10 m;Landsat de 13/08/2026, pixels de 30 m
510340310430195;Cuiabá;Urbana;;Coxipó da Ponte;Região do Passaredo;0,747;335;448,7;109;3,1;9,6;19,7;51,9;75,5;0,0;79,8;91,7;2,8;89,9;99,1;;2027,7;1650,0;8,2;12,5;99,1;24,8;100,0;100,0;0,0;0,0;50,9;7;0,0;0;0,0;0,7;0;0,274;3,5;41,1;880;1670;480;400;2,0;0,0;0;0,0;0,0;0;2,3;0,0;0;0,0;0,0;1,69;0,0;Latossolo vermelho-amarelo;Córrego Imbauval;Bacia do Rio Cuiabá;Bacia do Rio Cuiabá;78,0;;Sentinel-2 de 23/08/2026, pixels de 10 m;Landsat de 13/08/2026, pixels de 30 m
510340310430196;Cuiabá;Urbana;;Coxipó da Ponte;;0,376;788;2094,9;260;3;4,3;20,3;48,1;81,5;;93,5;100,0;95,8;3,5;100,0;0,0;2764,9;2000,5;1,8;100,0;96,2;66,5;100,0;100,0;66,6;0,9;14,4;7;0,0;0;0,0;0,0;0;0,292;17,9;39,0;710;2140;740;530;-0,1;0,0;0;0,0;0,0;0;0,0;0,0;0;0,0;8,1;2,07;0,0;Plintossolo pétrico;Córrego São José do Sapateiro;Bacia do Rio Cuiabá;Bacia do Rio Cuiabá;85,4;;Sentinel-2 de 23/08/2026, pixels de 10 m;Landsat de 13/08/2026, pixels de 30 m
510340310430197;Cuiabá;Urbana;;Coxipó da Ponte;Região do Santa Laura;0,322;336;1043,9;102;3,3;9,2;19,3;47,9;82,4;0,0;80,4;98,0;54,9;36,3;90,2;;1794,7;1212,0;8,7;29,8;62,8;31,5;100,0;41,4;11,6;11,6;49,3;7;11,6;39;8,6;26,2;29;0,4;40,5;37,6;510;2670;560;710;-1,5;0,0;0;0,0;2,7;9;40,1;0,0;0;0,0;37,3;2,03;0,0;Plintossolo pétrico;Córrego São José do Sapateiro;Bacia do Rio Cuiabá;Bacia do Rio Cuiabá;388,1;;Sentinel-2 de 23/08/2026, pixels de 10 m;Landsat de 13/08/2026, pixels de 30 m
510340310430199;Cuiabá;Urbana;;Coxipó da Ponte;;0,133;892;6707,5;291;3,1;3,0;22,6;49,3;77,2;0,0;100,0;100,0;100,0;0,0;100,0;0,0;3251,4;3000,0;;100,0;88,7;0,0;100,0;100,0;90,5;0,0;12,7;6;0,8;7;0,0;32,8;0;0,158;0,3;38,4;200;4770;550;740;-0,7;0,0;0;0,0;0,0;0;0,0;0,0;0;0,0;0,0;1,64;0,0;Latossolo vermelho-amarelo;Córrego Faval;Bacia do Rio Cuiabá;Bacia do Rio Cuiabá;0,4;;Sentinel-2 de 23/08/2026, pixels de 10 m;Landsat de 13/08/2026, pixels de 30 m
510340310430200;Cuiabá;Urbana;;Coxipó da Ponte;;0,137;0;0,0;0;0;;;;;;;;;;;;;;;;;;;;;;;0;39,2;0;36,7;69,3;0;0,504;68,5;36,8;330;4900;460;810;-2,3;0,0;0;0,0;50,3;0;64,7;0,0;0;0,0;20,5;1,75;0,0;Latossolo vermelho-amarelo;Córrego Faval;Bacia do Rio Cuiabá;Bacia do Rio Cuiabá;;;Sentinel-2 de 23/08/2026, pixels de 10 m;Landsat de 13/08/2026, pixels de 30 m
510340310430201;Cuiabá;Urbana;;Coxipó da Ponte;;0,077;642;8284,0;224;2,9;4,2;15,9;51,2;70,6;0,6;100,0;99,6;96,4;0,0;100,0;0,0;2912,4;2400,0;1,2;100,0;100,0;28,2;100,0;100,0;100,0;0,0;11,8;7;0,1;1;30,0;83,8;193;0,144;0,0;38,5;660;5140;520;850;-0,6;0,0;0;0,0;3,3;21;3,3;0,0;0;0,0;0,0;2,08;0,0;Plintossolo pétrico;Córrego Figueirinha;Bacia do Rio Cuiabá;Bacia do Rio Cuiabá;0,0;;Sentinel-2 de 23/08/2026, pixels de 10 m;Landsat de 13/08/2026, pixels de 30 m
510340310430202;Cuiabá;Urbana;;Coxipó da Ponte;;0,073;593;8081,8;202;2,9;3,9;19,4;50,3;71,7;;100,0;100,0;98,5;0,0;100,0;0,0;3524,8;2650,0;0,0;100,0;94,6;0,0;100,0;100,0;78,9;5,4;9,7;7;0,0;0;12,0;60,2;71;0,147;0,0;39,2;640;5220;750;670;0,1;0,0;0;0,0;0,0;0;0,0;0,0;0;0,0;0,0;2,08;0,0;Plintossolo pétrico;Córrego Figueirinha;Bacia do Rio Cuiabá;Bacia do Rio Cuiabá;0,0;;Sentinel-2 de 23/08/2026, pixels de 10 m;Landsat de 13/08/2026, pixels de 30 m
510340310430203;Cuiabá;Urbana;;Coxipó da Ponte;;0,087;636;7298,9;221;2,9;5,5;20,3;51,3;80,2;0,0;100,0;100,0;100,0;0,0;100,0;0,0;3353,4;3000,0;1,3;100,0;99,1;0,0;100,0;100,0;71,4;0,0;10,6;7;0,0;0;5,3;41,5;34;0,146;0,3;39,5;670;5270;890;440;0,4;0,0;0;0,0;0,2;1;0,2;0,0;0;0,0;0,0;2,05;0,0;Plintossolo pétrico;Córrego Figueirinha;Bacia do Rio Cuiabá;Bacia do Rio Cuiabá;0,4;;Sentinel-2 de 23/08/2026, pixels de 10 m;Landsat de 13/08/2026, pixels de 30 m
510340310430204;Cuiabá;Urbana;;Coxipó da Ponte;;0,097;846;8748,1;286;3;4,1;19,0;51,1;72,5;0,4;100,0;99,7;99,3;0,0;100,0;0,0;3219,0;2787,5;;100,0;100,0;22,6;100,0;100,0;67,7;0,0;11,0;6;0,0;0;0,0;10,6;0;0,126;0,0;39,4;690;5260;970;270;0,3;0,0;0;0,0;0,0;0;0,0;0,0;0;0,0;0,0;2,0;0,0;Plintossolo pétrico;Córrego Figueirinha;Bacia do Rio Cuiabá;Bacia do Rio Cuiabá;0,0;;Sentinel-2 de 23/08/2026, pixels de 10 m;Landsat de 13/08/2026, pixels de 30 m
510340310430205;Cuiabá;Urbana;;Coxipó da Ponte;;0,115;601;5217,6;217;2,8;5,2;17,3;51,2;67,1;;100,0;100,0;98,6;0,0;99,5;0,0;2966,5;2800,0;1,5;100,0;99,7;54,2;100,0;100,0;100,0;0,0;11,8;7;0,3;2;3,6;28,2;22;0,141;1,6;38,5;890;5570;1070;130;-0,6;0,0;0;0,0;0,2;1;0,2;0,0;0;0,0;0,7;2,02;0,0;Plintossolo pétrico;Córrego Figueirinho;Bacia do Rio Cuiabá;Bacia do Rio Cuiabá;3,1;;Sentinel-2 de 23/08/2026, pixels de 10 m;Landsat de 13/08/2026, pixels de 30 m
510340310430206;Cuiabá;Urbana;;Coxipó da Ponte;;0,076;673;8871,1;222;3;4,3;19,6;50,1;70,0;0,7;100,0;100,0;97,7;0,0;100,0;0,0;2883,4;2300,0;1,6;100,0;100,0;66,9;100,0;100,0;100,0;0,0;12,1;7;0,0;0;0,0;0,0;0;0,145;0,0;38,8;680;5730;920;340;-0,3;0,0;0;0,0;0,0;0;0,0;0,0;0;0,0;0,0;2,08;0,0;Plintossolo pétrico;Córrego Figueirinha;Bacia do Rio Cuiabá;Bacia do Rio Cuiabá;0,0;;Sentinel-2 de 23/08/2026, pixels de 10 m;Landsat de 13/08/2026, pixels de 30 m
510340310430207;Cuiabá;Urbana;;Coxipó da Ponte;;0,122;844;6940,5;291;2,9;5,8;19,5;52,1;74,6;0,0;100,0;100,0;100,0;0,0;100,0;0,0;3125,3;2452,0;0,6;100,0;99,8;11,3;100,0;100,0;94,3;0,0;10,2;7;0,0;0;9,4;38,3;79;0,188;2,5;38,5;830;5550;970;540;-0,6;0,0;0;0,0;0,0;0;0,0;0,0;0;0,0;0,0;2,08;0,0;Plintossolo pétrico;Córrego Figueirinha;Bacia do Rio Cuiabá;Bacia do Rio Cuiabá;3,6;;Sentinel-2 de 23/08/2026, pixels de 10 m;Landsat de 13/08/2026, pixels de 30 m
510340310430208;Cuiabá;Urbana;;Coxipó da Ponte;;0,071;565;7931,9;203;2,8;3,2;17,7;50,8;73,3;1,4;100,0;100,0;99,0;0,0;100,0;;3530,5;3000,0;0,7;100,0;100,0;51,5;100,0;100,0;100,0;5,0;9,6;7;6,4;36;30,6;86,1;173;0,15;0,0;38,6;950;5420;500;910;-0,5;0,0;0;0,0;0,0;0;0,0;0,0;0;0,0;0,0;2,08;0,0;Plintossolo pétrico;Córrego Figueirinha;Bacia do Rio Cuiabá;Bacia do Rio Cuiabá;0,0;;Sentinel-2 de 23/08/2026, pixels de 10 m;Landsat de 13/08/2026, pixels de 30 m
510340310430210;Cuiabá;Urbana;;Coxipó da Ponte;;0,205;0;0,0;0;0;;;;;;;;;;;;;;;;;;;;;;;0;5,8;0;43,9;63,5;0;0,308;31,5;37,4;610;4880;640;510;-1,7;0,0;0;0,0;33,5;0;33,5;0,0;0;0,0;19,7;2,05;0,0;Plintossolo pétrico;Córrego Figueirinha;Bacia do Rio Cuiabá;Bacia do Rio Cuiabá;;;Sentinel-2 de 23/08/2026, pixels de 10 m;Landsat de 13/08/2026, pixels de 30 m
510340310430211;Cuiabá;Urbana;;Coxipó da Ponte;Região do Residencial do Coxipó;0,025;188;7394,9;73;2,6;6,9;20,7;48,9;90,4;0,0;100,0;98,6;8,2;0,0;100,0;0,0;1904,3;1400,0;;0,0;100,0;100,0;100,0;100,0;0,0;0,0;46,7;6;3,0;6;21,4;39,3;40;0,231;9,7;39,2;90;4880;480;440;0,1;0,0;0;0,0;22,1;41;22,1;0,0;0;0,0;3,6;2,07;0,0;Plintossolo pétrico;Córrego Faval;Bacia do Rio Cuiabá;Bacia do Rio Cuiabá;12,9;;Sentinel-2 de 23/08/2026, pixels de 10 m;Landsat de 13/08/2026, pixels de 30 m
510340310430212;Cuiabá;Urbana;;Coxipó da Ponte;;0,325;325;999,2;117;2,8;9,2;11,7;55,4;59,1;;100,0;100,0;100,0;0,0;99,1;0,0;4737,0;3500,0;1,2;100,0;2,2;0,0;100,0;100,0;97,5;10,5;22,5;7;7,3;24;19,6;41,7;64;0,263;25,1;38,6;390;4420;590;670;-0,5;0,0;0;0,0;18,8;61;18,8;0,0;0;0,0;15,6;2,05;0,0;Plintossolo pétrico;Córrego Faval;Bacia do Rio Cuiabá;Bacia do Rio Cuiabá;251,0;;Sentinel-2 de 23/08/2026, pixels de 10 m;Landsat de 13/08/2026, pixels de 30 m
510340310430213;Cuiabá;Urbana;Santa Laura;Coxipó da Ponte;;0,136;673;4956,3;216;3,1;5,9;22,4;53,2;77,1;0,4;99,1;98,6;95,4;0,0;99,1;0,0;2868,9;2500,0;2,1;94,1;85,9;25,4;100,0;94,1;84,0;9,8;16,2;7;10,9;74;14,9;29,1;100;0,358;35,1;37,8;890;1440;560;650;-1,3;0,0;0;0,0;30,8;207;30,8;0,0;0;0,0;31,0;2,02;0,0;Plintossolo pétrico;Afluente s/n do Rio Coxipó;Bacia do Rio Cuiabá;Bacia do Rio Cuiabá;70,9;;Sentinel-2 de 23/08/2026, pixels de 10 m;Landsat de 13/08/2026, pixels de 30 m
510340310430214;Cuiabá;Urbana;;Coxipó da Ponte;;0,084;503;6020,9;169;3;3,6;21,3;55,3;74,6;0,0;99,4;100,0;96,4;1,8;99,4;0,0;3119,8;2500,0;0,8;97,2;87,3;26,0;97,2;93,8;87,3;23,9;13,3;7;0,0;0;0,0;0,0;0;0,196;6,6;38,7;1170;1350;810;980;-0,4;0,0;0;0,0;0,0;0;0,0;0,0;0;0,0;0,0;2,08;0,0;Plintossolo pétrico;Afluente s/n do Rio Coxipó;Bacia do Rio Cuiabá;Bacia do Rio Cuiabá;11,0;;Sentinel-2 de 23/08/2026, pixels de 10 m;Landsat de 13/08/2026, pixels de 30 m
510340310430215;Cuiabá;Urbana;;Coxipó da Ponte;;0,126;780;6209,2;290;2,7;7,6;15,4;50,1;78,5;;100,0;100,0;99,7;0,0;100,0;0,0;2603,5;2001,0;1,2;100,0;99,4;56,4;100,0;100,0;84,5;4,7;12,1;7;0,0;0;0,0;0,0;0;0,141;0,0;40,0;970;1270;770;630;0,9;0,0;0;0,0;0,0;0;0,0;0,0;0;0,0;0,0;2,08;0,0;Plintossolo pétrico;Afluente s/n do Rio Coxipó;Bacia do Rio Cuiabá;Bacia do Rio Cuiabá;0,0;;Sentinel-2 de 23/08/2026, pixels de 10 m;Landsat de 13/08/2026, pixels de 30 m
510340310430216;Cuiabá;Urbana;;Coxipó da Ponte;;0,164;967;5891,7;338;2,9;5,9;17,0;51,0;81,9;0,3;100,0;100,0;97,9;0,0;99,7;0,0;2382,6;2000,0;1,0;97,0;88,8;44,4;100,0;97,0;84,4;0,0;14,7;7;0,0;0;0,0;5,2;0;0,2;4,9;40,2;1280;970;870;750;1,1;0,0;0;0,0;0,0;0;0,0;0,0;0;0,0;0,0;2,08;0,0;Plintossolo pétrico;Afluente s/n do Rio Coxipó;Bacia do Rio Cuiabá;Bacia do Rio Cuiabá;8,3;;Sentinel-2 de 23/08/2026, pixels de 10 m;Landsat de 13/08/2026, pixels de 30 m
510340310430217;Cuiabá;Urbana;;Coxipó da Ponte;;0,121;741;6115,0;250;3;5,1;16,9;52,2;78,4;;100,0;100,0;99,2;0,0;100,0;0,0;2781,7;2000,0;1,6;100,0;99,5;74,1;100,0;100,0;84,1;0,0;12,2;7;0,0;0;0,0;0,0;0;0,208;6,3;39,5;1150;800;490;440;0,4;0,0;0;0,0;0,0;0;0,0;0,0;0;0,0;0,0;2,08;0,0;Plintossolo pétrico;Afluente s/n do Rio Coxipó;Bacia do Rio Cuiabá;Bacia do Rio Cuiabá;10,3;;Sentinel-2 de 23/08/2026, pixels de 10 m;Landsat de 13/08/2026, pixels de 30 m
510340310430221;Cuiabá;Urbana;;Coxipó da Ponte;;0,359;93;259,3;33;2,8;18,3;11,8;45,2;91,4;;69,7;90,9;12,1;48,5;78,8;0,0;2349,5;1200,0;;;;;;;;;57,4;4;12,9;12;7,1;31,2;7;0,355;28,4;38,1;450;3090;330;960;-1,0;0,0;0;0,0;2,4;2;22,3;0,0;0;0,0;7,7;2,1;0,0;Plintossolo pétrico;Córrego São José do Sapateiro;Bacia do Rio Cuiabá;Bacia do Rio Cuiabá;1096,3;;Sentinel-2 de 23/08/2026, pixels de 10 m;Landsat de 13/08/2026, pixels de 30 m
510340310430222;Cuiabá;Urbana;;Coxipó da Ponte;;0,141;988;7020,2;334;3;3,9;20,7;52,6;85,1;0,7;94,9;95,5;93,1;0,0;100,0;0,0;1913,6;1500,0;3,4;100,0;100,0;52,6;100,0;100,0;100,0;23,1;18,1;7;21,8;215;30,7;64,2;303;0,262;19,4;38,4;1170;3300;530;360;-0,7;0,0;0;0,0;15,4;152;15,4;0,0;0;0,0;11,3;2,06;0,0;Plintossolo pétrico;Córrego São José do Sapateiro;Bacia do Rio Cuiabá;Bacia do Rio Cuiabá;27,7;;Sentinel-2 de 23/08/2026, pixels de 10 m;Landsat de 13/08/2026, pixels de 30 m
510340310430223;Cuiabá;Urbana;;Coxipó da Ponte;;0,203;782;3852,5;242;3,2;3,7;22,6;54,1;81,7;;100,0;100,0;93,4;0,0;100,0;0,0;1940,9;1500,0;3,6;100,0;99,0;53,7;100,0;100,0;100,0;14,6;17,5;7;15,6;122;18,0;38,0;141;0,172;10,0;38,0;860;3410;90;880;-1,1;0,0;0;0,0;0,0;0;0,0;0,0;0;0,0;2,6;2,08;0,0;Plintossolo pétrico;Córrego São José do Sapateiro;Bacia do Rio Cuiabá;Bacia do Rio Cuiabá;26,0;;Sentinel-2 de 23/08/2026, pixels de 10 m;Landsat de 13/08/2026, pixels de 30 m
510340310430224;Cuiabá;Urbana;Santa Laura;Coxipó da Ponte;;0,256;509;1988,8;162;3,1;9,6;16,3;49,3;77,8;0,0;95,1;99,4;72,2;21,6;99,4;;1766,0;1212,0;7,3;14,5;77,6;15,1;99,4;3,3;0,0;0,4;41,3;7;0,0;0;0,0;3,5;0;0,391;31,9;39,0;1060;1680;590;900;-0,1;0,0;0;0,0;0,0;0;0,0;0,0;0;0,0;8,8;2,09;0,0;Plintossolo pétrico;Afluente s/n do Rio Coxipó;Bacia do Rio Cuiabá;Bacia do Rio Cuiabá;160,4;;Sentinel-2 de 23/08/2026, pixels de 10 m;Landsat de 13/08/2026, pixels de 30 m
510340310430226;Cuiabá;Urbana;;Coxipó da Ponte;;0,294;720;2445,9;246;2,9;2,9;20,8;50,7;72,8;0,0;100,0;100,0;99,6;0,0;100,0;0,0;4526,1;3500,0;;99,4;91,9;53,2;99,4;99,4;99,4;0,0;9,9;6;6,4;46;15,4;39,2;111;0,143;2,1;39,2;1780;7410;730;600;0,1;0,0;0;0,0;0,0;0;0,0;0,0;0;0,0;0,0;1,96;0,0;Plintossolo pétrico;Microbacia sem nome;Bacia do Rio Cuiabá;Bacia do Rio Cuiabá;8,6;;Sentinel-2 de 23/08/2026, pixels de 10 m;Landsat de 13/08/2026, pixels de 30 m
510340310430227;Cuiabá;Urbana;;Coxipó da Ponte;;0,215;718;3344,1;229;3,1;5,3;18,0;51,8;79,7;;99,6;100,0;93,9;1,3;80,3;0,0;2929,4;2000,0;2,7;100,0;78,4;39,1;99,4;100,0;99,4;0,0;20,9;7;0,0;0;0,0;26,5;0;0,168;3,4;39,5;2190;7400;240;270;0,4;0,0;0;0,0;0,0;0;0,0;0,0;0;0,0;0,0;1,7;0,0;Latossolo vermelho-amarelo;Microbacia sem nome;Bacia do Rio Cuiabá;Bacia do Rio Cuiabá;10,2;;Sentinel-2 de 23/08/2026, pixels de 10 m;Landsat de 13/08/2026, pixels de 30 m
510340310430228;Cuiabá;Urbana;;Coxipó da Ponte;;0,11;1164;10578,6;346;3,4;6,0;15,7;55,8;84,5;0,0;100,0;100,0;98,6;0,0;91,9;;1857,1;1300,0;2,5;100,0;100,0;67,4;100,0;100,0;100,0;0,0;17,4;7;0,0;0;4,6;73,1;54;0,142;0,0;39,7;2440;7200;230;200;0,6;0,0;0;0,0;0,0;0;0,0;0,0;0;0,0;0,0;1,64;0,0;Latossolo vermelho-amarelo;Córrego Escuro;Bacia do Rio Cuiabá;Bacia do Rio Cuiabá;0,0;;Sentinel-2 de 23/08/2026, pixels de 10 m;Landsat de 13/08/2026, pixels de 30 m
510340310430229;Cuiabá;Urbana;;Coxipó da Ponte;;0,115;1065;9294,0;285;3,7;3,3;20,4;51,0;84,2;0,0;99,6;100,0;97,2;0,0;100,0;0,0;1856,7;1400,0;3,9;99,7;99,7;76,1;100,0;100,0;99,7;5,7;17,6;7;0,0;0;5,4;52,7;57;0,136;0,3;39,1;3020;7020;980;140;0,0;0,0;0;0,0;0,0;0;0,0;0,0;0;0,0;0,0;1,8;0,0;Latossolo vermelho-amarelo;Córrego Escuro;Bacia do Rio Cuiabá;Bacia do Rio Cuiabá;0,3;;Sentinel-2 de 23/08/2026, pixels de 10 m;Landsat de 13/08/2026, pixels de 30 m
510340310430230;Cuiabá;Urbana;;Coxipó da Ponte;;0,116;1071;9260,9;319;3,4;3,4;19,8;51,9;68,4;;100,0;99,1;97,5;0,0;99,7;0,0;2168,4;1800,0;3,7;100,0;99,9;36,9;100,0;100,0;99,9;8,2;16,3;7;0,0;0;18,4;55,2;197;0,161;1,4;38,9;2870;6820;970;210;-0,2;0,0;0;0,0;0,0;0;0,0;0,0;0;0,0;0,0;1,8;0,0;Latossolo vermelho-amarelo;Córrego Escuro;Bacia do Rio Cuiabá;Bacia do Rio Cuiabá;1,5;;Sentinel-2 de 23/08/2026, pixels de 10 m;Landsat de 13/08/2026, pixels de 30 m
510340310430232;Cuiabá;Urbana;;Coxipó da Ponte;;0,231;671;2904,1;238;2,8;10,7;16,4;51,3;72,7;;99,6;99,6;17,2;59,7;100,0;;2427,8;2000,0;4,1;100,0;94,9;69,6;100,0;86,4;93,1;5,1;28,2;7;0,0;0;0,0;38,4;0;0,284;14,0;38,8;1870;6940;440;130;-0,3;0,0;0;0,0;0,0;0;0,7;0,0;0;0,0;1,4;1,64;0,0;Latossolo vermelho-amarelo;Córrego Escuro;Bacia do Rio Cuiabá;Bacia do Rio Cuiabá;48,2;;Sentinel-2 de 23/08/2026, pixels de 10 m;Landsat de 13/08/2026, pixels de 30 m
510340310430235;Cuiabá;Urbana;;Coxipó da Ponte;;0,126;878;6963,6;321;2,7;3,9;18,3;52,1;73,2;;100,0;100,0;98,8;0,0;100,0;0,0;3902,6;3000,0;0,9;100,0;99,5;18,7;100,0;100,0;91,0;13,9;9,3;7;0,0;0;2,5;26,7;22;0,164;0,2;38,1;880;4960;1250;650;-1,0;0,0;0;0,0;0,3;2;0,3;0,0;0;0,0;0,0;1,64;0,0;Latossolo vermelho-amarelo;Córrego Figueirinho;Bacia do Rio Cuiabá;Bacia do Rio Cuiabá;0,3;;Sentinel-2 de 23/08/2026, pixels de 10 m;Landsat de 13/08/2026, pixels de 30 m
510340310430237;Cuiabá;Urbana;;Coxipó da Ponte;;0,357;278;778,0;83;3,3;6,1;17,6;47,1;47,1;0,0;100,0;100,0;98,8;0,0;100,0;0,0;9855,2;7000,0;0,0;100,0;100,0;100,0;100,0;0,0;0,0;0,0;2,4;7;5,1;14;8,4;17,1;23;0,229;8,0;38,7;720;2330;620;150;-0,4;0,0;0;0,0;6,5;18;6,5;0,0;0;0,0;0,3;2,08;0,0;Plintossolo pétrico;Afluente s/n do Rio Coxipó;Bacia do Rio Cuiabá;Bacia do Rio Cuiabá;102,7;;Sentinel-2 de 23/08/2026, pixels de 10 m;Landsat de 13/08/2026, pixels de 30 m
510340310430238;Cuiabá;Urbana;;Coxipó da Ponte;Tijucal;0,95;143;150,5;46;3,1;12,6;13,3;53,1;72,7;0,0;84,8;100,0;6,5;6,5;95,7;;3152,0;2800,0;2,7;4,9;64,3;64,3;74,8;4,9;0,0;0,0;47,7;7;17,6;25;18,5;36,0;27;0,309;24,9;38,7;870;1800;660;300;-0,4;0,0;0;0,0;19,0;27;24,5;0,0;0;0,0;27,3;2,06;0,0;Plintossolo pétrico;Córrego Imbauval;Bacia do Rio Cuiabá;Bacia do Rio Cuiabá;1654,2;;Sentinel-2 de 23/08/2026, pixels de 10 m;Landsat de 13/08/2026, pixels de 30 m
510340310430239;Cuiabá;Urbana;;Coxipó da Ponte;;0,102;558;5476,7;197;2,8;3,8;19,2;51,8;82,6;;100,0;100,0;99,0;0,0;100,0;0,0;2356,4;1900,0;0,7;100,0;99,6;83,2;100,0;100,0;100,0;0,0;12,3;7;0,0;0;34,3;74,7;192;0,172;0,5;40,3;1380;3610;450;410;1,2;0,0;0;0,0;12,6;70;12,6;0,0;0;0,0;0,0;2,08;0,0;Plintossolo pétrico;Córrego São José do Sapateiro;Bacia do Rio Cuiabá;Bacia do Rio Cuiabá;0,9;;Sentinel-2 de 23/08/2026, pixels de 10 m;Landsat de 13/08/2026, pixels de 30 m
510340310430241;Cuiabá;Urbana;Pascoal Ramos;Coxipó da Ponte;;0,195;640;3276,0;200;3,2;5,9;14,8;50,8;79,8;0,0;100,0;99,5;96,0;0,0;100,0;0,0;2172,3;1800,0;3,6;100,0;99,7;44,8;100,0;100,0;100,0;23,6;16,3;7;0,0;0;0,0;0,0;0;0,317;17,9;39,2;1100;940;360;100;0,1;0,0;0;0,0;0,0;0;0,0;0,0;0;0,0;4,5;1,85;0,0;Latossolo vermelho-amarelo;Córrego Para-Tudo;Bacia do Rio Cuiabá;Bacia do Rio Cuiabá;54,5;;Sentinel-2 de 23/08/2026, pixels de 10 m;Landsat de 13/08/2026, pixels de 30 m
510340310430242;Cuiabá;Urbana;Pascoal Ramos;Coxipó da Ponte;;0,071;742;10412,2;235;3,2;5,8;17,7;48,9;62,5;0,0;100,0;99,6;100,0;0,0;100,0;0,0;5026,9;3000,0;;100,0;96,8;31,9;100,0;100,0;100,0;0,0;8,1;6;0,0;0;0,0;0,0;0;0,123;0,3;39,2;1130;1230;100;160;0,1;0,0;0;0,0;0,0;0;0,0;0,0;0;0,0;0,0;1,65;0,0;Latossolo vermelho-amarelo;Córrego Para-Tudo;Bacia do Rio Cuiabá;Bacia do Rio Cuiabá;0,3;;Sentinel-2 de 23/08/2026, pixels de 10 m;Landsat de 13/08/2026, pixels de 30 m
510340310430243;Cuiabá;Urbana;Pascoal Ramos;Coxipó da Ponte;;1,467;79;53,8;28;2,8;15,2;10,1;43,0;91,1;0,0;100,0;100,0;;32,1;96,4;0,0;3196,2;2200,0;4,5;;;;;;;;26,2;4;5,5;4;3,9;16,2;3;0,424;52,0;37,5;700;1060;460;360;-1,6;0,0;0;0,0;12,9;10;28,7;0,0;0;0,0;41,9;1,64;0,0;Latossolo vermelho-amarelo;Córrego Para-Tudo;Bacia do Rio Cuiabá;Bacia do Rio Cuiabá;9656,2;;Sentinel-2 de 23/08/2026, pixels de 10 m;Landsat de 13/08/2026, pixels de 30 m
510340310430244;Cuiabá;Urbana;Pascoal Ramos;Coxipó da Ponte;;0,082;642;7856,8;215;3;7,2;13,4;50,9;78,0;;100,0;100,0;98,6;1,4;100,0;0,0;3220,4;2458,0;2,4;100,0;97,2;47,7;100,0;100,0;78,7;0,9;12,5;7;0,0;0;0,0;0,0;0;0,165;0,7;40,0;930;1210;60;50;0,9;0,0;0;0,0;0,0;0;3,3;0,0;0;0,0;0,0;1,64;0,0;Latossolo vermelho-amarelo;Córrego Para-Tudo;Bacia do Rio Cuiabá;Bacia do Rio Cuiabá;0,9;;Sentinel-2 de 23/08/2026, pixels de 10 m;Landsat de 13/08/2026, pixels de 30 m
510340310430245;Cuiabá;Urbana;São Sebastião;Coxipó da Ponte;;0,129;882;6855,5;284;3,1;5,0;20,2;50,6;76,2;0,3;98,9;100,0;94,4;2,8;99,6;0,0;2599,1;2000,0;2,2;94,0;97,7;31,7;100,0;93,2;77,8;0,0;15,3;7;0,0;0;0,0;0,0;0;0,275;23,4;37,3;740;200;70;350;-1,8;0,0;0;0,0;0,6;6;12,6;0,0;0;0,0;22,4;2,03;0,0;Plintossolo pétrico;Córrego Para-Tudo;Bacia do Rio Cuiabá;Bacia do Rio Cuiabá;34,2;;Sentinel-2 de 23/08/2026, pixels de 10 m;Landsat de 13/08/2026, pixels de 30 m
510340310430246;Cuiabá;Urbana;São Sebastião;Coxipó da Ponte;;1,164;5;4,3;2;2,5;;;;;;;;;;;;;;;;;;;;;;;0;11,0;1;9,6;25,4;0;0,525;67,7;35,9;1120;530;680;620;-3,2;0,0;0;0,0;20,7;1;44,7;0,0;0;0,0;73,5;1,95;0,0;Plintossolo pétrico;Córrego Castelhano;Bacia do Rio Cuiabá;Bacia do Rio Cuiabá;;;Sentinel-2 de 23/08/2026, pixels de 10 m;Landsat de 13/08/2026, pixels de 30 m
510340310430247;Cuiabá;Urbana;Nova Esperança;Coxipó da Ponte;;0,292;596;2041,0;202;3;13,6;14,8;47,8;80,7;1,2;96,5;100,0;4,5;92,6;100,0;;1710,2;1212,0;6,2;71,8;80,4;26,7;100,0;100,0;48,8;22,1;41,1;7;0,0;0;0,0;0,0;0;0,206;5,6;40,5;1050;1320;480;300;1,4;0,0;0;0,0;0,0;0;0,0;0,0;0;0,0;0,0;1,71;0,0;Latossolo vermelho-amarelo;Córrego Para-Tudo;Bacia do Rio Cuiabá;Bacia do Rio Cuiabá;27,4;;Sentinel-2 de 23/08/2026, pixels de 10 m;Landsat de 13/08/2026, pixels de 30 m
510340310430249;Cuiabá;Urbana;Nova Esperança;Coxipó da Ponte;;1,256;454;361,6;152;3;10,6;18,9;50,0;78,4;0,0;93,4;92,1;3,9;0,0;94,1;;2103,0;1500,0;5,6;11,2;100,0;67,4;87,7;11,2;0,0;0,0;46,7;7;2,6;12;10,2;19,3;46;0,42;42,6;38,4;1680;2770;1770;1600;-0,7;0,0;0;0,0;4,8;22;4,8;0,0;0;0,0;16,3;1,66;0,0;Latossolo vermelho-amarelo;Ribeirão dos Peixes;Bacia do Rio Cuiabá;Bacia do Rio Ariçá-Açu;1178,5;;Sentinel-2 de 23/08/2026, pixels de 10 m;Landsat de 13/08/2026, pixels de 30 m
510340310430250;Cuiabá;Rural;;Coxipó da Ponte;;8,885;57;6,4;18;3,2;19,3;10,5;52,6;82,5;5,3;22,2;72,2;0,0;72,2;72,2;0,0;2118,2;1500,0;10,9;;;;;;;;77,9;5;7,6;4;28,3;51,4;16;0,373;33,1;38,6;570;4270;2730;3170;-0,5;0,0;0;0,0;11,1;6;11,1;0,0;0;0,0;41,5;1,86;7,5;Latossolo vermelho-amarelo;;Bacia do Rio Cuiabá;Bacia do Rio Ariçá-Açu;51595,4;;Sentinel-2 de 23/08/2026, pixels de 10 m;Landsat de 13/08/2026, pixels de 30 m
510340310430251;Cuiabá;Urbana;Lagoa Azul;Coxipó da Ponte;;0,25;704;2813,4;223;3,2;4,1;17,8;50,7;80,0;0,0;99,6;100,0;92,8;0,0;99,6;0,0;2190,1;1500,0;3,2;100,0;96,7;52,0;100,0;100,0;100,0;0,0;16,9;7;12,5;88;16,3;29,5;115;0,439;50,7;36,4;910;610;360;280;-2,7;0,0;0;0,0;46,5;327;46,5;0,0;0;0,0;46,0;1,99;0,0;Plintossolo pétrico;Córrego Castelhano;Bacia do Rio Cuiabá;Bacia do Rio Cuiabá;180,0;;Sentinel-2 de 23/08/2026, pixels de 10 m;Landsat de 13/08/2026, pixels de 30 m
510340310430252;Cuiabá;Urbana;Lagoa Azul;Coxipó da Ponte;;0,075;714;9531,4;222;3,2;3,6;16,8;52,1;82,2;;100,0;100,0;98,6;0,0;100,0;0,0;1965,0;1400,0;2,4;100,0;99,3;62,0;100,0;100,0;100,0;12,7;15,4;7;0,0;0;0,0;0,0;0;0,154;0,3;39,6;720;870;120;360;0,5;0,0;0;0,0;0,0;0;0,0;0,0;0;0,0;0,0;2,07;0,0;Plintossolo pétrico;Córrego Castelhano;Bacia do Rio Cuiabá;Bacia do Rio Cuiabá;0,3;;Sentinel-2 de 23/08/2026, pixels de 10 m;Landsat de 13/08/2026, pixels de 30 m
510340310430254;Cuiabá;Urbana;Parque Geórgia;Coxipó da Ponte;;1,202;313;260,5;116;2,7;9,9;11,8;49,5;67,7;0,0;98,3;99,1;34,5;57,8;100,0;;4692,5;3000,0;1,9;47,9;92,3;61,0;100,0;45,4;9,6;0,0;27,2;7;4,7;15;23,8;49,2;75;0,379;39,7;38,4;930;3800;1350;640;-0,7;24,0;75;9,2;38,2;119;42,2;33,2;104;12,4;35,3;2,07;9,0;Plintossolo pétrico;Afluente s/n do Rio Cuiabá;Bacia do Rio Cuiabá;Bacia do Rio Cuiabá;1524,6;;Sentinel-2 de 23/08/2026, pixels de 10 m;Landsat de 13/08/2026, pixels de 30 m
510340310430255;Cuiabá;Urbana;Parque Geórgia;Coxipó da Ponte;;0,15;718;4771,0;243;3;11,4;10,3;53,8;73,1;;100,0;100,0;91,4;0,0;100,0;0,0;5078,2;3750,0;0,5;1,0;1,0;0,0;1,0;1,0;0,0;1,0;36,6;7;0,0;0;0,0;1,5;0;0,277;14,3;38,2;470;3630;1180;150;-0,9;0,0;0;0,0;0,0;0;0,0;0,0;0;0,0;2,9;2,08;0,0;Plintossolo pétrico;Afluente s/n do Rio Cuiabá;Bacia do Rio Cuiabá;Bacia do Rio Cuiabá;29,9;;Sentinel-2 de 23/08/2026, pixels de 10 m;Landsat de 13/08/2026, pixels de 30 m
510340310430257;Cuiabá;Urbana;;Coxipó da Ponte;;0,366;510;1394,2;165;3,1;12,0;12,7;51,6;71,2;0,6;15,2;99,4;19,4;1,8;99,4;0,0;3677,7;3000,0;1,9;100,0;97,1;0,0;100,0;100,0;100,0;2,2;35,6;7;0,0;0;0,0;0,0;0;0,211;10,0;40,1;330;3160;710;170;1,0;0,0;0;0,0;0,0;0;0,0;0,0;0;0,0;3,5;1,64;0,0;Latossolo vermelho-amarelo;Córrego Faval;Bacia do Rio Cuiabá;Bacia do Rio Cuiabá;71,8;;Sentinel-2 de 23/08/2026, pixels de 10 m;Landsat de 13/08/2026, pixels de 30 m
510340310430258;Cuiabá;Urbana;Jardim das Palmeiras;Coxipó da Ponte;;0,265;1152;4346,0;444;2,6;9,4;15,3;54,3;62,2;;98,0;99,8;64,4;8,1;100,0;0,0;5452,1;3500,0;0,7;92,5;96,0;80,1;99,7;98,9;86,2;2,5;13,8;7;10,7;123;10,9;30,1;126;0,312;26,3;37,8;390;3080;690;200;-1,3;0,0;0;0,0;27,3;315;27,3;12,2;141;7,9;28,0;2,02;0,0;Plintossolo pétrico;Córrego do Moinho;Bacia do Rio Cuiabá;Bacia do Rio Cuiabá;60,5;;Sentinel-2 de 23/08/2026, pixels de 10 m;Landsat de 13/08/2026, pixels de 30 m
510340310430259;Cuiabá;Urbana;Tijucal;Coxipó da Ponte;;0,05;411;8295,5;138;3;19,0;13,4;52,3;73,7;0,0;97,8;99,3;90,6;8,7;100,0;0,0;3117,8;2200,0;4,5;100,0;76,6;0,0;100,0;100,0;43,8;3,2;19,4;7;0,0;0;0,0;1,5;0;0,111;0,0;40,7;790;2750;370;410;1,6;0,0;0;0,0;0,0;0;0,0;0,0;0;0,0;0,0;2,08;0,0;Plintossolo pétrico;Córrego Tijucal;Bacia do Rio Cuiabá;Bacia do Rio Cuiabá;0,0;;Sentinel-2 de 23/08/2026, pixels de 10 m;Landsat de 13/08/2026, pixels de 30 m
510340310430260;Cuiabá;Urbana;Pedra 90;Coxipó da Ponte;;0,054;580;10777,1;194;3;10,3;16,4;50,3;81,7;0,0;99,5;98,5;2,1;8,8;99,5;1,5;1771,1;1300,0;5,4;100,0;97,4;34,5;100,0;100,0;100,0;0,0;33,5;7;0,0;0;0,0;0,0;0;0,169;0,2;40,7;270;2220;350;260;1,6;0,0;0;0,0;0,0;0;0,0;0,0;0;0,0;0,0;1,93;0,0;Plintossolo pétrico;Afluente s/n do Rio Coxipó;Bacia do Rio Cuiabá;Bacia do Rio Cuiabá;0,2;;Sentinel-2 de 23/08/2026, pixels de 10 m;Landsat de 13/08/2026, pixels de 30 m
510340310430261;Cuiabá;Urbana;Jardim Mossoró;Coxipó da Ponte;;0,453;485;1070,4;179;2,7;8,5;14,0;53,8;69,1;0,0;100,0;100,0;95,0;5,0;100,0;0,0;4915,8;4000,0;0,0;100,0;100,0;0,0;100,0;100,0;100,0;0,0;7,3;7;9,3;45;22,8;83,8;111;0,353;29,0;38,9;240;4440;680;790;-0,2;0,0;0;0,0;31,5;153;31,5;0,0;0;0,0;9,3;2,08;0,0;Plintossolo pétrico;Afluente s/n do Rio Cuiabá;Bacia do Rio Cuiabá;Bacia do Rio Cuiabá;270,9;;Sentinel-2 de 23/08/2026, pixels de 10 m;Landsat de 13/08/2026, pixels de 30 m
510340310430262;Cuiabá;Urbana;Jardim Industriário;Coxipó da Ponte;;0,071;383;5378,8;134;2,9;13,6;13,1;49,6;63,2;0,0;98,5;100,0;9,0;60,4;98,5;0,0;2940,8;2001,0;1,3;100,0;81,2;11,2;100,0;100,0;14,4;3,9;27,5;7;0,0;0;0,0;0,0;0;0,187;6,4;40,3;220;1470;140;360;1,2;0,0;0;0,0;0,0;0;0,0;0,0;0;0,0;0,0;1,64;0,0;Latossolo vermelho-amarelo;Ribeirão dos Cágados;Bacia do Rio Cuiabá;Bacia do Rio Ariçá-Açu;11,9;;Sentinel-2 de 23/08/2026, pixels de 10 m;Landsat de 13/08/2026, pixels de 30 m
510340310430263;Cuiabá;Urbana;Santa Laura;Coxipó da Ponte;Região do Santa Laura;0,107;861;8049,1;293;2,9;8,5;18,5;49,8;75,8;;99,3;98,6;73,4;24,2;99,0;1,0;1710,3;1313,5;7,4;27,5;67,2;12,5;100,0;55,5;2,3;3,3;40,5;7;0,3;2;0,0;34,9;0;0,216;2,8;40,7;640;1910;230;480;1,6;0,0;0;0,0;0,0;0;0,0;0,0;0;0,0;0,0;2,08;0,0;Plintossolo pétrico;Córrego São José do Sapateiro;Bacia do Rio Cuiabá;Bacia do Rio Cuiabá;3,5;;Sentinel-2 de 23/08/2026, pixels de 10 m;Landsat de 13/08/2026, pixels de 30 m
510340310430264;Cuiabá;Urbana;Jardim das Palmeiras;Coxipó da Ponte;;0,11;515;4696,7;198;2,6;7,0;13,2;53,4;69,9;0,0;71,2;99,0;53,5;0,0;100,0;0,0;6121,6;4500,0;1,2;99,4;97,3;81,4;100,0;100,0;27,8;11,8;18,1;7;20,2;104;11,4;40,7;59;0,367;37,7;37,1;750;2960;840;250;-2,0;0,0;0;0,0;37,2;192;60,7;15,1;78;9,8;38,1;2,0;0,0;Plintossolo pétrico;Córrego do Moinho;Bacia do Rio Cuiabá;Bacia do Rio Cuiabá;80,5;;Sentinel-2 de 23/08/2026, pixels de 10 m;Landsat de 13/08/2026, pixels de 30 m
510340310430265;Cuiabá;Urbana;Chácara dos Pinheiros;Coxipó da Ponte;;0,132;802;6076,3;303;2,6;14,7;11,3;51,1;74,2;0,9;98,7;99,7;22,8;0,0;99,3;0,0;3208,2;2000,0;5,5;98,9;29,9;0,0;100,0;100,0;41,1;1,9;36,9;7;0,0;0;0,0;57,9;0;0,226;6,8;39,3;670;2590;490;130;0,2;0,0;0;0,0;4,1;33;21,1;0,0;0;0,0;0,0;2,08;0,0;Plintossolo pétrico;Córrego Shangri-lá;Bacia do Rio Cuiabá;Bacia do Rio Cuiabá;11,2;;Sentinel-2 de 23/08/2026, pixels de 10 m;Landsat de 13/08/2026, pixels de 30 m
510340310430266;Cuiabá;Urbana;;Coxipó da Ponte;;0,094;635;6764,2;216;2,9;4,9;17,8;50,9;70,2;;100,0;100,0;98,1;0,0;99,5;0,0;3306,4;2500,0;1,5;100,0;98,4;3,3;100,0;100,0;100,0;0,0;11,4;7;0,0;0;2,2;32,6;14;0,135;0,1;38,1;970;5390;1180;160;-1,0;0,0;0;0,0;0,0;0;0,0;0,0;0;0,0;0,0;1,8;0,0;Latossolo vermelho-amarelo;Córrego Figueirinho;Bacia do Rio Cuiabá;Bacia do Rio Cuiabá;0,1;;Sentinel-2 de 23/08/2026, pixels de 10 m;Landsat de 13/08/2026, pixels de 30 m
510340310430267;Cuiabá;Urbana;;Coxipó da Ponte;;0,089;586;6558,7;205;2,9;6,1;15,4;52,0;73,5;0,0;100,0;100,0;98,5;0,0;99,5;0,0;2879,7;2400,0;0,6;100,0;98,6;52,9;100,0;100,0;100,0;0,0;11,2;7;0,0;0;2,7;12,5;16;0,134;0,0;38,9;780;5170;1130;310;-0,2;0,0;0;0,0;0,0;0;0,0;0,0;0;0,0;0,0;1,7;0,0;Latossolo vermelho-amarelo;Córrego Figueirinho;Bacia do Rio Cuiabá;Bacia do Rio Cuiabá;0,0;;Sentinel-2 de 23/08/2026, pixels de 10 m;Landsat de 13/08/2026, pixels de 30 m
510340310430268;Cuiabá;Urbana;;Coxipó da Ponte;;0,077;555;7249,5;198;2,8;3,4;20,5;49,7;75,1;0,0;99,5;99,5;98,5;0,0;100,0;0,0;2835,7;2500,0;;100,0;91,0;0,0;100,0;100,0;100,0;0,0;13,7;6;0,0;0;0,0;5,0;0;0,134;0,0;38,7;570;4890;940;560;-0,4;0,0;0;0,0;0,0;0;0,0;0,0;0;0,0;0,0;1,64;0,0;Latossolo vermelho-amarelo;Córrego Faval;Bacia do Rio Cuiabá;Bacia do Rio Cuiabá;0,0;;Sentinel-2 de 23/08/2026, pixels de 10 m;Landsat de 13/08/2026, pixels de 30 m
510340310430269;Cuiabá;Urbana;;Coxipó da Ponte;;0,078;550;7059,9;188;2,9;4,5;20,4;51,5;81,8;0,0;99,5;100,0;100,0;0,0;100,0;0,0;3088,5;2500,0;0,7;100,0;89,5;3,6;100,0;100,0;82,7;0,0;11,9;7;0,0;0;0,0;48,7;0;0,148;0,4;38,8;430;4680;800;770;-0,3;0,0;0;0,0;0,0;0;0,0;0,0;0;0,0;0,0;1,64;0,0;Latossolo vermelho-amarelo;Córrego Faval;Bacia do Rio Cuiabá;Bacia do Rio Cuiabá;0,6;;Sentinel-2 de 23/08/2026, pixels de 10 m;Landsat de 13/08/2026, pixels de 30 m
510340310430270;Cuiabá;Urbana;;Coxipó da Ponte;;0,096;767;7955,1;252;3;3,0;22,0;50,7;74,6;0,4;100,0;100,0;98,8;0,0;99,2;0,0;2612,4;2000,0;1,3;100,0;100,0;61,4;100,0;100,0;100,0;5,7;12,4;7;0,0;0;0,0;5,5;0;0,199;10,5;38,7;360;2150;680;10;-0,4;0,0;0;0,0;0,0;0;0,0;0,0;0;0,0;5,9;2,07;0,0;Plintossolo pétrico;Afluente s/n do Rio Coxipó;Bacia do Rio Cuiabá;Bacia do Rio Cuiabá;13,1;;Sentinel-2 de 23/08/2026, pixels de 10 m;Landsat de 13/08/2026, pixels de 30 m
510340310430271;Cuiabá;Urbana;;Coxipó da Ponte;;0,108;585;5401,3;198;2,9;5,1;18,5;50,4;74,0;1,4;98,0;99,5;90,4;5,6;99,5;0,0;2620,1;2200,0;2,8;100,0;99,5;89,3;100,0;100,0;99,5;3,5;15,5;7;0,0;0;0,0;0,0;0;0,197;8,7;39,7;220;2290;440;240;0,6;0,0;0;0,0;0,0;0;0,0;0,0;0;0,0;0,0;2,08;0,0;Plintossolo pétrico;Afluente s/n do Rio Coxipó;Bacia do Rio Cuiabá;Bacia do Rio Cuiabá;16,1;;Sentinel-2 de 23/08/2026, pixels de 10 m;Landsat de 13/08/2026, pixels de 30 m
510340310430272;Cuiabá;Urbana;;Coxipó da Ponte;;0,068;726;10598,6;223;3,3;3,9;22,6;53,2;84,7;0,0;99,6;100,0;100,0;0,0;100,0;0,0;1796,1;1400,0;2,8;100,0;100,0;73,3;100,0;100,0;100,0;5,5;16,1;7;0,0;0;0,0;0,0;0;0,142;0,0;39,5;270;2570;290;460;0,4;0,0;0;0,0;0,0;0;0,0;0,0;0;0,0;0,0;2,08;0,0;Plintossolo pétrico;Afluente s/n do Rio Coxipó;Bacia do Rio Cuiabá;Bacia do Rio Cuiabá;0,0;;Sentinel-2 de 23/08/2026, pixels de 10 m;Landsat de 13/08/2026, pixels de 30 m
510340310430273;Cuiabá;Urbana;;Coxipó da Ponte;;0,053;577;10819,6;175;3,3;6,1;19,1;52,5;82,1;0,0;98,9;100,0;96,6;0,0;98,9;0,0;1593,0;1212,0;7,8;100,0;91,2;56,8;100,0;100,0;100,0;13,9;24,4;7;0,0;0;0,0;0,0;0;0,159;0,6;39,7;420;2450;430;270;0,6;0,0;0;0,0;0,0;0;0,0;0,0;0;0,0;1,8;2,08;0,0;Plintossolo pétrico;Afluente s/n do Rio Coxipó;Bacia do Rio Cuiabá;Bacia do Rio Cuiabá;0,6;;Sentinel-2 de 23/08/2026, pixels de 10 m;Landsat de 13/08/2026, pixels de 30 m
510340310430274;Cuiabá;Urbana;;Coxipó da Ponte;;0,063;584;9239,4;182;3,2;3,9;22,8;55,0;82,4;;99,5;100,0;89,6;1,6;99,5;0,0;1467,2;1212,0;2,3;100,0;97,9;97,9;100,0;100,0;100,0;0,0;18,7;7;0,0;0;0,0;0,0;0;0,159;0,3;39,7;350;2680;330;380;0,6;0,0;0;0,0;0,0;0;0,0;0,0;0;0,0;0,0;2,08;0,0;Plintossolo pétrico;Afluente s/n do Rio Coxipó;Bacia do Rio Cuiabá;Bacia do Rio Cuiabá;0,3;;Sentinel-2 de 23/08/2026, pixels de 10 m;Landsat de 13/08/2026, pixels de 30 m
510340310430275;Cuiabá;Urbana;;Coxipó da Ponte;;0,086;555;6418,4;167;3,3;7,6;24,1;55,0;84,7;;100,0;100,0;99,4;0,0;100,0;0,0;1382,4;1212,0;6,8;100,0;99,8;82,0;100,0;100,0;100,0;0,2;21,8;7;10,7;59;23,4;59,6;130;0,255;14,8;38,8;470;2830;430;560;-0,3;0,0;0;0,0;7,4;41;7,4;0,0;0;0,0;10,9;2,06;0,0;Plintossolo pétrico;Afluente s/n do Rio Coxipó;Bacia do Rio Cuiabá;Bacia do Rio Cuiabá;22,9;;Sentinel-2 de 23/08/2026, pixels de 10 m;Landsat de 13/08/2026, pixels de 30 m
510340310430276;Cuiabá;Urbana;;Coxipó da Ponte;;0,067;553;8216,0;160;3,5;3,1;25,7;55,5;90,8;0,0;100,0;100,0;99,4;0,0;100,0;0,0;1429,1;1300,0;4,1;100,0;89,0;45,4;100,0;100,0;98,9;0,0;20,4;7;0,0;0;0,0;0,0;0;0,134;0,0;39,4;70;2860;30;650;0,3;0,0;0;0,0;0,0;0;0,3;0,0;0;0,0;0,0;2,08;0,0;Plintossolo pétrico;Afluente s/n do Rio Coxipó;Bacia do Rio Cuiabá;Bacia do Rio Cuiabá;0,0;;Sentinel-2 de 23/08/2026, pixels de 10 m;Landsat de 13/08/2026, pixels de 30 m
510340310430277;Cuiabá;Urbana;;Coxipó da Ponte;;0,104;655;6276,3;210;3,1;4,7;23,2;54,2;82,9;;99,5;99,5;98,6;0,0;99,5;0,0;1473,3;1300,0;3,1;100,0;99,4;89,5;100,0;100,0;99,2;22,9;18,1;7;4,9;32;17,1;31,4;112;0,232;14,8;38,8;340;3090;300;800;-0,3;0,0;0;0,0;5,5;36;6,8;0,0;0;0,0;13,3;2,06;0,0;Plintossolo pétrico;Afluente s/n do Rio Coxipó;Bacia do Rio Cuiabá;Bacia do Rio Cuiabá;23,5;;Sentinel-2 de 23/08/2026, pixels de 10 m;Landsat de 13/08/2026, pixels de 30 m
510340310430278;Cuiabá;Urbana;Parque Cuiabá;Coxipó da Ponte;Parque Cuiabá B;0,094;332;3532,7;103;3,2;8,7;17,8;51,8;74,1;;97,1;96,1;22,3;21,4;99,0;0,0;2221,5;2000,0;;4,2;74,7;18,1;100,0;4,2;4,2;0,0;47,6;6;30,3;101;39,1;80,5;130;0,429;42,5;37,7;460;6170;470;400;-1,4;0,0;0;0,0;45,1;150;45,1;0,0;0;0,0;31,0;2,02;0,0;Plintossolo pétrico;Córrego Figueirinha;Bacia do Rio Cuiabá;Bacia do Rio Cuiabá;120,3;;Sentinel-2 de 23/08/2026, pixels de 10 m;Landsat de 13/08/2026, pixels de 30 m
510340310430279;Cuiabá;Urbana;;Coxipó da Ponte;;0,081;674;8340,9;237;2,8;17,7;12,9;52,2;53,3;;100,0;100,0;93,2;4,2;100,0;0,0;3555,8;3000,0;1,7;95,7;88,0;21,5;100,0;95,5;64,8;0,6;13,8;7;0,1;1;0,0;8,1;0;0,176;5,6;40,0;400;6350;270;310;0,9;0,0;0;0,0;3,5;23;7,1;0,0;0;0,0;0,0;2,08;0,0;Plintossolo pétrico;Córrego Figueirinha;Bacia do Rio Cuiabá;Bacia do Rio Cuiabá;6,7;;Sentinel-2 de 23/08/2026, pixels de 10 m;Landsat de 13/08/2026, pixels de 30 m
510340310430281;Cuiabá;Urbana;Jardim Presidente;Coxipó da Ponte;;0,312;514;1649,5;196;2,6;7,0;15,2;49,2;75,5;;100,0;100,0;26,0;44,9;100,0;0,0;3315,5;2500,0;1,2;29,2;48,4;35,8;100,0;29,2;47,3;2,1;38,6;7;10,9;56;20,5;43,3;105;0,352;31,8;38,3;780;3960;460;250;-0,8;0,0;0;0,0;30,9;159;30,9;0,0;0;0,0;23,1;2,05;0,0;Plintossolo pétrico;Córrego Faval;Bacia do Rio Cuiabá;Bacia do Rio Cuiabá;193,0;;Sentinel-2 de 23/08/2026, pixels de 10 m;Landsat de 13/08/2026, pixels de 30 m
510340310430282;Cuiabá;Urbana;Jardim Presidente;Coxipó da Ponte;Vila Verde;0,051;280;5503,6;125;2,2;16,1;8,9;49,6;78,2;0,0;99,2;98,4;50,4;0,0;100,0;0,0;2659,1;2400,0;5,1;30,0;86,1;0,0;96,8;87,9;60,7;0,0;35,3;7;0,0;0;0,0;0,0;0;0,24;8,3;39,3;800;3740;590;210;0,2;0,0;0;0,0;2,0;6;2,0;0,0;0;0,0;0,0;2,02;0,0;Plintossolo pétrico;Córrego Faval;Bacia do Rio Cuiabá;Bacia do Rio Cuiabá;15,1;;Sentinel-2 de 23/08/2026, pixels de 10 m;Landsat de 13/08/2026, pixels de 30 m
510340310430283;Cuiabá;Urbana;Jardim Industriário;Coxipó da Ponte;;0,302;716;2370,4;256;2,8;8,7;16,1;46,1;71,2;0,8;98,4;83,2;19,5;9,0;99,2;0,0;2142,7;1650,0;5,0;67,9;69,4;25,0;100,0;99,7;65,4;10,8;38,2;7;0,0;0;0,0;26,3;0;0,215;6,2;40,1;680;1770;280;930;1,0;0,0;0;0,0;0,0;0;0,0;0,0;0;0,0;0,0;1,64;0,0;Latossolo vermelho-amarelo;Ribeirão dos Cágados;Bacia do Rio Cuiabá;Bacia do Rio Ariçá-Açu;26,2;;Sentinel-2 de 23/08/2026, pixels de 10 m;Landsat de 13/08/2026, pixels de 30 m
510340310430284;Cuiabá;Urbana;Jardim Industriário;Coxipó da Ponte;Parque Nova Esperança I;0,105;632;5995,0;191;3,3;6,0;18,8;48,7;81,5;;99,5;92,1;0,0;99,0;99,5;0,0;1616,7;1245,0;5,6;3,0;67,7;13,4;100,0;100,0;0,0;0,0;52,7;7;0,0;0;0,0;74,3;0;0,198;1,3;39,4;840;1830;550;990;0,3;0,0;0;0,0;0,0;0;0,0;0,0;0;0,0;0,0;1,64;0,0;Latossolo vermelho-amarelo;Ribeirão dos Cágados;Bacia do Rio Cuiabá;Bacia do Rio Ariçá-Açu;2,2;;Sentinel-2 de 23/08/2026, pixels de 10 m;Landsat de 13/08/2026, pixels de 30 m
510340310430285;Cuiabá;Urbana;Nova Esperança;Coxipó da Ponte;Nova Esperança;0,346;896;2587,1;270;3,3;3,6;21,0;47,7;82,3;0,0;97,0;96,7;0,0;95,9;98,9;0,0;1896,1;1500,0;2,9;0,0;89,3;16,0;99,4;52,6;0,0;0,0;46,6;7;0,0;0;0,0;0,0;0;0,254;6,5;39,9;1090;1840;970;800;0,8;0,0;0;0,0;0,0;0;0,0;0,0;0;0,0;2,7;1,66;0,0;Latossolo vermelho-amarelo;Ribeirão dos Cágados;Bacia do Rio Cuiabá;Bacia do Rio Ariçá-Açu;25,1;;Sentinel-2 de 23/08/2026, pixels de 10 m;Landsat de 13/08/2026, pixels de 30 m
510340310430286;Cuiabá;Urbana;;Coxipó da Ponte;Nova Esperança;0,098;445;4519,0;135;3,3;6,3;18,4;47,6;78,7;0,0;97,0;96,3;0,0;78,5;98,5;;1819,2;1300,0;5,0;0,0;77,5;14,8;100,0;100,0;0,0;0,0;50,9;7;0,0;0;0,0;0,0;0;0,341;23,6;39,5;600;1500;680;330;0,4;0,0;0;0,0;0,0;0;0,0;0,0;0;0,0;0,0;1,65;0,0;Latossolo vermelho-amarelo;Ribeirão dos Cágados;Bacia do Rio Cuiabá;Bacia do Rio Ariçá-Açu;52,0;;Sentinel-2 de 23/08/2026, pixels de 10 m;Landsat de 13/08/2026, pixels de 30 m
510340310430287;Cuiabá;Urbana;Pedra 90;Coxipó da Ponte;;0,573;761;1327,8;242;3,1;5,9;20,2;51,1;79,6;;88,0;96,7;3,7;90,1;98,3;0,0;2360,5;1700,0;4,1;14,1;77,7;43,1;98,7;80,2;14,1;0,0;47,2;7;0,0;0;0,0;0,0;0;0,276;13,9;39,8;780;1950;890;490;0,7;0,0;0;0,0;0,0;0;0,0;0,0;0;0,0;2,2;1,69;0,0;Latossolo vermelho-amarelo;Córrego Para-Tudo;Bacia do Rio Cuiabá;Bacia do Rio Ariçá-Açu;104,7;;Sentinel-2 de 23/08/2026, pixels de 10 m;Landsat de 13/08/2026, pixels de 30 m
510340310430288;Cuiabá;Urbana;Pedra 90;Coxipó da Ponte;Jardim São Paulo;0,05;279;5588,2;95;2,9;7,9;18,6;49,5;79,9;0,0;98,9;94,7;6,3;61,1;97,9;0,0;1801,2;1500,0;;1,8;96,8;37,3;100,0;87,5;0,0;0,0;48,4;6;0,0;0;0,0;0,0;0;0,201;1,6;40,5;780;2370;680;580;1,4;0,0;0;0,0;0,0;0;0,0;0,0;0;0,0;0,0;1,65;0,0;Latossolo vermelho-amarelo;Córrego Para-Tudo;Bacia do Rio Cuiabá;Bacia do Rio Cuiabá;2,9;;Sentinel-2 de 23/08/2026, pixels de 10 m;Landsat de 13/08/2026, pixels de 30 m
510340310430289;Cuiabá;Urbana;Pedra 90;Coxipó da Ponte;;0,087;876;10027,5;267;3,3;6,7;14,6;51,9;78,3;0,3;98,5;99,6;97,8;1,9;100,0;0,0;1651,3;1212,0;8,0;99,0;23,7;0,0;100,0;99,0;51,1;0,0;33,9;7;0,2;2;48,4;81,7;424;0,166;0,8;40,4;810;3540;350;450;1,3;0,0;0;0,0;0,0;0;0,0;0,0;0;0,0;0,0;2,08;0,0;Plintossolo pétrico;Córrego Aricá;Bacia do Rio Cuiabá;Bacia do Rio Ariçá-Açu;0,8;;Sentinel-2 de 23/08/2026, pixels de 10 m;Landsat de 13/08/2026, pixels de 30 m
510340310430290;Cuiabá;Urbana;Pedra 90;Coxipó da Ponte;Pedra 90 C;0,117;354;3015,8;113;3,1;5,1;24,3;51,1;83,9;;97,3;58,4;7,1;85,0;85,0;15,9;1608,6;1200,0;8,8;70,9;64,3;25,7;70,9;68,9;14,0;0,0;49,3;7;7,7;27;4,7;51,7;17;0,359;33,6;38,9;660;3790;250;560;-0,2;0,0;0;0,0;15,6;55;46,6;0,0;0;0,0;16,6;1,91;0,0;Plintossolo argilúvico;Córrego Aricá;Bacia do Rio Cuiabá;Bacia do Rio Ariçá-Açu;111,1;;Sentinel-2 de 23/08/2026, pixels de 10 m;Landsat de 13/08/2026, pixels de 30 m
510340310430291;Cuiabá;Urbana;Pedra 90;Coxipó da Ponte;Pedra 90 A;0,25;772;3090,6;246;3,1;3,9;24,6;47,7;78,6;0,0;95,5;61,4;4,5;50,8;85,4;35,8;1336,0;1212,0;6,9;28,5;37,7;6,7;34,1;30,4;18,1;0,0;58,2;7;17,1;132;41,9;82,2;323;0,377;32,3;38,3;1240;3490;370;320;-0,8;0,0;0;0,0;17,3;134;47,6;0,0;0;0,0;24,0;2,05;0,0;Plintossolo pétrico;Córrego Aricá;Bacia do Rio Cuiabá;Bacia do Rio Ariçá-Açu;104,6;;Sentinel-2 de 23/08/2026, pixels de 10 m;Landsat de 13/08/2026, pixels de 30 m
510340310430292;Cuiabá;Urbana;Pedra 90;Coxipó da Ponte;;0,312;153;490,6;50;3,1;8,5;23,5;47,7;89,5;0,0;100,0;92,0;6,0;94,0;96,0;0,0;1467,0;1212,0;6,2;37,9;65,4;44,4;39,2;37,9;3,9;0,0;49,1;7;14,9;23;22,4;44,3;34;0,408;39,0;38,2;1100;3890;670;800;-0,9;0,0;0;0,0;22,0;34;28,5;0,0;0;0,0;42,4;2,02;0,0;Plintossolo argilúvico;Córrego Aricá;Bacia do Rio Cuiabá;Bacia do Rio Ariçá-Açu;795,3;;Sentinel-2 de 23/08/2026, pixels de 10 m;Landsat de 13/08/2026, pixels de 30 m
510340310430293;Cuiabá;Urbana;Residencial Coxipó;Coxipó da Ponte;;0,083;584;7072,8;180;3,2;8,7;13,9;51,4;74,0;0,9;100,0;98,9;23,9;14,4;100,0;0,0;1642,9;1212,0;5,3;14,4;44,0;11,6;100,0;14,4;14,4;0,0;50,5;7;0,2;1;28,4;71,6;166;0,2;4,8;39,5;490;5110;300;230;0,4;0,0;0;0,0;1,7;10;1,7;0,0;0;0,0;0,0;2,08;0,0;Plintossolo pétrico;Córrego Faval;Bacia do Rio Cuiabá;Bacia do Rio Cuiabá;6,8;;Sentinel-2 de 23/08/2026, pixels de 10 m;Landsat de 13/08/2026, pixels de 30 m
510340310430294;Cuiabá;Urbana;Residencial Coxipó;Coxipó da Ponte;Região do Residencial do Coxipó;0,133;812;6107,7;324;2,5;15,1;12,7;50,2;72,8;0,0;99,7;99,7;47,5;9,9;99,4;0,0;1920,1;2000,0;3,2;49,0;51,0;0,0;98,3;48,4;39,0;10,6;38,1;7;54,8;445;78,5;98,3;637;0,284;17,9;38,8;250;4890;190;100;-0,3;0,0;0;0,0;63,7;517;64,2;0,0;0;0,0;0,0;2,08;0,0;Plintossolo pétrico;Córrego Faval;Bacia do Rio Cuiabá;Bacia do Rio Cuiabá;29,3;;Sentinel-2 de 23/08/2026, pixels de 10 m;Landsat de 13/08/2026, pixels de 30 m
510340310430295;Cuiabá;Urbana;Residencial Coxipó;Coxipó da Ponte;;0,037;349;9339,1;124;2,8;12,3;11,2;55,9;84,5;0,0;99,2;100,0;86,3;13,7;100,0;0,0;2481,4;2000,0;;43,8;44,7;0,0;100,0;53,3;67,0;0,0;33,9;6;0,0;0;0,0;80,0;0;0,151;0,3;40,1;50;4550;350;990;1,0;0,0;0;0,0;0,0;0;0,0;0,0;0;0,0;0,0;1,64;0,0;Latossolo vermelho-amarelo;Córrego Faval;Bacia do Rio Cuiabá;Bacia do Rio Cuiabá;0,3;;Sentinel-2 de 23/08/2026, pixels de 10 m;Landsat de 13/08/2026, pixels de 30 m
510340310430296;Cuiabá;Urbana;Residencial Coxipó;Coxipó da Ponte;Região do Residencial do Coxipó;0,041;180;4425,9;59;3,1;8,9;17,8;45,6;75,6;;100,0;100,0;62,7;35,6;96,6;0,0;2080,6;1600,0;7,5;56,1;47,8;0,0;93,3;56,1;54,4;32,8;40,0;7;59,9;108;33,3;98,0;60;0,36;33,7;38,3;280;4430;140;780;-0,8;0,0;0;0,0;0,0;0;64,0;0,0;0;0,0;0,0;1,64;0,0;Latossolo vermelho-amarelo;Córrego Faval;Bacia do Rio Cuiabá;Bacia do Rio Cuiabá;76,8;;Sentinel-2 de 23/08/2026, pixels de 10 m;Landsat de 13/08/2026, pixels de 30 m
510340310430297;Cuiabá;Urbana;Jardim Presidente;Coxipó da Ponte;;0,059;475;8033,0;161;3;15,4;11,6;53,5;66,7;0,0;100,0;100,0;89,4;2,5;100,0;0,0;3579,7;2500,0;1,5;68,6;51,2;0,0;100,0;69,5;60,8;0,0;23,3;7;0,0;0;0,0;21,7;0;0,162;1,2;40,2;150;4590;260;130;1,1;0,0;0;0,0;0,0;0;0,0;0,0;0;0,0;0,0;2,08;0,0;Plintossolo pétrico;Córrego Faval;Bacia do Rio Cuiabá;Bacia do Rio Cuiabá;1,5;;Sentinel-2 de 23/08/2026, pixels de 10 m;Landsat de 13/08/2026, pixels de 30 m
510340310430298;Cuiabá;Urbana;Jardim Presidente;Coxipó da Ponte;Região do Residencial do Coxipó;0,136;260;1913,6;94;2,8;8,8;14,2;51,5;88,5;0,0;100,0;100,0;70,2;0,0;98,9;0,0;1937,8;1500,0;1,5;13,8;42,3;5,0;100,0;10,8;10,8;0,0;39,3;7;23,1;60;71,8;91,7;187;0,365;34,4;38,1;280;4720;190;240;-1,0;0,0;0;0,0;58,2;151;58,2;0,0;0;0,0;23,9;2,05;0,0;Plintossolo pétrico;Córrego Faval;Bacia do Rio Cuiabá;Bacia do Rio Cuiabá;179,9;;Sentinel-2 de 23/08/2026, pixels de 10 m;Landsat de 13/08/2026, pixels de 30 m
510340310430299;Cuiabá;Urbana;São Francisco;Coxipó da Ponte;;0,132;583;4411,7;248;2,4;13,6;10,8;51,6;76,2;0,0;98,8;100,0;29,0;5,2;99,6;0,0;2207,5;1800,0;5,0;24,0;72,9;26,4;100,0;14,2;2,1;1,0;42,3;7;11,3;66;52,1;97,0;304;0,267;15,7;39,5;260;2780;430;600;0,4;0,0;0;0,0;22,6;132;22,6;0,0;0;0,0;11,0;2,06;0,0;Plintossolo pétrico;Córrego Faval;Bacia do Rio Cuiabá;Bacia do Rio Cuiabá;35,5;;Sentinel-2 de 23/08/2026, pixels de 10 m;Landsat de 13/08/2026, pixels de 30 m
510340310430300;Cuiabá;Urbana;São Francisco;Coxipó da Ponte;Região do Passaredo;0,088;454;5165,8;150;3;8,6;15,4;48,2;78,9;0,0;100,0;100,0;63,3;34,0;100,0;;2015,0;1800,0;2,9;37,4;39,0;0,0;100,0;27,8;11,9;0,0;38,4;7;21,7;99;48,7;67,3;221;0,266;12,8;39,8;400;2730;230;780;0,7;0,0;0;0,0;30,2;137;30,2;0,0;0;0,0;0,0;1,95;0,0;Plintossolo pétrico;Córrego Faval;Bacia do Rio Cuiabá;Bacia do Rio Cuiabá;24,8;;Sentinel-2 de 23/08/2026, pixels de 10 m;Landsat de 13/08/2026, pixels de 30 m
510340310430301;Cuiabá;Urbana;Jardim Passaredo;Coxipó da Ponte;Região do Passaredo;0,039;331;8551,1;116;2,9;9,4;15,1;47,4;74,6;;99,1;99,1;2,6;27,6;99,1;0,0;2061,0;1800,0;7,1;0,0;65,8;22,7;100,0;100,0;0,0;0,0;53,3;7;0,5;2;2,6;59,0;8;0,262;8,5;40,2;580;2120;390;270;1,1;0,0;0;0,0;0,3;1;0,3;0,0;0;0,0;0,0;1,68;0,0;Latossolo vermelho-amarelo;Córrego Faval;Bacia do Rio Cuiabá;Bacia do Rio Cuiabá;10,0;;Sentinel-2 de 23/08/2026, pixels de 10 m;Landsat de 13/08/2026, pixels de 30 m
510340310430302;Cuiabá;Urbana;Jardim Passaredo;Coxipó da Ponte;Região do Passaredo;0,055;530;9591,9;174;3;8,7;15,3;51,3;73,8;0,0;98,3;98,9;17,8;48,3;99,4;0,0;2295,8;1900,0;4,1;24,3;82,6;0,0;100,0;100,0;24,3;1,7;41,4;7;0,5;3;2,7;61,3;14;0,206;2,8;40,7;540;1970;440;300;1,6;0,0;0;0,0;0,0;0;0,0;0,0;0;0,0;0,0;1,78;0,0;Latossolo vermelho-amarelo;Córrego Faval;Bacia do Rio Cuiabá;Bacia do Rio Cuiabá;2,9;;Sentinel-2 de 23/08/2026, pixels de 10 m;Landsat de 13/08/2026, pixels de 30 m
510340310430303;Cuiabá;Urbana;Jardim Passaredo;Coxipó da Ponte;Região do Passaredo;0,072;529;7344,1;167;3,2;13,6;15,3;55,4;88,7;0,0;99,4;100,0;5,4;92,8;100,0;0,0;1845,0;1600,0;3,0;14,9;79,6;10,8;100,0;100,0;12,3;6,4;44,8;7;0,0;0;0,0;15,1;0;0,248;6,2;40,3;560;1810;270;180;1,2;0,0;0;0,0;0,0;0;0,0;0,0;0;0,0;0,0;1,68;0,0;Latossolo vermelho-amarelo;Córrego Faval;Bacia do Rio Cuiabá;Bacia do Rio Cuiabá;8,4;;Sentinel-2 de 23/08/2026, pixels de 10 m;Landsat de 13/08/2026, pixels de 30 m
510340310430304;Cuiabá;Urbana;Jardim Passaredo;Coxipó da Ponte;Região do Passaredo;0,051;378;7473,5;126;3;8,2;18,8;51,6;73,5;0,0;100,0;100,0;34,1;16,7;100,0;0,0;1941,1;1500,0;5,7;15,1;69,3;6,1;100,0;97,1;15,1;3,2;44,7;7;21,6;82;16,7;100,0;63;0,297;16,8;39,4;260;1690;590;420;0,3;0,0;0;0,0;0,0;0;24,8;0,0;0;0,0;4,2;1,88;0,0;Plintossolo pétrico;Córrego Imbauval;Bacia do Rio Cuiabá;Bacia do Rio Cuiabá;22,7;;Sentinel-2 de 23/08/2026, pixels de 10 m;Landsat de 13/08/2026, pixels de 30 m
510340310430305;Cuiabá;Urbana;Pedra 90;Coxipó da Ponte;Pedra 90 B;0,089;527;5904,2;156;3,4;4,2;23,1;48,6;87,1;0,0;84,6;87,2;3,8;20,5;96,8;;1523,5;1261,5;6,3;4,2;50,9;15,9;100,0;1,5;0,0;0,0;58,4;7;0,0;0;0,0;0,0;0;0,248;4,4;39,7;940;4520;850;520;0,6;0,0;0;0,0;0,0;0;0,0;0,0;0;0,0;3,7;1,65;0,0;Latossolo vermelho-amarelo;Córrego Aricá;Bacia do Rio Cuiabá;Bacia do Rio Ariçá-Açu;7,4;;Sentinel-2 de 23/08/2026, pixels de 10 m;Landsat de 13/08/2026, pixels de 30 m
510340310430306;Cuiabá;Urbana;Pedra 90;Coxipó da Ponte;;0,697;122;175,0;36;3,4;10,7;19,7;50,8;85,2;0,0;38,9;72,2;;38,9;86,1;0,0;1750,6;1300,0;;;;;;;;;;3;5,3;6;14,0;24,7;17;0,404;37,2;38,9;1250;4670;790;700;-0,2;0,0;0;0,0;12,7;16;12,7;0,0;0;0,0;43,9;1,91;0,0;Plintossolo argilúvico;Córrego Aricá;Bacia do Rio Cuiabá;Bacia do Rio Ariçá-Açu;2125,3;;Sentinel-2 de 23/08/2026, pixels de 10 m;Landsat de 13/08/2026, pixels de 30 m
510340310430307;Cuiabá;Urbana;São João Del Rey;Coxipó da Ponte;Região do São João Del Rey - C;0,066;478;7274,9;160;3;7,5;16,5;52,3;77,4;1,0;99,4;90,6;83,8;15,6;100,0;0,0;1917,3;1500,0;3,7;100,0;85,6;17,2;100,0;100,0;99,6;1,9;21,1;7;15,4;74;0,0;13,0;0;0,189;2,9;40,2;300;2920;250;140;1,1;0,0;0;0,0;8,0;38;8,0;0,0;0;0,0;0,0;2,08;0,0;Plintossolo pétrico;Afluente s/n do Rio Coxipó;Bacia do Rio Cuiabá;Bacia do Rio Cuiabá;4,0;;Sentinel-2 de 23/08/2026, pixels de 10 m;Landsat de 13/08/2026, pixels de 30 m
510340310430308;Cuiabá;Urbana;São João Del Rey;Coxipó da Ponte;Novo Milênio;0,089;180;2033,4;62;2,9;4,4;17,2;47,2;86,1;0,0;93,5;87,1;64,5;0,0;96,8;0,0;1821,0;1500,0;5,3;43,3;58,9;18,9;76,7;43,3;25,6;0,0;39,4;7;61,7;111;70,8;98,2;127;0,397;42,6;38,3;360;2710;420;150;-0,8;0,0;0;0,0;67,9;122;67,9;0,0;0;0,0;17,6;2,05;0,0;Plintossolo pétrico;Afluente s/n do Rio Coxipó;Bacia do Rio Cuiabá;Bacia do Rio Cuiabá;210,6;;Sentinel-2 de 23/08/2026, pixels de 10 m;Landsat de 13/08/2026, pixels de 30 m
510340310430309;Cuiabá;Urbana;;Coxipó da Ponte;;0,241;587;2434,6;200;2,9;6,3;17,4;45,7;83,8;;95,5;96,5;82,0;2,5;99,5;;1740,5;1400,0;5,8;5,8;90,3;54,5;100,0;19,9;0,0;0,0;37,7;7;0,1;0;1,1;12,4;6;0,206;3,9;39,6;680;1790;740;370;0,5;0,0;0;0,0;0,0;0;0,0;0,0;0;0,0;0,0;2,09;0,0;Plintossolo pétrico;Afluente s/n do Rio Coxipó;Bacia do Rio Cuiabá;Bacia do Rio Cuiabá;16,0;;Sentinel-2 de 23/08/2026, pixels de 10 m;Landsat de 13/08/2026, pixels de 30 m
510340310430310;Cuiabá;Urbana;;Coxipó da Ponte;Novo Milênio;0,055;154;2797,7;51;3;5,2;20,1;51,3;82,5;0,0;92,2;88,2;35,3;5,9;88,2;;1658,7;1500,0;5,4;0,0;69,5;0,0;100,0;0,0;0,0;0,0;50,9;7;33,9;52;42,0;67,9;65;0,338;22,4;39,2;590;2250;640;390;0,1;0,0;0;0,0;31,9;49;31,9;0,0;0;0,0;0,0;2,08;0,0;Plintossolo pétrico;Afluente s/n do Rio Coxipó;Bacia do Rio Cuiabá;Bacia do Rio Cuiabá;80,0;;Sentinel-2 de 23/08/2026, pixels de 10 m;Landsat de 13/08/2026, pixels de 30 m
510340310430311;Cuiabá;Urbana;Jardim Fortaleza;Coxipó da Ponte;Região do Santa Laura;0,097;730;7543,0;255;2,9;9,7;13,2;48,8;84,5;;100,0;98,0;85,9;2,4;98,8;;1812,5;1400,0;3,2;38,6;72,1;23,3;100,0;37,1;22,6;11,0;31,5;7;10,8;79;0,0;8,2;0;0,201;4,8;40,2;90;2180;290;130;1,1;0,0;0;0,0;0,8;6;0,8;0,0;0;0,0;0,0;2,08;0,0;Plintossolo pétrico;Afluente s/n do Rio Coxipó;Bacia do Rio Cuiabá;Bacia do Rio Cuiabá;6,4;;Sentinel-2 de 23/08/2026, pixels de 10 m;Landsat de 13/08/2026, pixels de 30 m
510340310430312;Cuiabá;Urbana;Jardim Fortaleza;Coxipó da Ponte;Novo Milênio;0,099;547;5551,2;176;3,1;9,3;17,7;53,7;83,2;0,0;97,7;94,9;75,6;7,4;98,3;;1689,1;1300,0;6,5;34,7;87,0;3,3;86,3;35,6;32,0;0,0;35,8;7;34,2;187;42,0;71,7;230;0,314;20,7;38,7;260;2040;430;140;-0,4;0,0;0;0,0;48,4;265;48,4;0,0;0;0,0;1,9;2,08;0,0;Plintossolo pétrico;Afluente s/n do Rio Coxipó;Bacia do Rio Cuiabá;Bacia do Rio Cuiabá;37,5;;Sentinel-2 de 23/08/2026, pixels de 10 m;Landsat de 13/08/2026, pixels de 30 m
510340310430313;Cuiabá;Urbana;Coxipó;Coxipó da Ponte;;0,1;5;49,8;0;0;;;;;;;;;;;;;;;;;;;;;;;0;9,7;0;49,0;99,0;2;0,492;68,2;36,6;1190;2130;130;350;-2,5;0,0;0;0,0;100,0;5;100,0;36,0;2;2,9;52,6;1,95;0,0;Plintossolo pétrico;Córrego Seco;Bacia do Rio Cuiabá;Bacia do Rio Cuiabá;;;Sentinel-2 de 23/08/2026, pixels de 10 m;Landsat de 13/08/2026, pixels de 30 m
510340310430314;Cuiabá;Urbana;Coxipó;Coxipó da Ponte;;0,036;658;18061,9;312;2,1;2,1;13,7;51,5;64,3;;93,6;99,7;27,9;67,3;100,0;0,0;4681,7;4000,0;;100,0;100,0;0,0;100,0;100,0;100,0;0,0;21,3;6;1,7;11;56,8;100,0;373;0,331;31,3;36,5;1240;1920;210;470;-2,6;0,0;0;0,0;100,0;658;100,0;1,7;11;0,3;7,7;2,06;0,0;Plintossolo pétrico;Córrego Shangri-lá;Bacia do Rio Cuiabá;Bacia do Rio Cuiabá;17,1;;Sentinel-2 de 23/08/2026, pixels de 10 m;Landsat de 13/08/2026, pixels de 30 m
510340310430315;Cuiabá;Urbana;Parque Geórgia;Coxipó da Ponte;;0,241;535;2219,1;177;3;8,4;14,8;50,8;73,6;;95,5;93,8;32,8;28,2;91,5;0,0;2166,6;1500,0;5,9;41,5;88,8;71,0;90,5;45,2;41,5;7,5;40,2;7;10,9;58;61,2;79,1;327;0,349;26,7;37,9;1230;3000;1460;480;-1,2;72,9;390;0,0;19,8;106;19,8;75,3;403;54,6;14,1;2,12;31,3;Plintossolo pétrico;Afluente s/n do Córrego São Gonçalo;Bacia do Rio Cuiabá;Bacia do Rio Cuiabá;120,3;;Sentinel-2 de 23/08/2026, pixels de 10 m;Landsat de 13/08/2026, pixels de 30 m
510340310430316;Cuiabá;Urbana;Parque Geórgia;Coxipó da Ponte;;0,221;934;4235,2;334;2,8;7,9;17,0;49,6;74,0;0,0;97,0;98,8;23,7;58,1;99,1;;2725,8;2000,0;2,7;25,3;91,2;50,9;100,0;27,9;25,3;0,0;36,8;7;16,8;157;58,8;79,6;549;0,359;29,8;37,3;540;3300;1230;250;-1,8;40,5;378;0,0;63,7;595;63,7;52,6;491;21,0;16,9;2,05;0,0;Plintossolo pétrico;Afluente s/n do Córrego São Gonçalo;Bacia do Rio Cuiabá;Bacia do Rio Cuiabá;70,5;;Sentinel-2 de 23/08/2026, pixels de 10 m;Landsat de 13/08/2026, pixels de 30 m
510340310430317;Cuiabá;Urbana;Parque Cuiabá;Coxipó da Ponte;;0,333;636;1912,2;254;2,5;9,0;11,5;47,0;63,2;0,0;85,4;91,7;73,6;0,0;91,3;0,0;4125,4;3000,0;3,2;93,3;87,7;44,9;96,3;92,4;14,1;0,0;21,7;7;4,5;28;26,9;59,7;171;0,254;11,0;38,8;150;4810;740;520;-0,3;0,0;0;0,0;23,4;149;23,4;0,0;0;0,0;10,0;2,08;0,0;Plintossolo pétrico;Córrego Figueirinha;Bacia do Rio Cuiabá;Bacia do Rio Cuiabá;57,6;;Sentinel-2 de 23/08/2026, pixels de 10 m;Landsat de 13/08/2026, pixels de 30 m
510340310430318;Cuiabá;Urbana;Parque Cuiabá;Coxipó da Ponte;;0,316;695;2198,1;303;2,3;6,9;14,5;48,6;75,4;0,0;81,8;88,4;74,6;4,0;89,1;0,0;2869,1;2000,0;1,8;76,3;49,5;9,2;100,0;62,8;45,7;0,0;31,3;7;7,2;50;17,7;29,8;123;0,25;12,3;38,6;380;5050;660;350;-0,5;0,0;0;0,0;13,3;92;13,3;0,0;0;0,0;10,7;2,07;0,0;Plintossolo pétrico;Córrego Figueirinha;Bacia do Rio Cuiabá;Bacia do Rio Cuiabá;55,9;;Sentinel-2 de 23/08/2026, pixels de 10 m;Landsat de 13/08/2026, pixels de 30 m
510340310430319;Cuiabá;Urbana;Pedra 90;Coxipó da Ponte;;0,18;630;3503,5;204;3,1;6,5;19,2;50,8;81,6;;70,1;86,8;9,3;83,8;99,5;2,0;1707,1;1212,0;4,5;14,6;74,1;23,8;96,8;21,3;0,5;1,7;51,8;7;7,6;48;5,6;23,0;35;0,272;7,9;39,9;1600;3690;280;300;0,8;0,0;0;0,0;0,0;0;0,0;0,0;0;0,0;0,0;2,1;0,0;Plintossolo pétrico;Córrego Aricá;Bacia do Rio Cuiabá;Bacia do Rio Ariçá-Açu;22,6;;Sentinel-2 de 23/08/2026, pixels de 10 m;Landsat de 13/08/2026, pixels de 30 m
510340310430320;Cuiabá;Urbana;Pedra 90;Coxipó da Ponte;;0,164;763;4652,7;245;3,1;6,4;19,0;49,4;75,5;0,4;82,0;59,2;9,4;66,1;99,6;;1679,1;1300,0;6,0;6,3;79,2;13,4;98,2;23,9;1,2;1,0;52,1;7;11,5;88;14,2;28,3;108;0,301;18,9;38,6;1500;3650;240;190;-0,5;0,0;0;0,0;1,8;14;23,9;0,0;0;0,0;9,3;2,06;0,0;Plintossolo pétrico;Córrego Aricá;Bacia do Rio Cuiabá;Bacia do Rio Ariçá-Açu;40,6;;Sentinel-2 de 23/08/2026, pixels de 10 m;Landsat de 13/08/2026, pixels de 30 m
510340310430321;Cuiabá;Urbana;São Gonçalo Beira Rio;Coxipó da Ponte;;0,066;927;14116,3;391;2,4;3,2;14,7;54,3;68,8;0,0;97,4;98,7;86,7;3,6;100,0;0,8;3694,7;3000,0;1,2;100,0;62,2;0,0;100,0;100,0;37,8;62,2;17,5;7;8,0;74;3,5;12,3;33;0,346;35,7;35,4;1930;2030;1120;700;-3,7;21,1;195;7,0;14,0;130;53,9;9,7;89;4,0;30,8;2,06;9,0;Plintossolo pétrico;Córrego São Gonçalo;Bacia do Rio Cuiabá;Bacia do Rio Cuiabá;25,4;;Sentinel-2 de 23/08/2026, pixels de 10 m;Landsat de 13/08/2026, pixels de 30 m
510340310430322;Cuiabá;Urbana;São Gonçalo Beira Rio;Coxipó da Ponte;;1,055;252;238,8;104;2,4;22,6;7,9;47,2;79,4;0,0;99,0;100,0;6,7;0,0;100,0;0,0;3358,9;2500,0;1,9;82,9;97,6;82,5;100,0;82,9;82,9;67,5;27,4;7;20,0;50;32,7;52,8;82;0,5;59,2;35,2;1740;3000;1070;30;-3,9;87,9;221;45,6;65,5;165;89,0;85,8;216;57,9;51,7;2,21;49,7;Neossolo flúvico;Córrego São Gonçalo;Bacia do Rio Cuiabá;Bacia do Rio Cuiabá;2478,4;;Sentinel-2 de 23/08/2026, pixels de 10 m;Landsat de 13/08/2026, pixels de 30 m
510340310430323;Cuiabá;Urbana;Cohab São Gonçalo;Coxipó da Ponte;Cohab São Gonçalo;0,072;748;10457,7;250;3;8,7;16,6;52,0;80,1;0,0;100,0;98,4;82,0;0,0;98,8;0,0;1704,2;1212,0;4,9;0,5;62,2;0,0;100,0;0,5;19,4;0,0;41,1;7;21,4;160;43,8;93,8;327;0,25;13,3;38,6;560;4800;530;410;-0,5;0,0;0;0,0;29,7;222;29,7;0,0;0;0,0;4,3;2,07;0,0;Plintossolo pétrico;Córrego Pequizal;Bacia do Rio Cuiabá;Bacia do Rio Cuiabá;12,8;;Sentinel-2 de 23/08/2026, pixels de 10 m;Landsat de 13/08/2026, pixels de 30 m
510340310430324;Cuiabá;Urbana;Cohab São Gonçalo;Coxipó da Ponte;Cohab São Gonçalo;0,039;565;14315,9;204;2,8;6,5;15,9;52,2;79,6;;100,0;100,0;83,3;5,9;98,0;0,0;1749,7;1500,0;4,4;8,1;59,5;0,0;100,0;8,1;40,5;0,4;39,7;7;0,0;0;0,0;46,7;0;0,159;0,8;40,2;730;4860;550;470;1,1;0,0;0;0,0;0,0;0;0,0;0,0;0;0,0;0,0;2,08;0,0;Plintossolo pétrico;Córrego Pequizal;Bacia do Rio Cuiabá;Bacia do Rio Cuiabá;0,6;;Sentinel-2 de 23/08/2026, pixels de 10 m;Landsat de 13/08/2026, pixels de 30 m
510340310430325;Cuiabá;Urbana;São João Del Rey;Coxipó da Ponte;Região do São João Del Rey - B;0,105;670;6394,9;212;3,1;4,6;22,2;51,6;84,9;0,0;99,5;96,7;93,9;0,0;100,0;;1870,3;1432,0;4,7;3,1;72,4;16,3;98,5;3,1;0,0;0,0;36,6;7;26,7;179;72,3;100,0;484;0,226;5,4;39,7;910;3300;520;790;0,6;0,0;0;0,0;0,0;0;17,7;0,0;0;0,0;0,0;2,08;0,0;Plintossolo pétrico;Córrego Fortaleza;Bacia do Rio Cuiabá;Bacia do Rio Cuiabá;8,5;;Sentinel-2 de 23/08/2026, pixels de 10 m;Landsat de 13/08/2026, pixels de 30 m
510340310430326;Cuiabá;Urbana;São João Del Rey;Coxipó da Ponte;Região do São João Del Rey - B;0,131;608;4649,2;220;2,8;7,1;17,3;51,8;83,6;;99,1;95,5;90,0;0,0;95,9;;1771,2;1500,0;2,7;44,7;87,2;36,3;100,0;72,4;36,2;0,0;28,2;7;7,0;43;7,3;40,6;44;0,207;4,4;40,4;690;3190;330;600;1,3;0,0;0;0,0;0,0;0;0,0;0,0;0;0,0;0,0;2,08;0,0;Plintossolo pétrico;Córrego Fortaleza;Bacia do Rio Cuiabá;Bacia do Rio Cuiabá;9,5;;Sentinel-2 de 23/08/2026, pixels de 10 m;Landsat de 13/08/2026, pixels de 30 m
510340310430327;Cuiabá;Urbana;;Coxipó da Ponte;Nova Esperança;0,201;831;4125,4;273;3;6,6;15,4;47,5;83,3;;97,8;97,8;;12,1;99,6;;1798,7;1388,0;5,5;0,0;85,7;52,1;98,8;77,6;0,0;0,0;41,7;6;0,0;0;0,0;0,0;0;0,325;22,7;39,1;720;1760;870;560;0,0;0,0;0;0,0;0,0;0;0,0;0,0;0;0,0;3,9;1,65;0,0;Latossolo vermelho-amarelo;Ribeirão dos Cágados;Bacia do Rio Cuiabá;Bacia do Rio Ariçá-Açu;54,9;;Sentinel-2 de 23/08/2026, pixels de 10 m;Landsat de 13/08/2026, pixels de 30 m
510340310430328;Cuiabá;Urbana;;Coxipó da Ponte;Nova Esperança;0,115;581;5057,2;179;3,2;5,0;21,0;51,3;80,7;;98,9;99,4;2,2;67,0;98,9;0,0;1679,4;1500,0;7,3;0,0;97,4;93,1;100,0;78,5;0,0;0,0;50,4;7;0,0;0;0,0;3,3;0;0,337;24,8;38,4;710;1790;890;620;-0,7;0,0;0;0,0;0,0;0;0,0;0,0;0;0,0;25,3;1,6;0,0;Latossolo vermelho-amarelo;Ribeirão dos Cágados;Bacia do Rio Cuiabá;Bacia do Rio Ariçá-Açu;49,1;;Sentinel-2 de 23/08/2026, pixels de 10 m;Landsat de 13/08/2026, pixels de 30 m
510340310430329;Cuiabá;Urbana;Parque Cuiabá;Coxipó da Ponte;;0,101;660;6560,4;218;3;15,0;14,5;52,0;67,0;0,9;99,1;100,0;98,6;0,0;90,4;0,0;2990,7;2100,0;3,8;77,7;58,3;11,2;100,0;93,5;72,1;0,0;25,4;7;0,0;0;0,0;0,9;0;0,172;5,0;39,7;470;5560;460;100;0,6;0,0;0;0,0;0,0;0;0,0;0,0;0;0,0;0,0;2,08;0,0;Plintossolo pétrico;Afluente s/n do Rio Cuiabá;Bacia do Rio Cuiabá;Bacia do Rio Cuiabá;7,7;;Sentinel-2 de 23/08/2026, pixels de 10 m;Landsat de 13/08/2026, pixels de 30 m
510340310430330;Cuiabá;Urbana;Parque Cuiabá;Coxipó da Ponte;;0,093;603;6492,3;218;2,8;19,6;12,6;52,6;56,6;0,0;100,0;100,0;93,6;1,4;100,0;0,0;3101,1;2000,0;1,0;100,0;80,1;8,6;100,0;100,0;77,9;13,3;14,4;7;0,0;0;0,0;0,0;0;0,196;11,2;39,4;190;5880;220;240;0,3;0,0;0;0,0;0,0;0;0,0;0,0;0;0,0;0,0;2,08;0,0;Plintossolo pétrico;Afluente s/n do Rio Cuiabá;Bacia do Rio Cuiabá;Bacia do Rio Cuiabá;17,3;;Sentinel-2 de 23/08/2026, pixels de 10 m;Landsat de 13/08/2026, pixels de 30 m
510340310430331;Cuiabá;Urbana;Parque Atalaia;Coxipó da Ponte;;0,236;699;2957,3;247;2,8;6,4;17,2;52,6;63,5;;95,5;100,0;93,1;0,0;100,0;0,0;5773,0;3400,0;0,7;100,0;92,6;69,0;100,0;100,0;98,0;50,1;9,1;7;22,8;159;37,4;54,0;261;0,305;31,8;37,2;250;4490;830;550;-1,9;3,0;21;0,0;32,2;225;32,2;10,8;76;2,7;24,9;2,02;0,0;Plintossolo pétrico;Afluente s/n do Rio Cuiabá;Bacia do Rio Cuiabá;Bacia do Rio Cuiabá;107,4;;Sentinel-2 de 23/08/2026, pixels de 10 m;Landsat de 13/08/2026, pixels de 30 m
510340310430332;Cuiabá;Urbana;Parque Atalaia;Coxipó da Ponte;;0,288;710;2462,2;233;3;5,5;14,5;50,6;70,4;0,0;100,0;100,0;98,7;0,0;100,0;0,0;3623,0;2500,0;1,3;99,6;84,2;23,2;100,0;99,6;84,5;5,1;12,5;7;17,0;121;34,4;63,7;244;0,299;28,8;37,3;910;4240;850;310;-1,8;53,6;381;26,9;57,9;411;60,1;54,7;388;42,3;24,1;2,16;39,0;Neossolo flúvico;Afluente s/n do Rio Cuiabá;Bacia do Rio Cuiabá;Bacia do Rio Cuiabá;116,8;;Sentinel-2 de 23/08/2026, pixels de 10 m;Landsat de 13/08/2026, pixels de 30 m
510340310430333;Cuiabá;Urbana;Coxipó;Coxipó da Ponte;;0,086;1079;12617,6;497;2,2;1,5;13,0;53,0;62,0;0,0;89,3;100,0;95,2;2,4;100,0;0,0;3763,2;3000,0;0,6;100,0;100,0;100,0;100,0;100,0;100,0;29,4;11,3;7;0,0;0;47,3;98,2;510;0,317;30,0;38,5;970;2200;140;310;-0,6;0,0;0;0,0;86,3;931;100,0;0,0;0;0,0;7,9;2,08;0,0;Plintossolo pétrico;Córrego Shangri-lá;Bacia do Rio Cuiabá;Bacia do Rio Cuiabá;23,9;;Sentinel-2 de 23/08/2026, pixels de 10 m;Landsat de 13/08/2026, pixels de 30 m
510340310430334;Cuiabá;Urbana;Coxipó;Coxipó da Ponte;;0,163;363;2229,0;144;2,5;16,5;12,4;51,0;54,3;;99,3;100,0;75,7;9,0;99,3;0,0;7113,2;5000,0;;100,0;96,4;79,3;100,0;100,0;98,9;16,0;9,9;6;22,8;83;46,5;72,8;169;0,42;48,5;37,0;1170;1900;320;330;-2,1;0,0;0;0,0;66,1;240;66,1;30,9;112;19,5;32,7;2,0;0,0;Plintossolo pétrico;Córrego Shangri-lá;Bacia do Rio Cuiabá;Bacia do Rio Cuiabá;217,8;;Sentinel-2 de 23/08/2026, pixels de 10 m;Landsat de 13/08/2026, pixels de 30 m
510340310430335;Cuiabá;Urbana;Jardim Gramado;Coxipó da Ponte;;0,345;990;2872,4;337;2,9;14,3;13,3;51,4;64,9;;91,7;100,0;15,4;0,0;97,6;0,0;5103,3;4000,0;0,5;59,7;89,7;41,6;100,0;59,7;41,8;8,1;28,0;7;5,5;54;4,5;31,1;44;0,386;38,6;37,3;940;2860;670;270;-1,8;1,5;15;0,0;24,9;247;25,0;12,6;124;0,1;32,3;2,01;0,0;Plintossolo pétrico;Afluente s/n do Córrego São Gonçalo;Bacia do Rio Cuiabá;Bacia do Rio Cuiabá;134,5;;Sentinel-2 de 23/08/2026, pixels de 10 m;Landsat de 13/08/2026, pixels de 30 m
510340310430336;Cuiabá;Urbana;Jardim Gramado;Coxipó da Ponte;;0,122;1245;10196,0;506;2,5;3,2;14,7;54,8;70,3;;99,0;100,0;99,0;0,0;100,0;0,0;5212,3;4500,0;0,5;0,0;0,0;0,0;0,0;0,0;0,0;0,0;35,7;7;12,8;159;12,0;53,8;150;0,479;59,9;36,3;930;3060;600;210;-2,8;0,0;0;0,0;14,9;185;14,9;0,0;0;0,0;50,6;1,98;0,0;Plintossolo pétrico;Afluente s/n do Córrego São Gonçalo;Bacia do Rio Cuiabá;Bacia do Rio Cuiabá;58,7;;Sentinel-2 de 23/08/2026, pixels de 10 m;Landsat de 13/08/2026, pixels de 30 m
510340310430337;Cuiabá;Urbana;Coxipó;Coxipó da Ponte;;0,61;313;513,5;108;2,8;16,9;13,7;52,7;64,5;;57,4;100,0;54,6;0,0;100,0;0,0;5186,7;3500,0;7,2;97,7;93,7;42,1;100,0;95,7;62,9;3,3;28,4;7;18,4;57;16,9;33,9;53;0,491;56,3;36,0;1770;1730;580;320;-3,1;30,2;95;14,9;52,9;166;68,6;37,4;117;22,9;51,6;1,97;0,0;Plintossolo pétrico;Córrego São Gonçalo;Bacia do Rio Cuiabá;Bacia do Rio Cuiabá;1097,2;;Sentinel-2 de 23/08/2026, pixels de 10 m;Landsat de 13/08/2026, pixels de 30 m
510340310430338;Cuiabá;Urbana;Coxipó;Coxipó da Ponte;;0,37;850;2300,2;358;2,4;13,3;10,9;53,6;47,3;;65,6;100,0;46,1;15,9;100,0;0,0;6946,1;5000,0;1,0;85,6;70,1;70,1;85,6;85,6;70,1;0,0;24,9;7;0,0;0;0,0;0,2;0;0,46;59,2;36,9;1180;2140;90;250;-2,2;0,0;0;0,0;3,1;26;61,8;0,0;0;0,0;25,4;2,04;0,0;Plintossolo pétrico;Córrego São Gonçalo;Bacia do Rio Cuiabá;Bacia do Rio Cuiabá;257,7;;Sentinel-2 de 23/08/2026, pixels de 10 m;Landsat de 13/08/2026, pixels de 30 m
510340310430339;Cuiabá;Urbana;Coxipó;Coxipó da Ponte;;0,027;768;27991,3;353;2,2;4,6;12,8;54,6;58,2;0,5;86,4;100,0;97,7;1,4;100,0;0,0;4775,8;3700,0;0,5;100,0;100,0;100,0;100,0;100,0;100,0;0,0;9,8;7;0,0;0;0,0;0,0;0;0,215;9,2;36,9;1140;1990;290;320;-2,2;0,0;0;0,0;4,0;31;4,0;0,0;0;0,0;13,6;2,06;0,0;Plintossolo pétrico;Córrego São Gonçalo;Bacia do Rio Cuiabá;Bacia do Rio Cuiabá;3,2;;Sentinel-2 de 23/08/2026, pixels de 10 m;Landsat de 13/08/2026, pixels de 30 m
510340310430340;Cuiabá;Urbana;Parque Ohara;Coxipó da Ponte;;0,106;328;3097,6;120;2,7;15,9;7,6;50,0;65,5;;95,8;99,2;25,8;9,2;100,0;0,0;3485,8;3000,0;3,6;100,0;75,3;30,2;100,0;100,0;89,9;0,0;27,5;7;0,0;0;0,0;20,5;0;0,295;20,4;39,0;190;3040;470;200;-0,1;0,0;0;0,0;2,4;8;2,4;0,0;0;0,0;0,0;2,08;0,0;Plintossolo pétrico;Afluente s/n do Córrego São Gonçalo;Bacia do Rio Cuiabá;Bacia do Rio Cuiabá;65,9;;Sentinel-2 de 23/08/2026, pixels de 10 m;Landsat de 13/08/2026, pixels de 30 m
510340310430341;Cuiabá;Urbana;Parque Ohara;Coxipó da Ponte;;0,098;693;7076,4;358;1,9;5,9;9,2;49,4;58,0;;97,5;99,7;100,0;0,0;100,0;0,0;4940,0;5000,0;2,5;100,0;40,7;2,7;100,0;40,7;7,5;0,0;18,2;7;0,0;0;0,0;38,6;0;0,178;10,8;39,8;390;3190;350;380;0,7;0,0;0;0,0;0,0;0;0,0;0,0;0;0,0;0,0;2,08;0,0;Plintossolo pétrico;Afluente s/n do Córrego São Gonçalo;Bacia do Rio Cuiabá;Bacia do Rio Cuiabá;15,3;;Sentinel-2 de 23/08/2026, pixels de 10 m;Landsat de 13/08/2026, pixels de 30 m
510340310430342;Cuiabá;Urbana;;Coxipó da Ponte;;3,538;155;43,8;45;3,4;9,0;13,5;47,1;67,7;0,0;100,0;100,0;66,7;26,7;100,0;0,0;2639,1;2500,0;;49,7;43,2;31,0;84,5;49,7;20,0;0,0;35,8;6;1,1;2;7,6;20,1;12;0,267;24,2;39,4;1420;2670;640;1120;0,3;0,0;0;0,0;11,4;18;11,4;0,0;0;0,0;26,1;1,6;0,0;Latossolo vermelho-amarelo;Afluente s/n do Córrego Caité;Bacia do Rio Cuiabá;Bacia do Rio Ariçá-Açu;5523,8;;Sentinel-2 de 23/08/2026, pixels de 10 m;Landsat de 13/08/2026, pixels de 30 m
510340310430343;Cuiabá;Urbana;;Coxipó da Ponte;;3,454;2;0,6;1;2;;;;;;;;;;;;;;;;;;;;;;;0;3,8;0;36,8;50,4;1;0,205;12,7;40,7;2100;3330;1470;1970;1,6;0,0;0;0,0;10,3;0;10,3;0,0;0;0,0;13,6;1,63;0,0;Latossolo vermelho-amarelo;Afluente s/n do Rio dos Cágados;Bacia do Rio Cuiabá;Bacia do Rio Ariçá-Açu;;;Sentinel-2 de 23/08/2026, pixels de 10 m;Landsat de 13/08/2026, pixels de 30 m
510340310430344;Cuiabá;Rural;;Coxipó da Ponte;;24,909;1;0,0;1;1;;;;;;;;;;;;;;;;;;;;;;;0;5,1;0;20,4;38,0;0;0,345;23,9;38,8;2940;8130;1070;1040;-0,3;11,3;0;6,3;17,8;0;25,2;12,3;0;9,3;30,5;1,93;7,8;Latossolo vermelho-amarelo;;Bacia do Rio Cuiabá;Bacia do Rio Cuiabá;;;Sentinel-2 de 23/08/2026, pixels de 10 m;Landsat de 13/08/2026, pixels de 30 m
510340310430345;Cuiabá;Urbana;;Coxipó da Ponte;;0,229;1014;4437,3;403;2,5;1,9;18,5;52,0;71,4;0,4;100,0;100,0;100,0;0,0;99,8;0,0;3711,8;3000,0;;100,0;0,0;0,0;100,0;100,0;100,0;0,0;26,5;6;0,0;0;0,0;0,0;0;0,088;0,0;40,8;3570;7180;1510;500;1,7;0,0;0;0,0;0,0;0;0,9;0,0;0;0,0;0,0;1,8;0,0;Latossolo vermelho-amarelo;Córrego Escuro;Bacia do Rio Cuiabá;Bacia do Rio Ariçá-Açu;0,0;;Sentinel-2 de 23/08/2026, pixels de 10 m;Landsat de 13/08/2026, pixels de 30 m
510340310430346;Cuiabá;Urbana;;Coxipó da Ponte;;1,248;588;471,2;199;3;11,7;15,8;45,9;84,2;;100,0;99,5;7,5;32,2;97,0;1,5;2014,0;1500,0;4,7;66,3;80,8;9,2;100,0;56,0;0,0;0,0;38,8;7;1,2;7;2,2;4,9;13;0,465;55,3;38,7;1270;1690;1210;630;-0,4;0,0;0;0,0;2,7;16;4,7;0,0;0;0,0;33,4;2,05;0,0;Plintossolo pétrico;Afluente s/n do Rio Coxipó;Bacia do Rio Cuiabá;Bacia do Rio Cuiabá;1173,7;;Sentinel-2 de 23/08/2026, pixels de 10 m;Landsat de 13/08/2026, pixels de 30 m
510340310430347;Cuiabá;Urbana;;Coxipó da Ponte;;0,174;883;5083,5;311;2,8;3,7;21,4;51,4;77,7;0,0;99,7;99,7;93,6;0,0;100,0;0,0;3579,3;2700,0;1,4;99,5;4,0;0,5;100,0;91,5;3,5;1,4;25,0;7;0,0;0;2,7;11,5;23;0,389;42,5;37,6;1390;1120;780;760;-1,5;0,0;0;0,0;18,2;160;18,2;0,0;0;0,0;29,3;2,03;0,0;Plintossolo pétrico;Afluente s/n do Rio Coxipó;Bacia do Rio Cuiabá;Bacia do Rio Cuiabá;83,7;;Sentinel-2 de 23/08/2026, pixels de 10 m;Landsat de 13/08/2026, pixels de 30 m
510340310430348;Cuiabá;Urbana;Parque Atalaia;Coxipó da Ponte;;3,37;242;71,8;84;2,9;12,8;16,1;53,7;68,2;0,0;40,5;96,4;0,0;0,0;0,0;;1976,5;1212,0;12,3;0,0;9,1;7,9;100,0;0,0;0,0;0,0;90,9;7;10,9;26;19,5;48,4;47;0,385;32,8;37,0;1440;5830;950;1010;-2,1;13,2;32;5,0;33,2;80;43,8;21,9;53;11,5;30,6;2,1;9,9;Plintossolo pétrico;Afluente s/n do Rio Cuiabá;Bacia do Rio Cuiabá;Bacia do Rio Cuiabá;4567,6;;Sentinel-2 de 23/08/2026, pixels de 10 m;Landsat de 13/08/2026, pixels de 30 m
510340310430349;Cuiabá;Urbana;Parque Atalaia;Coxipó da Ponte;;0,092;296;3210,1;113;2,6;8,1;16,6;50,3;55,4;0,0;100,0;100,0;98,2;0,0;99,1;0,0;16315,0;5500,0;;100,0;0,0;0,0;100,0;100,0;100,0;0,0;17,2;6;0,0;0;0,0;7,5;0;0,24;12,0;38,7;680;5410;680;100;-0,4;0,0;0;0,0;0,0;0;0,0;0,0;0;0,0;0,7;2,08;0,0;Plintossolo pétrico;Afluente s/n do Rio Cuiabá;Bacia do Rio Cuiabá;Bacia do Rio Cuiabá;37,3;;Sentinel-2 de 23/08/2026, pixels de 10 m;Landsat de 13/08/2026, pixels de 30 m
510340310430350;Cuiabá;Urbana;;Coxipó da Ponte;;0,996;766;769,1;258;3;2,1;19,8;50,5;79,6;;100,0;100,0;96,1;3,9;98,8;0,0;2999,4;2500,0;0,5;100,0;76,8;0,9;100,0;100,0;98,0;26,4;14,5;7;14,3;110;23,5;51,5;180;0,332;28,5;38,5;450;3480;750;520;-0,6;0,0;0;0,0;61,3;470;61,3;0,0;0;0,0;21,4;2,05;0,0;Plintossolo pétrico;Córrego Fortaleza;Bacia do Rio Cuiabá;Bacia do Rio Cuiabá;370,6;;Sentinel-2 de 23/08/2026, pixels de 10 m;Landsat de 13/08/2026, pixels de 30 m
510340310430351;Cuiabá;Urbana;;Coxipó da Ponte;;1,06;31;29,2;9;3,4;0,0;12,9;48,4;80,6;0,0;77,8;100,0;88,9;0,0;77,8;0,0;1210,7;1212,0;;100,0;74,2;74,2;51,6;0,0;0,0;0,0;;0;13,5;4;38,6;82,6;12;0,347;23,0;39,8;1550;3950;900;860;0,7;0,0;0;0,0;50,6;16;57,0;0,0;0;0,0;10,4;2,09;0,0;Plintossolo pétrico;Córrego Fortaleza;Bacia do Rio Cuiabá;Bacia do Rio Cuiabá;;;Sentinel-2 de 23/08/2026, pixels de 10 m;Landsat de 13/08/2026, pixels de 30 m
510340310430352;Cuiabá;Urbana;;Coxipó da Ponte;;0,499;115;230,6;51;2,3;13,0;9,6;51,3;70,4;;100,0;98,0;47,1;23,5;100,0;0,0;2274,5;2000,0;;0,0;100,0;100,0;100,0;0,0;0,0;0,0;38,9;6;15,8;18;23,0;53,9;26;0,384;37,5;37,5;540;5820;870;450;-1,6;0,0;0;0,0;37,1;43;37,1;0,0;0;0,0;29,9;2,03;0,0;Plintossolo pétrico;Córrego Figueirinha;Bacia do Rio Cuiabá;Bacia do Rio Cuiabá;1627,2;;Sentinel-2 de 23/08/2026, pixels de 10 m;Landsat de 13/08/2026, pixels de 30 m
510340310430353;Cuiabá;Urbana;;Coxipó da Ponte;;6,294;28;4,4;7;4;28,6;;46,4;92,9;0,0;85,7;100,0;0,0;100,0;85,7;0,0;2140,0;1500,0;;;;;;;;;;0;3,2;1;6,8;33,2;2;0,425;53,5;37,3;1030;4540;1360;1140;-1,8;0,0;0;0,0;8,1;2;14,8;0,0;0;0,0;64,9;1,56;0,0;Latossolo vermelho-amarelo;Córrego Figueirinho;Bacia do Rio Cuiabá;Bacia do Rio Cuiabá;;;Sentinel-2 de 23/08/2026, pixels de 10 m;Landsat de 13/08/2026, pixels de 30 m
510340310430354;Cuiabá;Rural;;Coxipó da Ponte;;10,06;38;3,8;10;3,8;13,2;18,4;57,9;65,8;0,0;40,0;80,0;0,0;0,0;0,0;0,0;2487,4;1300,0;0,0;;;;;;;;;0;10,7;4;25,8;47,0;10;0,384;33,8;36,8;3100;6770;2430;2430;-2,3;10,4;4;6,8;26,5;10;44,2;11,4;4;6,1;47,7;2,0;8,9;Plintossolo pétrico;;Bacia do Rio Cuiabá;Bacia do Rio Cuiabá;;;Sentinel-2 de 23/08/2026, pixels de 10 m;Landsat de 13/08/2026, pixels de 30 m
510340310430355;Cuiabá;Urbana;;Coxipó da Ponte;;0,078;0;0,0;0;0;;;;;;;;;;;;;;;;;;;;;;;0;0,0;0;2,9;27,2;0;0,088;0,0;39,3;3120;7240;970;340;0,2;0,0;0;0,0;1,8;0;28,6;0,0;0;0,0;0,0;1,8;0,0;Latossolo vermelho-amarelo;Córrego Escuro;Bacia do Rio Cuiabá;Bacia do Rio Cuiabá;;;Sentinel-2 de 23/08/2026, pixels de 10 m;Landsat de 13/08/2026, pixels de 30 m
510340310430356;Cuiabá;Urbana;Pedra 90;Coxipó da Ponte;;1,727;864;500,2;292;3;6,0;21,5;51,9;78,7;;75,7;89,7;2,7;0,0;89,4;7,2;2084,3;1516,0;3,5;66,8;83,9;13,8;89,4;44,7;6,0;0,0;42,7;7;3,8;33;4,8;10,5;42;0,35;31,7;38,7;690;3290;770;1010;-0,4;0,0;0;0,0;1,9;16;3,7;0,0;0;0,0;32,4;1,6;0,0;Latossolo vermelho-amarelo;Ribeirão dos Peixes;Bacia do Rio Cuiabá;Bacia do Rio Ariçá-Açu;633,6;;Sentinel-2 de 23/08/2026, pixels de 10 m;Landsat de 13/08/2026, pixels de 30 m
510340310430357;Cuiabá;Urbana;Pedra 90;Coxipó da Ponte;;0,084;426;5075,5;150;2,8;2,8;20,2;54,5;79,3;0,0;61,3;100,0;82,0;0,0;99,3;0,0;3640,8;2500,0;1,3;40,8;100,0;59,2;100,0;40,8;40,8;0,0;27,1;7;0,0;0;0,0;0,0;0;0,222;1,8;38,8;560;3620;610;950;-0,3;0,0;0;0,0;0,0;0;0,0;0,0;0;0,0;13,3;1,62;0,0;Latossolo vermelho-amarelo;Ribeirão dos Peixes;Bacia do Rio Cuiabá;Bacia do Rio Ariçá-Açu;3,5;;Sentinel-2 de 23/08/2026, pixels de 10 m;Landsat de 13/08/2026, pixels de 30 m
510340315000001;Cuiabá;Urbana;;Coxipó do Ouro;;0,82;212;258,4;72;2,9;13,2;11,8;50,9;79,7;0,0;97,2;97,2;30,6;61,1;100,0;;1769,3;1300,0;1,9;39,6;90,1;84,9;97,6;50,5;10,4;16,0;35,6;7;8,6;18;9,9;39,4;21;0,488;54,9;36,7;310;12590;680;240;-2,4;0,0;0;0,0;37,4;79;40,0;0,0;0;0,0;63,9;1,96;0,0;Cambissolo háplico;Córrego Fortaleza;Bacia do Rio Cuiabá;Bacia do Rio Cuiabá;2123,5;;Sentinel-2 de 23/08/2026, pixels de 10 m;Landsat de 13/08/2026, pixels de 30 m
510340315000003;Cuiabá;Rural;;Coxipó do Ouro;;156,564;27;0,2;12;2,3;0,0;14,8;40,7;66,7;0,0;25,0;100,0;50,0;33,3;91,7;0,0;1980,2;1450,0;0,0;;;;;;;;;0;5,2;1;5,2;13,3;1;0,548;76,0;35,9;7150;17230;15500;1540;-3,2;0,0;0;0,0;0,5;0;3,1;0,0;0;0,0;94,6;1,95;8,5;Neossolo quartzarênico;;Bacia do Rio Cuiabá;Bacia do Rio Cuiabá;;;Sentinel-2 de 23/08/2026, pixels de 40 m;Landsat de 13/08/2026, amostra de 120 m
510340315000006;Cuiabá;Rural;;Coxipó do Ouro;;72,959;381;5,2;139;2,7;18,1;14,2;48,3;74,5;;16,5;97,8;8,6;35,3;83,5;0,0;3366,9;1800,0;10,5;;;;;;;;69,5;5;4,5;17;8,9;20,8;34;0,419;37,5;38,6;5500;7270;12750;9450;-0,5;0,0;0;0,0;4,5;17;9,7;0,0;0;0,0;49,1;2,04;13,6;Cambissolo háplico;;Bacia do Rio Cuiabá;Bacia do Rio Cuiabá;71810,0;;Sentinel-2 de 23/08/2026, pixels de 40 m;Landsat de 13/08/2026, amostra de 120 m
510340315000008;Cuiabá;Rural;;Coxipó do Ouro;;89,116;228;2,6;74;3,1;13,2;16,7;50,9;84,6;;63,5;93,2;25,7;25,7;89,2;;1883,7;1212,0;6,5;;;;;;;;53,4;5;5,9;14;8,6;22,4;20;0,421;32,8;37,9;5760;13590;7980;2320;-1,2;0,0;0;0,0;6,8;16;14,0;0,0;0;0,0;53,0;2,09;13,6;Cambissolo háplico;;Bacia do Rio Cuiabá;Bacia do Rio Cuiabá;128202,0;;Sentinel-2 de 23/08/2026, pixels de 40 m;Landsat de 13/08/2026, amostra de 120 m
510340315000009;Cuiabá;Rural;;Coxipó do Ouro;;24,021;328;13,7;132;2,5;10,4;12,8;50,0;79,3;0,9;22,7;78,8;12,9;29,5;36,4;4,5;1812,2;1212,0;5,5;;;;;;;;78,5;5;7,4;24;18,6;43,1;61;0,426;41,6;38,4;4040;9290;3900;4150;-0,7;0,0;0;0,0;22,8;75;26,8;0,0;0;0,0;59,6;1,99;0,3;Plintossolo pétrico;;Bacia do Rio Cuiabá;Bacia do Rio Cuiabá;30465,7;;Sentinel-2 de 23/08/2026, pixels de 10 m;Landsat de 13/08/2026, pixels de 30 m
510340315000010;Cuiabá;Rural;;Coxipó do Ouro;;87,394;988;11,3;322;3,1;16,2;12,2;47,6;71,7;0,0;31,4;96,6;0,9;7,1;69,3;;4265,4;2500,0;11,7;;;;;;;;71,5;5;5,9;59;11,8;29,1;116;0,387;25,6;38,6;4690;10050;5180;2630;-0,5;0,0;0;0,0;10,2;101;16,9;0,0;0;0,0;57,9;2,0;0,1;Plintossolo pétrico;;Bacia do Rio Cuiabá;Bacia do Rio Cuiabá;22644,6;;Sentinel-2 de 23/08/2026, pixels de 10 m;Landsat de 13/08/2026, pixels de 30 m
510340315000011;Cuiabá;Rural;;Coxipó do Ouro;;0,066;228;3465,7;59;3,9;15,8;15,8;55,7;96,1;0,0;8,5;100,0;0,0;0,0;66,1;0,0;1834,6;1800,0;19,7;;;;;;;;87,3;5;0,0;0;0,0;0,0;0;0,277;6,5;41,2;650;7630;7920;5420;2,1;0,0;0;0,0;0,0;0;1,6;0,0;0;0,0;2,9;2,12;0,0;Cambissolo háplico;;Bacia do Rio Cuiabá;Bacia do Rio Cuiabá;18,8;;Sentinel-2 de 23/08/2026, pixels de 10 m;Landsat de 13/08/2026, pixels de 30 m
510340320000001;Cuiabá;Urbana;;Guia;;0,411;1041;2531,2;370;2,8;14,2;16,9;50,5;81,4;;97,6;96,5;3,0;6,5;98,4;0,0;1847,2;1300,0;13,0;44,4;16,5;0,0;97,3;42,5;26,6;19,3;61,5;7;0,0;0;0,0;1,7;0;0,305;20,7;38,5;13700;19020;320;450;-0,6;0,0;0;0,0;3,5;37;23,6;0,0;0;0,0;6,4;2,09;0,0;Plintossolo pétrico;Ribeirão do Lipa;Bacia do Rio Cuiabá;Bacia do Rio Cuiabá;81,7;;Sentinel-2 de 23/08/2026, pixels de 10 m;Landsat de 13/08/2026, pixels de 30 m
510340320000002;Cuiabá;Rural;;Guia;;76,256;255;3,3;97;2,6;23,5;11,8;48,2;74,5;1,2;20,6;90,7;21,6;74,2;41,2;9,3;2971,9;1212,0;12,8;;;;;;;;82,5;5;6,4;16;13,4;38,2;34;0,42;35,7;38,0;6850;16840;4340;4910;-1,1;0,0;0;0,0;25,7;66;30,4;0,0;0;0,0;41,4;2,06;0,0;Plintossolo pétrico;;Bacia do Rio Cuiabá;Bacia do Rio Cuiabá;106758,4;;Sentinel-2 de 23/08/2026, pixels de 40 m;Landsat de 13/08/2026, amostra de 120 m
510340320000003;Cuiabá;Rural;;Guia;;128,523;426;3,3;167;2,6;33,1;9,6;46,7;84,3;0,9;1,8;96,4;;96,4;11,4;3,6;1681,1;1300,0;24,5;;;;;;;;98,5;4;7,5;32;15,4;33,4;65;0,41;35,4;37,8;6020;21810;3950;4600;-1,3;11,9;51;5,7;20,3;86;28,2;12,2;52;7,7;44,2;2,06;0,0;Plintossolo pétrico;;Bacia do Rio Cuiabá;Bacia do Rio Cuiabá;106800,8;;Sentinel-2 de 23/08/2026, pixels de 40 m;Landsat de 13/08/2026, amostra de 120 m
510340320000007;Cuiabá;Rural;;Guia;;235,997;248;1,1;103;2,4;19,8;10,5;47,2;73,4;0,0;35,9;98,1;21,4;47,6;77,7;;3335,8;2500,0;9,1;;;;;;;;62,3;5;5,1;13;12,7;30,4;31;0,345;12,9;39,7;13770;13210;7950;8040;0,6;3,6;9;1,9;17,8;44;26,2;3,3;8;1,8;29,5;2,1;1,5;Plintossolo pétrico;;Bacia do Rio Cuiabá;Bacia do Rio Cuiabá;122756,5;;Sentinel-2 de 23/08/2026, pixels de 10 m;Landsat de 13/08/2026, pixels de 30 m
510340320000009;Cuiabá;Urbana;;Guia;;0,518;397;766,3;132;3;18,4;12,1;49,1;82,4;0,8;100,0;100,0;15,2;34,8;99,2;0,0;2646,0;2150,0;15,6;43,8;84,9;50,4;94,0;67,8;33,2;4,3;47,3;7;12,0;48;38,2;66,6;152;0,429;44,4;37,1;13430;18520;230;450;-2,0;0,0;0;0,0;78,0;310;83,0;0,0;0;0,0;56,7;2,0;0,0;Plintossolo pétrico;Ribeirão do Lipa;Bacia do Rio Cuiabá;Bacia do Rio Cuiabá;579,3;;Sentinel-2 de 23/08/2026, pixels de 10 m;Landsat de 13/08/2026, pixels de 30 m
510340320000011;Cuiabá;Urbana;;Guia;;1,474;550;373,2;181;3;14,2;16,4;48,4;75,6;0,7;87,3;91,2;7,2;0,0;96,1;1,7;2176,6;1500,0;13,1;4,2;67,5;36,2;91,6;2,4;0,7;0,0;60,4;7;15,8;87;21,1;51,4;116;0,405;35,3;36,3;14840;19880;1230;1010;-2,8;20,2;111;9,9;61,4;337;70,4;23,2;128;14,4;52,5;2,02;0,0;Plintossolo pétrico;Ribeirão do Lipa;Bacia do Rio Cuiabá;Bacia do Rio Cuiabá;946,0;;Sentinel-2 de 23/08/2026, pixels de 10 m;Landsat de 13/08/2026, pixels de 30 m
510340320000014;Cuiabá;Rural;;Guia;;116,186;317;2,7;109;2,9;17,0;14,2;49,2;81,7;0,0;18,3;89,0;12,8;0,0;67,0;0,0;3912,5;2000,0;15,6;;;;;;;;75,6;5;4,2;13;9,0;23,4;29;0,393;27,6;38,5;10550;7420;12810;4480;-0,6;0,0;0;0,0;9,3;29;13,0;0,0;0;0,0;42,9;2,05;4,1;Plintossolo pétrico;;Bacia do Rio Cuiabá;Bacia do Rio Cuiabá;101158,8;;Sentinel-2 de 23/08/2026, pixels de 10 m;Landsat de 13/08/2026, pixels de 30 m
510340320000015;Cuiabá;Urbana;;Guia;;1,514;769;508,0;270;2,8;12,0;16,6;48,5;78,0;1,3;98,5;96,7;6,7;11,5;97,8;0,0;2438,2;1500,0;11,4;9,2;77,2;42,8;93,8;8,2;0,0;3,6;53,7;7;2,1;16;11,1;27,8;86;0,316;17,4;37,9;14060;19720;710;1140;-1,2;0,0;0;0,0;21,3;163;40,1;0,3;2;0,0;18,8;2,11;0,0;Plintossolo pétrico;Ribeirão Taquará;Bacia do Rio Cuiabá;Bacia do Rio Cuiabá;342,6;;Sentinel-2 de 23/08/2026, pixels de 10 m;Landsat de 13/08/2026, pixels de 30 m
510340320000016;Cuiabá;Urbana;;Guia;;2,404;481;200,1;170;2,8;12,9;16,8;46,6;77,5;0,6;98,2;95,9;11,8;0,0;94,1;0,0;2122,3;1412,0;19,0;15,8;50,9;23,9;80,0;6,2;0,8;6,7;59,4;7;5,9;28;8,6;34,3;41;0,361;15,8;38,2;12860;19060;1160;1910;-0,9;0,0;0;0,0;21,1;101;26,5;0,0;0;0,0;35,8;2,07;0,0;Plintossolo pétrico;Ribeirão do Lipa;Bacia do Rio Cuiabá;Bacia do Rio Cuiabá;789,7;;Sentinel-2 de 23/08/2026, pixels de 10 m;Landsat de 13/08/2026, pixels de 30 m
510340325000001;Cuiabá;Urbana;;Nova Esperança (Pequizeiro);;1,8;486;270,1;157;3,1;16,5;16,0;46,7;85,8;;82,8;91,1;87,9;2,5;87,3;0,0;2300,6;1800,0;5,4;;;;;;;;33,9;5;0,0;0;0,0;0,0;0;0,31;12,6;40,9;7020;10950;4930;4880;1,8;0,0;0;0,0;0,0;0;12,0;0,0;0;0,0;42,5;2,07;12,0;Plintossolo pétrico;Córrego Caité;Bacia do Rio Cuiabá;Bacia do Rio Cuiabá;466,7;;Sentinel-2 de 23/08/2026, pixels de 10 m;Landsat de 13/08/2026, pixels de 30 m
510340325000002;Cuiabá;Urbana;;Nova Esperança (Pequizeiro);;1,898;540;284,6;190;2,8;16,7;18,9;47,2;77,6;;59,5;98,9;0,0;31,6;84,7;0,0;2393,2;1700,0;4,7;;;;;;;;55,8;5;2,9;15;2,1;7,5;11;0,314;12,6;41,3;7900;11430;4160;5800;2,2;0,0;0;0,0;2,0;11;7,2;0,0;0;0,0;47,2;2,04;0,0;Plintossolo pétrico;Microbacia sem nome;Bacia do Rio Cuiabá;Bacia do Rio Cuiabá;442,9;;Sentinel-2 de 23/08/2026, pixels de 10 m;Landsat de 13/08/2026, pixels de 30 m
510340325000003;Cuiabá;Urbana;;Nova Esperança (Pequizeiro);;3,236;424;131,0;164;2,6;21,0;12,0;46,5;76,7;0,0;33,5;95,7;0,0;96,3;67,1;0,0;2182,1;1512,0;9,7;;;;;;;;74,8;5;0,0;0;4,1;41,5;17;0,353;15,2;40,2;8330;12300;5670;5730;1,1;0,0;0;0,0;0,0;0;0,0;0,0;0;0,0;23,5;2,23;66,5;Plintossolo pétrico;Microbacia sem nome;Bacia do Rio Cuiabá;Bacia do Rio Ariçá-Açu;1160,1;;Sentinel-2 de 23/08/2026, pixels de 10 m;Landsat de 13/08/2026, pixels de 30 m
510340325000004;Cuiabá;Rural;;Nova Esperança (Pequizeiro);;77,985;130;1,7;38;3,4;5,4;20,8;49,2;87,7;;7,9;97,4;0,0;92,1;7,9;0,0;2892,6;2000,0;11,6;;;;;;;;91,4;5;3,2;4;22,9;43,7;30;0,371;23,1;39,9;6270;8040;4860;3790;0,8;1,0;1;0,6;8,8;11;9,6;1,2;2;0,7;28,1;2,15;47,7;Plintossolo pétrico;;Bacia do Rio Cuiabá;Bacia do Rio Ariçá-Açu;138573,3;;Sentinel-2 de 23/08/2026, pixels de 10 m;Landsat de 13/08/2026, pixels de 30 m
510340325000006;Cuiabá;Rural;;Nova Esperança (Pequizeiro);;23,584;276;11,7;100;2,8;25,4;12,3;43,5;73,2;;3,0;98,0;0,0;99,0;60,0;0,0;2189,3;1212,0;11,0;;;;;;;;84,4;5;6,6;18;18,3;31,9;51;0,395;32,1;37,8;4230;8190;1950;2060;-1,3;24,2;67;17,5;22,0;61;33,2;29,2;81;22,5;57,6;2,05;11,6;Plintossolo pétrico;;Bacia do Rio Cuiabá;Bacia do Rio Cuiabá;27429,2;;Sentinel-2 de 23/08/2026, pixels de 10 m;Landsat de 13/08/2026, pixels de 30 m
510340325000007;Cuiabá;Urbana;;Nova Esperança (Pequizeiro);;4,234;212;50,1;74;2,9;22,6;14,6;45,8;78,3;;0,0;97,3;0,0;97,3;44,6;;2176,3;1400,0;7,9;;;;;;;;84,1;5;3,2;7;3,6;7,2;8;0,318;16,5;40,2;7640;11150;2280;4190;1,1;0,0;0;0,0;6,7;14;9,5;0,0;0;0,0;41,0;2,06;2,0;Plintossolo pétrico;Afluente s/n do Córrego Morrinho;Bacia do Rio Cuiabá;Bacia do Rio Cuiabá;3295,3;;Sentinel-2 de 23/08/2026, pixels de 10 m;Landsat de 13/08/2026, pixels de 30 m
510340330000001;Cuiabá;Urbana;;Aguaçu;;2,966;446;150,4;169;2,6;22,0;12,1;47,1;81,6;;91,1;97,6;0,0;91,7;95,9;0,0;1919,5;1500,0;15,8;;;;;;;;60,7;5;;;;;;0,322;14,4;39,6;480;11310;190;310;0,5;;;;0,0;0;0,0;0,0;0;0,0;27,8;2,09;0,0;Plintossolo pétrico;Ribeirão do Lipa;Bacia do Rio Cuiabá;Bacia do Rio Cuiabá;957,6;;Sentinel-2 de 23/08/2026, pixels de 40 m;Landsat de 13/08/2026, amostra de 120 m
510340330000002;Cuiabá;Rural;;Aguaçu;;196,784;521;2,6;194;2,7;24,2;10,9;44,5;84,3;;5,7;86,6;0,0;97,4;34,5;2,6;1830,0;1275,0;22,1;;;;;;;;96,5;5;4,5;23;9,7;31,4;50;0,427;41,7;37,6;6040;5520;5640;5630;-1,5;0,0;0;0,0;8,1;42;11,0;0,0;0;0,0;53,5;2,08;14,2;Cambissolo háplico;;Bacia do Rio Cuiabá;Bacia do Rio Cuiabá;157502,7;;Sentinel-2 de 23/08/2026, pixels de 40 m;Landsat de 13/08/2026, amostra de 120 m
510340330000003;Cuiabá;Rural;;Aguaçu;;283,57;425;1,5;169;2,5;30,6;11,3;44,7;83,3;0,0;;85,2;0,0;100,0;15,4;10,1;1802,0;1300,0;24,2;;;;;;;;97,8;4;39,6;168;26,0;82,2;111;0,482;48,3;36,1;4510;13350;4420;5270;-3,0;0,0;0;0,0;100,0;425;100,0;0,0;0;0,0;59,4;2,05;10,2;Cambissolo háplico;;Bacia do Rio Cuiabá;Bacia do Rio Cuiabá;322269,0;;Sentinel-2 de 23/08/2026, pixels de 40 m;Landsat de 13/08/2026, amostra de 120 m
510340330000004;Cuiabá;Rural;;Aguaçu;;108,709;72;0,7;24;3;30,6;11,1;44,4;77,8;;0,0;87,5;0,0;45,8;20,8;0,0;2178,9;1500,0;7,1;;;;;;;;87,3;5;;;;;;0,502;58,1;37,6;19810;26310;23910;23720;-1,5;;;;0,0;0;0,0;0,0;0;0,0;50,5;2,17;52,1;Neossolo quartzarênico;;Bacia do Rio Cuiabá;Bacia do Rio Cuiabá;877221,2;;Sentinel-2 de 23/08/2026, pixels de 40 m;Landsat de 13/08/2026, amostra de 120 m
510340330000005;Cuiabá;Rural;;Aguaçu;;21,759;0;0,0;0;0;;;;;;;;;;;;;;;;;;;;;;;0;;;;;;0,543;87,1;35,3;17560;17180;18840;14360;-3,8;;;;0,0;0;0,0;0,0;0;0,0;96,4;2,2;49,0;Neossolo litólico;;Bacia do Rio Cuiabá;Bacia do Rio Cuiabá;;;Sentinel-2 de 23/08/2026, pixels de 40 m;Landsat de 13/08/2026, amostra de 120 m
510340335000001;Cuiabá;Urbana;;Sucuri;;1,779;895;503,1;290;3,1;12,6;17,7;45,7;79,1;;96,6;93,1;3,4;83,8;96,9;0,0;2151,4;1500,0;6,3;33,6;43,8;16,0;90,4;27,1;0,0;27,3;51,2;7;10,0;90;13,1;23,7;117;0,414;39,6;36,5;410;5820;450;420;-2,6;35,0;313;21,1;13,3;119;43,5;30,7;275;21,6;64,8;1,99;0,0;Plintossolo pétrico;Ribeirão do Lipa;Bacia do Rio Cuiabá;Bacia do Rio Cuiabá;787,1;;Sentinel-2 de 23/08/2026, pixels de 10 m;Landsat de 13/08/2026, pixels de 30 m
510340335000002;Cuiabá;Urbana;;Sucuri;;7,747;441;56,9;157;2,8;18,6;12,7;47,6;81,4;0,0;47,1;93,0;0,0;22,3;89,8;0,0;1991,8;1307,0;9,2;;;;;;;;65,5;5;15,6;69;17,8;34,4;78;0,374;23,4;37,7;2610;8000;2610;3000;-1,4;38,1;168;20,6;22,7;100;39,0;38,2;168;23,2;47,1;2,03;0,0;Plintossolo pétrico;Ribeirão do Lipa;Bacia do Rio Cuiabá;Bacia do Rio Cuiabá;4110,7;;Sentinel-2 de 23/08/2026, pixels de 10 m;Landsat de 13/08/2026, pixels de 30 m
510340335000003;Cuiabá;Rural;;Sucuri;;43,683;166;3,8;59;2,8;15,7;16,9;48,8;82,5;0,0;42,4;84,7;0,0;71,2;69,5;0,0;2406,1;1350,0;11,5;100,0;0,0;0,0;0,0;0,0;0,0;0,0;67,2;7;7,3;12;11,2;25,4;19;0,361;22,1;38,6;3890;5320;3710;3310;-0,5;2,9;5;1,5;13,5;22;18,8;2,9;5;1,4;56,2;2,02;0,0;Plintossolo pétrico;;Bacia do Rio Cuiabá;Bacia do Rio Cuiabá;58156,3;;Sentinel-2 de 23/08/2026, pixels de 10 m;Landsat de 13/08/2026, pixels de 30 m
510840205000001;Várzea Grande;Urbana;Canelas;Várzea Grande;;0,137;779;5705,6;281;2,8;20,2;11,3;51,9;63,2;0,0;74,4;98,9;8,5;3,2;100,0;0,0;3180,6;2300,0;2,4;99,6;64,1;10,4;100,0;99,6;59,2;5,1;34,2;7;0,0;0;28,6;28,6;223;0,179;3,7;38,7;630;40;830;1190;-0,4;0,0;0;0,0;0,0;0;0,0;0,0;0;0,0;0,0;2,16;0,0;Plintossolo pétrico;Afluente s/n do Córrego Traíra;Bacia do Rio Cuiabá;Bacia do Rio Cuiabá;6,5;;Sentinel-2 de 23/08/2026, pixels de 10 m;Landsat de 13/08/2026, pixels de 30 m
510840205000002;Várzea Grande;Urbana;Canelas;Várzea Grande;;0,136;861;6311,9;310;2,8;10,5;15,2;51,1;71,8;;77,4;74,2;36,8;21,3;100,0;0,0;2879,6;2000,0;2,7;96,7;50,3;10,2;100,0;97,4;63,5;3,4;33,1;7;0,0;0;0,0;0,0;0;0,203;3,9;38,5;50;600;900;860;-0,6;0,0;0;0,0;0,0;0;0,0;0,0;0;0,0;0,0;2,16;0,0;Plintossolo pétrico;Afluente s/n do Córrego Traíra;Bacia do Rio Cuiabá;Bacia do Rio Cuiabá;6,2;;Sentinel-2 de 23/08/2026, pixels de 10 m;Landsat de 13/08/2026, pixels de 30 m
510840205000003;Várzea Grande;Urbana;Canelas;Várzea Grande;;0,304;837;2753,1;282;3;12,5;14,3;49,0;68,1;;93,3;96,8;3,2;49,6;99,6;;2269,5;1500,0;2,9;60,6;78,6;32,7;98,9;70,4;29,4;0,0;38,3;7;22,3;187;31,5;66,6;263;0,396;41,1;37,4;930;530;540;1210;-1,7;0,0;0;0,0;26,4;221;43,8;0,0;0;0,0;24,0;2,1;0,0;Plintossolo pétrico;Afluente s/n do Córrego Traíra;Bacia do Rio Cuiabá;Bacia do Rio Cuiabá;149,3;;Sentinel-2 de 23/08/2026, pixels de 10 m;Landsat de 13/08/2026, pixels de 30 m
510840205000004;Várzea Grande;Urbana;Canelas;Várzea Grande;;0,14;483;3439,0;180;2,7;17,2;10,4;50,5;72,7;0,0;84,4;98,3;19,4;8,9;97,8;0,0;3578,7;2440,0;2,5;100,0;34,6;1,4;100,0;100,0;20,5;2,9;35,1;7;1,5;7;44,8;61,2;216;0,216;9,6;38,7;700;430;790;1050;-0,4;0,0;0;0,0;0,0;0;3,5;0,0;0;0,0;0,0;2,16;0,0;Plintossolo pétrico;Afluente s/n do Córrego Traíra;Bacia do Rio Cuiabá;Bacia do Rio Cuiabá;27,8;;Sentinel-2 de 23/08/2026, pixels de 10 m;Landsat de 13/08/2026, pixels de 30 m
510840205000005;Várzea Grande;Urbana;Canelas;Várzea Grande;;0,094;499;5299,7;174;2,9;14,2;11,2;50,7;61,5;0,0;75,3;92,5;17,8;6,3;100,0;0,0;4751,2;3000,0;2,4;100,0;44,3;14,8;100,0;100,0;29,1;0,0;33,0;7;0,1;1;71,7;71,7;358;0,147;0,9;39,3;840;240;700;1120;0,2;0,0;0;0,0;0,0;0;0,0;0,0;0;0,0;0,0;2,16;0,0;Plintossolo pétrico;Afluente s/n do Córrego Traíra;Bacia do Rio Cuiabá;Bacia do Rio Cuiabá;1,7;;Sentinel-2 de 23/08/2026, pixels de 10 m;Landsat de 13/08/2026, pixels de 30 m
510840205000006;Várzea Grande;Urbana;Centro Sul;Várzea Grande;;0,142;551;3882,9;173;3,2;18,0;12,9;53,7;53,9;0,0;71,1;79,8;24,9;9,2;100,0;0,0;4675,5;2500,0;2,2;100,0;71,9;25,6;100,0;100,0;33,6;1,5;28,6;7;0,0;0;40,5;45,0;223;0,149;2,5;39,5;940;130;270;490;0,4;0,0;0;0,0;0,0;0;0,0;0,0;0;0,0;0,0;2,16;0,0;Plintossolo pétrico;Afluente s/n do Córrego Traíra;Bacia do Rio Cuiabá;Bacia do Rio Cuiabá;6,4;;Sentinel-2 de 23/08/2026, pixels de 10 m;Landsat de 13/08/2026, pixels de 30 m
510840205000007;Várzea Grande;Urbana;Canelas;Várzea Grande;;0,073;217;2977,4;72;3;18,9;11,5;54,4;56,7;0,0;80,6;100,0;9,7;12,5;100,0;0,0;4752,1;2800,0;2,8;100,0;61,8;27,6;100,0;98,6;58,5;0,0;31,3;7;0,0;0;31,9;31,9;69;0,215;8,2;38,1;700;220;500;800;-1,0;0,0;0;0,0;0,0;0;0,0;0,0;0;0,0;0,0;2,16;0,0;Plintossolo pétrico;Afluente s/n do Córrego Traíra;Bacia do Rio Cuiabá;Bacia do Rio Cuiabá;27,6;;Sentinel-2 de 23/08/2026, pixels de 10 m;Landsat de 13/08/2026, pixels de 30 m
510840205000008;Várzea Grande;Urbana;Ikaray;Várzea Grande;;0,144;718;5002,6;267;2,7;12,3;13,2;51,4;76,0;;72,3;92,5;12,7;50,2;100,0;0,0;2393,4;1800,0;3,3;100,0;32,7;0,6;100,0;100,0;19,8;1,1;41,2;7;0,0;0;0,0;1,4;0;0,192;3,8;39,2;380;1100;230;190;0,1;0,0;0;0,0;0,0;0;0,0;0,0;0;0,0;0,0;2,16;0,0;Plintossolo pétrico;Córrego Ikaray;Bacia do Rio Cuiabá;Bacia do Rio Cuiabá;7,6;;Sentinel-2 de 23/08/2026, pixels de 10 m;Landsat de 13/08/2026, pixels de 30 m
510840205000009;Várzea Grande;Urbana;Centro Sul;Várzea Grande;;0,08;704;8776,4;230;3,1;24,0;11,5;52,1;72,3;;99,1;100,0;16,5;0,0;99,6;0,0;3061,8;2400,0;3,0;100,0;22,9;0,7;100,0;100,0;44,6;13,6;36,2;7;0,0;0;0,0;53,8;0;0,112;0,4;40,3;240;760;340;410;1,2;0,0;0;0,0;0,0;0;0,0;0,0;0;0,0;0,0;2,16;0,0;Plintossolo pétrico;Córrego Ikaray;Bacia do Rio Cuiabá;Bacia do Rio Cuiabá;0,5;;Sentinel-2 de 23/08/2026, pixels de 10 m;Landsat de 13/08/2026, pixels de 30 m
510840205000010;Várzea Grande;Urbana;Ikaray;Várzea Grande;;0,106;559;5271,6;221;2,5;13,4;11,4;49,9;69,1;0,0;91,0;97,7;40,7;0,0;99,1;0,0;2880,1;2150,0;2,6;100,0;69,1;3,8;100,0;98,0;58,1;7,2;27,3;7;21,8;122;6,7;45,6;37;0,223;10,7;38,6;290;1230;320;280;-0,5;0,0;0;0,0;1,5;9;17,7;0,0;0;0,0;0,0;2,16;0,0;Plintossolo pétrico;Córrego Ikaray;Bacia do Rio Cuiabá;Bacia do Rio Cuiabá;20,3;;Sentinel-2 de 23/08/2026, pixels de 10 m;Landsat de 13/08/2026, pixels de 30 m
510840205000011;Várzea Grande;Urbana;Ikaray;Várzea Grande;;0,306;1219;3981,3;415;2,9;8,7;18,7;50,7;81,1;0,0;90,4;75,2;59,5;20,2;100,0;;2321,4;1300,0;5,5;98,3;65,4;11,7;98,3;90,9;73,2;0,2;29,8;7;9,9;121;15,3;25,4;186;0,301;21,4;38,3;610;1740;410;500;-0,8;0,0;0;0,0;13,4;163;17,5;0,0;0;0,0;5,8;2,15;0,0;Plintossolo pétrico;Córrego Ikaray;Bacia do Rio Cuiabá;Bacia do Rio Cuiabá;53,7;;Sentinel-2 de 23/08/2026, pixels de 10 m;Landsat de 13/08/2026, pixels de 30 m
510840205000015;Várzea Grande;Urbana;Primavera;Várzea Grande;;0,2;880;4393,6;308;2,9;16,1;14,0;51,8;74,3;0,0;96,4;98,4;65,3;23,7;98,4;0,0;2483,2;1500,0;2,5;97,6;77,0;38,5;100,0;93,3;75,0;0,0;23,2;7;0,0;0;0,0;0,5;0;0,22;6,2;39,4;1530;1420;1040;1280;0,3;0,0;0;0,0;0,0;0;3,3;0,0;0;0,0;0,0;2,16;0,0;Plintossolo pétrico;Córrego Piçarão;Bacia do Rio Cuiabá;Bacia do Rio Cuiabá;14,1;;Sentinel-2 de 23/08/2026, pixels de 10 m;Landsat de 13/08/2026, pixels de 30 m
510840205000016;Várzea Grande;Urbana;Canelas;Várzea Grande;;0,29;738;2541,0;245;3;10,3;19,2;50,1;76,0;;49,8;87,8;3,3;0,0;95,9;0,0;1980,3;1450,0;3,1;68,0;48,2;6,0;95,7;73,8;2,3;4,6;50,2;7;0,0;0;0,0;0,0;0;0,201;6,1;40,3;1010;1470;1720;1620;1,2;0,0;0;0,0;0,0;0;0,0;0,0;0;0,0;0,0;2,16;0,0;Plintossolo pétrico;Córrego Piçarão;Bacia do Rio Cuiabá;Bacia do Rio Cuiabá;24,0;;Sentinel-2 de 23/08/2026, pixels de 10 m;Landsat de 13/08/2026, pixels de 30 m
510840205000017;Várzea Grande;Urbana;São Simão;Várzea Grande;;0,865;815;942,6;292;2,8;12,1;16,9;48,7;83,4;0,0;31,8;87,7;6,2;0,0;97,6;1,4;1554,4;1212,0;9,9;16,0;89,3;5,9;96,7;92,1;0,0;0,0;62,6;7;11,1;90;16,6;35,6;135;0,327;27,8;38,6;2300;2310;1890;1760;-0,5;0,0;0;0,0;10,5;85;15,9;0,0;0;0,0;52,7;2,08;2,1;Plintossolo pétrico;Córrego Piçarão;Bacia do Rio Cuiabá;Bacia do Rio Cuiabá;295,1;;Sentinel-2 de 23/08/2026, pixels de 10 m;Landsat de 13/08/2026, pixels de 30 m
510840205000018;Várzea Grande;Urbana;Canelas;Várzea Grande;;0,26;1282;4933,6;416;3,1;9,1;16,6;50,7;74,6;0,0;46,9;99,3;1,4;6,7;99,8;;2417,5;2000,0;4,4;95,1;50,7;13,0;100,0;99,0;18,5;1,4;46,0;7;0,0;0;0,0;0,0;0;0,188;3,9;39,8;730;1880;1290;1200;0,7;0,0;0;0,0;0,0;0;0,0;0,0;0;0,0;0,0;2,16;0,0;Plintossolo pétrico;Afluente s/n do Córrego Traíra;Bacia do Rio Cuiabá;Bacia do Rio Cuiabá;7,9;;Sentinel-2 de 23/08/2026, pixels de 10 m;Landsat de 13/08/2026, pixels de 30 m
510840205000019;Várzea Grande;Urbana;Canelas;Várzea Grande;;0,225;722;3205,8;246;2,9;13,0;13,3;54,0;69,0;0,0;97,2;98,4;74,4;7,3;100,0;0,0;3592,8;2600,0;1,5;88,8;17,6;0,0;100,0;86,7;16,3;7,9;27,8;7;11,1;80;12,1;29,8;87;0,371;35,1;37,9;700;1100;440;890;-1,2;0,0;0;0,0;11,1;80;26,4;0,0;0;0,0;23,2;2,11;0,0;Plintossolo pétrico;Afluente s/n do Córrego Traíra;Bacia do Rio Cuiabá;Bacia do Rio Cuiabá;109,4;;Sentinel-2 de 23/08/2026, pixels de 10 m;Landsat de 13/08/2026, pixels de 30 m
510840205000021;Várzea Grande;Urbana;Canelas;Várzea Grande;;0,133;808;6056,7;276;2,9;14,6;12,4;51,7;64,4;0,0;91,3;66,3;85,9;0,0;100,0;0,0;3353,3;2500,0;2,1;100,0;41,5;5,2;100,0;100,0;30,7;9,9;23,1;7;0,0;0;0,0;0,0;0;0,147;1,0;40,0;1030;1020;110;860;0,9;0,0;0;0,0;0,0;0;0,0;0,0;0;0,0;0,0;2,16;0,0;Plintossolo pétrico;Afluente s/n do Córrego Traíra;Bacia do Rio Cuiabá;Bacia do Rio Cuiabá;1,6;;Sentinel-2 de 23/08/2026, pixels de 10 m;Landsat de 13/08/2026, pixels de 30 m
510840205000022;Várzea Grande;Urbana;Marajoara;Várzea Grande;;0,133;524;3931,6;174;3;15,8;12,4;53,4;60,7;;91,4;97,7;8,6;87,9;98,9;0,0;2335,7;2000,0;4,6;100,0;43,1;4,6;100,0;100,0;44,3;0,0;39,1;7;0,0;0;0,0;7,8;0;0,18;4,5;39,9;1200;1440;640;700;0,8;0,0;0;0,0;0,0;0;2,5;0,0;0;0,0;6,0;2,15;0,0;Plintossolo pétrico;Afluente s/n do Córrego Traíra;Bacia do Rio Cuiabá;Bacia do Rio Cuiabá;11,4;;Sentinel-2 de 23/08/2026, pixels de 10 m;Landsat de 13/08/2026, pixels de 30 m
510840205000023;Várzea Grande;Urbana;Marajoara;Várzea Grande;;0,134;672;5014,2;241;2,8;13,7;12,5;48,5;75,6;0,0;32,0;96,7;0,0;87,1;100,0;0,0;2458,2;1600,0;6,1;100,0;57,6;2,8;100,0;100,0;27,8;0,0;48,5;7;0,0;0;0,0;0,0;0;0,149;1,3;40,1;520;2080;820;250;1,0;0,0;0;0,0;0,0;0;0,0;0,0;0;0,0;0,0;2,16;0,0;Plintossolo pétrico;Afluente s/n do Córrego Traíra;Bacia do Rio Cuiabá;Bacia do Rio Cuiabá;2,6;;Sentinel-2 de 23/08/2026, pixels de 10 m;Landsat de 13/08/2026, pixels de 30 m
510840205000024;Várzea Grande;Urbana;Marajoara;Várzea Grande;;0,121;638;5252,0;226;2,8;11,0;13,5;50,8;77,7;0,0;54,9;86,7;9,7;87,6;99,6;0,0;2131,9;1800,0;4,5;100,0;48,5;3,8;100,0;98,0;22,8;3,9;44,2;7;0,0;0;0,0;0,0;0;0,211;5,8;39,9;80;2540;890;670;0,8;0,0;0;0,0;0,0;0;0,0;0,0;0;0,0;0,0;2,16;0,0;Plintossolo pétrico;Afluente s/n do Córrego Traíra;Bacia do Rio Cuiabá;Bacia do Rio Cuiabá;11,0;;Sentinel-2 de 23/08/2026, pixels de 10 m;Landsat de 13/08/2026, pixels de 30 m
510840205000025;Várzea Grande;Urbana;Marajoara;Várzea Grande;;0,109;736;6758,6;250;2,9;10,2;17,8;49,6;82,1;0,0;47,6;87,6;3,2;88,8;100,0;1,2;2162,7;1600,0;6,5;63,0;48,0;6,9;100,0;67,5;10,5;0,0;53,6;7;0,0;0;0,0;0,0;0;0,205;5,1;40,1;430;2310;890;650;1,0;0,0;0;0,0;0,0;0;0,0;0,0;0;0,0;0,0;2,16;0,0;Plintossolo pétrico;Afluente s/n do Córrego Traíra;Bacia do Rio Cuiabá;Bacia do Rio Cuiabá;7,6;;Sentinel-2 de 23/08/2026, pixels de 10 m;Landsat de 13/08/2026, pixels de 30 m
510840205000026;Várzea Grande;Urbana;Marajoara;Várzea Grande;;0,196;774;3952,4;265;2,9;10,5;16,4;48,6;81,4;0,5;72,1;97,7;8,3;87,2;95,8;0,0;2187,1;2000,0;4,7;44,2;63,0;12,8;96,0;53,2;19,3;0,0;48,4;7;20,6;160;34,2;52,7;265;0,333;27,6;38,5;1070;1870;600;480;-0,6;0,0;0;0,0;16,4;127;33,3;0,0;0;0,0;9,6;2,14;0,0;Plintossolo pétrico;Afluente s/n do Córrego Traíra;Bacia do Rio Cuiabá;Bacia do Rio Cuiabá;69,9;;Sentinel-2 de 23/08/2026, pixels de 10 m;Landsat de 13/08/2026, pixels de 30 m
510840205000027;Várzea Grande;Urbana;Marajoara;Várzea Grande;;0,071;395;5542,2;147;2,7;21,5;11,1;51,6;78,5;0,0;88,4;99,3;2,0;70,1;100,0;0,0;2978,8;2000,0;5,7;100,0;35,7;0,0;100,0;97,2;79,0;0,0;41,0;7;0,0;0;9,8;37,7;39;0,183;5,9;38,6;470;470;730;880;-0,5;0,0;0;0,0;0,0;0;0,0;0,0;0;0,0;0,0;2,16;0,0;Plintossolo pétrico;Afluente s/n do Córrego Traíra;Bacia do Rio Cuiabá;Bacia do Rio Cuiabá;10,6;;Sentinel-2 de 23/08/2026, pixels de 10 m;Landsat de 13/08/2026, pixels de 30 m
510840205000028;Várzea Grande;Urbana;Marajoara;Várzea Grande;;0,104;510;4914,6;214;2,4;15,9;11,6;49,8;84,5;0,0;96,3;100,0;29,9;63,6;99,5;0,0;2521,0;2000,0;6,5;89,8;64,9;11,8;100,0;89,4;64,9;2,9;35,1;7;0,0;0;28,1;67,8;143;0,271;19,0;38,2;450;640;880;820;-0,9;0,0;0;0,0;0,0;0;0,0;0,0;0;0,0;0,0;2,16;0,0;Plintossolo pétrico;Afluente s/n do Córrego Traíra;Bacia do Rio Cuiabá;Bacia do Rio Cuiabá;38,7;;Sentinel-2 de 23/08/2026, pixels de 10 m;Landsat de 13/08/2026, pixels de 30 m
510840205000029;Várzea Grande;Urbana;Marajoara;Várzea Grande;;0,187;695;3725,4;254;2,7;19,3;14,7;50,4;83,7;0,0;95,3;100,0;1,2;87,8;100,0;0,0;2365,6;2000,0;7,4;95,4;38,3;27,6;100,0;85,3;43,5;0,0;43,7;7;6,6;46;7,3;46,1;51;0,3;22,6;38,3;410;870;620;620;-0,8;0,0;0;0,0;2,1;14;11,1;0,0;0;0,0;8,2;2,14;0,0;Plintossolo pétrico;Afluente s/n do Córrego Traíra;Bacia do Rio Cuiabá;Bacia do Rio Cuiabá;60,8;;Sentinel-2 de 23/08/2026, pixels de 10 m;Landsat de 13/08/2026, pixels de 30 m
510840205000030;Várzea Grande;Urbana;Marajoara;Várzea Grande;;0,132;450;3412,6;178;2,5;14,9;11,8;49,6;75,3;;90,4;99,4;;75,8;100,0;1,7;3246,2;2000,0;3,8;96,2;74,0;28,0;100,0;90,7;16,2;0,0;22,3;6;27,2;122;16,8;45,8;76;0,359;32,6;38,0;390;1090;410;430;-1,1;0,0;0;0,0;13,9;63;20,1;0,0;0;0,0;0,0;2,16;0,0;Plintossolo pétrico;Afluente s/n do Córrego Traíra;Bacia do Rio Cuiabá;Bacia do Rio Cuiabá;95,6;;Sentinel-2 de 23/08/2026, pixels de 10 m;Landsat de 13/08/2026, pixels de 30 m
510840205000031;Várzea Grande;Urbana;Marajoara;Várzea Grande;;0,218;750;3446,7;227;3;23,1;11,3;51,2;61,6;0,0;91,2;99,6;7,0;89,9;100,0;0,0;3516,3;2300,0;11,1;100,0;75,1;12,0;100,0;100,0;73,7;0,0;39,0;7;8,3;63;16,4;25,2;123;0,222;10,9;38,5;490;1340;210;270;-0,6;0,0;0;0,0;9,9;75;9,9;0,0;0;0,0;0,0;2,16;0,0;Plintossolo pétrico;Afluente s/n do Córrego Traíra;Bacia do Rio Cuiabá;Bacia do Rio Cuiabá;31,7;;Sentinel-2 de 23/08/2026, pixels de 10 m;Landsat de 13/08/2026, pixels de 30 m
510840205000032;Várzea Grande;Urbana;Marajoara;Várzea Grande;;0,177;680;3852,0;241;2,8;19,3;10,1;52,6;60,9;;86,7;100,0;;93,4;100,0;0,0;3427,1;2500,0;3,8;95,4;58,4;10,7;100,0;95,4;57,4;0,0;25,4;6;0,8;6;6,7;29,0;46;0,222;9,7;38,1;800;1630;170;460;-1,0;0,0;0;0,0;1,7;11;5,6;0,0;0;0,0;0,9;2,16;0,0;Plintossolo pétrico;Afluente s/n do Córrego Traíra;Bacia do Rio Cuiabá;Bacia do Rio Cuiabá;25,2;;Sentinel-2 de 23/08/2026, pixels de 10 m;Landsat de 13/08/2026, pixels de 30 m
510840205000033;Várzea Grande;Urbana;Marajoara;Várzea Grande;;0,36;421;1170,2;142;3;11,2;14,3;53,4;73,4;0,7;92,3;100,0;4,9;71,8;99,3;0,0;2023,9;1500,0;;93,3;55,8;1,0;96,9;85,3;35,9;1,9;40,3;6;0,3;1;0,0;76,5;0;0,241;15,7;39,0;820;2020;480;690;-0,1;0,0;0;0,0;0,0;0;0,6;0,0;0;0,0;12,0;2,14;0,0;Plintossolo pétrico;Afluente s/n do Córrego Traíra;Bacia do Rio Cuiabá;Bacia do Rio Cuiabá;134,3;;Sentinel-2 de 23/08/2026, pixels de 10 m;Landsat de 13/08/2026, pixels de 30 m
510840205000034;Várzea Grande;Urbana;Marajoara;Várzea Grande;;1,031;249;241,5;90;2,8;7,2;16,9;48,6;63,1;0,0;96,7;100,0;93,3;0,0;100,0;0,0;2595,6;2000,0;2,6;;;;;;;;21,0;5;14,7;37;16,4;38,9;41;0,512;65,4;37,1;710;2520;720;220;-2,0;0,0;0;0,0;0,0;0;21,7;0,0;0;0,0;70,7;2,04;0,0;Plintossolo pétrico;Afluente s/n do Córrego Traíra;Bacia do Rio Cuiabá;Bacia do Rio Cuiabá;2707,9;;Sentinel-2 de 23/08/2026, pixels de 10 m;Landsat de 13/08/2026, pixels de 30 m
510840205000036;Várzea Grande;Urbana;Santa Izabel;Várzea Grande;;0,076;511;6760,6;172;3;11,7;12,3;52,8;70,6;0,0;79,7;36,0;72,1;0,0;99,4;0,0;2192,4;1240,0;0,7;99,4;96,1;43,8;99,4;99,4;61,3;9,4;20,4;7;0,0;0;0,0;1,4;0;0,164;2,7;40,0;810;3490;330;140;0,9;0,0;0;0,0;0,0;0;0,0;0,0;0;0,0;0,0;2,16;0,0;Plintossolo pétrico;Afluente s/n do Córrego Traíra;Bacia do Rio Cuiabá;Bacia do Rio Cuiabá;4,0;;Sentinel-2 de 23/08/2026, pixels de 10 m;Landsat de 13/08/2026, pixels de 30 m
510840205000037;Várzea Grande;Urbana;Glória;Várzea Grande;;0,22;287;1302,2;104;2,7;21,6;11,5;53,0;65,9;2,1;83,7;95,2;3,8;10,6;97,1;;2400,8;1500,0;8,9;94,0;76,0;37,1;100,0;94,0;44,9;4,6;42,0;7;12,4;35;0,9;18,6;2;0,218;14,8;39,4;470;2090;160;660;0,3;0,0;0;0,0;0,0;0;0,0;0,0;0;0,0;0,0;2,14;0,0;Plintossolo pétrico;Afluente s/n do Córrego Traíra;Bacia do Rio Cuiabá;Bacia do Rio Cuiabá;113,4;;Sentinel-2 de 23/08/2026, pixels de 10 m;Landsat de 13/08/2026, pixels de 30 m
510840205000038;Várzea Grande;Urbana;Glória;Várzea Grande;;0,126;543;4296,6;203;2,7;16,2;15,8;53,0;75,1;0,0;87,7;99,0;7,4;92,1;100,0;0,0;2206,7;1600,0;6,7;99,3;39,6;10,9;100,0;99,3;0,6;0,0;42,9;7;3,7;20;2,0;5,9;11;0,241;9,5;40,1;70;2190;390;210;1,0;0,0;0;0,0;0,0;0;0,0;0,0;0;0,0;0,0;2,1;0,0;Plintossolo pétrico;Afluente s/n do Córrego do General;Bacia do Rio Cuiabá;Bacia do Rio Cuiabá;22,0;;Sentinel-2 de 23/08/2026, pixels de 10 m;Landsat de 13/08/2026, pixels de 30 m
510840205000039;Várzea Grande;Urbana;Glória;Várzea Grande;;0,112;634;5679,5;204;3,1;14,7;16,1;50,3;83,0;0,0;75,5;97,5;2,9;90,7;96,6;;2041,4;1300,0;6,5;86,8;81,4;0,0;100,0;97,3;31,7;16,9;42,1;7;0,0;0;0,0;0,0;0;0,24;8,0;40,1;650;2040;460;450;1,0;0,0;0;0,0;0,0;0;0,0;0,0;0;0,0;0,0;2,1;0,0;Plintossolo pétrico;Córrego do General;Bacia do Rio Cuiabá;Bacia do Rio Cuiabá;14,1;;Sentinel-2 de 23/08/2026, pixels de 10 m;Landsat de 13/08/2026, pixels de 30 m
510840205000040;Várzea Grande;Urbana;Glória;Várzea Grande;;0,132;627;4756,5;235;2,7;14,2;11,3;52,8;73,2;0,6;78,3;77,4;15,7;64,3;100,0;1,3;1909,2;1500,0;3,1;100,0;64,3;4,5;100,0;100,0;41,6;2,4;36,5;7;1,7;11;0,0;0,0;0;0,207;5,6;39,9;400;2320;650;200;0,8;0,0;0;0,0;0,0;0;0,0;0,0;0;0,0;0,0;2,1;0,0;Plintossolo pétrico;Afluente s/n do Córrego do General;Bacia do Rio Cuiabá;Bacia do Rio Cuiabá;11,8;;Sentinel-2 de 23/08/2026, pixels de 10 m;Landsat de 13/08/2026, pixels de 30 m
510840205000041;Várzea Grande;Urbana;Mapim;Várzea Grande;;0,064;474;7419,3;166;2,9;15,0;11,6;48,7;78,9;;71,1;68,7;;98,2;100,0;0,0;2176,7;1500,0;6,0;100,0;62,7;9,3;100,0;100,0;18,4;5,9;32,8;6;0,0;0;0,0;0,0;0;0,168;2,0;40,2;1010;3180;430;160;1,1;0,0;0;0,0;0,0;0;0,0;0,0;0;0,0;0,0;2,1;0,0;Plintossolo pétrico;Afluente s/n do Córrego do General;Bacia do Rio Cuiabá;Bacia do Rio Cuiabá;2,7;;Sentinel-2 de 23/08/2026, pixels de 10 m;Landsat de 13/08/2026, pixels de 30 m
510840205000042;Várzea Grande;Urbana;Mapim;Várzea Grande;Região do Mapim;0,18;784;4358,4;257;3,1;15,1;12,4;49,5;85,3;;94,2;96,1;6,6;92,6;99,2;;1893,7;1212,0;6,9;83,8;82,3;23,1;100,0;80,7;78,4;11,6;39,4;7;21,1;165;10,2;34,7;80;0,354;30,2;39,3;410;2640;690;400;0,2;0,0;0;0,0;0,7;5;22,1;0,0;0;0,0;0,0;2,1;0,0;Plintossolo pétrico;Afluente s/n do Córrego do General;Bacia do Rio Cuiabá;Bacia do Rio Cuiabá;69,3;;Sentinel-2 de 23/08/2026, pixels de 10 m;Landsat de 13/08/2026, pixels de 30 m
510840205000043;Várzea Grande;Urbana;Mapim;Várzea Grande;;0,129;376;2913,3;138;2,7;13,6;16,2;50,0;79,8;;90,6;99,3;2,9;92,0;99,3;0,0;1898,5;1500,0;10,8;88,3;54,4;0,0;100,0;88,3;33,3;0,0;48,1;7;0,0;0;0,0;3,0;0;0,292;19,4;39,9;490;2610;390;680;0,8;0,0;0;0,0;0,0;0;0,0;0,0;0;0,0;0,0;2,11;0,0;Plintossolo pétrico;Afluente s/n do Córrego do General;Bacia do Rio Cuiabá;Bacia do Rio Cuiabá;66,6;;Sentinel-2 de 23/08/2026, pixels de 10 m;Landsat de 13/08/2026, pixels de 30 m
510840205000044;Várzea Grande;Urbana;Mapim;Várzea Grande;;0,489;663;1357,2;217;3,1;15,2;13,7;52,2;73,0;0,0;83,4;96,3;22,6;2,8;100,0;0,0;2243,9;1500,0;5,3;96,7;40,6;4,5;100,0;95,9;57,3;0,0;40,0;7;0,0;0;0,0;0,0;0;0,187;5,8;39,9;900;3020;720;610;0,8;0,0;0;0,0;0,0;0;0,0;0,0;0;0,0;0,0;2,12;0,0;Plintossolo pétrico;Afluente s/n do Córrego do General;Bacia do Rio Cuiabá;Bacia do Rio Cuiabá;42,8;;Sentinel-2 de 23/08/2026, pixels de 10 m;Landsat de 13/08/2026, pixels de 30 m
510840205000045;Várzea Grande;Urbana;Mapim;Várzea Grande;;0,084;528;6317,4;188;2,8;17,8;15,9;50,0;74,1;;67,0;98,9;2,7;95,7;100,0;0,0;2536,2;1800,0;3,2;99,2;64,6;8,3;99,2;98,3;10,4;10,4;38,5;7;0,0;0;0,0;0,0;0;0,149;1,2;40,5;740;2990;530;320;1,4;0,0;0;0,0;0,0;0;0,0;0,0;0;0,0;0,0;2,1;0,0;Plintossolo pétrico;Afluente s/n do Córrego do General;Bacia do Rio Cuiabá;Bacia do Rio Cuiabá;1,9;;Sentinel-2 de 23/08/2026, pixels de 10 m;Landsat de 13/08/2026, pixels de 30 m
510840205000046;Várzea Grande;Urbana;Mapim;Várzea Grande;;0,113;732;6481,9;258;2,8;12,4;13,5;49,5;79,8;;87,6;92,2;34,1;20,9;99,2;;1717,3;1300,0;11,5;97,1;73,8;10,1;96,9;96,4;60,2;0,0;41,4;7;24,9;182;8,7;38,1;64;0,269;14,5;39,8;940;3200;300;550;0,7;0,0;0;0,0;0,0;0;4,6;0,0;0;0,0;0,0;2,1;0,0;Plintossolo pétrico;Afluente s/n do Córrego do General;Bacia do Rio Cuiabá;Bacia do Rio Cuiabá;22,4;;Sentinel-2 de 23/08/2026, pixels de 10 m;Landsat de 13/08/2026, pixels de 30 m
510840205000047;Várzea Grande;Urbana;Mapim;Várzea Grande;;0,092;670;7262,5;243;2,8;13,7;13,7;49,6;76,9;0,0;80,2;80,7;6,2;72,4;100,0;0,0;2040,2;1800,0;6,9;100,0;29,4;3,6;100,0;100,0;35,2;6,9;46,3;7;0,0;0;0,0;0,0;0;0,156;1,3;40,2;1040;3270;440;280;1,1;0,0;0;0,0;0,0;0;0,0;0,0;0;0,0;0,0;2,1;0,0;Plintossolo pétrico;Afluente s/n do Córrego do General;Bacia do Rio Cuiabá;Bacia do Rio Cuiabá;1,8;;Sentinel-2 de 23/08/2026, pixels de 10 m;Landsat de 13/08/2026, pixels de 30 m
510840205000048;Várzea Grande;Urbana;Mapim;Várzea Grande;;0,211;692;3281,6;222;3,1;12,4;15,2;52,2;78,5;0,0;85,1;95,9;5,0;93,2;99,5;0,0;1943,2;1300,0;6,3;66,5;64,6;23,7;100,0;76,0;62,6;2,0;45,2;7;28,9;200;31,7;57,2;220;0,395;39,0;38,2;1310;3560;90;710;-0,9;0,0;0;0,0;27,7;192;47,3;0,0;0;0,0;0,4;2,1;0,0;Plintossolo pétrico;Afluente s/n do Córrego do General;Bacia do Rio Cuiabá;Bacia do Rio Cuiabá;118,9;;Sentinel-2 de 23/08/2026, pixels de 10 m;Landsat de 13/08/2026, pixels de 30 m
510840205000049;Várzea Grande;Urbana;Mapim;Várzea Grande;;0,25;583;2328,0;192;3;10,6;18,4;51,6;78,4;0,0;89,1;36,5;42,2;0,0;89,6;0,0;1857,4;1300,0;6,5;86,1;68,4;20,6;100,0;84,4;81,0;0,0;38,4;7;10,6;62;14,9;26,3;87;0,359;27,6;38,8;1650;3840;320;810;-0,3;0,0;0;0,0;15,9;93;24,9;0,0;0;0,0;19,0;2,07;0,0;Plintossolo pétrico;Afluente s/n do Córrego do General;Bacia do Rio Cuiabá;Bacia do Rio Cuiabá;118,4;;Sentinel-2 de 23/08/2026, pixels de 10 m;Landsat de 13/08/2026, pixels de 30 m
510840205000050;Várzea Grande;Urbana;Mapim;Várzea Grande;Jardim Esmeralda;0,073;569;7779,7;183;3,1;8,1;17,9;48,3;88,0;0,0;88,0;97,3;0,0;88,5;99,5;;1710,1;1212,0;8,5;45,3;76,4;0,0;100,0;45,5;17,8;6,3;50,0;7;0,0;0;0,0;0,0;0;0,272;15,2;38,4;1600;3590;380;790;-0,7;0,0;0;0,0;0,0;0;2,0;0,0;0;0,0;0,0;2,1;0,0;Plintossolo pétrico;Afluente s/n do Córrego do General;Bacia do Rio Cuiabá;Bacia do Rio Cuiabá;19,5;;Sentinel-2 de 23/08/2026, pixels de 10 m;Landsat de 13/08/2026, pixels de 30 m
510840205000051;Várzea Grande;Urbana;Mapim;Várzea Grande;Jardim Esmeralda;0,35;498;1424,8;156;3,2;7,0;22,5;49,4;89,4;0,0;99,4;98,7;0,0;91,0;69,9;0,0;1521,6;1212,0;13,2;6,4;92,8;64,5;100,0;8,6;1,4;0,0;63,2;7;16,1;80;14,1;35,3;70;0,477;57,1;36,5;1930;3440;570;1190;-2,6;0,0;0;0,0;13,1;65;54,9;0,0;0;0,0;54,7;2,02;0,0;Plintossolo pétrico;Afluente s/n do Córrego do General;Bacia do Rio Cuiabá;Bacia do Rio Cuiabá;401,3;;Sentinel-2 de 23/08/2026, pixels de 10 m;Landsat de 13/08/2026, pixels de 30 m
510840205000052;Várzea Grande;Urbana;Mapim;Várzea Grande;Jardim Esmeralda;0,091;686;7531,8;226;3;9,5;15,7;48,1;92,6;;95,6;96,5;0,0;86,7;100,0;0,0;1506,4;1212,0;12,6;7,1;32,9;0,0;99,6;12,7;6,1;1,9;65,7;7;0,0;0;0,0;0,0;0;0,255;10,4;39,4;1530;3410;180;810;0,3;0,0;0;0,0;0,0;0;0,0;0,0;0;0,0;0,0;2,1;0,0;Plintossolo pétrico;Afluente s/n do Córrego do General;Bacia do Rio Cuiabá;Bacia do Rio Cuiabá;13,8;;Sentinel-2 de 23/08/2026, pixels de 10 m;Landsat de 13/08/2026, pixels de 30 m
510840205000053;Várzea Grande;Urbana;Mapim;Várzea Grande;Região do Mapim;0,199;920;4616,6;302;3;12,9;15,9;48,7;91,0;0,0;96,0;97,7;1,7;96,4;97,4;0,0;1748,3;1212,0;8,8;16,8;37,5;0,0;98,7;12,9;9,5;6,0;58,8;7;15,5;143;12,0;30,0;110;0,361;29,6;38,7;1040;2930;290;500;-0,4;0,0;0;0,0;15,3;141;24,9;0,0;0;0,0;0,0;2,1;0,0;Plintossolo pétrico;Afluente s/n do Córrego do General;Bacia do Rio Cuiabá;Bacia do Rio Cuiabá;64,0;;Sentinel-2 de 23/08/2026, pixels de 10 m;Landsat de 13/08/2026, pixels de 30 m
510840205000054;Várzea Grande;Urbana;Glória;Várzea Grande;Região do Mapim;0,076;471;6186,0;147;3,2;9,6;19,1;51,8;83,9;;81,6;85,7;0,0;9,5;100,0;0,0;1977,4;1300,0;5,8;100,0;82,8;10,2;98,5;100,0;40,3;11,9;38,3;7;0,0;0;0,0;0,0;0;0,242;7,6;39,5;660;2540;680;480;0,4;0,0;0;0,0;0,0;0;0,0;0,0;0;0,0;0,0;2,1;0,0;Plintossolo pétrico;Afluente s/n do Córrego do General;Bacia do Rio Cuiabá;Bacia do Rio Cuiabá;12,3;;Sentinel-2 de 23/08/2026, pixels de 10 m;Landsat de 13/08/2026, pixels de 30 m
510840205000055;Várzea Grande;Urbana;Glória;Várzea Grande;;0,249;608;2437,6;161;3,8;6,7;19,6;49,7;78,6;1,6;90,1;46,6;2,5;95,7;84,5;;1275,7;1200,0;15,0;21,1;66,9;11,0;96,4;21,1;0,2;0,0;63,2;7;2,0;12;3,8;5,1;23;0,206;7,5;39,4;1510;2840;350;1210;0,3;0,0;0;0,0;3,7;22;11,1;0,0;0;0,0;8,1;2,1;0,0;Plintossolo pétrico;Afluente s/n do Córrego do General;Bacia do Rio Cuiabá;Bacia do Rio Cuiabá;30,7;;Sentinel-2 de 23/08/2026, pixels de 10 m;Landsat de 13/08/2026, pixels de 30 m
510840205000056;Várzea Grande;Urbana;Glória;Várzea Grande;;0,317;954;3006,4;326;2,9;10,1;17,9;49,7;88,4;0,0;96,0;100,0;2,1;91,7;98,5;0,0;1818,9;1304,0;10,2;92,8;71,1;24,3;99,1;91,0;61,1;8,3;44,1;7;16,8;160;16,2;36,2;154;0,362;28,9;38,8;1550;2300;490;770;-0,3;8,3;79;0,0;24,1;230;48,0;10,8;103;2,5;3,9;2,1;0,0;Plintossolo pétrico;Córrego do General;Bacia do Rio Cuiabá;Bacia do Rio Cuiabá;96,0;;Sentinel-2 de 23/08/2026, pixels de 10 m;Landsat de 13/08/2026, pixels de 30 m
510840205000057;Várzea Grande;Urbana;Glória;Várzea Grande;;0,226;909;4025,8;340;2,7;11,9;16,5;48,0;98,9;0,0;98,8;99,7;1,2;97,1;99,7;0,0;1788,2;1600,0;4,9;95,8;83,9;25,4;100,0;90,2;59,9;1,2;35,6;7;12,9;117;14,3;29,9;130;0,327;25,0;38,8;1450;1830;60;660;-0,3;0,0;0;0,0;17,0;154;20,5;0,0;0;0,0;0,0;2,1;0,0;Plintossolo pétrico;Córrego do General;Bacia do Rio Cuiabá;Bacia do Rio Cuiabá;62,2;;Sentinel-2 de 23/08/2026, pixels de 10 m;Landsat de 13/08/2026, pixels de 30 m
510840205000058;Várzea Grande;Urbana;Glória;Várzea Grande;;0,199;783;3933,5;262;3;13,7;16,1;50,8;84,9;0,0;92,4;88,2;60,3;19,1;95,8;;1590,2;1300,0;8,9;53,1;77,9;20,4;100,0;57,0;12,3;6,0;41,0;7;15,9;124;4,4;14,6;34;0,388;35,2;38,6;850;1760;370;700;-0,5;0,0;0;0,0;5,8;45;25,1;0,0;0;0,0;14,1;2,07;0,0;Plintossolo pétrico;Córrego do General;Bacia do Rio Cuiabá;Bacia do Rio Cuiabá;89,5;;Sentinel-2 de 23/08/2026, pixels de 10 m;Landsat de 13/08/2026, pixels de 30 m
510840205000059;Várzea Grande;Urbana;Glória;Várzea Grande;;0,322;1154;3585,4;382;3;14,7;14,6;50,7;81,1;0,9;96,1;97,1;8,6;1,3;89,3;0,0;1757,3;1200,0;6,4;85,5;94,7;10,5;100,0;98,2;19,0;0,0;38,7;7;4,7;54;3,7;13,5;42;0,353;28,7;38,1;800;1340;370;810;-1,0;0,0;0;0,0;5,5;64;17,0;0,0;0;0,0;2,6;2,1;0,0;Plintossolo pétrico;Córrego do General;Bacia do Rio Cuiabá;Bacia do Rio Cuiabá;80,1;;Sentinel-2 de 23/08/2026, pixels de 10 m;Landsat de 13/08/2026, pixels de 30 m
510840205000060;Várzea Grande;Urbana;Glória;Várzea Grande;;0,142;639;4504,3;224;2,9;19,7;12,1;53,2;79,7;0,0;96,4;93,8;24,1;18,8;97,8;0,0;1514,8;1200,0;14,2;85,0;73,6;3,3;100,0;94,2;50,4;0,0;46,2;7;0,0;0;0,0;10,5;0;0,297;19,2;38,7;690;1450;300;540;-0,4;0,0;0;0,0;0,0;0;6,5;0,0;0;0,0;0,0;2,11;0,0;Plintossolo pétrico;Córrego do General;Bacia do Rio Cuiabá;Bacia do Rio Cuiabá;42,7;;Sentinel-2 de 23/08/2026, pixels de 10 m;Landsat de 13/08/2026, pixels de 30 m
510840205000061;Várzea Grande;Urbana;Glória;Várzea Grande;;0,098;506;5161,8;186;2,7;20,2;13,4;50,2;75,7;0,6;97,3;93,0;13,4;0,0;100,0;;2278,6;1270,0;6,8;100,0;70,2;5,9;100,0;100,0;85,4;0,0;36,0;7;0,0;0;0,0;0,0;0;0,273;13,6;38,8;490;990;690;680;-0,3;0,0;0;0,0;0,0;0;0,0;0,0;0;0,0;0,0;2,16;0,0;Plintossolo pétrico;Córrego do General;Bacia do Rio Cuiabá;Bacia do Rio Cuiabá;26,3;;Sentinel-2 de 23/08/2026, pixels de 10 m;Landsat de 13/08/2026, pixels de 30 m
510840205000062;Várzea Grande;Urbana;Glória;Várzea Grande;;0,11;242;2205,5;83;2,9;28,1;7,9;49,2;75,2;0,0;89,2;89,2;18,1;4,8;100,0;0,0;1939,7;1200,0;11,2;100,0;44,6;4,1;100,0;100,0;69,4;5,4;46,0;7;0,0;0;0,0;52,2;0;0,133;5,6;38,8;450;1330;620;200;-0,3;0,0;0;0,0;0,0;0;0,0;0,0;0;0,0;0,0;2,16;0,0;Plintossolo pétrico;Córrego do General;Bacia do Rio Cuiabá;Bacia do Rio Cuiabá;25,5;;Sentinel-2 de 23/08/2026, pixels de 10 m;Landsat de 13/08/2026, pixels de 30 m
510840205000063;Várzea Grande;Urbana;Glória;Várzea Grande;;0,205;846;4130,4;296;2,9;15,1;12,8;49,2;82,9;0,0;96,3;97,0;37,5;3,7;98,3;0,0;1517,5;1212,0;8,0;85,5;74,8;13,8;99,6;83,3;64,2;0,0;38,3;7;0,0;0;0,0;0,0;0;0,321;22,8;38,2;650;660;890;990;-0,9;0,0;0;0,0;0,0;0;10,0;0,0;0;0,0;0,0;2,16;0,0;Plintossolo pétrico;Córrego do General;Bacia do Rio Cuiabá;Bacia do Rio Cuiabá;55,2;;Sentinel-2 de 23/08/2026, pixels de 10 m;Landsat de 13/08/2026, pixels de 30 m
510840205000064;Várzea Grande;Urbana;Glória;Várzea Grande;;0,204;846;4147,2;295;2,9;13,6;14,8;52,1;88,2;0,0;96,6;94,6;10,5;2,7;86,4;;1666,6;1212,0;7,6;73,0;56,9;6,5;93,6;71,3;41,8;0,0;47,9;7;6,9;58;3,0;10,5;25;0,314;21,5;38,5;870;1060;510;880;-0,6;0,0;0;0,0;5,2;44;9,5;0,0;0;0,0;0,0;2,14;0,0;Plintossolo pétrico;Córrego do General;Bacia do Rio Cuiabá;Bacia do Rio Cuiabá;51,8;;Sentinel-2 de 23/08/2026, pixels de 10 m;Landsat de 13/08/2026, pixels de 30 m
510840205000065;Várzea Grande;Urbana;Glória;Várzea Grande;;0,214;834;3904,8;274;3;13,8;16,3;52,2;80,9;0,0;94,2;75,9;2,6;18,2;83,6;;1787,8;1300,0;9,0;49,4;83,1;34,1;100,0;45,5;14,6;0,7;50,6;7;8,4;70;9,7;25,5;81;0,407;37,1;38,0;1070;1300;530;940;-1,1;0,0;0;0,0;14,9;125;35,3;0,0;0;0,0;1,8;2,11;0,0;Plintossolo pétrico;Córrego do General;Bacia do Rio Cuiabá;Bacia do Rio Cuiabá;95,2;;Sentinel-2 de 23/08/2026, pixels de 10 m;Landsat de 13/08/2026, pixels de 30 m
510840205000066;Várzea Grande;Urbana;Glória;Várzea Grande;;0,582;896;1539,7;480;1,9;10,6;7,3;50,9;95,3;;99,8;100,0;57,9;39,8;99,4;0,0;2166,6;1800,0;2,9;86,3;77,6;65,5;100,0;83,1;77,7;3,0;26,3;7;16,8;151;23,8;46,2;213;0,342;27,6;38,1;1810;2250;630;350;-1,0;21,3;191;7,5;28,6;257;63,6;25,9;232;19,5;12,7;2,08;0,0;Plintossolo pétrico;Córrego do General;Bacia do Rio Cuiabá;Bacia do Rio Cuiabá;179,3;;Sentinel-2 de 23/08/2026, pixels de 10 m;Landsat de 13/08/2026, pixels de 30 m
510840205000067;Várzea Grande;Urbana;Glória;Várzea Grande;;0,25;847;3393,2;290;2,9;16,5;15,2;49,8;80,4;;95,9;94,8;16,2;16,6;100,0;1,0;2127,0;1500,0;9,9;96,1;67,7;5,4;100,0;96,1;65,3;0,0;40,5;7;1,1;10;4,7;13,5;40;0,283;18,2;38,8;910;1370;200;520;-0,3;0,0;0;0,0;3,7;31;17,8;0,0;0;0,0;0,0;2,13;0,0;Plintossolo pétrico;Córrego do General;Bacia do Rio Cuiabá;Bacia do Rio Cuiabá;53,7;;Sentinel-2 de 23/08/2026, pixels de 10 m;Landsat de 13/08/2026, pixels de 30 m
510840205000068;Várzea Grande;Urbana;Glória;Várzea Grande;;0,125;260;2086,3;92;2,8;19,2;11,9;54,2;78,5;0,0;95,7;97,8;18,5;7,6;100,0;0,0;2274,4;1500,0;5,8;100,0;78,1;17,7;100,0;100,0;95,0;0,0;33,3;7;0,0;0;0,0;0,0;0;0,177;8,2;38,3;520;1000;610;630;-0,8;0,0;0;0,0;0,0;0;0,0;0,0;0;0,0;0,0;2,16;0,0;Plintossolo pétrico;Córrego do General;Bacia do Rio Cuiabá;Bacia do Rio Cuiabá;39,4;;Sentinel-2 de 23/08/2026, pixels de 10 m;Landsat de 13/08/2026, pixels de 30 m
510840205000070;Várzea Grande;Urbana;Centro Norte;Várzea Grande;;0,219;461;2103,9;149;3,1;20,4;11,7;50,5;74,8;0,0;90,6;91,9;22,1;7,4;99,3;;2606,9;1900,0;4,9;100,0;52,9;26,9;100,0;100,0;39,3;0,0;35,5;7;16,9;78;10,0;22,4;46;0,305;27,6;38,4;210;1170;330;350;-0,7;0,0;0;0,0;6,8;31;13,0;0,0;0;0,0;0,0;2,16;0,0;Plintossolo pétrico;Afluente s/n do Rio Cuiabá;Bacia do Rio Cuiabá;Bacia do Rio Cuiabá;131,1;;Sentinel-2 de 23/08/2026, pixels de 10 m;Landsat de 13/08/2026, pixels de 30 m
510840205000071;Várzea Grande;Urbana;Centro Norte;Várzea Grande;;0,143;507;3552,2;180;2,8;23,1;11,0;48,7;62,7;0,8;97,2;86,7;22,2;49,4;100,0;0,0;3529,2;2400,0;2,6;100,0;78,3;26,0;100,0;100,0;28,2;1,0;26,2;7;0,0;0;0,0;0,0;0;0,13;1,3;39,4;590;1610;190;290;0,3;0,0;0;0,0;0,0;0;0,0;0,0;0;0,0;0,0;2,16;0,0;Plintossolo pétrico;Afluente s/n do Rio Cuiabá;Bacia do Rio Cuiabá;Bacia do Rio Cuiabá;3,7;;Sentinel-2 de 23/08/2026, pixels de 10 m;Landsat de 13/08/2026, pixels de 30 m
510840205000072;Várzea Grande;Urbana;Centro Norte;Várzea Grande;;0,157;190;1210,5;89;2,1;30,0;5,8;51,1;68,4;0,0;91,0;97,8;12,4;9,0;100,0;0,0;4820,4;3850,0;1,8;100,0;78,4;12,1;100,0;100,0;81,6;2,1;25,7;7;0,0;0;0,0;0,0;0;0,084;1,6;40,1;1010;1800;260;120;1,0;0,0;0;0,0;0,0;0;0,0;0,0;0;0,0;0,0;2,16;0,0;Plintossolo pétrico;Afluente s/n do Rio Cuiabá;Bacia do Rio Cuiabá;Bacia do Rio Cuiabá;13,2;;Sentinel-2 de 23/08/2026, pixels de 10 m;Landsat de 13/08/2026, pixels de 30 m
510840205000073;Várzea Grande;Urbana;Centro Norte;Várzea Grande;;0,2;368;1838,3;131;2,8;22,8;9,5;49,7;64,1;0,0;93,9;98,5;18,3;29,0;100,0;;5994,3;3500,0;2,6;100,0;72,8;50,8;100,0;100,0;48,6;4,9;24,7;7;0,0;0;28,4;69,5;105;0,181;4,1;39,2;830;1360;50;210;0,1;0,0;0;0,0;0,0;0;0,0;0,0;0;0,0;0,0;2,16;0,0;Plintossolo pétrico;Afluente s/n do Rio Cuiabá;Bacia do Rio Cuiabá;Bacia do Rio Cuiabá;22,3;;Sentinel-2 de 23/08/2026, pixels de 10 m;Landsat de 13/08/2026, pixels de 30 m
510840205000074;Várzea Grande;Urbana;Centro Norte;Várzea Grande;;0,117;276;2362,2;93;3;16,3;12,7;49,6;60,1;0,0;78,5;53,8;50,5;8,6;100,0;0,0;4620,2;3000,0;2,7;100,0;59,1;12,0;100,0;100,0;48,6;5,8;26,2;7;0,0;0;2,2;26,7;6;0,206;11,7;38,8;510;1330;330;280;-0,3;0,0;0;0,0;0,0;0;0,0;0,0;0;0,0;0,0;2,16;0,0;Plintossolo pétrico;Afluente s/n do Rio Cuiabá;Bacia do Rio Cuiabá;Bacia do Rio Cuiabá;49,6;;Sentinel-2 de 23/08/2026, pixels de 10 m;Landsat de 13/08/2026, pixels de 30 m
510840205000075;Várzea Grande;Urbana;Centro Sul;Várzea Grande;;0,218;625;2861,6;244;2,6;16,8;10,1;50,2;67,5;0,0;90,2;68,4;71,7;0,0;99,6;;4052,1;2400,0;2,4;97,0;57,3;20,6;100,0;97,0;96,3;13,9;22,7;7;11,4;71;65,3;99,1;408;0,225;11,0;39,4;690;960;190;300;0,3;0,0;0;0,0;2,0;12;12,9;0,0;0;0,0;0,0;2,16;0,0;Plintossolo pétrico;Afluente s/n do Rio Cuiabá;Bacia do Rio Cuiabá;Bacia do Rio Cuiabá;38,4;;Sentinel-2 de 23/08/2026, pixels de 10 m;Landsat de 13/08/2026, pixels de 30 m
510840205000076;Várzea Grande;Urbana;Centro Sul;Várzea Grande;;0,189;263;1394,9;99;2,7;27,4;6,8;54,8;85,9;0,0;96,0;100,0;3,0;0,0;100,0;0,0;3684,5;3000,0;1,7;100,0;41,4;15,6;100,0;99,2;77,9;0,4;33,2;7;4,6;12;9,6;37,9;25;0,183;8,0;39,2;380;790;210;240;0,1;0,0;0;0,0;0,0;0;0,0;0,0;0;0,0;0,0;2,16;0,0;Plintossolo pétrico;Afluente s/n do Rio Cuiabá;Bacia do Rio Cuiabá;Bacia do Rio Cuiabá;57,5;;Sentinel-2 de 23/08/2026, pixels de 10 m;Landsat de 13/08/2026, pixels de 30 m
510840205000077;Várzea Grande;Urbana;Centro Norte;Várzea Grande;;0,105;39;372,5;17;2,3;43,6;0,0;51,3;53,8;0,0;100,0;100,0;82,4;0,0;94,1;0,0;7807,9;3000,0;0,0;100,0;59,0;20,5;100,0;100,0;53,8;17,9;;0;0,0;0;0,0;10,1;0;0,093;1,6;39,1;140;840;50;60;0,0;0,0;0;0,0;0,0;0;0,0;0,0;0;0,0;0,0;2,16;0,0;Plintossolo pétrico;Afluente s/n do Rio Cuiabá;Bacia do Rio Cuiabá;Bacia do Rio Cuiabá;;;Sentinel-2 de 23/08/2026, pixels de 10 m;Landsat de 13/08/2026, pixels de 30 m
510840205000078;Várzea Grande;Urbana;Centro Norte;Várzea Grande;;0,145;531;3660,4;224;2,4;24,7;10,5;54,8;67,0;0,0;45,1;100,0;5,4;5,8;100,0;0,0;5856,0;5000,0;2,4;100,0;86,6;66,3;100,0;100,0;38,2;4,0;32,0;7;0,0;0;0,0;0,0;0;0,134;3,2;38,8;680;450;610;690;-0,3;0,0;0;0,0;0,0;0;0,0;0,0;0;0,0;0,0;2,16;0,0;Plintossolo pétrico;Afluente s/n do Rio Cuiabá;Bacia do Rio Cuiabá;Bacia do Rio Cuiabá;8,7;;Sentinel-2 de 23/08/2026, pixels de 10 m;Landsat de 13/08/2026, pixels de 30 m
510840205000079;Várzea Grande;Urbana;Centro Sul;Várzea Grande;;0,145;567;3915,5;221;2,6;23,5;8,3;52,7;58,2;;82,8;100,0;5,4;41,6;99,1;0,0;4556,1;2500,0;2,2;100,0;17,8;3,0;100,0;100,0;84,7;0,0;37,7;7;0,0;0;29,1;31,8;165;0,18;4,1;39,3;750;200;120;240;0,2;0,0;0;0,0;0,0;0;0,0;0,0;0;0,0;0,0;2,16;0,0;Plintossolo pétrico;Afluente s/n do Rio Cuiabá;Bacia do Rio Cuiabá;Bacia do Rio Cuiabá;10,5;;Sentinel-2 de 23/08/2026, pixels de 10 m;Landsat de 13/08/2026, pixels de 30 m
510840205000080;Várzea Grande;Urbana;Centro Sul;Várzea Grande;;0,092;472;5124,5;177;2,7;27,1;7,8;52,3;69,1;1,1;97,2;95,5;36,2;1,7;99,4;0,0;2826,0;2000,0;3,6;100,0;54,7;15,9;100,0;100,0;100,0;0,0;30,2;7;0,0;0;0,0;3,0;0;0,235;10,6;39,2;590;500;400;180;0,1;0,0;0;0,0;0,0;0;0,0;0,0;0;0,0;0,0;2,16;0,0;Plintossolo pétrico;Afluente s/n do Rio Cuiabá;Bacia do Rio Cuiabá;Bacia do Rio Cuiabá;20,7;;Sentinel-2 de 23/08/2026, pixels de 10 m;Landsat de 13/08/2026, pixels de 30 m
510840205000081;Várzea Grande;Urbana;Centro Sul;Várzea Grande;;0,141;577;4101,1;205;2,8;19,8;10,4;50,6;64,3;0,0;77,1;97,6;11,7;9,3;99,5;0,0;3370,5;2002,5;2,4;100,0;45,6;16,8;100,0;100,0;24,3;1,9;35,7;7;0,0;0;0,0;8,6;0;0,233;10,9;39,2;650;700;600;230;0,1;0,0;0;0,0;0,0;0;0,0;0,0;0;0,0;0,0;2,16;0,0;Plintossolo pétrico;Afluente s/n do Rio Cuiabá;Bacia do Rio Cuiabá;Bacia do Rio Cuiabá;26,6;;Sentinel-2 de 23/08/2026, pixels de 10 m;Landsat de 13/08/2026, pixels de 30 m
510840205000082;Várzea Grande;Urbana;Centro Sul;Várzea Grande;;0,382;809;2119,2;289;2,8;17,9;10,9;51,7;58,6;0,4;56,7;91,7;26,6;18,3;99,7;0,0;4338,6;3450,0;1,2;100,0;72,9;17,9;100,0;97,2;8,8;0,0;29,8;7;9,2;75;21,1;92,9;170;0,332;27,5;37,8;380;870;330;130;-1,3;0,0;0;0,0;0,0;0;0,0;0,0;0;0,0;18,1;2,11;0,0;Plintossolo pétrico;Afluente s/n do Rio Cuiabá;Bacia do Rio Cuiabá;Bacia do Rio Cuiabá;129,9;;Sentinel-2 de 23/08/2026, pixels de 10 m;Landsat de 13/08/2026, pixels de 30 m
510840205000083;Várzea Grande;Urbana;Centro Sul;Várzea Grande;;0,146;722;4947,3;272;2,7;13,4;13,6;49,7;70,5;0,7;65,4;98,5;43,8;39,3;100,0;;3386,8;2000,0;2,6;100,0;38,1;7,3;100,0;98,6;70,5;3,6;34,1;7;0,0;0;0,0;5,1;0;0,2;7,3;39,4;640;580;740;300;0,3;0,0;0;0,0;0,0;0;0,0;0,0;0;0,0;0,0;2,16;0,0;Plintossolo pétrico;Afluente s/n do Rio Cuiabá;Bacia do Rio Cuiabá;Bacia do Rio Cuiabá;14,8;;Sentinel-2 de 23/08/2026, pixels de 10 m;Landsat de 13/08/2026, pixels de 30 m
510840205000084;Várzea Grande;Urbana;Centro Sul;Várzea Grande;;0,152;1117;7368,0;423;2,6;12,0;12,2;52,2;69,6;0,0;85,6;100,0;10,6;12,5;100,0;0,0;3566,2;3000,0;1,6;100,0;74,7;55,7;100,0;100,0;97,4;6,8;29,0;7;0,0;0;0,0;0,0;0;0,195;7,2;39,0;730;460;590;300;-0,1;0,0;0;0,0;0,0;0;0,0;0,0;0;0,0;0,0;2,16;0,0;Plintossolo pétrico;Afluente s/n do Rio Cuiabá;Bacia do Rio Cuiabá;Bacia do Rio Cuiabá;9,8;;Sentinel-2 de 23/08/2026, pixels de 10 m;Landsat de 13/08/2026, pixels de 30 m
510840205000085;Várzea Grande;Urbana;Centro Sul;Várzea Grande;;0,195;682;3499,4;233;2,9;21,1;9,5;54,3;62,0;0,0;81,5;99,6;12,0;37,8;100,0;0,0;4689,8;4000,0;1,9;100,0;73,9;15,4;100,0;100,0;73,5;3,7;28,2;7;0,0;0;0,0;40,6;0;0,179;4,3;39,0;280;360;830;330;-0,1;0,0;0;0,0;0,0;0;0,0;0,0;0;0,0;0,0;2,16;0,0;Plintossolo pétrico;Afluente s/n do Rio Cuiabá;Bacia do Rio Cuiabá;Bacia do Rio Cuiabá;12,3;;Sentinel-2 de 23/08/2026, pixels de 10 m;Landsat de 13/08/2026, pixels de 30 m
510840205000086;Várzea Grande;Urbana;Centro Sul;Várzea Grande;;0,212;638;3003,3;303;2,1;14,4;3,3;56,7;57,4;0,0;93,1;100,0;79,2;1,7;100,0;0,0;6364,7;5000,0;0,0;100,0;72,4;61,3;100,0;100,0;81,2;12,9;13,0;7;8,0;51;43,1;75,5;275;0,241;15,9;39,3;880;600;380;430;0,2;0,0;0;0,0;8,7;55;12,0;0,0;0;0,0;0,0;2,16;0,0;Plintossolo pétrico;Afluente s/n do Rio Cuiabá;Bacia do Rio Cuiabá;Bacia do Rio Cuiabá;52,8;;Sentinel-2 de 23/08/2026, pixels de 10 m;Landsat de 13/08/2026, pixels de 30 m
510840205000087;Várzea Grande;Urbana;Centro Sul;Várzea Grande;;0,027;577;21703,5;249;2,3;12,8;10,7;54,8;65,5;;2,0;100,0;6,8;0,0;99,6;0,0;4135,6;3000,0;;100,0;100,0;100,0;100,0;100,0;100,0;0,0;41,3;6;30,4;175;100,0;100,0;577;0,215;7,4;38,6;970;650;350;430;-0,5;0,0;0;0,0;32,2;186;42,2;0,0;0;0,0;0,0;2,16;0,0;Plintossolo pétrico;Afluente s/n do Rio Cuiabá;Bacia do Rio Cuiabá;Bacia do Rio Cuiabá;3,5;;Sentinel-2 de 23/08/2026, pixels de 10 m;Landsat de 13/08/2026, pixels de 30 m
510840205000088;Várzea Grande;Urbana;Centro Sul;Várzea Grande;;0,018;322;17792,1;140;2,3;15,2;9,9;56,5;58,7;;2,9;100,0;90,7;0,0;100,0;0,0;3626,7;3000,0;2,1;100,0;100,0;100,0;100,0;100,0;100,0;0,0;26,4;7;38,5;124;94,4;100,0;304;0,237;7,1;38,6;1000;590;510;280;-0,5;0,0;0;0,0;28,6;92;36,8;0,0;0;0,0;0,0;2,16;0,0;Plintossolo pétrico;Afluente s/n do Rio Cuiabá;Bacia do Rio Cuiabá;Bacia do Rio Cuiabá;4,0;;Sentinel-2 de 23/08/2026, pixels de 10 m;Landsat de 13/08/2026, pixels de 30 m
510840205000089;Várzea Grande;Urbana;Centro Sul;Várzea Grande;;0,023;515;22076,4;247;2,1;14,0;8,2;54,2;67,6;0,0;6,1;100,0;1,6;15,0;100,0;0,0;3525,5;2500,0;0,7;100,0;100,0;100,0;100,0;100,0;100,0;0,0;37,8;7;0,0;0;0,0;84,2;0;0,27;12,5;38,2;760;330;680;400;-0,9;0,0;0;0,0;0,0;0;5,7;0,0;0;0,0;0,0;2,16;0,0;Plintossolo pétrico;Afluente s/n do Rio Cuiabá;Bacia do Rio Cuiabá;Bacia do Rio Cuiabá;5,6;;Sentinel-2 de 23/08/2026, pixels de 10 m;Landsat de 13/08/2026, pixels de 30 m
510840205000090;Várzea Grande;Urbana;Centro Sul;Várzea Grande;;0,043;506;11699,3;225;2,2;13,0;12,3;58,9;58,3;0,0;11,6;100,0;89,3;6,7;100,0;0,0;3546,1;2500,0;0,7;100,0;99,6;99,6;100,0;99,6;100,0;0,0;24,6;7;0,0;0;11,9;61,0;60;0,321;21,8;38,3;790;420;570;410;-0,8;0,0;0;0,0;0,0;0;0,0;0,0;0;0,0;0,0;2,16;0,0;Plintossolo pétrico;Afluente s/n do Rio Cuiabá;Bacia do Rio Cuiabá;Bacia do Rio Cuiabá;18,5;;Sentinel-2 de 23/08/2026, pixels de 10 m;Landsat de 13/08/2026, pixels de 30 m
510840205000091;Várzea Grande;Urbana;Centro Sul;Várzea Grande;;0,717;820;1143,2;403;2;12,6;9,5;51,0;62,3;;95,3;99,3;60,5;21,3;99,8;;4999,8;4000,0;6,4;97,1;96,8;89,3;100,0;98,4;50,9;0,0;20,7;7;14,3;118;56,1;83,3;460;0,287;21,2;39,0;1100;650;970;570;-0,1;0,0;0;0,0;11,4;93;19,9;0,0;0;0,0;15,0;2,14;0,0;Plintossolo pétrico;Afluente s/n do Rio Cuiabá;Bacia do Rio Cuiabá;Bacia do Rio Cuiabá;185,4;;Sentinel-2 de 23/08/2026, pixels de 10 m;Landsat de 13/08/2026, pixels de 30 m
510840205000092;Várzea Grande;Urbana;Centro Sul;Várzea Grande;;0,174;624;3595,2;264;2,4;10,4;7,2;52,2;55,0;1,0;81,1;99,6;83,7;0,0;100,0;0,0;5394,5;4000,0;1,3;100,0;84,1;52,6;100,0;100,0;17,3;4,3;15,0;7;0,0;0;0,0;4,2;0;0,2;5,7;38,9;560;520;950;420;-0,2;0,0;0;0,0;0,0;0;0,0;0,0;0;0,0;0,0;2,16;0,0;Plintossolo pétrico;Afluente s/n do Rio Cuiabá;Bacia do Rio Cuiabá;Bacia do Rio Cuiabá;15,9;;Sentinel-2 de 23/08/2026, pixels de 10 m;Landsat de 13/08/2026, pixels de 30 m
510840205000093;Várzea Grande;Urbana;Parque do Lago;Várzea Grande;;0,222;903;4063,6;282;3,2;7,1;17,4;49,3;82,4;0,0;88,7;95,4;40,8;16,7;99,6;0,0;1927,0;1300,0;2,8;92,2;63,3;7,0;96,5;86,4;29,2;3,9;32,3;7;0,0;0;0,0;0,0;0;0,251;10,4;39,6;1170;3310;1350;2240;0,5;0,0;0;0,0;0,0;0;0,1;0,0;0;0,0;1,4;2,16;0,0;Plintossolo pétrico;Córrego do Aeroporto;Bacia do Rio Cuiabá;Bacia do Rio Cuiabá;25,6;;Sentinel-2 de 23/08/2026, pixels de 10 m;Landsat de 13/08/2026, pixels de 30 m
510840205000094;Várzea Grande;Urbana;Costa Verde;Várzea Grande;;0,154;690;4493,9;247;2,8;14,2;13,5;49,1;63,8;;91,9;95,1;3,2;83,8;100,0;0,0;2916,0;2000,0;2,3;100,0;50,4;1,6;100,0;100,0;0,0;0,9;34,7;7;0,0;0;0,0;0,0;0;0,144;0,9;39,7;390;2050;490;370;0,6;0,0;0;0,0;0,0;0;0,0;0,0;0;0,0;0,0;2,16;0,0;Plintossolo pétrico;Afluente s/n do Córrego Traíra;Bacia do Rio Cuiabá;Bacia do Rio Cuiabá;2,0;;Sentinel-2 de 23/08/2026, pixels de 10 m;Landsat de 13/08/2026, pixels de 30 m
510840205000096;Várzea Grande;Urbana;Costa Verde;Várzea Grande;;0,186;679;3652,7;228;3;14,4;12,1;50,5;47,6;;93,0;48,7;13,2;0,0;98,7;0,0;4757,7;3000,0;1,5;100,0;60,4;11,1;99,7;95,5;20,5;6,7;27,9;7;0,0;0;0,0;4,2;0;0,186;2,8;39,8;500;1600;620;100;0,7;0,0;0;0,0;0,0;0;0,0;0,0;0;0,0;0,0;2,16;0,0;Plintossolo pétrico;Afluente s/n do Rio Cuiabá;Bacia do Rio Cuiabá;Bacia do Rio Cuiabá;7,7;;Sentinel-2 de 23/08/2026, pixels de 10 m;Landsat de 13/08/2026, pixels de 30 m
510840205000099;Várzea Grande;Urbana;Vitória Régia;Várzea Grande;;0,363;764;2105,8;234;3,3;9,4;20,0;48,8;82,6;0,0;79,5;77,8;;86,8;98,7;1,3;1634,4;1212,0;7,7;12,3;13,6;0,0;53,8;6,4;0,0;0,0;58,8;6;3,9;29;12,0;17,0;92;0,379;32,5;37,8;2490;2700;320;260;-1,3;18,1;138;0,0;13,6;104;27,8;20,1;153;0,0;41,9;2,1;2,9;Plintossolo pétrico;Córrego Traíra;Bacia do Rio Cuiabá;Bacia do Rio Cuiabá;154,4;;Sentinel-2 de 23/08/2026, pixels de 10 m;Landsat de 13/08/2026, pixels de 30 m
510840205000100;Várzea Grande;Urbana;Vitória Régia;Várzea Grande;;0,377;808;2145,7;291;2,8;11,9;13,2;49,1;82,8;0,0;65,3;62,5;16,8;13,7;98,3;1,0;1725,0;1212,0;6,4;5,2;33,2;16,3;81,7;2,1;3,8;0,0;61,0;7;6,6;54;14,6;32,2;118;0,319;25,6;38,4;2060;2130;470;420;-0,7;21,4;173;0,0;13,0;105;18,6;27,7;223;0,0;13,3;2,14;0,2;Plintossolo pétrico;Córrego Traíra;Bacia do Rio Cuiabá;Bacia do Rio Cuiabá;119,4;;Sentinel-2 de 23/08/2026, pixels de 10 m;Landsat de 13/08/2026, pixels de 30 m
510840205000101;Várzea Grande;Urbana;Primavera;Várzea Grande;;0,152;712;4671,7;243;2,9;17,0;13,1;48,7;77,8;;89,3;46,5;93,8;3,3;98,8;;1683,1;1212,0;12,8;100,0;12,2;0,0;95,4;100,0;29,0;0,0;42,7;7;0,0;0;0,0;0,0;0;0,16;3,0;40,6;1880;2130;140;190;1,5;0,0;0;0,0;0,0;0;0,0;0,0;0;0,0;0,0;2,16;0,0;Plintossolo pétrico;Afluente s/n do Rio Cuiabá;Bacia do Rio Cuiabá;Bacia do Rio Cuiabá;6,4;;Sentinel-2 de 23/08/2026, pixels de 10 m;Landsat de 13/08/2026, pixels de 30 m
510840205000103;Várzea Grande;Urbana;Capão do Pequi;Várzea Grande;;2,193;904;412,2;332;2,7;8,0;18,3;48,7;82,9;0,0;74,4;82,2;11,1;26,8;95,2;0,0;1742,9;1300,0;5,2;22,3;82,3;16,2;94,2;18,8;0,0;0,0;50,1;7;3,5;32;18,5;28,3;167;0,378;32,7;38,4;700;2770;1400;280;-0,7;0,0;0;0,0;5,1;46;11,7;0,0;0;0,0;28,7;2,14;3,3;Plintossolo pétrico;Afluente s/n do Rio Formigueiro;Bacia do Rio Cuiabá;Bacia do Rio Cuiabá;793,3;;Sentinel-2 de 23/08/2026, pixels de 10 m;Landsat de 13/08/2026, pixels de 30 m
510840205000104;Várzea Grande;Urbana;Capão do Pequi;Várzea Grande;;0,096;722;7546,8;239;3;8,6;16,1;50,8;80,9;0,0;99,2;88,7;5,4;92,9;100,0;0,0;2063,9;1500,0;5,4;100,0;78,1;21,7;98,2;97,8;1,0;1,0;34,8;7;0,0;0;0,0;0,0;0;0,173;0,7;40,1;650;2710;1180;220;1,0;0,0;0;0,0;0,0;0;0,0;0,0;0;0,0;0,0;2,16;0,0;Plintossolo pétrico;Afluente s/n do Rio Formigueiro;Bacia do Rio Cuiabá;Bacia do Rio Cuiabá;0,9;;Sentinel-2 de 23/08/2026, pixels de 10 m;Landsat de 13/08/2026, pixels de 30 m
510840205000105;Várzea Grande;Urbana;Capão do Pequi;Várzea Grande;;0,08;654;8165,6;214;3,1;10,1;18,7;48,8;82,9;0,0;100,0;97,7;5,1;94,4;100,0;;1953,2;1500,0;2,5;99,5;71,4;39,1;100,0;98,9;3,1;3,1;33,0;7;0,0;0;0,0;0,0;0;0,211;3,4;39,7;410;2940;1020;200;0,6;0,0;0;0,0;0,0;0;0,0;0,0;0;0,0;1,0;2,16;0,0;Plintossolo pétrico;Afluente s/n do Rio Formigueiro;Bacia do Rio Cuiabá;Bacia do Rio Cuiabá;4,2;;Sentinel-2 de 23/08/2026, pixels de 10 m;Landsat de 13/08/2026, pixels de 30 m
510840205000106;Várzea Grande;Urbana;Capão do Pequi;Várzea Grande;;0,098;590;6003,6;194;3;12,0;13,2;51,2;77,8;;89,2;95,4;5,2;49,0;100,0;2,6;2351,5;1600,0;2,8;98,8;68,5;25,9;99,8;98,8;31,2;0,0;34,3;7;0,0;0;0,0;0,0;0;0,148;0,8;40,3;200;3450;820;120;1,2;0,0;0;0,0;0,0;0;0,0;0,0;0;0,0;0,0;2,16;0,0;Plintossolo pétrico;Afluente s/n do Rio Formigueiro;Bacia do Rio Cuiabá;Bacia do Rio Cuiabá;1,3;;Sentinel-2 de 23/08/2026, pixels de 10 m;Landsat de 13/08/2026, pixels de 30 m
510840205000107;Várzea Grande;Urbana;Capão do Pequi;Várzea Grande;;0,092;581;6321,8;195;3;11,0;15,7;50,1;79,9;0,0;37,4;97,4;5,1;0,0;100,0;;1776,7;1500,0;4,1;25,0;79,3;4,6;99,5;88,5;0,0;0,0;54,4;7;0,0;0;0,0;5,9;0;0,188;2,1;40,0;410;3650;880;110;0,9;0,0;0;0,0;0,0;0;0,0;0,0;0;0,0;0,0;2,16;0,0;Plintossolo pétrico;Afluente s/n do Rio Cuiabá;Bacia do Rio Cuiabá;Bacia do Rio Cuiabá;3,3;;Sentinel-2 de 23/08/2026, pixels de 10 m;Landsat de 13/08/2026, pixels de 30 m
510840205000109;Várzea Grande;Urbana;Capão do Pequi;Várzea Grande;;0,23;517;2248,4;162;3,2;10,6;18,6;50,5;82,0;0,0;79,6;77,2;6,8;53,1;98,8;22,2;1575,9;1300,0;7,7;100,0;98,5;14,9;100,0;66,5;58,6;0,0;39,1;7;0,0;0;28,8;42,8;149;0,336;17,7;39,4;2790;5460;790;2490;0,3;50,2;260;37,1;18,1;93;45,5;52,9;274;44,0;10,2;2,17;0,0;Plintossolo pétrico;Ribeirão dos Cocais;Bacia do Rio Cuiabá;Bacia do Rio Cuiabá;78,7;;Sentinel-2 de 23/08/2026, pixels de 10 m;Landsat de 13/08/2026, pixels de 30 m
510840205000110;Várzea Grande;Rural;;Várzea Grande;;0,986;12;12,2;5;2,4;33,3;;66,7;66,7;0,0;;80,0;0,0;100,0;0,0;0,0;1837,3;1300,0;0,0;;;;;;;;;0;3,4;0;55,2;87,0;7;0,329;15,0;40,5;3580;6270;610;3270;1,4;89,9;11;75,5;54,9;7;92,3;88,9;11;78,5;18,7;2,18;3,7;Plintossolo pétrico;;Bacia do Rio Cuiabá;Bacia do Rio Cuiabá;;;Sentinel-2 de 23/08/2026, pixels de 10 m;Landsat de 13/08/2026, pixels de 30 m
510840205000111;Várzea Grande;Urbana;Capão do Pequi;Várzea Grande;;0,193;656;3390,6;234;2,8;11,7;22,1;52,0;83,5;0,0;60,3;95,7;1,3;2,1;99,1;0,0;1568,9;1200,0;5,7;100,0;86,1;30,3;99,7;97,7;76,1;1,1;42,4;7;0,0;0;0,4;9,7;3;0,356;25,5;38,5;3340;5960;410;3030;-0,6;15,2;100;5,9;0,0;0;15,3;13,4;88;4,6;11,8;2,16;0,0;Plintossolo pétrico;Ribeirão dos Cocais;Bacia do Rio Cuiabá;Bacia do Rio Cuiabá;75,0;;Sentinel-2 de 23/08/2026, pixels de 10 m;Landsat de 13/08/2026, pixels de 30 m
510840205000112;Várzea Grande;Urbana;Capão do Pequi;Várzea Grande;;0,089;521;5864,0;167;3,1;10,6;19,0;50,3;81,0;;68,3;86,8;8,4;1,8;99,4;1,8;1642,5;1350,0;6,4;93,5;79,8;0,0;93,5;92,3;92,3;6,0;42,4;7;0,0;0;0,0;0,0;0;0,287;11,0;39,4;3270;5790;280;2970;0,3;0,0;0;0,0;0,0;0;4,2;0,0;0;0,0;4,0;2,16;0,0;Plintossolo pétrico;Ribeirão dos Cocais;Bacia do Rio Cuiabá;Bacia do Rio Cuiabá;18,8;;Sentinel-2 de 23/08/2026, pixels de 10 m;Landsat de 13/08/2026, pixels de 30 m
510840205000113;Várzea Grande;Urbana;São Simão;Várzea Grande;;1,366;913;668,2;282;3,2;7,4;19,4;48,0;83,6;;78,0;87,9;4,3;1,1;89,0;0,0;1639,4;1212,0;2,3;45,1;90,3;52,1;92,7;32,8;1,5;1,4;44,6;7;3,3;30;6,2;27,4;56;0,25;9,2;39,7;1190;1860;2560;2030;0,6;0,0;0;0,0;4,9;45;8,7;0,0;0;0,0;42,9;2,1;2,0;Plintossolo pétrico;Córrego Piçarão;Bacia do Rio Cuiabá;Bacia do Rio Cuiabá;137,6;;Sentinel-2 de 23/08/2026, pixels de 10 m;Landsat de 13/08/2026, pixels de 30 m
510840205000115;Várzea Grande;Urbana;Santa Izabel;Várzea Grande;;0,242;800;3309,8;300;2,7;13,5;18,4;50,0;82,9;0,0;57,0;17,3;2,3;9,7;93,3;0,0;1560,0;1240,0;9,6;72,5;27,9;1,8;97,5;73,4;8,1;0,0;60,6;7;14,0;112;11,4;21,0;91;0,332;26,2;38,7;800;3520;450;580;-0,4;0,0;0;0,0;0,0;0;16,6;0,0;0;0,0;25,0;2,12;0,0;Plintossolo pétrico;Córrego Piçarão;Bacia do Rio Cuiabá;Bacia do Rio Cuiabá;79,3;;Sentinel-2 de 23/08/2026, pixels de 10 m;Landsat de 13/08/2026, pixels de 30 m
510840205000116;Várzea Grande;Urbana;Santa Izabel;Várzea Grande;;0,169;829;4914,1;256;3,2;6,6;19,7;50,1;75,2;0,4;77,7;69,1;5,5;16,8;98,8;2,7;1930,0;1260,0;7,5;66,1;73,7;15,9;100,0;65,0;5,3;0,0;46,5;7;14,5;120;45,3;88,8;376;0,249;10,9;39,6;880;4160;500;680;0,5;0,0;0;0,0;0,0;0;0,0;0,0;0;0,0;0,0;2,16;0,0;Plintossolo pétrico;Córrego Piçarão;Bacia do Rio Cuiabá;Bacia do Rio Cuiabá;22,2;;Sentinel-2 de 23/08/2026, pixels de 10 m;Landsat de 13/08/2026, pixels de 30 m
510840205000117;Várzea Grande;Urbana;São Matheus;Várzea Grande;;0,236;819;3467,2;272;3;8,7;18,1;50,8;75,5;0,0;59,2;87,5;0,0;0,0;100,0;0,0;1630,8;1400,0;6,1;22,3;53,8;7,4;99,6;17,0;1,7;4,5;58,6;7;0,5;4;23,1;30,8;189;0,164;3,4;40,2;590;4760;360;1040;1,1;0,0;0;0,0;0,0;0;0,0;0,0;0;0,0;0,0;2,16;0,0;Plintossolo pétrico;Córrego Piçarão;Bacia do Rio Cuiabá;Bacia do Rio Cuiabá;9,8;;Sentinel-2 de 23/08/2026, pixels de 10 m;Landsat de 13/08/2026, pixels de 30 m
510840205000118;Várzea Grande;Urbana;São Matheus;Várzea Grande;;0,183;850;4645,0;316;2,7;12,5;14,5;46,9;81,6;0,4;66,1;27,5;21,5;0,0;99,7;0,0;2063,3;1800,0;11,1;35,4;68,4;14,2;100,0;95,9;0,0;0,0;54,4;7;0,0;0;1,2;1,2;10;0,214;6,1;39,9;730;4980;470;460;0,8;0,0;0;0,0;0,0;0;0,0;0,0;0;0,0;2,8;2,16;0,0;Plintossolo pétrico;Afluente s/n do Rio Formigueiro;Bacia do Rio Cuiabá;Bacia do Rio Cuiabá;13,1;;Sentinel-2 de 23/08/2026, pixels de 10 m;Landsat de 13/08/2026, pixels de 30 m
510840205000119;Várzea Grande;Urbana;São Matheus;Várzea Grande;;0,192;483;2521,7;147;3,2;10,6;16,6;47,0;81,6;0,0;58,5;92,5;6,1;81,0;97,3;0,0;1892,5;1220,0;7,7;76,2;71,8;6,9;95,6;76,2;33,1;0,4;48,8;7;0,0;0;0,0;0,0;0;0,318;27,8;38,7;630;4870;600;90;-0,4;0,0;0;0,0;0,0;0;0,0;0,0;0;0,0;26,4;2,12;0,0;Plintossolo pétrico;Afluente s/n do Rio Formigueiro;Bacia do Rio Cuiabá;Bacia do Rio Cuiabá;110,5;;Sentinel-2 de 23/08/2026, pixels de 10 m;Landsat de 13/08/2026, pixels de 30 m
510840205000120;Várzea Grande;Urbana;São Matheus;Várzea Grande;;0,174;757;4341,5;213;3,6;9,5;16,9;50,2;79,1;;39,4;98,1;0,0;89,7;97,7;0,0;2265,9;1500,0;5,8;65,9;72,5;13,9;99,5;73,2;1,2;0,0;50,7;7;0,6;4;0,6;7,3;5;0,231;10,8;40,1;530;4300;520;750;1,0;0,0;0;0,0;0,0;0;2,5;0,0;0;0,0;0,0;2,16;0,0;Plintossolo pétrico;Córrego Piçarão;Bacia do Rio Cuiabá;Bacia do Rio Cuiabá;24,8;;Sentinel-2 de 23/08/2026, pixels de 10 m;Landsat de 13/08/2026, pixels de 30 m
510840205000121;Várzea Grande;Urbana;São Matheus;Várzea Grande;;0,203;675;3322,5;227;3;10,4;17,9;48,9;88,6;0,4;81,1;93,0;1,3;85,0;99,1;;1259,1;1200,0;8,2;54,4;47,1;6,4;99,3;52,9;3,1;0,0;54,5;7;0,7;5;0,0;3,4;0;0,236;8,0;39,9;180;4470;620;460;0,8;0,0;0;0,0;0,0;0;0,0;0,0;0;0,0;0,0;2,16;0,0;Plintossolo pétrico;Córrego Piçarão;Bacia do Rio Cuiabá;Bacia do Rio Cuiabá;24,1;;Sentinel-2 de 23/08/2026, pixels de 10 m;Landsat de 13/08/2026, pixels de 30 m
510840205000122;Várzea Grande;Urbana;São Matheus;Várzea Grande;;0,148;591;4002,0;217;2,7;9,0;14,4;50,8;85,6;0,0;56,2;8,3;0,0;2,3;98,6;0,0;1571,6;1240,0;10,4;4,2;57,4;10,5;98,3;0,0;0,0;0,0;66,3;7;0,0;0;0,0;0,0;0;0,256;9,5;39,8;1020;5290;780;630;0,7;0,0;0;0,0;0,0;0;0,0;0,0;0;0,0;0,0;2,16;0,0;Plintossolo pétrico;Afluente s/n do Rio Formigueiro;Bacia do Rio Cuiabá;Bacia do Rio Cuiabá;23,8;;Sentinel-2 de 23/08/2026, pixels de 10 m;Landsat de 13/08/2026, pixels de 30 m
510840205000124;Várzea Grande;Urbana;Novo Mundo;Várzea Grande;;1,859;319;171,6;117;2,7;16,3;14,4;48,9;76,8;0,0;3,4;88,0;0,0;6,8;82,1;0,0;1914,9;1221,0;5,6;10,3;84,6;53,3;81,5;6,6;0,6;0,0;65,9;7;4,4;14;3,7;11,8;12;0,221;9,0;40,0;2980;6560;1950;2160;0,9;0,0;0;0,0;0,0;0;2,8;0,0;0;0,0;28,5;2,13;12,0;Plintossolo pétrico;Afluente s/n do Rio Formigueiro;Bacia do Rio Cuiabá;Bacia do Rio Cuiabá;524,5;;Sentinel-2 de 23/08/2026, pixels de 10 m;Landsat de 13/08/2026, pixels de 30 m
510840205000127;Várzea Grande;Urbana;Jardim dos Estados;Várzea Grande;;0,115;894;7775,3;284;3,1;6,5;15,9;50,4;83,1;0,0;99,3;100,0;91,5;2,1;100,0;0,0;2158,9;1500,0;4,7;100,0;84,9;20,6;100,0;100,0;71,9;0,0;20,4;7;0,0;0;0,0;0,0;0;0,164;2,0;40,0;1800;3950;120;370;0,9;0,0;0;0,0;0,0;0;0,0;0,0;0;0,0;0,0;2,16;0,0;Plintossolo pétrico;Afluente s/n do Córrego do General;Bacia do Rio Cuiabá;Bacia do Rio Cuiabá;2,6;;Sentinel-2 de 23/08/2026, pixels de 10 m;Landsat de 13/08/2026, pixels de 30 m
510840205000128;Várzea Grande;Urbana;Jardim dos Estados;Várzea Grande;;0,092;593;6432,5;214;2,8;16,7;15,3;51,6;79,3;0,0;89,7;99,1;9,8;86,4;100,0;;2091,3;1550,0;4,0;92,1;54,3;1,7;100,0;92,1;29,5;0,3;38,6;7;10,3;61;3,0;11,1;18;0,192;6,2;39,7;1320;3480;460;240;0,6;0,0;0;0,0;0,0;0;9,8;0,0;0;0,0;0,0;2,15;0,0;Plintossolo pétrico;Afluente s/n do Córrego do General;Bacia do Rio Cuiabá;Bacia do Rio Cuiabá;9,6;;Sentinel-2 de 23/08/2026, pixels de 10 m;Landsat de 13/08/2026, pixels de 30 m
510840205000129;Várzea Grande;Urbana;Jardim dos Estados;Várzea Grande;;0,087;623;7174,4;249;2,5;15,1;11,7;50,7;64,7;0,0;89,6;100,0;11,6;71,5;100,0;0,0;2613,1;2000,0;4,0;100,0;67,7;14,0;100,0;100,0;51,0;0,0;33,9;7;0,0;0;0,0;4,9;0;0,16;0,9;40,8;1450;3780;190;280;1,7;0,0;0;0,0;0,0;0;2,5;0,0;0;0,0;0,0;2,16;0,0;Plintossolo pétrico;Afluente s/n do Córrego do General;Bacia do Rio Cuiabá;Bacia do Rio Cuiabá;1,3;;Sentinel-2 de 23/08/2026, pixels de 10 m;Landsat de 13/08/2026, pixels de 30 m
510840205000130;Várzea Grande;Urbana;Jardim dos Estados;Várzea Grande;;0,163;796;4897,5;265;3;13,2;11,6;53,0;71,5;;93,6;99,2;3,0;35,1;100,0;0,0;2669,0;1700,0;2,5;100,0;88,1;41,5;100,0;100,0;17,5;0,0;29,8;7;0,0;0;0,0;0,0;0;0,247;9,7;39,3;1760;4010;100;650;0,2;0,0;0;0,0;0,0;0;0,0;0,0;0;0,0;20,0;2,07;0,0;Plintossolo pétrico;Afluente s/n do Córrego do General;Bacia do Rio Cuiabá;Bacia do Rio Cuiabá;19,9;;Sentinel-2 de 23/08/2026, pixels de 10 m;Landsat de 13/08/2026, pixels de 30 m
510840205000131;Várzea Grande;Urbana;Jardim dos Estados;Várzea Grande;;0,403;540;1338,5;180;3;10,0;17,2;47,8;91,9;0,0;88,3;100,0;3,9;93,3;95,0;0,0;1501,0;1212,0;7,4;34,8;98,0;47,6;94,6;22,0;36,9;20,0;48,3;7;21,3;115;44,8;70,8;242;0,371;34,1;38,4;2390;4760;710;410;-0,7;0,0;0;0,0;14,1;76;37,4;0,0;0;0,0;53,2;2,07;0,0;Plintossolo pétrico;Afluente s/n do Córrego do General;Bacia do Rio Cuiabá;Bacia do Rio Cuiabá;254,5;;Sentinel-2 de 23/08/2026, pixels de 10 m;Landsat de 13/08/2026, pixels de 30 m
510840205000132;Várzea Grande;Urbana;Jardim dos Estados;Várzea Grande;;0,158;815;5152,5;266;3,1;10,8;16,6;52,8;71,4;0,9;93,6;90,2;;0,0;99,2;;2324,1;2000,0;4,9;69,6;49,9;3,3;100,0;78,4;27,6;0,0;34,3;6;0,0;0;0,0;0,0;0;0,216;5,9;39,9;2120;4370;430;700;0,8;0,0;0;0,0;0,0;0;0,0;0,0;0;0,0;5,5;2,09;0,0;Plintossolo pétrico;Afluente s/n do Córrego do General;Bacia do Rio Cuiabá;Bacia do Rio Cuiabá;11,4;;Sentinel-2 de 23/08/2026, pixels de 10 m;Landsat de 13/08/2026, pixels de 30 m
510840205000133;Várzea Grande;Urbana;Jardim dos Estados;Várzea Grande;;0,094;780;8311,3;264;3;9,5;14,1;52,2;76,0;0,0;99,2;97,0;83,0;0,0;100,0;0,0;2053,3;1600,0;2,6;98,5;79,4;12,1;100,0;98,5;7,8;2,2;20,7;7;14,5;113;7,2;28,9;56;0,231;13,6;39,2;1820;4850;140;750;0,1;0,0;0;0,0;7,5;59;21,6;0,0;0;0,0;5,8;2,09;0,0;Plintossolo pétrico;Afluente s/n do Córrego do General;Bacia do Rio Cuiabá;Bacia do Rio Cuiabá;16,4;;Sentinel-2 de 23/08/2026, pixels de 10 m;Landsat de 13/08/2026, pixels de 30 m
510840205000136;Várzea Grande;Urbana;Petrópolis;Várzea Grande;;0,081;495;6146,2;168;2,9;11,9;12,7;50,9;81,4;0,0;100,0;75,0;39,9;2,4;100,0;;2037,7;1800,0;2,5;83,8;39,4;4,0;100,0;100,0;28,5;3,4;34,6;7;16,6;82;22,1;42,6;109;0,266;20,9;38,3;1100;5020;150;110;-0,8;0,0;0;0,0;13,2;66;33,1;0,0;0;0,0;10,0;2,08;0,0;Plintossolo pétrico;Afluente s/n do Córrego do General;Bacia do Rio Cuiabá;Bacia do Rio Cuiabá;34,2;;Sentinel-2 de 23/08/2026, pixels de 10 m;Landsat de 13/08/2026, pixels de 30 m
510840205000137;Várzea Grande;Urbana;Petrópolis;Várzea Grande;;0,087;636;7272,4;209;3;9,9;12,9;49,5;76,1;0,0;96,7;99,0;13,9;77,0;99,0;;2469,8;2000,0;1,4;98,3;30,3;0,0;98,0;99,2;55,7;7,1;35,8;7;0,2;2;1,1;12,2;7;0,173;7,6;39,0;840;5080;370;290;-0,1;0,0;0;0,0;0,0;0;2,8;0,0;0;0,0;0,0;2,1;0,0;Plintossolo pétrico;Afluente s/n do Córrego do General;Bacia do Rio Cuiabá;Bacia do Rio Cuiabá;10,4;;Sentinel-2 de 23/08/2026, pixels de 10 m;Landsat de 13/08/2026, pixels de 30 m
510840205000138;Várzea Grande;Urbana;Petrópolis;Várzea Grande;;0,102;882;8681,5;296;3;9,5;10,8;53,6;81,3;0,0;91,6;99,3;27,7;65,2;99,3;0,0;2473,1;2000,0;2,5;98,4;56,6;6,8;100,0;100,0;42,0;0,0;32,0;7;0,0;0;0,0;0,0;0;0,129;2,7;39,3;540;5230;570;590;0,2;0,0;0;0,0;0,0;0;0,0;0,0;0;0,0;0,0;2,1;0,0;Plintossolo pétrico;Afluente s/n do Córrego do General;Bacia do Rio Cuiabá;Bacia do Rio Cuiabá;3,1;;Sentinel-2 de 23/08/2026, pixels de 10 m;Landsat de 13/08/2026, pixels de 30 m
510840205000139;Várzea Grande;Urbana;Petrópolis;Várzea Grande;;0,485;1106;2279,6;375;2,9;5,2;17,2;47,3;80,6;0,0;96,0;6,9;17,1;0,0;100,0;0,0;2059,7;1877,5;2,6;5,8;82,5;10,1;91,8;93,9;1,2;3,2;43,4;7;5,2;57;8,5;18,5;94;0,296;20,3;38,3;310;5080;270;920;-0,8;0,0;0;0,0;6,8;75;10,8;0,0;0;0,0;20,0;2,08;0,0;Plintossolo pétrico;Afluente s/n do Rio Pari;Bacia do Rio Cuiabá;Bacia do Rio Cuiabá;89,0;;Sentinel-2 de 23/08/2026, pixels de 10 m;Landsat de 13/08/2026, pixels de 30 m
510840205000141;Várzea Grande;Urbana;23 de Setembro;Várzea Grande;;0,152;665;4387,0;218;3,1;11,6;16,5;49,9;77,1;;98,2;92,2;3,7;37,6;95,4;0,0;2043,4;1450,0;10,5;45,2;80,8;19,0;100,0;56,3;34,1;0,0;49,1;7;21,6;144;28,6;67,7;190;0,386;32,4;37,9;1290;2140;520;460;-1,2;3,8;25;0,0;36,4;242;45,6;15,7;105;3,2;6,4;2,09;0,0;Plintossolo pétrico;Afluente s/n do Rio Cuiabá;Bacia do Rio Cuiabá;Bacia do Rio Cuiabá;74,1;;Sentinel-2 de 23/08/2026, pixels de 10 m;Landsat de 13/08/2026, pixels de 30 m
510840205000142;Várzea Grande;Urbana;23 de Setembro;Várzea Grande;;0,348;450;1293,7;144;3,1;14,4;15,6;51,3;62,9;;97,9;85,4;12,5;7,6;93,8;;2733,7;2000,0;4,3;41,1;100,0;67,8;100,0;38,7;2,7;0,0;37,5;7;7,1;32;1,9;8,1;9;0,31;26,8;38,4;1140;2030;210;770;-0,7;0,0;0;0,0;0,2;1;8,0;0,0;0;0,0;13,4;2,1;0,0;Plintossolo pétrico;Afluente s/n do Rio Cuiabá;Bacia do Rio Cuiabá;Bacia do Rio Cuiabá;207,3;;Sentinel-2 de 23/08/2026, pixels de 10 m;Landsat de 13/08/2026, pixels de 30 m
510840205000143;Várzea Grande;Urbana;23 de Setembro;Várzea Grande;;0,467;865;1850,7;287;3;12,8;16,0;52,0;69,6;0,0;96,2;93,0;5,9;69,7;98,6;0,0;2623,5;1800,0;3,7;86,7;62,4;17,7;100,0;67,6;34,4;0,0;36,3;7;9,2;80;3,5;15,7;30;0,269;20,1;39,0;1390;1600;590;650;-0,1;0,0;0;0,0;0,0;0;9,5;0,0;0;0,0;0,0;2,13;0,0;Plintossolo pétrico;Córrego 8 de Abril;Bacia do Rio Cuiabá;Bacia do Rio Cuiabá;108,5;;Sentinel-2 de 23/08/2026, pixels de 10 m;Landsat de 13/08/2026, pixels de 30 m
510840205000144;Várzea Grande;Urbana;Ponte Nova;Várzea Grande;;0,417;430;1030,3;157;2,7;19,3;11,6;52,3;50,9;0,0;47,8;100,0;41,4;16,6;99,4;0,0;5063,5;3700,0;2,5;97,2;84,9;14,7;100,0;95,8;9,5;0,0;28,2;7;6,6;28;5,6;16,6;24;0,212;12,6;38,2;1000;1200;650;480;-0,9;12,1;52;5,4;4,2;18;20,8;16,6;71;5,5;0,0;2,11;0,0;Plintossolo pétrico;Córrego 8 de Abril;Bacia do Rio Cuiabá;Bacia do Rio Cuiabá;122,2;;Sentinel-2 de 23/08/2026, pixels de 10 m;Landsat de 13/08/2026, pixels de 30 m
510840205000145;Várzea Grande;Urbana;Centro Norte;Várzea Grande;;6,967;2;0,3;1;2;;;;;;;;;;;;;;;;;;;;;;;0;6,3;0;25,2;50,0;1;0,386;33,0;38,2;990;1560;1260;1070;-0,9;0,0;0;0,0;0,3;0;0,5;0,0;0;0,0;30,9;2,13;0,1;Plintossolo pétrico;Afluente s/n do Rio Cuiabá;Bacia do Rio Cuiabá;Bacia do Rio Cuiabá;;;Sentinel-2 de 23/08/2026, pixels de 10 m;Landsat de 13/08/2026, pixels de 30 m
510840205000146;Várzea Grande;Urbana;Parque do Lago;Várzea Grande;;0,08;511;6396,8;174;2,9;10,0;15,5;48,3;77,7;0,0;97,7;93,7;35,1;53,4;100,0;0,0;2288,7;1600,0;2,5;89,8;64,8;9,6;100,0;89,8;72,8;5,7;30,4;7;11,4;58;89,7;100,0;458;0,219;8,3;39,3;130;3400;190;1110;0,2;66,2;338;0,0;15,1;77;15,1;73,5;375;0,0;0,0;2,16;0,0;Plintossolo pétrico;Afluente s/n do Rio Cuiabá;Bacia do Rio Cuiabá;Bacia do Rio Cuiabá;13,0;;Sentinel-2 de 23/08/2026, pixels de 10 m;Landsat de 13/08/2026, pixels de 30 m
510840205000147;Várzea Grande;Urbana;Parque do Lago;Várzea Grande;;0,126;707;5620,2;226;3,1;10,2;16,7;50,8;75,8;0,0;96,0;77,0;40,7;8,0;99,6;;1671,9;1212,0;6,7;97,2;63,8;6,4;100,0;99,3;79,6;0,0;35,5;7;17,2;121;44,0;61,2;311;0,27;15,0;39,1;390;3460;330;1200;0,0;26,7;189;5,2;13,9;98;42,4;32,1;227;11,6;2,5;2,16;0,0;Plintossolo pétrico;Afluente s/n do Rio Cuiabá;Bacia do Rio Cuiabá;Bacia do Rio Cuiabá;26,7;;Sentinel-2 de 23/08/2026, pixels de 10 m;Landsat de 13/08/2026, pixels de 30 m
510840205000148;Várzea Grande;Urbana;Parque do Lago;Várzea Grande;;0,109;673;6155,1;233;2,9;11,0;13,4;51,0;82,0;;98,7;96,6;46,8;49,8;100,0;0,0;2040,0;1500,0;2,5;96,0;39,8;0,0;98,7;95,4;58,8;0,0;32,0;7;0,0;0;2,0;7,1;14;0,267;18,5;38,8;260;3770;720;1560;-0,3;4,0;27;1,0;0,1;1;5,5;9,4;63;4,9;0,0;2,16;0,0;Plintossolo pétrico;Afluente s/n do Rio Cuiabá;Bacia do Rio Cuiabá;Bacia do Rio Cuiabá;30,0;;Sentinel-2 de 23/08/2026, pixels de 10 m;Landsat de 13/08/2026, pixels de 30 m
510840205000149;Várzea Grande;Urbana;Parque do Lago;Várzea Grande;;0,085;548;6450,1;193;2,8;15,9;14,1;50,2;75,4;0,0;95,9;93,8;87,0;0,0;100,0;0,0;2317,7;1650,0;6,6;100,0;90,9;42,0;100,0;100,0;13,3;2,6;22,3;7;0,0;0;0,0;2,5;0;0,21;6,0;39,8;440;3120;240;960;0,7;0,0;0;0,0;0,0;0;0,0;0,0;0;0,0;0,0;2,16;0,0;Plintossolo pétrico;Afluente s/n do Rio Cuiabá;Bacia do Rio Cuiabá;Bacia do Rio Cuiabá;9,3;;Sentinel-2 de 23/08/2026, pixels de 10 m;Landsat de 13/08/2026, pixels de 30 m
510840205000150;Várzea Grande;Urbana;Parque do Lago;Várzea Grande;;0,105;714;6802,7;219;3,3;7,1;16,9;51,1;81,2;;96,8;96,8;71,7;24,7;99,5;;2068,7;1400,0;5,7;97,2;35,4;0,0;98,7;98,0;37,0;6,3;32,7;7;14,8;106;36,8;70,8;263;0,202;4,2;39,0;310;3590;650;1530;-0,1;14,2;101;0,0;14,3;102;14,3;24,2;173;0,1;0,0;2,16;0,0;Plintossolo pétrico;Afluente s/n do Rio Cuiabá;Bacia do Rio Cuiabá;Bacia do Rio Cuiabá;6,2;;Sentinel-2 de 23/08/2026, pixels de 10 m;Landsat de 13/08/2026, pixels de 30 m
510840205000151;Várzea Grande;Urbana;Parque do Lago;Várzea Grande;;0,135;567;4201,6;176;3,2;6,3;18,9;49,0;87,5;0,0;95,5;60,8;36,4;63,6;99,4;0,0;1632,5;1200,0;5,5;69,8;48,1;0,0;98,4;67,7;43,0;0,0;41,3;7;0,0;0;2,6;25,6;15;0,347;29,2;38,6;880;3880;1320;2210;-0,5;10,3;58;0,0;4,0;22;36,2;16,6;94;0,3;32,6;2,18;21,7;Plintossolo pétrico;Afluente s/n do Rio Cuiabá;Bacia do Rio Cuiabá;Bacia do Rio Cuiabá;69,5;;Sentinel-2 de 23/08/2026, pixels de 10 m;Landsat de 13/08/2026, pixels de 30 m
510840205000152;Várzea Grande;Urbana;Canelas;Várzea Grande;;0,356;951;2672,4;342;2,8;9,3;16,0;50,6;83,1;0,0;93,9;99,7;25,4;13,2;100,0;;2267,0;1700,0;3,1;57,3;63,9;20,2;97,9;70,2;58,3;3,0;37,8;7;11,5;110;17,1;32,1;163;0,383;35,0;37,5;390;880;920;900;-1,6;0,0;0;0,0;14,7;140;27,8;0,0;0;0,0;39,4;2,08;0,0;Plintossolo pétrico;Afluente s/n do Córrego Traíra;Bacia do Rio Cuiabá;Bacia do Rio Cuiabá;131,0;;Sentinel-2 de 23/08/2026, pixels de 10 m;Landsat de 13/08/2026, pixels de 30 m
510840205000153;Várzea Grande;Urbana;Centro Sul;Várzea Grande;;0,156;415;2667,1;156;2,7;16,4;11,6;48,9;59,5;0,0;75,0;98,1;7,7;9,6;99,4;0,0;3183,6;2500,0;2,9;100,0;76,1;16,9;100,0;100,0;84,8;3,1;33,1;7;8,3;34;44,7;94,1;186;0,154;2,9;38,9;920;100;280;710;-0,2;0,0;0;0,0;0,0;0;0,0;0,0;0;0,0;0,0;2,16;0,0;Plintossolo pétrico;Afluente s/n do Córrego Traíra;Bacia do Rio Cuiabá;Bacia do Rio Cuiabá;10,9;;Sentinel-2 de 23/08/2026, pixels de 10 m;Landsat de 13/08/2026, pixels de 30 m
510840205000154;Várzea Grande;Urbana;Canelas;Várzea Grande;;0,146;581;3980,0;196;3;15,1;13,6;52,8;72,3;0,0;78,6;97,4;12,2;24,0;100,0;0,0;3305,4;2200,0;3,7;95,9;66,8;29,6;100,0;95,9;28,6;0,0;34,4;7;0,0;0;0,0;0,0;0;0,189;7,8;38,4;330;510;780;760;-0,7;0,0;0;0,0;0,0;0;0,0;0,0;0;0,0;0,0;2,16;0,0;Plintossolo pétrico;Afluente s/n do Córrego Traíra;Bacia do Rio Cuiabá;Bacia do Rio Cuiabá;19,6;;Sentinel-2 de 23/08/2026, pixels de 10 m;Landsat de 13/08/2026, pixels de 30 m
510840205000155;Várzea Grande;Urbana;Ikaray;Várzea Grande;;0,156;735;4706,3;260;2,8;16,7;11,6;49,4;61,8;0,0;92,3;100,0;44,6;29,2;100,0;;2786,0;2000,0;2,7;98,9;58,0;1,9;100,0;96,3;39,6;10,2;28,5;7;3,4;25;5,9;30,6;43;0,206;5,9;39,1;400;2000;140;720;0,0;0,0;0;0,0;2,9;21;5,3;0,0;0;0,0;0,0;2,16;0,0;Plintossolo pétrico;Afluente s/n do Córrego Traíra;Bacia do Rio Cuiabá;Bacia do Rio Cuiabá;12,5;;Sentinel-2 de 23/08/2026, pixels de 10 m;Landsat de 13/08/2026, pixels de 30 m
510840205000156;Várzea Grande;Urbana;Ikaray;Várzea Grande;;1,277;7;5,5;3;2,3;;;;;;;;;;;;;;;;;;;;;;;0;6,0;0;9,6;23,4;1;0,418;43,4;37,7;1420;1120;1060;1410;-1,4;0,0;0;0,0;8,6;1;14,9;0,0;0;0,0;72,9;2,05;2,6;Plintossolo pétrico;Afluente s/n do Córrego Traíra;Bacia do Rio Cuiabá;Bacia do Rio Cuiabá;;;Sentinel-2 de 23/08/2026, pixels de 10 m;Landsat de 13/08/2026, pixels de 30 m
510840205000157;Várzea Grande;Urbana;Primavera;Várzea Grande;;0,176;722;4102,5;248;2,9;11,1;14,4;50,4;80,5;0,0;94,8;94,4;8,1;82,3;100,0;0,0;1921,1;1500,0;8,3;0,0;16,3;0,0;100,0;3,0;9,3;0,0;61,9;7;8,0;58;36,4;76,1;263;0,357;28,9;37,9;1780;1330;870;1210;-1,2;19,3;139;0,0;32,1;232;38,7;26,6;192;0,0;13,3;2,14;0,0;Plintossolo pétrico;Córrego Piçarão;Bacia do Rio Cuiabá;Bacia do Rio Cuiabá;70,4;;Sentinel-2 de 23/08/2026, pixels de 10 m;Landsat de 13/08/2026, pixels de 30 m
510840205000158;Várzea Grande;Urbana;São Simão;Várzea Grande;;0,482;902;1869,6;281;3,2;8,5;19,4;47,1;87,9;;48,0;18,5;0,0;0,0;87,9;;1569,0;1212,0;7,8;41,1;61,2;2,7;95,6;55,3;7,2;4,5;61,1;7;9,4;85;17,6;33,0;159;0,392;35,9;37,5;1850;1100;2520;2390;-1,6;0,0;0;0,0;16,6;149;28,7;0,0;0;0,0;39,3;2,11;1,8;Plintossolo pétrico;Córrego Piçarão;Bacia do Rio Cuiabá;Bacia do Rio Cuiabá;191,8;;Sentinel-2 de 23/08/2026, pixels de 10 m;Landsat de 13/08/2026, pixels de 30 m
510840205000159;Várzea Grande;Urbana;São Simão;Várzea Grande;;0,247;889;3592,7;306;2,9;7,0;16,9;48,7;83,9;1,3;51,6;59,5;3,3;3,6;98,0;;1466,2;1212,0;5,5;47,0;72,6;23,8;95,2;63,3;4,7;0,0;53,4;7;0,0;0;0,0;0,0;0;0,254;10,2;39,6;1580;1850;1760;1620;0,5;0,0;0;0,0;0,0;0;0,0;0,0;0;0,0;0,0;2,16;0,0;Plintossolo pétrico;Córrego Piçarão;Bacia do Rio Cuiabá;Bacia do Rio Cuiabá;28,3;;Sentinel-2 de 23/08/2026, pixels de 10 m;Landsat de 13/08/2026, pixels de 30 m
510840205000160;Várzea Grande;Urbana;Canelas;Várzea Grande;;0,281;1210;4299,0;407;3;7,6;19,1;50,2;73,5;0,0;60,2;95,8;4,9;25,6;99,5;;2541,0;1997,5;4,0;96,3;70,6;3,1;98,9;88,4;25,5;1,9;39,7;7;0,0;0;0,0;0,0;0;0,188;4,8;40,0;290;1790;1260;1240;0,9;0,0;0;0,0;0,0;0;1,6;0,0;0;0,0;0,0;2,16;0,0;Plintossolo pétrico;Afluente s/n do Córrego Traíra;Bacia do Rio Cuiabá;Bacia do Rio Cuiabá;11,1;;Sentinel-2 de 23/08/2026, pixels de 10 m;Landsat de 13/08/2026, pixels de 30 m
510840205000161;Várzea Grande;Urbana;Canelas;Várzea Grande;;0,357;1048;2937,0;372;2,8;9,2;16,8;49,8;73,9;;84,1;90,3;10,5;56,5;98,1;1,3;2755,1;2000,0;3,3;52,8;61,5;29,6;99,0;75,3;25,9;0,0;41,8;7;17,1;179;17,5;41,6;183;0,319;27,1;38,3;1250;1100;290;830;-0,8;0,0;0;0,0;8,6;90;20,7;0,0;0;0,0;15,1;2,14;0,0;Plintossolo pétrico;Afluente s/n do Córrego Traíra;Bacia do Rio Cuiabá;Bacia do Rio Cuiabá;92,3;;Sentinel-2 de 23/08/2026, pixels de 10 m;Landsat de 13/08/2026, pixels de 30 m
510840205000162;Várzea Grande;Urbana;Marajoara;Várzea Grande;;0,12;589;4890,2;199;3;19,9;11,7;50,4;70,6;0,0;86,9;99,0;18,1;0,0;100,0;0,0;2499,3;2000,0;4,7;100,0;48,7;1,9;100,0;96,4;74,7;5,6;37,1;7;0,0;0;0,0;4,1;0;0,177;3,3;39,5;890;1140;510;840;0,4;0,0;0;0,0;0,0;0;0,0;0,0;0;0,0;0,0;2,16;0,0;Plintossolo pétrico;Afluente s/n do Córrego Traíra;Bacia do Rio Cuiabá;Bacia do Rio Cuiabá;6,7;;Sentinel-2 de 23/08/2026, pixels de 10 m;Landsat de 13/08/2026, pixels de 30 m
510840205000164;Várzea Grande;Urbana;Marajoara;Várzea Grande;;0,164;881;5385,8;299;2,9;9,0;15,8;50,6;79,7;0,0;72,9;97,7;8,0;58,9;100,0;;1801,9;1212,0;6,6;98,6;35,9;9,6;100,0;72,2;55,2;0,0;46,9;7;0,0;0;0,0;1,2;0;0,21;6,4;39,5;280;2810;640;550;0,4;0,0;0;0,0;0,0;0;0,0;0,0;0;0,0;0,0;2,16;0,0;Plintossolo pétrico;Afluente s/n do Córrego Traíra;Bacia do Rio Cuiabá;Bacia do Rio Cuiabá;11,9;;Sentinel-2 de 23/08/2026, pixels de 10 m;Landsat de 13/08/2026, pixels de 30 m
510840205000165;Várzea Grande;Urbana;Marajoara;Várzea Grande;;0,086;140;1626,7;48;2,9;21,4;10,0;55,7;79,3;0,0;100,0;100,0;6,2;0,0;97,9;0,0;2032,4;1212,0;;100,0;57,9;17,9;100,0;100,0;100,0;0,0;37,5;6;0,0;0;1,0;6,9;1;0,112;0,9;39,0;200;720;890;620;-0,1;0,0;0;0,0;0,0;0;0,0;0,0;0;0,0;0,0;2,16;0,0;Plintossolo pétrico;Afluente s/n do Córrego Traíra;Bacia do Rio Cuiabá;Bacia do Rio Cuiabá;5,5;;Sentinel-2 de 23/08/2026, pixels de 10 m;Landsat de 13/08/2026, pixels de 30 m
510840205000166;Várzea Grande;Urbana;Glória;Várzea Grande;;0,171;533;3115,7;207;2,6;17,4;15,4;51,2;68,3;0,0;87,4;99,5;3,9;39,6;99,0;0,0;2318,6;2000,0;5,7;99,4;51,8;4,1;100,0;89,7;5,8;3,4;40,5;7;6,3;34;1,9;8,8;10;0,249;13,6;39,4;220;2130;210;410;0,3;0,0;0;0,0;0,0;0;0,0;0,0;0;0,0;0,0;2,1;0,0;Plintossolo pétrico;Córrego do General;Bacia do Rio Cuiabá;Bacia do Rio Cuiabá;43,6;;Sentinel-2 de 23/08/2026, pixels de 10 m;Landsat de 13/08/2026, pixels de 30 m
510840205000167;Várzea Grande;Urbana;Glória;Várzea Grande;;0,126;474;3765,3;169;2,8;17,7;12,0;48,7;77,2;0,0;74,6;86,4;4,1;69,2;99,4;;2147,1;1300,0;7,5;96,6;58,9;12,4;100,0;89,0;7,8;0,0;44,2;7;0,0;0;0,0;1,2;0;0,209;8,9;40,1;210;2190;520;50;1,0;0,0;0;0,0;0,0;0;0,0;0,0;0;0,0;0,0;2,1;0,0;Plintossolo pétrico;Afluente s/n do Córrego do General;Bacia do Rio Cuiabá;Bacia do Rio Cuiabá;23,7;;Sentinel-2 de 23/08/2026, pixels de 10 m;Landsat de 13/08/2026, pixels de 30 m
510840205000168;Várzea Grande;Urbana;Mapim;Várzea Grande;;0,076;687;8982,5;231;3;12,4;17,8;51,8;80,3;0,6;80,5;91,3;4,3;87,0;100,0;0,0;2147,7;1500,0;4,3;100,0;43,8;1,7;100,0;100,0;67,2;6,6;41,3;7;3,0;20;8,7;21,2;59;0,191;3,0;39,1;1230;3460;370;470;0,0;0,0;0;0,0;3,2;22;3,2;0,0;0;0,0;0,0;2,1;0,0;Plintossolo pétrico;Afluente s/n do Córrego do General;Bacia do Rio Cuiabá;Bacia do Rio Cuiabá;3,3;;Sentinel-2 de 23/08/2026, pixels de 10 m;Landsat de 13/08/2026, pixels de 30 m
510840205000169;Várzea Grande;Urbana;Mapim;Várzea Grande;;0,103;881;8514,7;321;2,7;11,9;12,7;50,2;76,5;0,6;91,3;53,3;19,3;4,4;100,0;;2072,2;1500,0;4,5;99,5;67,5;8,3;100,0;99,5;71,2;2,6;34,6;7;0,0;0;4,6;9,2;41;0,173;1,4;39,9;1590;3840;250;870;0,8;0,0;0;0,0;0,2;2;2,6;0,0;0;0,0;0,0;2,1;0,0;Plintossolo pétrico;Afluente s/n do Córrego do General;Bacia do Rio Cuiabá;Bacia do Rio Cuiabá;1,6;;Sentinel-2 de 23/08/2026, pixels de 10 m;Landsat de 13/08/2026, pixels de 30 m
510840205000170;Várzea Grande;Urbana;Mapim;Várzea Grande;;0,158;1035;6549,6;342;3;8,4;19,1;51,6;84,0;0,0;95,9;99,4;10,2;76,0;99,7;0,0;1909,0;1300,0;7,2;73,6;55,2;3,3;97,1;78,1;42,7;3,1;44,2;7;0,0;0;0,0;0,0;0;0,241;8,1;38,9;1260;3250;50;500;-0,2;0,0;0;0,0;0,0;0;4,3;0,0;0;0,0;0,0;2,1;0,0;Plintossolo pétrico;Afluente s/n do Córrego do General;Bacia do Rio Cuiabá;Bacia do Rio Cuiabá;12,4;;Sentinel-2 de 23/08/2026, pixels de 10 m;Landsat de 13/08/2026, pixels de 30 m
510840205000171;Várzea Grande;Urbana;Glória;Várzea Grande;Região do Mapim;0,188;757;4023,9;242;3,1;11,4;16,5;49,4;88,9;0,0;95,5;94,2;5,4;83,5;88,0;0,0;1612,8;1304,0;15,9;54,2;89,2;46,0;99,5;53,8;43,6;7,7;52,7;7;21,8;165;21,1;45,0;159;0,378;31,6;37,9;1160;2810;440;790;-1,2;0,0;0;0,0;18,5;140;36,6;0,0;0;0,0;15,6;2,07;0,0;Plintossolo pétrico;Afluente s/n do Córrego do General;Bacia do Rio Cuiabá;Bacia do Rio Cuiabá;78,5;;Sentinel-2 de 23/08/2026, pixels de 10 m;Landsat de 13/08/2026, pixels de 30 m
510840205000172;Várzea Grande;Urbana;Glória;Várzea Grande;;0,472;727;1541,1;235;3,1;12,1;17,2;47,7;86,8;0,0;79,6;21,7;2,6;93,6;89,8;;1457,8;1200,0;17,1;20,7;84,3;37,8;97,9;96,0;42,2;0,0;61,3;7;2,3;17;6,0;17,7;44;0,306;23,9;39,2;2030;2880;360;1100;0,1;15,3;111;6,8;9,9;72;59,8;21,9;159;8,3;6,8;2,1;0,0;Plintossolo pétrico;Afluente s/n do Córrego do General;Bacia do Rio Cuiabá;Bacia do Rio Cuiabá;155,2;;Sentinel-2 de 23/08/2026, pixels de 10 m;Landsat de 13/08/2026, pixels de 30 m
510840205000173;Várzea Grande;Urbana;Glória;Várzea Grande;;0,195;901;4611,4;275;3,3;10,7;17,1;48,7;86,1;0,4;96,7;92,0;;4,7;99,6;;2411,8;2000,0;4,9;77,6;73,1;7,8;100,0;77,6;40,4;1,0;28,1;6;10,7;96;0,0;20,1;0;0,303;16,5;39,5;1150;2170;440;940;0,4;0,0;0;0,0;0,0;0;6,6;0,0;0;0,0;0,0;2,1;0,0;Plintossolo pétrico;Córrego do General;Bacia do Rio Cuiabá;Bacia do Rio Cuiabá;35,7;;Sentinel-2 de 23/08/2026, pixels de 10 m;Landsat de 13/08/2026, pixels de 30 m
510840205000174;Várzea Grande;Urbana;Glória;Várzea Grande;;0,17;468;2758,4;187;2,5;22,6;13,5;50,6;73,9;0,0;99,5;100,0;83,4;0,0;100,0;0,0;1829,3;1212,0;8,1;94,7;67,3;12,8;100,0;100,0;51,1;0,0;29,6;7;0,0;0;0,0;16,2;0;0,238;12,6;38,9;310;1100;670;390;-0,2;0,0;0;0,0;0,0;0;0,0;0,0;0;0,0;0,0;2,15;0,0;Plintossolo pétrico;Córrego do General;Bacia do Rio Cuiabá;Bacia do Rio Cuiabá;45,8;;Sentinel-2 de 23/08/2026, pixels de 10 m;Landsat de 13/08/2026, pixels de 30 m
510840205000175;Várzea Grande;Urbana;Centro Norte;Várzea Grande;;0,274;510;1862,1;191;2,7;20,8;12,4;52,0;58,6;0,0;82,7;100,0;25,7;6,8;99,5;;4202,3;2500,0;1,9;100,0;69,0;34,3;98,2;98,2;39,2;0,0;27,5;7;5,4;27;3,5;13,9;18;0,217;13,5;38,7;440;1420;350;470;-0,4;0,0;0;0,0;2,4;12;12,3;0,0;0;0,0;0,0;2,15;0,0;Plintossolo pétrico;Afluente s/n do Rio Cuiabá;Bacia do Rio Cuiabá;Bacia do Rio Cuiabá;72,5;;Sentinel-2 de 23/08/2026, pixels de 10 m;Landsat de 13/08/2026, pixels de 30 m
510840205000176;Várzea Grande;Urbana;Centro Sul;Várzea Grande;;0,092;240;2600,5;80;3;29,6;9,2;52,9;50,4;0,0;82,5;90,0;45,0;23,8;100,0;0,0;3855,9;3000,0;;100,0;48,8;10,4;100,0;100,0;92,9;12,1;30,5;6;0,0;0;16,5;43,8;40;0,171;4,5;39,1;470;430;180;220;0,0;0,0;0;0,0;0,0;0;0,0;0,0;0;0,0;0,0;2,16;0,0;Plintossolo pétrico;Afluente s/n do Rio Cuiabá;Bacia do Rio Cuiabá;Bacia do Rio Cuiabá;17,2;;Sentinel-2 de 23/08/2026, pixels de 10 m;Landsat de 13/08/2026, pixels de 30 m
510840205000177;Várzea Grande;Urbana;Centro Norte;Várzea Grande;;0,118;223;1896,0;71;3,1;17,5;9,4;51,6;64,6;0,0;97,2;94,4;32,4;4,2;100,0;0,0;3301,4;2000,0;5,8;91,9;31,8;28,3;100,0;100,0;55,6;12,6;36,5;7;0,0;0;0,0;15,9;0;0,115;3,3;39,0;780;200;430;660;-0,1;0,0;0;0,0;0,0;0;0,0;0,0;0;0,0;0,0;2,16;0,0;Plintossolo pétrico;Afluente s/n do Córrego Traíra;Bacia do Rio Cuiabá;Bacia do Rio Cuiabá;17,5;;Sentinel-2 de 23/08/2026, pixels de 10 m;Landsat de 13/08/2026, pixels de 30 m
510840205000178;Várzea Grande;Urbana;Centro Sul;Várzea Grande;;0,11;488;4446,9;191;2,6;26,6;8,4;55,3;65,4;0,0;84,3;97,9;3,7;87,4;100,0;0,0;3790,5;2500,0;4,0;100,0;71,3;24,4;100,0;100,0;54,5;1,8;32,9;7;0,0;0;0,7;14,3;3;0,254;11,1;38,9;840;540;560;20;-0,2;0,0;0;0,0;0,0;0;0,0;0,0;0;0,0;0,0;2,16;0,0;Plintossolo pétrico;Afluente s/n do Rio Cuiabá;Bacia do Rio Cuiabá;Bacia do Rio Cuiabá;25,0;;Sentinel-2 de 23/08/2026, pixels de 10 m;Landsat de 13/08/2026, pixels de 30 m
510840205000179;Várzea Grande;Urbana;Centro Sul;Várzea Grande;;0,175;662;3775,3;263;2,5;22,5;11,0;49,7;57,7;0,0;71,9;99,2;9,1;11,8;100,0;0,0;2527,0;2000,0;2,5;100,0;69,2;11,5;100,0;100,0;75,2;2,0;35,3;7;0,0;0;0,0;49,1;0;0,218;7,7;39,9;250;580;780;290;0,8;0,0;0;0,0;0,0;0;0,0;0,0;0;0,0;0,0;2,16;0,0;Plintossolo pétrico;Afluente s/n do Rio Cuiabá;Bacia do Rio Cuiabá;Bacia do Rio Cuiabá;20,4;;Sentinel-2 de 23/08/2026, pixels de 10 m;Landsat de 13/08/2026, pixels de 30 m
510840205000180;Várzea Grande;Urbana;Centro Sul;Várzea Grande;;0,135;288;2135,3;146;2;9,7;9,4;52,1;53,5;0,0;20,5;100,0;11,0;0,0;99,3;0,0;4636,5;3300,0;0,0;100,0;35,1;0,0;100,0;82,3;60,8;0,0;41,4;7;0,0;0;0,0;47,1;0;0,228;14,7;39,1;560;80;900;190;0,0;0,0;0;0,0;0,0;0;12,6;0,0;0;0,0;0,0;2,16;0,0;Plintossolo pétrico;Afluente s/n do Rio Cuiabá;Bacia do Rio Cuiabá;Bacia do Rio Cuiabá;68,9;;Sentinel-2 de 23/08/2026, pixels de 10 m;Landsat de 13/08/2026, pixels de 30 m
510840205000181;Várzea Grande;Urbana;Centro Sul;Várzea Grande;;0,174;862;4942,5;276;3,1;10,7;15,5;49,1;80,2;0,0;93,8;97,1;13,8;47,8;95,7;0,0;2593,3;1800,0;5,0;80,9;66,7;31,3;87,0;70,3;13,0;0,0;37,8;7;19,6;169;28,9;60,0;249;0,321;24,1;38,3;1230;1040;380;920;-0,8;0,0;0;0,0;16,9;146;28,9;0,0;0;0,0;0,5;2,16;0,0;Plintossolo pétrico;Afluente s/n do Rio Cuiabá;Bacia do Rio Cuiabá;Bacia do Rio Cuiabá;48,6;;Sentinel-2 de 23/08/2026, pixels de 10 m;Landsat de 13/08/2026, pixels de 30 m
510840205000182;Várzea Grande;Urbana;Vitória Régia;Várzea Grande;;2,156;59;27,4;17;3,5;8,5;13,6;61,0;71,2;;23,5;76,5;0,0;100,0;23,5;0,0;1939,5;1500,0;6,4;;;;;;;;83,7;5;16,0;9;33,0;58,4;19;0,437;45,3;37,3;2210;2960;870;790;-1,8;48,2;28;8,9;29,8;18;59,2;56,0;33;14,9;53,9;2,16;23,6;Plintossolo pétrico;Córrego Traíra;Bacia do Rio Cuiabá;Bacia do Rio Cuiabá;16553,7;;Sentinel-2 de 23/08/2026, pixels de 10 m;Landsat de 13/08/2026, pixels de 30 m
510840205000183;Várzea Grande;Urbana;Vitória Régia;Várzea Grande;;0,209;878;4211,0;301;2,9;9,0;14,4;50,3;80,3;0,0;75,7;87,4;4,3;90,4;99,3;;1715,1;1212,0;5,4;81,2;19,3;3,6;96,4;71,1;53,0;0,0;51,0;7;0,0;0;0,0;0,0;0;0,266;13,5;38,9;2540;2350;120;200;-0,2;0,0;0;0,0;0,0;0;0,0;0,0;0;0,0;0,0;2,16;0,0;Plintossolo pétrico;Afluente s/n do Rio Cuiabá;Bacia do Rio Cuiabá;Bacia do Rio Cuiabá;32,1;;Sentinel-2 de 23/08/2026, pixels de 10 m;Landsat de 13/08/2026, pixels de 30 m
510840205000184;Várzea Grande;Urbana;Primavera;Várzea Grande;;0,406;780;1919,7;253;3,1;13,2;16,7;47,7;76,8;;75,9;18,2;43,1;0,0;98,8;2,8;1686,8;1212,0;10,3;75,6;16,8;2,1;85,3;60,3;28,6;0,0;52,1;7;0,0;0;0,0;0,0;0;0,326;27,6;38,8;2170;1920;180;180;-0,3;0,0;0;0,0;0,0;0;0,0;0,0;0;0,0;23,3;2,12;0,0;Plintossolo pétrico;Córrego Piçarão;Bacia do Rio Cuiabá;Bacia do Rio Cuiabá;143,7;;Sentinel-2 de 23/08/2026, pixels de 10 m;Landsat de 13/08/2026, pixels de 30 m
510840205000185;Várzea Grande;Urbana;Capão do Pequi;Várzea Grande;;0,086;389;4544,0;127;3,1;11,1;17,5;51,7;78,1;0,0;81,1;81,1;;83,5;97,6;7,9;1696,6;1300,0;7,6;100,0;76,7;0,0;100,0;99,0;31,1;3,4;33,1;6;0,0;0;0,0;0,0;0;0,227;4,1;39,7;3440;5850;100;3130;0,6;0,0;0;0,0;0,0;0;1,5;0,0;0;0,0;1,1;2,16;0,0;Plintossolo pétrico;Ribeirão dos Cocais;Bacia do Rio Cuiabá;Bacia do Rio Cuiabá;9,1;;Sentinel-2 de 23/08/2026, pixels de 10 m;Landsat de 13/08/2026, pixels de 30 m
510840205000186;Várzea Grande;Urbana;Santa Izabel;Várzea Grande;;0,238;575;2414,4;214;2,7;11,3;13,7;51,0;70,6;0,0;62,1;82,2;2,3;18,7;99,1;0,0;1679,7;1300,0;6,9;11,2;54,5;1,6;100,0;16,3;16,1;0,0;60,1;7;0,0;0;0,4;1,7;2;0,191;4,7;40,4;470;3990;140;890;1,3;0,0;0;0,0;0,0;0;0,7;0,0;0;0,0;3,0;2,16;0,0;Plintossolo pétrico;Córrego Piçarão;Bacia do Rio Cuiabá;Bacia do Rio Cuiabá;19,5;;Sentinel-2 de 23/08/2026, pixels de 10 m;Landsat de 13/08/2026, pixels de 30 m
510840205000187;Várzea Grande;Urbana;Santa Izabel;Várzea Grande;;0,156;707;4535,8;233;3;9,2;16,5;49,1;84,7;0,0;41,2;9,0;14,6;1,3;94,8;0,0;1448,0;1240,0;8,6;43,6;63,4;16,3;100,0;62,4;5,7;0,0;59,2;7;10,1;71;7,1;11,8;50;0,307;22,3;38,8;610;3680;620;340;-0,3;0,0;0;0,0;0,0;0;7,2;0,0;0;0,0;10,8;2,14;0,0;Plintossolo pétrico;Córrego Piçarão;Bacia do Rio Cuiabá;Bacia do Rio Cuiabá;49,2;;Sentinel-2 de 23/08/2026, pixels de 10 m;Landsat de 13/08/2026, pixels de 30 m
510840205000188;Várzea Grande;Urbana;Santa Izabel;Várzea Grande;;0,186;859;4620,1;286;3;10,8;14,9;49,5;80,3;0,0;41,6;92,7;1,4;12,9;97,2;0,0;2036,1;1500,0;7,3;41,6;82,9;8,4;100,0;62,0;43,2;4,7;54,6;7;2,0;17;3,5;14,4;30;0,276;12,8;39,4;570;3850;530;410;0,3;0,0;0;0,0;0,0;0;4,7;0,0;0;0,0;6,2;2,15;0,0;Plintossolo pétrico;Córrego Piçarão;Bacia do Rio Cuiabá;Bacia do Rio Cuiabá;27,7;;Sentinel-2 de 23/08/2026, pixels de 10 m;Landsat de 13/08/2026, pixels de 30 m
510840205000189;Várzea Grande;Urbana;Santa Izabel;Várzea Grande;;0,159;681;4280,0;238;2,9;10,7;16,4;51,8;76,5;0,0;54,6;83,6;0,0;0,0;100,0;0,0;1655,9;1212,0;4,3;96,5;61,2;11,2;100,0;100,0;0,0;0,0;45,6;7;1,8;12;10,1;55,1;69;0,205;5,7;40,0;860;4620;420;1160;0,9;0,0;0;0,0;0,0;0;0,0;0,0;0;0,0;0,0;2,16;0,0;Plintossolo pétrico;Córrego Piçarão;Bacia do Rio Cuiabá;Bacia do Rio Cuiabá;13,3;;Sentinel-2 de 23/08/2026, pixels de 10 m;Landsat de 13/08/2026, pixels de 30 m
510840205000190;Várzea Grande;Urbana;Santa Izabel;Várzea Grande;;0,398;602;1511,2;213;2,8;8,6;16,4;48,5;72,3;0,0;60,6;99,1;5,6;19,2;98,6;;2085,3;1500,0;5,1;94,9;55,5;0,0;97,3;94,9;17,6;10,6;44,6;7;2,2;13;15,1;44,5;91;0,225;11,3;40,2;1380;4990;440;1380;1,1;0,0;0;0,0;0,0;0;0,0;0,0;0;0,0;0,0;2,16;0,0;Plintossolo pétrico;Afluente s/n do Córrego Traíra;Bacia do Rio Cuiabá;Bacia do Rio Cuiabá;74,7;;Sentinel-2 de 23/08/2026, pixels de 10 m;Landsat de 13/08/2026, pixels de 30 m
510840205000191;Várzea Grande;Urbana;São Matheus;Várzea Grande;;0,178;947;5323,0;333;2,8;10,7;16,7;49,7;80,9;0,5;58,9;80,5;1,8;69,7;98,5;0,0;1674,2;1212,0;9,0;43,7;69,8;27,3;100,0;48,9;0,0;8,2;56,3;7;0,0;0;79,5;79,5;753;0,234;6,9;40,7;820;5040;660;980;1,6;0,0;0;0,0;0,0;0;0,0;0,0;0;0,0;0,0;2,16;0,0;Plintossolo pétrico;Afluente s/n do Rio Formigueiro;Bacia do Rio Cuiabá;Bacia do Rio Cuiabá;13,0;;Sentinel-2 de 23/08/2026, pixels de 10 m;Landsat de 13/08/2026, pixels de 30 m
510840205000192;Várzea Grande;Urbana;São Matheus;Várzea Grande;;0,155;614;3962,0;198;3,1;8,8;17,8;50,8;80,9;0,0;66,7;93,4;0,0;11,1;99,5;;1815,6;1420,0;2,9;44,1;26,5;4,9;97,7;44,1;2,0;2,4;54,2;7;0,0;0;0,0;0,0;0;0,186;4,1;39,7;250;4800;800;410;0,6;0,0;0;0,0;0,0;0;0,0;0,0;0;0,0;0,0;2,16;0,0;Plintossolo pétrico;Córrego Piçarão;Bacia do Rio Cuiabá;Bacia do Rio Cuiabá;10,4;;Sentinel-2 de 23/08/2026, pixels de 10 m;Landsat de 13/08/2026, pixels de 30 m
510840205000193;Várzea Grande;Urbana;Jardim dos Estados;Várzea Grande;;0,115;542;4715,8;186;2,9;17,7;11,8;51,8;49,8;0,0;82,3;95,2;2,2;0,0;100,0;0,0;3409,3;2000,0;2,9;100,0;64,4;27,5;100,0;100,0;0,0;3,3;33,9;7;0,0;0;0,0;0,0;0;0,133;0,6;40,4;1260;3970;240;680;1,3;0,0;0;0,0;0,0;0;0,0;0,0;0;0,0;0,0;2,16;0,0;Plintossolo pétrico;Afluente s/n do Córrego do General;Bacia do Rio Cuiabá;Bacia do Rio Cuiabá;1,3;;Sentinel-2 de 23/08/2026, pixels de 10 m;Landsat de 13/08/2026, pixels de 30 m
510840205000194;Várzea Grande;Urbana;Jardim dos Estados;Várzea Grande;;0,159;870;5465,0;283;3,1;10,2;15,3;54,3;79,0;0,0;96,1;82,0;53,7;2,1;99,6;;2243,1;1800,0;3,3;99,7;55,7;7,4;100,0;97,2;16,9;0,0;28,9;7;6,2;54;14,5;35,8;127;0,327;25,8;37,9;2030;4800;340;990;-1,2;0,0;0;0,0;17,2;149;26,1;0,0;0;0,0;7,8;2,09;0,0;Plintossolo pétrico;Afluente s/n do Córrego do General;Bacia do Rio Cuiabá;Bacia do Rio Cuiabá;47,2;;Sentinel-2 de 23/08/2026, pixels de 10 m;Landsat de 13/08/2026, pixels de 30 m
510840205000195;Várzea Grande;Urbana;Jardim dos Estados;Várzea Grande;;0,086;613;7163,3;203;3;17,0;13,7;51,4;68,8;;93,6;97,0;;91,1;100,0;0,0;3171,1;2000,0;2,7;100,0;66,4;0,0;100,0;100,0;31,5;0,0;21,2;6;0,0;0;0,0;0,0;0;0,126;0,2;40,5;2180;4570;210;970;1,4;0,0;0;0,0;0,0;0;0,0;0,0;0;0,0;0,0;2,1;0,0;Plintossolo pétrico;Afluente s/n do Córrego do General;Bacia do Rio Cuiabá;Bacia do Rio Cuiabá;0,3;;Sentinel-2 de 23/08/2026, pixels de 10 m;Landsat de 13/08/2026, pixels de 30 m
510840205000196;Várzea Grande;Urbana;Petrópolis;Várzea Grande;;0,652;1038;1592,7;355;2,9;5,9;18,4;51,3;74,0;0,0;77,5;63,7;12,1;84,8;96,6;;2282,9;1500,0;3,0;22,4;78,6;8,3;97,7;55,9;15,4;0,0;45,6;7;10,7;111;6,8;19,5;71;0,313;20,8;39,1;700;5670;770;870;0,0;0,0;0;0,0;0,3;3;5,8;0,0;0;0,0;17,5;2,12;11,1;Plintossolo pétrico;Afluente s/n do Córrego do General;Bacia do Rio Cuiabá;Bacia do Rio Cuiabá;130,7;;Sentinel-2 de 23/08/2026, pixels de 10 m;Landsat de 13/08/2026, pixels de 30 m
510840205000197;Várzea Grande;Urbana;Parque do Lago;Várzea Grande;;3,469;353;101,8;122;2,9;8,2;17,6;49,9;77,9;0,0;40,2;93,4;4,9;11,5;55,7;2,5;2580,0;1202,0;9,2;;;;;;;;73,3;5;18,4;65;48,4;69,5;171;0,461;55,0;35,2;930;4440;1230;2150;-3,9;87,2;308;51,8;54,7;193;93,7;89,5;316;65,2;71,9;2,18;31,4;Neossolo flúvico;Afluente s/n do Rio Cuiabá;Bacia do Rio Cuiabá;Bacia do Rio Cuiabá;5405,0;;Sentinel-2 de 23/08/2026, pixels de 10 m;Landsat de 13/08/2026, pixels de 30 m
510840205000198;Várzea Grande;Urbana;Parque do Lago;Várzea Grande;;0,093;607;6540,4;206;2,9;10,2;17,3;49,3;80,1;0,0;98,1;95,6;75,7;6,8;100,0;;1857,5;1408,0;8,6;100,0;36,2;0,0;99,5;95,1;37,4;0,0;35,1;7;0,0;0;0,0;30,8;0;0,248;8,8;39,2;680;3480;930;1840;0,1;0,9;6;0,0;0,0;0;0,0;6,7;40;0,0;0,0;2,16;0,0;Plintossolo pétrico;Afluente s/n do Rio Cuiabá;Bacia do Rio Cuiabá;Bacia do Rio Cuiabá;13,5;;Sentinel-2 de 23/08/2026, pixels de 10 m;Landsat de 13/08/2026, pixels de 30 m
510840205000200;Várzea Grande;Urbana;Canelas;Várzea Grande;;0,169;905;5364,5;336;2,7;8,1;16,7;53,1;75,4;;85,7;95,2;67,6;4,2;99,1;0,0;2775,8;2000,0;0,9;97,5;82,0;45,3;100,0;94,6;91,7;2,4;21,2;7;25,4;230;5,7;54,4;52;0,378;36,8;37,0;270;340;940;1130;-2,1;0,0;0;0,0;10,5;95;16,5;0,0;0;0,0;0,0;2,16;0,0;Plintossolo pétrico;Afluente s/n do Córrego Traíra;Bacia do Rio Cuiabá;Bacia do Rio Cuiabá;68,7;;Sentinel-2 de 23/08/2026, pixels de 10 m;Landsat de 13/08/2026, pixels de 30 m
510840205000201;Várzea Grande;Urbana;Canelas;Várzea Grande;;0,206;766;3724,5;247;3,1;10,8;15,9;49,2;76,1;0,0;94,7;98,4;1,6;0,0;99,2;0,0;1971,4;1212,0;1,8;32,8;57,3;9,4;99,6;55,7;23,4;5,7;45,2;7;16,5;126;34,9;51,4;267;0,316;21,1;38,0;570;600;600;1360;-1,1;0,0;0;0,0;16,8;129;29,8;0,0;0;0,0;6,3;2,15;0,0;Plintossolo pétrico;Afluente s/n do Córrego Traíra;Bacia do Rio Cuiabá;Bacia do Rio Cuiabá;56,7;;Sentinel-2 de 23/08/2026, pixels de 10 m;Landsat de 13/08/2026, pixels de 30 m
510840205000202;Várzea Grande;Urbana;Centro Sul;Várzea Grande;;0,139;622;4472,9;248;2,5;16,6;10,0;50,8;61,3;0,0;66,1;99,2;15,3;8,5;100,0;0,0;2969,0;2500,0;2,7;100,0;25,7;2,4;100,0;100,0;54,7;4,5;40,8;7;0,0;0;0,0;0,0;0;0,126;0,7;39,5;670;360;760;530;0,4;0,0;0;0,0;0,0;0;0,0;0,0;0;0,0;0,0;2,16;0,0;Plintossolo pétrico;Afluente s/n do Rio Cuiabá;Bacia do Rio Cuiabá;Bacia do Rio Cuiabá;1,6;;Sentinel-2 de 23/08/2026, pixels de 10 m;Landsat de 13/08/2026, pixels de 30 m
510840205000203;Várzea Grande;Urbana;Centro Sul;Várzea Grande;;0,059;237;4040,4;80;3;24,9;7,6;53,6;47,7;0,0;78,8;82,5;38,8;6,2;100,0;0,0;5082,3;3500,0;2,9;100,0;75,5;35,0;100,0;100,0;39,7;13,9;25,1;7;0,0;0;24,4;36,6;58;0,148;0,3;38,9;780;210;410;670;-0,2;0,0;0;0,0;0,0;0;0,0;0,0;0;0,0;0,0;2,16;0,0;Plintossolo pétrico;Afluente s/n do Córrego Traíra;Bacia do Rio Cuiabá;Bacia do Rio Cuiabá;0,7;;Sentinel-2 de 23/08/2026, pixels de 10 m;Landsat de 13/08/2026, pixels de 30 m
510840205000204;Várzea Grande;Urbana;Ikaray;Várzea Grande;;0,09;476;5313,8;167;2,9;10,1;14,1;52,7;73,5;0,0;58,7;100,0;1,8;3,0;100,0;0,0;3025,7;2412,0;1,6;100,0;39,5;2,1;100,0;100,0;27,5;1,1;40,6;7;1,5;7;0,0;6,7;0;0,151;1,2;39,1;160;910;420;350;0,0;0,0;0;0,0;0,0;0;0,0;0,0;0;0,0;0,0;2,16;0,0;Plintossolo pétrico;Córrego Ikaray;Bacia do Rio Cuiabá;Bacia do Rio Cuiabá;2,3;;Sentinel-2 de 23/08/2026, pixels de 10 m;Landsat de 13/08/2026, pixels de 30 m
510840205000205;Várzea Grande;Urbana;Centro Sul;Várzea Grande;;0,069;325;4718,7;116;2,8;19,1;11,1;55,7;62,2;0,0;87,1;87,1;11,2;14,7;100,0;0,0;2549,2;2000,0;2,2;100,0;59,1;16,9;100,0;100,0;55,1;2,2;33,8;7;0,0;0;3,6;25,0;12;0,189;4,1;39,3;80;980;250;310;0,2;0,0;0;0,0;0,0;0;1,1;0,0;0;0,0;0,0;2,16;0,0;Plintossolo pétrico;Córrego Ikaray;Bacia do Rio Cuiabá;Bacia do Rio Cuiabá;8,7;;Sentinel-2 de 23/08/2026, pixels de 10 m;Landsat de 13/08/2026, pixels de 30 m
510840205000206;Várzea Grande;Urbana;Ikaray;Várzea Grande;;0,339;925;2728,2;275;3,4;8,3;20,9;52,1;84,1;0,8;87,3;85,8;2,2;6,9;97,8;;1611,7;1245,0;5,9;66,4;56,5;0,0;95,0;55,0;18,2;0,6;47,5;7;7,3;68;14,9;27,0;138;0,37;32,9;38,8;690;1660;750;790;-0,3;0,0;0;0,0;9,6;89;17,3;0,0;0;0,0;15,2;2,14;0,0;Plintossolo pétrico;Afluente s/n do Córrego Traíra;Bacia do Rio Cuiabá;Bacia do Rio Cuiabá;120,6;;Sentinel-2 de 23/08/2026, pixels de 10 m;Landsat de 13/08/2026, pixels de 30 m
510840205000207;Várzea Grande;Urbana;Canelas;Várzea Grande;;0,325;810;2493,7;267;3;8,8;18,6;50,0;72,2;;59,2;92,5;;8,2;96,6;;2400,8;1500,0;5,6;12,6;78,0;18,0;93,0;34,4;0,0;1,6;46,5;6;0,0;0;0,0;0,0;0;0,278;16,3;39,2;1360;1040;2140;2060;0,1;0,0;0;0,0;5,5;45;7,5;0,0;0;0,0;10,5;2,15;0,5;Plintossolo pétrico;Córrego Piçarão;Bacia do Rio Cuiabá;Bacia do Rio Cuiabá;65,4;;Sentinel-2 de 23/08/2026, pixels de 10 m;Landsat de 13/08/2026, pixels de 30 m
510840205000208;Várzea Grande;Urbana;São Simão;Várzea Grande;;0,321;1032;3217,3;353;2,9;8,3;18,1;51,2;82,0;;65,4;77,9;2,8;0,0;100,0;0,8;1657,4;1200,0;6,2;40,4;77,7;32,0;99,9;48,8;0,0;4,7;51,2;7;0,3;3;2,1;3,0;22;0,28;15,1;39,3;1800;2300;1640;1490;0,2;0,0;0;0,0;1,4;15;1,4;0,0;0;0,0;7,7;2,15;0,0;Plintossolo pétrico;Córrego Piçarão;Bacia do Rio Cuiabá;Bacia do Rio Cuiabá;47,0;;Sentinel-2 de 23/08/2026, pixels de 10 m;Landsat de 13/08/2026, pixels de 30 m
510840205000209;Várzea Grande;Urbana;Canelas;Várzea Grande;;0,189;961;5088,0;299;3,2;10,8;18,8;51,7;78,8;;71,9;67,6;9,4;9,4;99,3;0,0;1864,8;1500,0;5,1;47,9;48,6;1,2;100,0;60,7;0,0;3,4;50,6;7;0,0;0;0,0;0,0;0;0,218;5,4;39,9;1030;2130;1150;1020;0,8;0,0;0;0,0;0,0;0;0,0;0,0;0;0,0;0,0;2,16;0,0;Plintossolo pétrico;Afluente s/n do Córrego Traíra;Bacia do Rio Cuiabá;Bacia do Rio Cuiabá;10,6;;Sentinel-2 de 23/08/2026, pixels de 10 m;Landsat de 13/08/2026, pixels de 30 m
510840205000210;Várzea Grande;Urbana;Canelas;Várzea Grande;;0,18;948;5268,3;307;3,1;9,0;19,6;51,1;81,0;0,0;64,8;95,8;41,0;47,9;99,0;;1873,6;1212,0;5,1;75,9;26,1;3,7;99,6;90,6;64,1;24,9;46,4;7;11,3;107;8,2;17,4;78;0,303;22,1;38,7;480;1440;750;790;-0,4;0,0;0;0,0;10,9;104;16,4;0,0;0;0,0;16,7;2,13;0,0;Plintossolo pétrico;Afluente s/n do Córrego Traíra;Bacia do Rio Cuiabá;Bacia do Rio Cuiabá;42,0;;Sentinel-2 de 23/08/2026, pixels de 10 m;Landsat de 13/08/2026, pixels de 30 m
510840205000211;Várzea Grande;Urbana;Canelas;Várzea Grande;;0,515;1101;2137,5;369;3;5,9;19,4;48,0;79,5;0,0;66,7;28,7;;1,1;96,7;0,0;2100,4;1600,0;2,2;74,8;59,3;9,3;97,0;74,3;54,1;4,1;34,6;6;7,0;77;7,8;15,9;86;0,233;11,5;39,9;910;1940;590;490;0,8;0,0;0;0,0;0,0;0;9,0;0,0;0;0,0;2,2;2,16;0,0;Plintossolo pétrico;Afluente s/n do Córrego Traíra;Bacia do Rio Cuiabá;Bacia do Rio Cuiabá;53,8;;Sentinel-2 de 23/08/2026, pixels de 10 m;Landsat de 13/08/2026, pixels de 30 m
510840205000212;Várzea Grande;Urbana;Marajoara;Várzea Grande;;0,134;639;4785,4;227;2,8;18,9;10,6;51,3;66,7;0,0;73,1;98,7;1,3;96,0;99,6;0,0;2594,1;2000,0;4,6;100,0;44,4;0,0;99,8;100,0;44,4;0,8;42,0;7;0,0;0;2,7;7,4;17;0,152;1,4;39,8;860;1750;820;390;0,7;0,0;0;0,0;0,0;0;0,0;0,0;0;0,0;1,4;2,16;0,0;Plintossolo pétrico;Afluente s/n do Córrego Traíra;Bacia do Rio Cuiabá;Bacia do Rio Cuiabá;2,9;;Sentinel-2 de 23/08/2026, pixels de 10 m;Landsat de 13/08/2026, pixels de 30 m
510840205000213;Várzea Grande;Urbana;Marajoara;Várzea Grande;;0,128;599;4692,2;197;3;9,5;12,5;50,1;77,3;;42,6;68,5;7,1;4,6;100,0;0,0;1911,9;1240,0;3,1;100,0;54,8;5,0;100,0;97,3;6,2;0,0;44,6;7;0,0;0;0,0;0,0;0;0,167;3,2;39,7;270;2420;950;480;0,6;0,0;0;0,0;0,0;0;0,0;0,0;0;0,0;0,0;2,16;0,0;Plintossolo pétrico;Afluente s/n do Córrego Traíra;Bacia do Rio Cuiabá;Bacia do Rio Cuiabá;6,8;;Sentinel-2 de 23/08/2026, pixels de 10 m;Landsat de 13/08/2026, pixels de 30 m
510840205000214;Várzea Grande;Urbana;Marajoara;Várzea Grande;;0,116;680;5881,2;218;3,1;10,6;16,0;53,1;74,6;1,8;65,6;83,9;4,1;89,4;97,7;0,0;2142,8;1500,0;7,6;58,5;54,9;7,1;98,4;68,8;6,2;2,1;52,0;7;0,0;0;1,4;6,5;10;0,268;15,1;39,4;670;2130;980;540;0,3;0,0;0;0,0;0,0;0;2,2;0,0;0;0,0;0,6;2,16;0,0;Plintossolo pétrico;Afluente s/n do Córrego Traíra;Bacia do Rio Cuiabá;Bacia do Rio Cuiabá;25,8;;Sentinel-2 de 23/08/2026, pixels de 10 m;Landsat de 13/08/2026, pixels de 30 m
510840205000215;Várzea Grande;Urbana;Marajoara;Várzea Grande;;0,132;799;6056,4;271;2,9;12,5;15,3;51,6;73,0;;70,5;100,0;1,1;80,4;100,0;0,0;2264,1;2000,0;4,6;100,0;87,7;25,5;100,0;94,0;81,4;0,0;37,0;7;2,4;19;6,3;16,0;50;0,214;6,8;39,8;1140;1590;480;770;0,7;0,0;0;0,0;3,5;28;3,5;0,0;0;0,0;0,0;2,16;0,0;Plintossolo pétrico;Afluente s/n do Córrego Traíra;Bacia do Rio Cuiabá;Bacia do Rio Cuiabá;11,2;;Sentinel-2 de 23/08/2026, pixels de 10 m;Landsat de 13/08/2026, pixels de 30 m
510840205000216;Várzea Grande;Urbana;Marajoara;Várzea Grande;;0,246;799;3254,5;301;2,7;10,5;13,3;50,7;79,8;0,0;99,0;97,3;65,1;9,3;99,7;0,0;1964,7;1212,0;3,5;85,4;41,7;0,0;100,0;73,8;52,9;0,0;31,9;7;0,0;0;0,0;4,5;0;0,184;7,8;39,2;900;3060;770;810;0,1;0,0;0;0,0;0,0;0;0,0;0,0;0;0,0;11,5;2,14;0,0;Plintossolo pétrico;Afluente s/n do Córrego Traíra;Bacia do Rio Cuiabá;Bacia do Rio Cuiabá;24,0;;Sentinel-2 de 23/08/2026, pixels de 10 m;Landsat de 13/08/2026, pixels de 30 m
510840205000217;Várzea Grande;Urbana;Santa Izabel;Várzea Grande;;0,31;921;2972,5;294;3,1;7,9;16,5;51,0;74,7;0,0;90,8;98,3;9,2;25,2;99,0;0,0;2421,4;1600,0;1,9;66,4;89,0;27,0;98,9;68,6;18,2;1,5;34,2;7;5,5;51;8,4;22,0;77;0,24;17,6;38,9;720;3450;580;870;-0,2;0,0;0;0,0;0,0;0;8,7;0,0;0;0,0;19,9;2,13;0,0;Plintossolo pétrico;Afluente s/n do Córrego Traíra;Bacia do Rio Cuiabá;Bacia do Rio Cuiabá;59,2;;Sentinel-2 de 23/08/2026, pixels de 10 m;Landsat de 13/08/2026, pixels de 30 m
510840205000218;Várzea Grande;Urbana;Santa Izabel;Várzea Grande;;0,071;553;7837,2;206;2,7;21,2;10,7;53,7;66,7;;98,5;100,0;98,1;0,0;100,0;0,0;2502,1;1600,0;2,1;100,0;64,2;4,9;100,0;100,0;90,8;0,0;18,9;7;0,0;0;0,0;0,0;0;0,115;0,0;40,4;130;3170;190;280;1,3;0,0;0;0,0;0,0;0;0,0;0,0;0;0,0;0,0;2,16;0,0;Plintossolo pétrico;Afluente s/n do Córrego Traíra;Bacia do Rio Cuiabá;Bacia do Rio Cuiabá;0,0;;Sentinel-2 de 23/08/2026, pixels de 10 m;Landsat de 13/08/2026, pixels de 30 m
510840205000219;Várzea Grande;Urbana;Santa Izabel;Várzea Grande;;0,104;660;6329,1;244;2,7;22,1;10,0;54,8;70,8;0,0;88,9;100,0;99,6;0,0;100,0;0,0;2590,8;1800,0;2,5;98,6;71,1;0,0;100,0;100,0;99,1;1,4;19,5;7;0,0;0;0,0;3,1;0;0,133;1,3;40,4;230;3010;180;120;1,3;0,0;0;0,0;0,0;0;0,0;0,0;0;0,0;2,4;2,15;0,0;Plintossolo pétrico;Afluente s/n do Córrego Traíra;Bacia do Rio Cuiabá;Bacia do Rio Cuiabá;2,0;;Sentinel-2 de 23/08/2026, pixels de 10 m;Landsat de 13/08/2026, pixels de 30 m
510840205000220;Várzea Grande;Urbana;Santa Izabel;Várzea Grande;;0,077;726;9404,1;233;3,1;7,7;17,2;56,2;74,8;;93,1;60,9;97,9;1,7;100,0;0,0;2450,2;2000,0;2,3;100,0;93,5;23,6;100,0;100,0;80,2;0,3;15,8;7;0,0;0;0,0;78,1;0;0,126;0,0;40,3;720;3730;90;260;1,2;0,0;0;0,0;0,0;0;0,0;0,0;0;0,0;0,0;2,16;0,0;Plintossolo pétrico;Afluente s/n do Córrego Traíra;Bacia do Rio Cuiabá;Bacia do Rio Cuiabá;0,0;;Sentinel-2 de 23/08/2026, pixels de 10 m;Landsat de 13/08/2026, pixels de 30 m
510840205000221;Várzea Grande;Urbana;Santa Izabel;Várzea Grande;;0,069;401;5770,0;133;3;12,5;14,5;53,9;67,3;;92,5;100,0;72,9;18,8;100,0;0,0;3530,3;2800,0;3,9;100,0;87,0;0,0;100,0;100,0;68,8;11,2;19,9;7;0,0;0;0,0;0,0;0;0,152;4,4;39,7;170;3290;160;180;0,6;0,0;0;0,0;0,0;0;0,0;0,0;0;0,0;0,0;2,16;0,0;Plintossolo pétrico;Afluente s/n do Córrego Traíra;Bacia do Rio Cuiabá;Bacia do Rio Cuiabá;7,6;;Sentinel-2 de 23/08/2026, pixels de 10 m;Landsat de 13/08/2026, pixels de 30 m
510840205000222;Várzea Grande;Urbana;Santa Izabel;Várzea Grande;;0,095;608;6405,7;192;3,2;11,0;11,7;52,8;62,3;;91,1;99,0;74,0;17,2;99,0;0,0;3100,9;2200,0;;100,0;75,3;41,7;100,0;100,0;79,9;11,5;21,5;6;14,3;87;7,8;36,3;48;0,234;14,6;39,6;510;3140;280;280;0,5;0,0;0;0,0;0,0;0;5,5;0,0;0;0,0;0,0;2,16;0,0;Plintossolo pétrico;Afluente s/n do Córrego Traíra;Bacia do Rio Cuiabá;Bacia do Rio Cuiabá;22,8;;Sentinel-2 de 23/08/2026, pixels de 10 m;Landsat de 13/08/2026, pixels de 30 m
510840205000223;Várzea Grande;Urbana;Santa Izabel;Várzea Grande;;0,075;509;6801,3;194;2,6;21,8;11,2;54,0;76,4;0,0;92,8;98,5;97,9;0,0;100,0;0,0;2249,9;1600,0;2,4;100,0;93,1;31,6;100,0;100,0;69,7;0,0;16,6;7;0,0;0;0,0;0,0;0;0,177;3,9;40,4;730;3310;320;50;1,3;0,0;0;0,0;0,0;0;0,0;0,0;0;0,0;0,0;2,16;0,0;Plintossolo pétrico;Afluente s/n do Córrego Traíra;Bacia do Rio Cuiabá;Bacia do Rio Cuiabá;5,7;;Sentinel-2 de 23/08/2026, pixels de 10 m;Landsat de 13/08/2026, pixels de 30 m
510840205000224;Várzea Grande;Urbana;Mapim;Várzea Grande;;0,097;579;5973,2;189;3,1;11,2;18,8;53,9;82,9;;95,8;99,5;5,3;68,8;100,0;0,0;1605,2;1212,0;9,1;52,7;60,8;0,0;99,8;59,1;36,4;0,5;50,2;7;13,1;76;15,3;34,7;89;0,388;37,4;37,5;1440;3560;440;580;-1,6;0,0;0;0,0;17,1;99;46,5;0,0;0;0,0;17,5;2,06;0,0;Plintossolo pétrico;Afluente s/n do Córrego do General;Bacia do Rio Cuiabá;Bacia do Rio Cuiabá;62,7;;Sentinel-2 de 23/08/2026, pixels de 10 m;Landsat de 13/08/2026, pixels de 30 m
510840205000225;Várzea Grande;Urbana;Glória;Várzea Grande;Região do Mapim;0,128;565;4427,9;180;3,1;10,8;18,2;50,3;87,1;;84,4;91,7;;7,8;94,4;0,0;1678,6;1212,0;10,1;25,7;71,5;9,4;99,6;25,7;6,2;0,0;49,7;6;27,1;153;7,5;37,0;43;0,398;36,5;38,6;840;2420;800;630;-0,5;0,0;0;0,0;0,0;0;12,0;0,0;0;0,0;0,0;2,1;0,0;Plintossolo pétrico;Afluente s/n do Córrego do General;Bacia do Rio Cuiabá;Bacia do Rio Cuiabá;82,7;;Sentinel-2 de 23/08/2026, pixels de 10 m;Landsat de 13/08/2026, pixels de 30 m
510840205000226;Várzea Grande;Urbana;Centro Norte;Várzea Grande;;0,151;228;1505,6;86;2,7;27,2;7,0;53,9;65,4;0,0;83,7;83,7;15,1;81,4;98,8;0,0;3215,7;2200,0;;95,2;78,5;14,0;100,0;97,4;35,5;4,8;32,7;6;0,0;0;15,9;40,7;36;0,146;3,4;39,1;1060;950;390;370;0,0;0,0;0;0,0;0,0;0;0,0;0,0;0;0,0;0,0;2,16;0,0;Plintossolo pétrico;Afluente s/n do Rio Cuiabá;Bacia do Rio Cuiabá;Bacia do Rio Cuiabá;22,5;;Sentinel-2 de 23/08/2026, pixels de 10 m;Landsat de 13/08/2026, pixels de 30 m
510840205000227;Várzea Grande;Urbana;Centro Sul;Várzea Grande;;0,159;262;1650,5;102;2,5;17,2;10,3;52,3;64,9;0,0;79,4;68,6;18,6;0,0;100,0;0,0;2827,1;1400,0;2,3;100,0;58,0;1,9;100,0;100,0;40,1;4,7;33,5;7;5,1;13;27,4;68,9;72;0,167;8,2;38,7;400;890;250;310;-0,4;0,0;0;0,0;0,0;0;0,0;0,0;0;0,0;0,0;2,16;0,0;Plintossolo pétrico;Afluente s/n do Rio Cuiabá;Bacia do Rio Cuiabá;Bacia do Rio Cuiabá;49,8;;Sentinel-2 de 23/08/2026, pixels de 10 m;Landsat de 13/08/2026, pixels de 30 m
510840205000228;Várzea Grande;Urbana;Centro Sul;Várzea Grande;;0,024;367;15262,1;163;2,3;10,6;9,8;56,9;64,3;0,0;3,7;100,0;71,8;0,0;100,0;0,0;3314,4;3000,0;;100,0;100,0;59,1;100,0;100,0;100,0;0,0;32,0;6;30,2;111;93,3;100,0;343;0,147;0,0;38,8;1000;520;670;240;-0,3;0,0;0;0,0;26,2;96;26,2;0,0;0;0,0;0,0;2,16;0,0;Plintossolo pétrico;Afluente s/n do Rio Cuiabá;Bacia do Rio Cuiabá;Bacia do Rio Cuiabá;0,0;;Sentinel-2 de 23/08/2026, pixels de 10 m;Landsat de 13/08/2026, pixels de 30 m
510840205000229;Várzea Grande;Urbana;Centro Sul;Várzea Grande;;0,232;747;3219,3;240;3,1;14,3;14,6;51,5;70,8;;90,8;98,3;24,6;60,0;96,7;0,0;2863,3;2000,0;4,3;89,1;65,8;27,5;96,2;82,6;73,6;0,0;34,1;7;12,0;90;45,9;82,1;343;0,303;17,7;38,8;900;800;660;680;-0,3;0,0;0;0,0;10,4;78;14,8;0,0;0;0,0;0,4;2,16;0,0;Plintossolo pétrico;Afluente s/n do Rio Cuiabá;Bacia do Rio Cuiabá;Bacia do Rio Cuiabá;55,0;;Sentinel-2 de 23/08/2026, pixels de 10 m;Landsat de 13/08/2026, pixels de 30 m
510840205000232;Várzea Grande;Urbana;Costa Verde;Várzea Grande;;0,161;841;5227,6;297;2,8;11,4;13,8;52,9;66,0;0,0;99,0;99,0;4,7;77,8;100,0;0,0;3484,2;2300,0;3,7;100,0;70,7;2,5;99,2;92,9;61,8;2,1;30,8;7;0,0;0;0,0;0,0;0;0,172;2,6;39,7;690;2220;210;540;0,6;0,0;0;0,0;0,0;0;0,0;0,0;0;0,0;0,0;2,16;0,0;Plintossolo pétrico;Afluente s/n do Córrego Traíra;Bacia do Rio Cuiabá;Bacia do Rio Cuiabá;5,0;;Sentinel-2 de 23/08/2026, pixels de 10 m;Landsat de 13/08/2026, pixels de 30 m
510840205000233;Várzea Grande;Urbana;Costa Verde;Várzea Grande;;0,289;940;3247,9;324;2,9;12,9;13,6;52,9;63,4;;94,1;97,8;7,4;86,1;99,7;0,0;3810,1;2400,0;2,0;89,7;51,7;29,6;96,7;82,3;33,2;5,9;33,0;7;5,3;50;16,4;50,5;154;0,288;18,0;38,9;840;1320;700;420;-0,2;0,0;0;0,0;13,8;130;18,6;0,0;0;0,0;1,9;2,16;0,0;Plintossolo pétrico;Afluente s/n do Rio Cuiabá;Bacia do Rio Cuiabá;Bacia do Rio Cuiabá;55,3;;Sentinel-2 de 23/08/2026, pixels de 10 m;Landsat de 13/08/2026, pixels de 30 m
510840205000234;Várzea Grande;Urbana;Costa Verde;Várzea Grande;;0,262;1456;5567,8;472;3,1;8,5;18,5;49,7;67,7;;93,6;39,2;4,9;1,9;99,8;0,0;2764,6;2000,0;3,6;86,8;42,9;15,6;99,2;84,5;31,5;0,0;38,9;7;0,4;5;20,9;51,2;305;0,207;5,2;40,0;1140;2380;260;860;0,9;0,0;0;0,0;0,0;0;1,0;0,0;0;0,0;0,7;2,16;0,0;Plintossolo pétrico;Afluente s/n do Rio Cuiabá;Bacia do Rio Cuiabá;Bacia do Rio Cuiabá;9,4;;Sentinel-2 de 23/08/2026, pixels de 10 m;Landsat de 13/08/2026, pixels de 30 m
510840205000236;Várzea Grande;Urbana;Paiaguás;Várzea Grande;;0,192;670;3497,7;215;3,1;4,0;20,6;49,9;80,9;0,0;70,7;94,9;11,2;53,5;100,0;;2361,6;1800,0;5,1;54,2;77,3;33,9;100,0;63,1;4,8;0,0;43,8;7;0,0;0;0,0;0,0;0;0,187;2,9;39,7;870;3040;890;970;0,6;0,0;0;0,0;0,0;0;0,0;0,0;0;0,0;0,0;2,16;0,0;Plintossolo pétrico;Córrego Piçarão;Bacia do Rio Cuiabá;Bacia do Rio Cuiabá;8,3;;Sentinel-2 de 23/08/2026, pixels de 10 m;Landsat de 13/08/2026, pixels de 30 m
510840205000237;Várzea Grande;Urbana;Santa Izabel;Várzea Grande;;0,145;732;5037,2;271;2,7;12,2;14,1;51,0;73,2;;40,2;90,8;5,9;79,3;100,0;0,0;2013,4;1500,0;6,0;93,3;62,7;23,9;100,0;100,0;0,0;0,5;47,8;7;0,3;2;2,3;56,1;17;0,212;4,7;39,8;760;3950;360;560;0,7;0,0;0;0,0;0,0;0;0,0;0,0;0;0,0;0,0;2,16;0,0;Plintossolo pétrico;Córrego Piçarão;Bacia do Rio Cuiabá;Bacia do Rio Cuiabá;9,3;;Sentinel-2 de 23/08/2026, pixels de 10 m;Landsat de 13/08/2026, pixels de 30 m
510840205000238;Várzea Grande;Urbana;São Matheus;Várzea Grande;;0,185;619;3354,9;213;2,9;12,9;14,5;49,9;77,5;0,0;49,3;50,7;0,0;61,0;99,5;;1772,0;1245,0;7,6;99,5;49,1;3,9;100,0;100,0;4,4;1,8;50,9;7;0,0;0;0,0;0,0;0;0,15;1,9;40,2;590;4420;450;540;1,1;0,0;0;0,0;0,0;0;0,0;0,0;0;0,0;0,0;2,16;0,0;Plintossolo pétrico;Córrego Piçarão;Bacia do Rio Cuiabá;Bacia do Rio Cuiabá;5,7;;Sentinel-2 de 23/08/2026, pixels de 10 m;Landsat de 13/08/2026, pixels de 30 m
510840205000239;Várzea Grande;Urbana;São Matheus;Várzea Grande;;0,241;767;3180,5;309;2,5;10,3;18,0;47,6;95,8;0,0;68,6;99,0;28,8;69,3;100,0;0,0;1390,4;1200,0;5,4;45,5;75,7;11,0;97,4;51,6;4,7;3,7;46,4;7;0,0;0;0,0;0,0;0;0,261;10,6;39,7;570;4240;410;230;0,6;0,0;0;0,0;0,0;0;0,0;0,0;0;0,0;0,0;2,16;0,0;Plintossolo pétrico;Córrego Piçarão;Bacia do Rio Cuiabá;Bacia do Rio Cuiabá;33,3;;Sentinel-2 de 23/08/2026, pixels de 10 m;Landsat de 13/08/2026, pixels de 30 m
510840205000240;Várzea Grande;Urbana;São Matheus;Várzea Grande;;0,433;534;1232,8;243;2,2;10,5;14,4;49,8;85,4;0,0;45,7;93,4;;0,0;89,7;0,0;1084,3;1000,0;17,0;0,6;82,0;16,5;94,8;0,4;0,0;0,0;65,1;6;6,3;34;3,9;21,8;21;0,323;21,1;39,3;800;5430;970;560;0,2;0,0;0;0,0;0,0;0;0,0;0,0;0;0,0;24,2;2,13;2,9;Plintossolo pétrico;Afluente s/n do Rio Formigueiro;Bacia do Rio Cuiabá;Bacia do Rio Cuiabá;171,1;;Sentinel-2 de 23/08/2026, pixels de 10 m;Landsat de 13/08/2026, pixels de 30 m
510840205000241;Várzea Grande;Urbana;Jardim dos Estados;Várzea Grande;;0,103;301;2926,0;105;2,9;14,3;12,6;51,8;63,8;0,0;83,8;100,0;12,4;0,0;100,0;0,0;2748,6;2000,0;5,3;100,0;67,4;19,6;100,0;100,0;57,5;0,0;35,8;7;0,0;0;0,0;3,2;0;0,161;4,5;40,0;1200;3670;150;430;0,9;0,0;0;0,0;0,0;0;1,2;0,0;0;0,0;0,0;2,16;0,0;Plintossolo pétrico;Afluente s/n do Córrego do General;Bacia do Rio Cuiabá;Bacia do Rio Cuiabá;15,4;;Sentinel-2 de 23/08/2026, pixels de 10 m;Landsat de 13/08/2026, pixels de 30 m
510840205000242;Várzea Grande;Urbana;Mapim;Várzea Grande;;0,109;403;3696,7;139;2,9;15,4;12,2;52,4;60,5;0,0;93,5;98,6;7,9;87,1;100,0;0,0;2909,9;2450,0;3,6;100,0;81,4;11,9;100,0;100,0;17,9;4,0;30,7;7;0,0;0;0,0;0,0;0;0,175;3,9;39,7;2200;4450;160;1100;0,6;0,0;0;0,0;0,0;0;0,0;0,0;0;0,0;0,0;2,1;0,0;Plintossolo pétrico;Afluente s/n do Córrego do General;Bacia do Rio Cuiabá;Bacia do Rio Cuiabá;10,5;;Sentinel-2 de 23/08/2026, pixels de 10 m;Landsat de 13/08/2026, pixels de 30 m
510840205000244;Várzea Grande;Urbana;Glória;Várzea Grande;;1,003;8;8,0;2;4;;;;;;;;;;;;;;;;;;;;;;;0;16,7;1;39,6;61,2;3;0,511;60,2;36,4;1950;2760;560;1640;-2,7;40,3;3;19,4;36,7;3;75,4;44,7;4;36,6;70,6;1,99;0,0;Plintossolo pétrico;Afluente s/n do Córrego do General;Bacia do Rio Cuiabá;Bacia do Rio Cuiabá;;;Sentinel-2 de 23/08/2026, pixels de 10 m;Landsat de 13/08/2026, pixels de 30 m
510840205000245;Várzea Grande;Urbana;23 de Setembro;Várzea Grande;;1,304;83;63,7;26;3,2;25,3;9,6;49,4;78,3;0,0;84,6;84,6;0,0;0,0;53,8;0,0;4047,0;2400,0;0,0;;;;;;;;47,4;5;29,2;24;50,7;85,2;42;0,509;67,1;35,1;1030;1880;730;800;-4,0;97,4;81;83,3;40,5;34;99,7;99,5;83;96,8;63,9;1,96;0,0;Plintossolo pétrico;Córrego do General;Bacia do Rio Cuiabá;Bacia do Rio Cuiabá;10542,0;;Sentinel-2 de 23/08/2026, pixels de 10 m;Landsat de 13/08/2026, pixels de 30 m
510840205000246;Várzea Grande;Urbana;23 de Setembro;Várzea Grande;;0,249;636;2554,5;230;2,8;15,7;13,5;50,2;72,2;0,0;99,1;100,0;53,9;42,2;100,0;0,0;3451,9;2450,0;3,0;90,9;93,1;37,3;100,0;83,3;50,3;0,0;21,1;7;11,0;70;12,4;24,2;79;0,258;17,5;38,7;850;1760;280;640;-0,4;0,0;0;0,0;10,4;66;11,1;0,0;0;0,0;0,3;2,11;0,0;Plintossolo pétrico;Afluente s/n do Rio Cuiabá;Bacia do Rio Cuiabá;Bacia do Rio Cuiabá;68,5;;Sentinel-2 de 23/08/2026, pixels de 10 m;Landsat de 13/08/2026, pixels de 30 m
510840205000247;Várzea Grande;Urbana;Parque do Lago;Várzea Grande;;0,203;932;4593,4;295;3,2;7,0;14,7;52,0;80,0;0,0;84,7;85,1;38,6;45,1;99,0;;2046,3;1500,0;5,3;61,6;74,5;21,6;100,0;67,2;66,5;1,8;38,4;7;15,8;147;25,4;93,3;236;0,336;29,7;38,0;410;3730;510;1490;-1,1;100,0;932;5,7;17,8;166;57,6;96,6;900;21,9;30,4;2,1;0,0;Plintossolo pétrico;Afluente s/n do Rio Cuiabá;Bacia do Rio Cuiabá;Bacia do Rio Cuiabá;64,7;;Sentinel-2 de 23/08/2026, pixels de 10 m;Landsat de 13/08/2026, pixels de 30 m
510840205000248;Várzea Grande;Urbana;Parque do Lago;Várzea Grande;;0,18;863;4804,6;285;3;9,6;17,4;50,9;78,0;;98,2;89,1;49,1;50,5;100,0;0,0;2427,9;1800,0;3,0;98,5;64,3;0,9;94,7;98,5;66,9;0,0;27,3;7;11,8;101;28,0;48,1;242;0,3;24,5;37,9;310;3850;890;1690;-1,2;33,6;290;8,4;18,7;161;22,2;44,2;381;14,6;10,8;2,14;0,0;Plintossolo pétrico;Afluente s/n do Rio Cuiabá;Bacia do Rio Cuiabá;Bacia do Rio Cuiabá;51,1;;Sentinel-2 de 23/08/2026, pixels de 10 m;Landsat de 13/08/2026, pixels de 30 m
510840205000249;Várzea Grande;Urbana;Centro Sul;Várzea Grande;;0,043;257;6021,8;92;2,8;16,7;14,0;51,4;70,8;;93,5;87,0;7,6;54,3;98,9;0,0;2580,5;2000,0;3,9;100,0;23,7;0,0;100,0;100,0;36,2;1,9;40,4;7;0,0;0;0,0;0,0;0;0,199;5,6;39,3;510;400;720;660;0,2;0,0;0;0,0;0,0;0;0,0;0,0;0;0,0;0,0;2,16;0,0;Plintossolo pétrico;Córrego Ikaray;Bacia do Rio Cuiabá;Bacia do Rio Cuiabá;9,4;;Sentinel-2 de 23/08/2026, pixels de 10 m;Landsat de 13/08/2026, pixels de 30 m
510840205000250;Várzea Grande;Urbana;Ikaray;Várzea Grande;;0,14;726;5191,9;250;2,9;7,0;15,6;54,0;62,7;0,0;95,2;100,0;75,6;0,0;100,0;0,0;4620,4;3200,0;0,7;98,6;65,8;32,9;100,0;100,0;53,6;0,0;17,1;7;11,1;81;6,3;33,3;46;0,234;15,2;37,9;330;2120;280;750;-1,2;0,0;0;0,0;2,3;16;2,3;0,0;0;0,0;6,2;2,15;0,0;Plintossolo pétrico;Afluente s/n do Córrego Traíra;Bacia do Rio Cuiabá;Bacia do Rio Cuiabá;29,3;;Sentinel-2 de 23/08/2026, pixels de 10 m;Landsat de 13/08/2026, pixels de 30 m
510840205000251;Várzea Grande;Urbana;Ikaray;Várzea Grande;;0,341;960;2819,3;328;2,9;8,0;15,8;54,1;64,2;0,7;100,0;100,0;84,5;2,7;99,7;0,0;3506,7;3000,0;1,5;98,2;77,2;36,4;99,3;98,3;52,4;0,0;16,2;7;13,1;126;8,2;46,9;78;0,377;44,2;36,7;820;1880;740;1100;-2,4;0,0;0;0,0;20,5;197;36,2;0,0;0;0,0;45,8;2,08;3,0;Plintossolo pétrico;Afluente s/n do Córrego Traíra;Bacia do Rio Cuiabá;Bacia do Rio Cuiabá;157,0;;Sentinel-2 de 23/08/2026, pixels de 10 m;Landsat de 13/08/2026, pixels de 30 m
510840205000252;Várzea Grande;Urbana;Primavera;Várzea Grande;;0,213;702;3293,6;221;3,2;7,1;19,9;50,1;83,5;;91,0;88,7;10,4;82,8;98,2;1,4;1630,6;1280,0;4,3;0,0;3,6;0,0;97,6;0,0;4,4;0,0;61,0;7;5,3;37;25,2;55,4;177;0,405;38,4;37,4;1970;620;1470;1690;-1,7;0,0;0;0,0;31,9;224;33,9;0,0;0;0,0;29,2;2,11;0,0;Plintossolo pétrico;Córrego Piçarão;Bacia do Rio Cuiabá;Bacia do Rio Cuiabá;116,5;;Sentinel-2 de 23/08/2026, pixels de 10 m;Landsat de 13/08/2026, pixels de 30 m
510840205000253;Várzea Grande;Urbana;Canelas;Várzea Grande;;0,094;673;7172,6;210;3,2;9,7;18,1;51,1;76,7;0,0;65,7;95,7;4,8;0,0;99,5;0,0;2296,6;1669,0;4,1;98,8;50,5;8,5;99,9;99,1;20,8;0,0;42,2;7;0,0;0;0,0;0,0;0;0,205;7,0;40,1;1180;1830;1480;1360;1,0;0,0;0;0,0;0,0;0;0,0;0,0;0;0,0;0,0;2,16;0,0;Plintossolo pétrico;Córrego Piçarão;Bacia do Rio Cuiabá;Bacia do Rio Cuiabá;9,8;;Sentinel-2 de 23/08/2026, pixels de 10 m;Landsat de 13/08/2026, pixels de 30 m
510840205000254;Várzea Grande;Urbana;Canelas;Várzea Grande;;0,264;670;2540,5;220;3;7,5;19,7;47,8;78,5;0,0;76,8;84,1;52,3;9,5;95,9;;2208,6;1600,0;6,8;92,5;76,7;21,6;96,3;69,9;27,8;26,6;34,7;7;12,1;81;26,7;50,5;179;0,376;34,9;38,2;220;1300;1050;1180;-0,9;0,0;0;0,0;20,5;138;30,3;0,0;0;0,0;12,0;2,13;1,7;Plintossolo pétrico;Afluente s/n do Córrego Traíra;Bacia do Rio Cuiabá;Bacia do Rio Cuiabá;137,5;;Sentinel-2 de 23/08/2026, pixels de 10 m;Landsat de 13/08/2026, pixels de 30 m
510840205000255;Várzea Grande;Urbana;Marajoara;Várzea Grande;;0,182;647;3545,7;223;2,9;12,7;15,9;52,9;75,6;;53,4;92,4;11,2;70,0;100,0;0,0;2340,8;1580,0;3,7;96,9;35,7;2,9;100,0;94,7;1,1;0,0;44,9;7;0,0;0;0,0;0,0;0;0,184;4,2;39,7;530;2940;1000;710;0,6;0,0;0;0,0;0,0;0;0,0;0,0;0;0,0;0,0;2,16;0,0;Plintossolo pétrico;Córrego Piçarão;Bacia do Rio Cuiabá;Bacia do Rio Cuiabá;11,8;;Sentinel-2 de 23/08/2026, pixels de 10 m;Landsat de 13/08/2026, pixels de 30 m
510840205000256;Várzea Grande;Urbana;Centro Sul;Várzea Grande;;0,235;861;3659,0;277;3,1;9,3;18,7;50,8;73,8;0,5;80,5;99,3;27,8;4,0;98,9;;3084,3;2000,0;5,0;79,4;84,9;47,2;97,9;94,8;90,0;0,0;33,7;7;0,1;1;51,8;57,0;446;0,238;7,2;39,1;1610;1420;140;1160;0,0;0,0;0;0,0;0,0;0;0,0;0,0;0;0,0;3,0;2,16;0,0;Plintossolo pétrico;Afluente s/n do Rio Cuiabá;Bacia do Rio Cuiabá;Bacia do Rio Cuiabá;19,7;;Sentinel-2 de 23/08/2026, pixels de 10 m;Landsat de 13/08/2026, pixels de 30 m
510840205000257;Várzea Grande;Urbana;Costa Verde;Várzea Grande;;1,036;288;277,9;94;3,1;12,2;15,3;45,5;77,8;1,7;77,7;96,8;4,3;94,7;95,7;0,0;2828,3;2200,0;10,7;;;;;;;;55,6;5;10,7;31;39,6;60,5;114;0,41;43,5;37,8;1610;2070;670;1150;-1,3;0,0;0;0,0;16,5;47;19,7;0,0;0;0,0;36,7;2,11;0,5;Plintossolo pétrico;Afluente s/n do Rio Cuiabá;Bacia do Rio Cuiabá;Bacia do Rio Cuiabá;1564,8;;Sentinel-2 de 23/08/2026, pixels de 10 m;Landsat de 13/08/2026, pixels de 30 m
510840205000258;Várzea Grande;Urbana;Costa Verde;Várzea Grande;;0,222;885;3982,7;291;3;7,5;17,5;50,2;86,4;0,0;96,6;95,9;17,2;0,0;99,3;3,8;1611,8;1212,0;8,3;31,0;17,7;1,2;91,0;28,0;12,8;0,2;56,9;7;4,6;40;21,0;37,4;186;0,332;22,9;37,7;1420;2370;630;1070;-1,4;13,0;115;0,0;11,5;102;23,5;12,8;113;0,0;21,5;2,13;0,0;Plintossolo pétrico;Córrego Traíra;Bacia do Rio Cuiabá;Bacia do Rio Cuiabá;57,4;;Sentinel-2 de 23/08/2026, pixels de 10 m;Landsat de 13/08/2026, pixels de 30 m
510840205000259;Várzea Grande;Urbana;Paiaguás;Várzea Grande;;0,28;753;2686,5;266;2,8;9,2;17,1;47,5;80,7;0,0;42,1;85,3;25,6;3,0;100,0;0,0;1670,4;1500,0;3,8;55,8;60,3;3,7;97,2;60,2;4,4;0,0;49,2;7;2,1;16;1,3;5,6;10;0,224;8,6;39,6;930;3840;440;950;0,5;0,0;0;0,0;0,0;0;1,4;0,0;0;0,0;3,3;2,15;0,0;Plintossolo pétrico;Córrego Piçarão;Bacia do Rio Cuiabá;Bacia do Rio Cuiabá;32,0;;Sentinel-2 de 23/08/2026, pixels de 10 m;Landsat de 13/08/2026, pixels de 30 m
510840205000260;Várzea Grande;Urbana;Santa Izabel;Várzea Grande;;0,373;945;2535,8;308;3,1;9,6;18,9;49,3;77,9;;87,0;44,2;6,5;11,4;96,1;0,0;2118,1;2000,0;7,6;37,4;51,6;3,2;99,7;36,2;3,3;0,0;52,3;7;18,8;178;23,3;41,9;221;0,307;21,8;39,3;270;4340;170;900;0,2;0,0;0;0,0;0,0;0;13,3;0,0;0;0,0;21,0;2,13;0,0;Plintossolo pétrico;Córrego Piçarão;Bacia do Rio Cuiabá;Bacia do Rio Cuiabá;86,0;;Sentinel-2 de 23/08/2026, pixels de 10 m;Landsat de 13/08/2026, pixels de 30 m
510840205000264;Várzea Grande;Urbana;Parque do Lago;Várzea Grande;;0,072;440;6084,4;138;3,2;9,1;18,2;51,6;85,7;0,0;95,7;92,8;21,7;73,2;100,0;;1769,8;1212,0;7,7;100,0;51,4;0,0;97,7;93,6;56,1;0,7;40,3;7;11,7;52;42,3;70,2;186;0,28;16,6;38,7;640;3720;1040;1930;-0,4;51,9;228;20,2;22,9;101;22,9;58,7;258;33,7;12,3;2,13;0,0;Plintossolo pétrico;Afluente s/n do Rio Cuiabá;Bacia do Rio Cuiabá;Bacia do Rio Cuiabá;27,2;;Sentinel-2 de 23/08/2026, pixels de 10 m;Landsat de 13/08/2026, pixels de 30 m
510840205000265;Várzea Grande;Urbana;Capão do Pequi;Várzea Grande;;0,17;582;3430,1;186;3,1;13,2;19,4;48,5;81,6;0,0;83,9;86,6;4,8;75,3;99,5;11,8;1585,7;1300,0;8,8;100,0;85,4;31,2;99,5;97,2;39,1;26,9;41,6;7;2,7;16;20,2;27,5;118;0,311;18,4;39,3;2910;5380;620;2610;0,2;28,1;163;23,0;15,0;87;20,0;29,1;169;23,8;11,7;2,15;3,6;Plintossolo pétrico;Ribeirão dos Cocais;Bacia do Rio Cuiabá;Bacia do Rio Cuiabá;53,7;;Sentinel-2 de 23/08/2026, pixels de 10 m;Landsat de 13/08/2026, pixels de 30 m
510840205000266;Várzea Grande;Urbana;Petrópolis;Várzea Grande;;0,17;788;4638,5;276;2,9;4,8;17,8;49,1;78,0;0,0;100,0;100,0;95,7;0,0;100,0;0,0;2550,5;2000,0;1,0;100,0;97,8;48,0;98,7;100,0;83,4;0,0;12,8;7;0,0;0;0,0;4,1;0;0,257;10,4;38,6;1070;4710;270;250;-0,5;0,0;0;0,0;0,0;0;7,1;0,0;0;0,0;5,0;2,09;0,0;Plintossolo pétrico;Afluente s/n do Córrego do General;Bacia do Rio Cuiabá;Bacia do Rio Cuiabá;22,4;;Sentinel-2 de 23/08/2026, pixels de 10 m;Landsat de 13/08/2026, pixels de 30 m
510840205000267;Várzea Grande;Urbana;Novo Mundo;Várzea Grande;;0,146;757;5186,6;255;3;5,8;15,1;49,5;69,4;;100,0;100,0;99,2;0,0;100,0;0,0;3804,8;3000,0;1,4;100,0;99,6;30,6;100,0;100,0;72,3;0,0;9,9;7;7,8;59;8,2;34,2;62;0,205;14,3;38,4;1320;5550;690;680;-0,7;0,0;0;0,0;7,8;59;13,7;0,0;0;0,0;3,2;2,13;0,0;Plintossolo pétrico;Afluente s/n do Córrego do General;Bacia do Rio Cuiabá;Bacia do Rio Cuiabá;27,6;;Sentinel-2 de 23/08/2026, pixels de 10 m;Landsat de 13/08/2026, pixels de 30 m
510840205000268;Várzea Grande;Urbana;Novo Mundo;Várzea Grande;;1,187;535;450,9;195;2,7;6,4;24,1;52,9;84,9;;41,5;34,4;67,7;0,0;93,8;;1326,9;1212,0;2,5;0,0;23,2;10,1;45,2;0,0;0,0;0,0;57,2;7;0,0;0;0,0;28,9;0;0,272;16,5;38,8;2160;5970;710;710;-0,3;0,0;0;0,0;2,1;11;4,6;0,0;0;0,0;31,0;2,14;15,9;Plintossolo pétrico;Afluente s/n do Córrego do General;Bacia do Rio Cuiabá;Bacia do Rio Cuiabá;366,1;;Sentinel-2 de 23/08/2026, pixels de 10 m;Landsat de 13/08/2026, pixels de 30 m
510840205000269;Várzea Grande;Urbana;Novo Mundo;Várzea Grande;;0,138;1024;7397,4;350;2,9;6,5;16,7;50,0;83,9;0,3;100,0;90,6;100,0;0,0;100,0;0,0;1838,2;1500,0;3,7;100,0;81,5;19,1;100,0;99,2;100,0;0,8;19,6;7;0,0;0;0,0;0,0;0;0,19;4,7;39,6;2930;5620;310;470;0,5;0,0;0;0,0;0,0;0;0,0;0,0;0;0,0;0,0;2,16;0,0;Plintossolo pétrico;Afluente s/n do Córrego do General;Bacia do Rio Cuiabá;Bacia do Rio Cuiabá;6,3;;Sentinel-2 de 23/08/2026, pixels de 10 m;Landsat de 13/08/2026, pixels de 30 m
510840205000270;Várzea Grande;Urbana;Novo Mundo;Várzea Grande;;0,078;399;5122,6;144;2,8;7,5;15,8;51,1;70,9;0,0;100,0;83,3;99,3;0,0;100,0;0,0;2917,5;2300,0;0,0;100,0;93,7;20,1;100,0;100,0;81,7;0,0;11,0;7;0,0;0;0,0;0,0;0;0,111;0,1;39,9;2450;5610;300;360;0,8;0,0;0;0,0;0,0;0;0,0;0,0;0;0,0;0,0;2,16;0,0;Plintossolo pétrico;Afluente s/n do Córrego do General;Bacia do Rio Cuiabá;Bacia do Rio Cuiabá;0,2;;Sentinel-2 de 23/08/2026, pixels de 10 m;Landsat de 13/08/2026, pixels de 30 m
510840205000271;Várzea Grande;Urbana;Novo Mundo;Várzea Grande;;0,138;1205;8706,1;363;3,3;5,0;20,1;52,4;80,7;0,0;99,4;93,4;97,0;0,0;100,0;;1411,2;1212,0;3,6;100,0;93,9;27,6;100,0;100,0;90,5;13,3;19,6;7;2,4;30;0,0;3,9;0;0,157;0,1;40,7;3210;6190;1210;830;1,6;0,0;0;0,0;0,0;0;0,0;0,0;0;0,0;0,0;2,16;0,0;Plintossolo pétrico;Afluente s/n do Rio Pari;Bacia do Rio Cuiabá;Bacia do Rio Cuiabá;0,1;;Sentinel-2 de 23/08/2026, pixels de 10 m;Landsat de 13/08/2026, pixels de 30 m
510840205000272;Várzea Grande;Urbana;23 de Setembro;Várzea Grande;;0,086;734;8545,6;244;3;8,3;17,2;51,6;39,5;0,0;99,6;100,0;99,2;0,0;100,0;0,0;8655,4;7300,0;1,5;100,0;100,0;0,0;100,0;100,0;0,0;0,0;4,8;7;0,0;0;0,0;0,0;0;0,148;1,4;39,7;1290;1900;310;60;0,6;0,0;0;0,0;0,0;0;4,9;0,0;0;0,0;0,0;2,1;0,0;Plintossolo pétrico;Afluente s/n do Rio Cuiabá;Bacia do Rio Cuiabá;Bacia do Rio Cuiabá;1,6;;Sentinel-2 de 23/08/2026, pixels de 10 m;Landsat de 13/08/2026, pixels de 30 m
510840205000273;Várzea Grande;Urbana;23 de Setembro;Várzea Grande;;0,099;919;9282,4;312;2,9;8,4;18,0;52,8;40,0;0,0;100,0;100,0;99,4;0,0;100,0;0,0;8308,6;7000,0;0,7;100,0;0,0;0,0;100,0;100,0;100,0;0,0;18,4;7;0,0;0;0,0;0,0;0;0,16;1,2;39,8;1490;2070;450;110;0,7;0,0;0;0,0;0,0;0;12,4;0,0;0;0,0;0,0;2,1;0,0;Plintossolo pétrico;Afluente s/n do Rio Cuiabá;Bacia do Rio Cuiabá;Bacia do Rio Cuiabá;1,3;;Sentinel-2 de 23/08/2026, pixels de 10 m;Landsat de 13/08/2026, pixels de 30 m
510840205000274;Várzea Grande;Urbana;Vitória Régia;Várzea Grande;;0,081;615;7601,6;204;3;3,7;21,1;47,6;76,9;;100,0;99,0;99,5;0,0;100,0;0,0;2556,1;2200,0;0,9;100,0;80,2;4,1;100,0;100,0;74,3;5,2;14,7;7;0,0;0;0,0;28,2;0;0,197;7,3;37,8;2160;2900;600;650;-1,3;0,0;0;0,0;0,9;6;2,2;3,5;21;0,0;3,2;2,15;0,0;Plintossolo pétrico;Afluente s/n do Rio Cuiabá;Bacia do Rio Cuiabá;Bacia do Rio Cuiabá;9,6;;Sentinel-2 de 23/08/2026, pixels de 10 m;Landsat de 13/08/2026, pixels de 30 m
510840205000275;Várzea Grande;Urbana;Santa Izabel;Várzea Grande;;0,129;699;5411,1;239;2,9;8,4;15,0;50,1;73,7;0,0;97,5;99,6;98,7;0,0;100,0;0,0;2444,0;2000,0;1,3;99,6;90,3;32,0;100,0;99,6;75,5;0,0;14,5;7;0,0;0;0,0;5,7;0;0,184;4,5;40,2;500;3470;100;110;1,1;0,0;0;0,0;0,0;0;0,0;0,0;0;0,0;0,0;2,16;0,0;Plintossolo pétrico;Afluente s/n do Córrego Traíra;Bacia do Rio Cuiabá;Bacia do Rio Cuiabá;8,3;;Sentinel-2 de 23/08/2026, pixels de 10 m;Landsat de 13/08/2026, pixels de 30 m
510840205000276;Várzea Grande;Urbana;Mapim;Várzea Grande;;0,057;331;5851,4;106;3,1;14,2;13,3;49,2;85,8;0,0;91,5;71,7;15,1;81,1;99,1;0,0;1831,5;1240,0;8,0;100,0;58,6;7,9;100,0;100,0;52,9;7,9;41,2;7;0,0;0;0,0;6,8;0;0,258;11,1;40,5;630;2870;680;290;1,4;0,0;0;0,0;0,0;0;0,0;0,0;0;0,0;0,0;2,1;0,0;Plintossolo pétrico;Afluente s/n do Córrego do General;Bacia do Rio Cuiabá;Bacia do Rio Cuiabá;19,1;;Sentinel-2 de 23/08/2026, pixels de 10 m;Landsat de 13/08/2026, pixels de 30 m
510840205000277;Várzea Grande;Urbana;Mapim;Várzea Grande;;0,082;520;6345,9;163;3,2;13,5;18,1;49,8;83,7;0,0;79,1;75,5;0,0;79,8;100,0;0,0;1427,4;1212,0;10,4;44,3;95,0;0,0;100,0;98,1;0,0;0,0;51,7;7;0,0;0;0,0;0,0;0;0,227;6,9;40,2;920;3010;360;170;1,1;0,0;0;0,0;0,0;0;2,0;0,0;0;0,0;0,0;2,1;0,0;Plintossolo pétrico;Afluente s/n do Córrego do General;Bacia do Rio Cuiabá;Bacia do Rio Cuiabá;10,9;;Sentinel-2 de 23/08/2026, pixels de 10 m;Landsat de 13/08/2026, pixels de 30 m
510840205000278;Várzea Grande;Urbana;Glória;Várzea Grande;;0,058;346;5948,3;107;3,2;10,7;16,2;52,6;87,0;0,0;87,9;77,6;15,9;0,0;99,1;0,0;1893,9;1500,0;7,5;58,4;67,1;17,3;100,0;72,0;49,1;0,0;45,6;7;0,0;0;0,0;0,0;0;0,228;4,8;39,5;980;2310;680;770;0,4;0,0;0;0,0;0,0;0;0,0;0,0;0;0,0;0,0;2,1;0,0;Plintossolo pétrico;Afluente s/n do Córrego do General;Bacia do Rio Cuiabá;Bacia do Rio Cuiabá;8,0;;Sentinel-2 de 23/08/2026, pixels de 10 m;Landsat de 13/08/2026, pixels de 30 m
510840205000279;Várzea Grande;Urbana;Ikaray;Várzea Grande;;0,158;744;4721,7;258;2,9;15,3;13,2;50,4;75,4;0,0;93,4;98,1;69,0;0,0;98,8;0,0;2407,3;1500,0;3,7;97,6;65,1;0,0;98,4;94,9;51,2;0,0;26,2;7;12,0;89;10,6;28,2;79;0,251;10,8;38,6;550;1470;260;280;-0,5;0,0;0;0,0;11,7;87;14,1;0,0;0;0,0;0,0;2,16;0,0;Plintossolo pétrico;Córrego Ikaray;Bacia do Rio Cuiabá;Bacia do Rio Cuiabá;22,9;;Sentinel-2 de 23/08/2026, pixels de 10 m;Landsat de 13/08/2026, pixels de 30 m
510840205000280;Várzea Grande;Urbana;Canelas;Várzea Grande;;0,235;916;3889,9;296;3,1;7,0;17,5;50,5;77,5;;86,5;84,5;13,5;8,1;99,7;0,0;2441,8;2000,0;2,2;65,8;29,3;0,0;99,6;79,0;43,7;7,5;43,0;7;0,0;0;0,0;0,0;0;0,206;4,9;39,9;1160;1770;130;120;0,8;0,0;0;0,0;0,0;0;0,0;0,0;0;0,0;2,6;2,16;0,0;Plintossolo pétrico;Afluente s/n do Córrego Traíra;Bacia do Rio Cuiabá;Bacia do Rio Cuiabá;12,6;;Sentinel-2 de 23/08/2026, pixels de 10 m;Landsat de 13/08/2026, pixels de 30 m
510840205000281;Várzea Grande;Urbana;Costa Verde;Várzea Grande;;0,173;427;2467,4;145;2,9;11,0;13,8;52,0;73,8;0,0;89,0;100,0;17,2;68,3;89,0;;2555,7;1300,0;4,8;100,0;51,8;1,6;100,0;98,6;49,2;0,0;38,7;7;32,9;140;48,9;95,2;209;0,409;40,4;37,5;810;980;830;550;-1,6;0,0;0;0,0;18,4;78;34,3;0,0;0;0,0;8,3;2,14;4,0;Plintossolo pétrico;Afluente s/n do Rio Cuiabá;Bacia do Rio Cuiabá;Bacia do Rio Cuiabá;163,7;;Sentinel-2 de 23/08/2026, pixels de 10 m;Landsat de 13/08/2026, pixels de 30 m
510840205000282;Várzea Grande;Urbana;Centro Sul;Várzea Grande;;0,025;423;17127,3;190;2,2;13,2;9,9;54,8;61,2;0,0;14,7;98,4;50,5;5,8;100,0;0,0;3899,2;3000,0;1,1;100,0;100,0;39,5;100,0;80,4;100,0;0,0;29,5;7;0,0;0;32,5;100,0;137;0,089;0,4;38,5;830;320;790;400;-0,6;0,0;0;0,0;0,0;0;0,0;0,0;0;0,0;0,0;2,16;0,0;Plintossolo pétrico;Afluente s/n do Rio Cuiabá;Bacia do Rio Cuiabá;Bacia do Rio Cuiabá;0,2;;Sentinel-2 de 23/08/2026, pixels de 10 m;Landsat de 13/08/2026, pixels de 30 m
510840205000283;Várzea Grande;Urbana;São Matheus;Várzea Grande;;0,172;662;3845,7;211;3,1;10,9;17,2;51,1;81,0;0,0;52,1;14,7;;15,6;98,6;0,0;1973,3;1400,0;10,4;78,7;71,3;6,2;100,0;100,0;0,0;0,8;44,9;6;0,0;0;0,0;0,0;0;0,179;4,4;40,0;370;4600;90;580;0,9;0,0;0;0,0;0,0;0;0,0;0,0;0;0,0;0,0;2,16;0,0;Plintossolo pétrico;Afluente s/n do Rio Formigueiro;Bacia do Rio Cuiabá;Bacia do Rio Cuiabá;11,4;;Sentinel-2 de 23/08/2026, pixels de 10 m;Landsat de 13/08/2026, pixels de 30 m
510840205000284;Várzea Grande;Urbana;Jardim dos Estados;Várzea Grande;;0,112;591;5299,5;219;2,7;16,6;12,4;51,6;62,9;0,0;90,4;99,5;15,5;1,4;100,0;;2544,8;1800,0;6,2;92,0;65,0;3,7;100,0;95,3;67,0;2,0;37,3;7;11,4;67;12,9;24,5;77;0,175;5,1;40,0;1430;3490;420;160;0,9;0,0;0;0,0;0,0;0;15,6;0,0;0;0,0;0,0;2,16;0,0;Plintossolo pétrico;Afluente s/n do Córrego do General;Bacia do Rio Cuiabá;Bacia do Rio Cuiabá;9,7;;Sentinel-2 de 23/08/2026, pixels de 10 m;Landsat de 13/08/2026, pixels de 30 m
510840205000285;Várzea Grande;Urbana;Mapim;Várzea Grande;;0,359;1072;2986,8;359;3;7,4;18,0;49,4;80,0;0,0;95,0;64,1;3,1;7,2;94,7;1,1;1741,9;1300,0;9,1;4,0;57,6;6,1;97,8;3,0;12,9;0,0;58,6;7;6,3;67;31,2;48,1;334;0,37;31,2;37,9;1960;3960;740;930;-1,2;0,0;0;0,0;28,1;301;32,1;0,0;0;0,0;17,9;2,07;0,0;Plintossolo pétrico;Afluente s/n do Córrego do General;Bacia do Rio Cuiabá;Bacia do Rio Cuiabá;104,5;;Sentinel-2 de 23/08/2026, pixels de 10 m;Landsat de 13/08/2026, pixels de 30 m
510840205000286;Várzea Grande;Urbana;Marajoara;Várzea Grande;;0,25;499;1999,6;191;2,6;12,0;13,0;53,5;64,5;0,0;100,0;99,5;97,4;0,0;100,0;0,0;2249,6;1500,0;1,7;100,0;79,2;0,0;100,0;100,0;71,1;0,0;16,8;7;0,0;0;0,0;13,3;0;0,19;7,9;39,8;1070;2730;740;640;0,7;0,0;0;0,0;0,0;0;0,0;0,0;0;0,0;3,6;2,15;0,0;Plintossolo pétrico;Afluente s/n do Córrego Traíra;Bacia do Rio Cuiabá;Bacia do Rio Cuiabá;39,6;;Sentinel-2 de 23/08/2026, pixels de 10 m;Landsat de 13/08/2026, pixels de 30 m
510840205000287;Várzea Grande;Urbana;Novo Mundo;Várzea Grande;;0,127;1159;9119,5;377;3,1;2,8;25,8;52,7;84,5;0,0;38,2;12,5;96,6;1,9;99,7;0,0;1205,3;1212,0;2,4;100,0;98,7;4,0;82,9;97,1;74,0;0,0;27,1;7;0,0;0;0,0;0,0;0;0,136;0,2;39,9;3020;5950;880;610;0,8;0,0;0;0,0;0,0;0;0,0;0,0;0;0,0;0,0;2,16;0,0;Plintossolo pétrico;Afluente s/n do Rio Pari;Bacia do Rio Cuiabá;Bacia do Rio Cuiabá;0,2;;Sentinel-2 de 23/08/2026, pixels de 10 m;Landsat de 13/08/2026, pixels de 30 m
510840205000288;Várzea Grande;Urbana;Ikaray;Várzea Grande;;0,269;485;1804,3;172;2,8;10,9;15,1;49,7;70,1;0,0;94,2;93,6;12,2;8,1;100,0;0,0;2112,9;1500,0;3,4;54,0;60,2;10,7;97,7;84,7;0,4;0,0;41,4;7;19,0;92;25,5;62,8;124;0,393;36,7;37,4;590;1830;280;1020;-1,7;0,0;0;0,0;27,1;132;34,4;0,0;0;0,0;51,0;2,07;0,0;Plintossolo pétrico;Afluente s/n do Córrego Traíra;Bacia do Rio Cuiabá;Bacia do Rio Cuiabá;203,6;;Sentinel-2 de 23/08/2026, pixels de 10 m;Landsat de 13/08/2026, pixels de 30 m
510840205000289;Várzea Grande;Urbana;Novo Mundo;Várzea Grande;;0,128;650;5068,8;246;2,6;4,0;18,8;48,9;75,1;0,0;99,6;91,1;99,6;0,0;100,0;0,0;2693,6;2200,0;;98,9;90,9;4,2;100,0;98,9;82,8;0,0;14,0;6;0,0;0;0,0;28,9;0;0,275;25,4;37,6;1620;5530;1000;1030;-1,5;0,0;0;0,0;5,8;38;5,9;0,0;0;0,0;15,0;2,14;0,0;Plintossolo pétrico;Afluente s/n do Córrego do General;Bacia do Rio Cuiabá;Bacia do Rio Cuiabá;50,0;;Sentinel-2 de 23/08/2026, pixels de 10 m;Landsat de 13/08/2026, pixels de 30 m
510840205000290;Várzea Grande;Urbana;Novo Mundo;Várzea Grande;;1,587;3;1,9;1;3;;;;;;;;;;;;;;;;;;;;;;;0;14,4;0;21,0;40,2;1;0,304;20,1;39,2;2490;5480;1080;870;0,1;0,0;0;0,0;0,0;0;10,3;0,0;0;0,0;30,1;2,12;4,9;Plintossolo pétrico;Afluente s/n do Córrego do General;Bacia do Rio Cuiabá;Bacia do Rio Cuiabá;;;Sentinel-2 de 23/08/2026, pixels de 10 m;Landsat de 13/08/2026, pixels de 30 m
510840205000291;Várzea Grande;Urbana;Novo Mundo;Várzea Grande;;0,129;100;773,0;34;2,9;;10,0;49,0;68,0;0,0;100,0;100,0;100,0;0,0;100,0;0,0;4696,8;3000,0;0,0;100,0;100,0;100,0;100,0;100,0;100,0;0,0;6,9;7;0,0;0;0,0;44,1;0;0,14;1,5;38,8;1520;5840;1210;1160;-0,3;0,0;0;0,0;0,0;0;0,2;0,0;0;0,0;3,3;2,15;0,0;Plintossolo pétrico;Afluente s/n do Córrego do General;Bacia do Rio Cuiabá;Bacia do Rio Cuiabá;19,4;;Sentinel-2 de 23/08/2026, pixels de 10 m;Landsat de 13/08/2026, pixels de 30 m
510840205000292;Várzea Grande;Rural;Novo Mundo;Várzea Grande;;5,349;77;14,4;30;2,6;22,1;10,4;39,0;96,1;0,0;;100,0;0,0;100,0;0,0;0,0;2239,5;2000,0;12,3;;;;;;;;93,6;4;10,8;8;18,2;35,3;14;0,346;18,4;38,7;4190;7590;2870;2260;-0,4;0,0;0;0,0;4,7;4;20,3;0,0;0;0,0;28,4;2,12;0,5;Plintossolo pétrico;;Bacia do Rio Cuiabá;Bacia do Rio Cuiabá;12782,0;;Sentinel-2 de 23/08/2026, pixels de 10 m;Landsat de 13/08/2026, pixels de 30 m
510840205000293;Várzea Grande;Urbana;Petrópolis;Várzea Grande;;1,059;435;410,9;146;3;6,9;18,9;47,4;73,3;;73,3;60,3;;2,7;75,3;0,0;2405,3;2000,0;4,0;10,6;48,6;6,2;80,9;1,6;0,9;1,2;52,2;6;8,1;35;22,1;39,8;96;0,304;19,4;38,3;960;4470;910;1150;-0,8;0,0;0;0,0;2,7;12;7,0;0,0;0;0,0;30,9;2,07;0,0;Plintossolo pétrico;Afluente s/n do Rio Pari;Bacia do Rio Cuiabá;Bacia do Rio Cuiabá;472,3;;Sentinel-2 de 23/08/2026, pixels de 10 m;Landsat de 13/08/2026, pixels de 30 m
510840205000294;Várzea Grande;Urbana;Petrópolis;Várzea Grande;;3,215;163;50,7;59;2,8;17,8;10,4;49,1;84,7;0,0;64,4;98,3;13,6;86,4;78,0;0,0;2425,9;1500,0;4,3;72,4;72,4;52,8;72,4;60,1;60,1;0,0;45,9;7;14,1;23;31,5;66,6;51;0,354;30,8;37,6;1720;2640;2010;1250;-1,5;47,5;77;42,2;25,1;41;59,2;48,1;78;39,7;32,7;2,06;0,0;Plintossolo pétrico;Afluente s/n do Rio Cuiabá;Bacia do Rio Cuiabá;Bacia do Rio Cuiabá;6075,0;;Sentinel-2 de 23/08/2026, pixels de 10 m;Landsat de 13/08/2026, pixels de 30 m
510840205000296;Várzea Grande;Urbana;Novo Mundo;Várzea Grande;;0,084;994;11805,8;301;3,3;5,9;19,8;53,4;82,1;;99,7;97,7;95,0;1,3;100,0;0,0;1604,0;1212,0;2,8;100,0;84,1;13,5;100,0;100,0;85,2;0,0;19,8;7;0,0;0;0,0;10,3;0;0,138;0,0;38,9;3340;6410;1110;500;-0,2;0,0;0;0,0;0,0;0;0,0;0,0;0;0,0;0,0;2,16;0,0;Plintossolo pétrico;Afluente s/n do Rio Pari;Bacia do Rio Cuiabá;Bacia do Rio Cuiabá;0,0;;Sentinel-2 de 23/08/2026, pixels de 10 m;Landsat de 13/08/2026, pixels de 30 m
510840205000297;Várzea Grande;Urbana;Novo Mundo;Várzea Grande;;0,078;829;10617,9;274;3;6,0;16,4;53,0;84,3;0,0;99,6;98,5;98,9;0,0;100,0;0,0;1971,0;1500,0;4,2;100,0;87,7;12,7;100,0;100,0;98,6;1,6;19,0;7;0,0;0;0,0;0,0;0;0,128;0,0;39,3;2620;5610;170;320;0,2;0,0;0;0,0;0,0;0;0,0;0,0;0;0,0;0,0;2,16;0,0;Plintossolo pétrico;Afluente s/n do Córrego do General;Bacia do Rio Cuiabá;Bacia do Rio Cuiabá;0,0;;Sentinel-2 de 23/08/2026, pixels de 10 m;Landsat de 13/08/2026, pixels de 30 m
510840205000298;Várzea Grande;Urbana;Novo Mundo;Várzea Grande;;0,091;867;9516,9;270;3,2;5,1;15,7;51,8;83,2;0,0;100,0;91,5;100,0;0,0;100,0;0,0;1690,7;1212,0;2,6;100,0;83,4;34,4;100,0;100,0;98,0;12,0;18,6;7;0,0;0;0,0;0,0;0;0,157;1,3;39,5;2500;5300;330;170;0,4;0,0;0;0,0;0,0;0;0,0;0,0;0;0,0;0,0;2,16;0,0;Plintossolo pétrico;Afluente s/n do Córrego do General;Bacia do Rio Cuiabá;Bacia do Rio Cuiabá;1,4;;Sentinel-2 de 23/08/2026, pixels de 10 m;Landsat de 13/08/2026, pixels de 30 m
510840205000299;Várzea Grande;Urbana;Novo Mundo;Várzea Grande;;0,12;1133;9403,5;367;3,1;4,6;21,0;53,3;83,0;;99,7;90,5;98,9;0,0;100,0;0,0;2049,4;1600,0;2,7;100,0;82,7;29,2;100,0;100,0;95,3;18,7;17,8;7;0,0;0;0,0;0,0;0;0,16;3,9;39,2;3100;5890;580;310;0,1;0,0;0;0,0;0,0;0;0,0;0,0;0;0,0;0,0;2,16;0,0;Plintossolo pétrico;Afluente s/n do Rio Pari;Bacia do Rio Cuiabá;Bacia do Rio Cuiabá;4,1;;Sentinel-2 de 23/08/2026, pixels de 10 m;Landsat de 13/08/2026, pixels de 30 m
510840205000300;Várzea Grande;Urbana;Vitória Régia;Várzea Grande;;0,191;794;4167,6;276;2,9;4,0;24,8;49,4;77,1;0,0;98,2;98,6;76,8;22,1;99,6;0,0;2386,4;1881,0;2,2;100,0;84,6;52,0;100,0;100,0;45,0;0,0;19,5;7;0,0;0;0,0;0,0;0;0,226;6,2;38,3;2190;2450;470;500;-0,8;0,0;0;0,0;0,0;0;0,0;0,0;0;0,0;0,0;2,16;0,0;Plintossolo pétrico;Afluente s/n do Rio Cuiabá;Bacia do Rio Cuiabá;Bacia do Rio Cuiabá;14,9;;Sentinel-2 de 23/08/2026, pixels de 10 m;Landsat de 13/08/2026, pixels de 30 m
510840205000301;Várzea Grande;Urbana;Jardim dos Estados;Várzea Grande;;0,116;974;8384,1;302;3,2;5,3;21,1;50,8;84,9;0,0;99,7;100,0;94,7;4,3;100,0;0,0;1760,2;1300,0;2,8;100,0;91,7;13,0;100,0;100,0;31,7;0,0;18,2;7;0,0;0;0,0;0,0;0;0,155;0,7;39,4;2060;4330;450;220;0,3;0,0;0;0,0;0,0;0;0,0;0,0;0;0,0;0,0;2,16;0,0;Plintossolo pétrico;Afluente s/n do Córrego do General;Bacia do Rio Cuiabá;Bacia do Rio Cuiabá;0,8;;Sentinel-2 de 23/08/2026, pixels de 10 m;Landsat de 13/08/2026, pixels de 30 m
510840205000302;Várzea Grande;Urbana;São Simão;Várzea Grande;;0,527;1005;1906,8;336;3;8,4;17,4;50,4;82,6;;83,9;81,8;2,7;59,2;97,3;1,5;2030,0;1300,0;2,4;54,9;57,3;20,4;76,4;56,6;2,2;8,0;44,4;7;3,4;35;6,7;12,4;67;0,279;17,6;39,1;1240;1120;2870;2170;0,0;0,0;0;0,0;5,3;53;15,6;0,0;0;0,0;11,6;2,15;0,3;Plintossolo pétrico;Córrego Piçarão;Bacia do Rio Cuiabá;Bacia do Rio Cuiabá;92,3;;Sentinel-2 de 23/08/2026, pixels de 10 m;Landsat de 13/08/2026, pixels de 30 m
510840205000303;Várzea Grande;Urbana;São Matheus;Várzea Grande;;0,144;545;3785,5;213;2,6;8,4;18,9;47,3;84,2;0,0;55,9;46,5;31,5;1,9;100,0;;1863,0;1600,0;10,0;0,0;85,3;14,3;98,5;0,0;0,0;0,0;56,6;7;0,0;0;0,0;0,0;0;0,252;7,8;40,1;1010;5350;910;430;1,0;0,0;0;0,0;0,0;0;0,0;0,0;0;0,0;0,0;2,16;0,0;Plintossolo pétrico;Afluente s/n do Rio Formigueiro;Bacia do Rio Cuiabá;Bacia do Rio Cuiabá;20,6;;Sentinel-2 de 23/08/2026, pixels de 10 m;Landsat de 13/08/2026, pixels de 30 m
510840205000304;Várzea Grande;Urbana;São Simão;Várzea Grande;;0,153;763;4988,3;256;3;8,7;16,4;51,1;82,8;0,0;39,8;94,9;6,2;80,5;100,0;;1915,7;1212,0;5,2;88,5;70,0;0,5;99,9;68,4;0,0;0,5;46,9;7;0,0;0;0,0;0,0;0;0,235;6,5;39,3;1620;1360;2110;1980;0,2;0,0;0;0,0;0,0;0;0,0;0,0;0;0,0;0,0;2,16;0,0;Plintossolo pétrico;Córrego Piçarão;Bacia do Rio Cuiabá;Bacia do Rio Cuiabá;13,0;;Sentinel-2 de 23/08/2026, pixels de 10 m;Landsat de 13/08/2026, pixels de 30 m
510840205000305;Várzea Grande;Urbana;Novo Mundo;Várzea Grande;;0,254;1100;4338,5;348;3,2;3,7;20,5;50,7;84,1;0,0;97,4;32,5;97,1;0,9;99,7;0,0;1804,3;1500,0;1,6;100,0;66,9;10,5;91,5;100,0;97,3;0,0;20,4;7;0,0;0;0,0;0,0;0;0,212;9,6;39,7;3060;6270;870;220;0,6;0,0;0;0,0;0,0;0;0,0;0,0;0;0,0;0,6;2,16;0,0;Plintossolo pétrico;Afluente s/n do Rio Pari;Bacia do Rio Cuiabá;Bacia do Rio Cuiabá;22,2;;Sentinel-2 de 23/08/2026, pixels de 10 m;Landsat de 13/08/2026, pixels de 30 m
510840205000306;Várzea Grande;Urbana;Jardim dos Estados;Várzea Grande;;0,962;46;47,8;17;2,7;6,5;;41,3;80,4;0,0;100,0;100,0;;0,0;100,0;0,0;3324,2;3000,0;;;;;;;;;;0;4,5;2;6,9;18,8;3;0,262;16,1;39,7;1920;4220;330;340;0,6;0,0;0;0,0;1,7;1;10,6;0,0;0;0,0;42,3;2,09;0,0;Plintossolo pétrico;Afluente s/n do Córrego do General;Bacia do Rio Cuiabá;Bacia do Rio Cuiabá;;;Sentinel-2 de 23/08/2026, pixels de 10 m;Landsat de 13/08/2026, pixels de 30 m
510840205000307;Várzea Grande;Urbana;Jardim dos Estados;Várzea Grande;;0,627;7;11,2;2;3,5;;;;;;;;;;;;;;;;;;;;;;;0;14,7;1;26,9;43,1;2;0,369;33,3;39,4;2070;5020;700;880;0,3;0,0;0;0,0;20,8;1;33,9;0,0;0;0,0;43,2;2,08;1,3;Plintossolo pétrico;Afluente s/n do Córrego do General;Bacia do Rio Cuiabá;Bacia do Rio Cuiabá;;;Sentinel-2 de 23/08/2026, pixels de 10 m;Landsat de 13/08/2026, pixels de 30 m
510840205000308;Várzea Grande;Urbana;Ikaray;Várzea Grande;;0,191;815;4256,3;274;3;8,5;18,4;52,4;77,5;0,5;91,2;71,9;3,3;58,8;100,0;2,6;2167,6;1300,0;6,2;91,8;50,8;2,7;100,0;91,8;73,5;0,0;42,0;7;0,0;0;0,0;0,0;0;0,195;3,8;40,5;650;1670;1080;1130;1,4;0,0;0;0,0;0,0;0;0,0;0,0;0;0,0;5,0;2,15;0,0;Plintossolo pétrico;Afluente s/n do Córrego Traíra;Bacia do Rio Cuiabá;Bacia do Rio Cuiabá;8,9;;Sentinel-2 de 23/08/2026, pixels de 10 m;Landsat de 13/08/2026, pixels de 30 m
510840205000309;Várzea Grande;Urbana;São Matheus;Várzea Grande;;1,215;43;35,4;10;4,3;20,9;18,6;53,5;69,8;0,0;0,0;90,0;0,0;60,0;0,0;0,0;4219,0;1850,0;13,3;;;;;;;;;0;2,4;1;9,5;17,0;4;0,123;4,0;39,9;2920;7170;2720;2520;0,8;0,0;0;0,0;0,6;0;8,1;0,0;0;0,0;45,7;2,09;1,3;Plintossolo pétrico;Afluente s/n do Rio Formigueiro;Bacia do Rio Cuiabá;Bacia do Rio Cuiabá;;;Sentinel-2 de 23/08/2026, pixels de 10 m;Landsat de 13/08/2026, pixels de 30 m
510840205000310;Várzea Grande;Urbana;Primavera;Várzea Grande;;0,462;556;1203,3;187;3;8,1;18,9;49,5;80,9;;90,9;88,8;2,1;82,4;87,2;;1700,2;1300,0;9,7;37,1;24,8;0,0;71,2;25,5;0,0;0,4;61,7;7;5,0;28;12,8;21,5;71;0,353;26,4;38,4;2000;230;2060;2310;-0,7;0,0;0;0,0;15,6;87;16,0;0,0;0;0,0;43,7;2,09;0,0;Plintossolo pétrico;Córrego Piçarão;Bacia do Rio Cuiabá;Bacia do Rio Cuiabá;219,4;;Sentinel-2 de 23/08/2026, pixels de 10 m;Landsat de 13/08/2026, pixels de 30 m
510840205000311;Várzea Grande;Urbana;Vitória Régia;Várzea Grande;;0,301;486;1616,3;160;3;3,1;21,8;48,8;73,5;0,0;99,4;98,1;100,0;0,0;100,0;0,0;2381,5;1700,0;2,1;100,0;39,3;0,0;100,0;99,0;100,0;0,0;22,4;7;0,0;0;0,0;11,5;0;0,283;24,1;37,9;1810;2680;640;600;-1,2;5,6;27;0,0;5,8;28;19,4;5,6;27;0,0;35,2;2,1;0,0;Plintossolo pétrico;Afluente s/n do Rio Cuiabá;Bacia do Rio Cuiabá;Bacia do Rio Cuiabá;149,3;;Sentinel-2 de 23/08/2026, pixels de 10 m;Landsat de 13/08/2026, pixels de 30 m
510840205000312;Várzea Grande;Urbana;Vitória Régia;Várzea Grande;;0,053;375;7043,9;128;2,9;4,3;16,5;50,7;71,2;;100,0;98,4;98,4;0,0;100,0;0,0;2408,8;2000,0;2,9;100,0;100,0;97,9;100,0;100,0;74,9;0,0;14,5;7;0,0;0;0,0;0,0;0;0,186;4,3;37,9;1990;2560;560;510;-1,2;0,0;0;0,0;0,0;0;0,0;0,0;0;0,0;1,2;2,16;0,0;Plintossolo pétrico;Afluente s/n do Rio Cuiabá;Bacia do Rio Cuiabá;Bacia do Rio Cuiabá;6,1;;Sentinel-2 de 23/08/2026, pixels de 10 m;Landsat de 13/08/2026, pixels de 30 m
510840205000313;Várzea Grande;Urbana;Costa Verde;Várzea Grande;;0,356;948;2660,6;288;3,3;6,8;19,6;52,0;80,5;;89,2;70,5;1,4;60,4;99,3;0,0;2120,5;1800,0;3,0;69,8;60,7;21,2;96,8;45,0;3,1;0,0;41,1;7;14,9;141;40,1;61,3;381;0,327;28,6;38,8;1600;2850;450;1360;-0,3;1,7;16;0,0;5,1;49;8,4;3,7;35;1,5;29,4;2,12;1,0;Plintossolo pétrico;Afluente s/n do Rio Cuiabá;Bacia do Rio Cuiabá;Bacia do Rio Cuiabá;107,4;;Sentinel-2 de 23/08/2026, pixels de 10 m;Landsat de 13/08/2026, pixels de 30 m
510840205000314;Várzea Grande;Urbana;Parque do Lago;Várzea Grande;;0,165;667;4045,1;216;3,1;6,3;18,0;47,5;88,6;0,0;76,9;75,0;68,1;7,4;91,2;15,7;1757,6;1212,0;7,5;73,5;35,8;0,0;95,5;63,6;19,3;0,0;44,2;7;0,0;0;0,0;0,0;0;0,291;16,5;39,0;1180;3670;1510;2420;-0,1;2,3;16;0,0;10,9;73;39,6;10,8;72;0,0;18,4;2,2;23,3;Plintossolo pétrico;Córrego do Aeroporto;Bacia do Rio Cuiabá;Bacia do Rio Cuiabá;40,8;;Sentinel-2 de 23/08/2026, pixels de 10 m;Landsat de 13/08/2026, pixels de 30 m
510840205000315;Várzea Grande;Urbana;Parque do Lago;Várzea Grande;;0,354;719;2030,0;237;3;6,5;19,3;51,6;79,7;0,0;96,6;81,4;23,2;71,3;89,5;0,0;1638,1;1200,0;3,6;69,5;77,1;42,7;92,2;65,9;66,1;0,0;38,8;7;21,9;157;84,7;99,5;609;0,401;38,1;37,2;260;3790;560;1500;-1,9;94,4;678;65,9;85,8;617;96,7;94,3;678;75,3;33,3;2,11;0,0;Plintossolo pétrico;Afluente s/n do Rio Cuiabá;Bacia do Rio Cuiabá;Bacia do Rio Cuiabá;187,6;;Sentinel-2 de 23/08/2026, pixels de 10 m;Landsat de 13/08/2026, pixels de 30 m
510840205000316;Várzea Grande;Urbana;Parque do Lago;Várzea Grande;;0,122;602;4934,6;192;3,1;10,3;15,0;49,8;76,4;0,0;100,0;91,7;62,5;30,2;100,0;;1937,7;1300,0;5,9;100,0;51,5;0,0;100,0;93,0;67,4;5,5;31,3;7;0,7;4;34,9;50,7;210;0,277;15,6;39,2;320;3310;360;1090;0,1;0,0;0;0,0;0,0;0;13,1;3,4;20;0,0;0,0;2,16;0,0;Plintossolo pétrico;Afluente s/n do Rio Cuiabá;Bacia do Rio Cuiabá;Bacia do Rio Cuiabá;31,6;;Sentinel-2 de 23/08/2026, pixels de 10 m;Landsat de 13/08/2026, pixels de 30 m
510840205000317;Várzea Grande;Urbana;23 de Setembro;Várzea Grande;;1,102;55;49,9;15;3,5;7,3;7,3;50,9;63,6;0,0;73,3;93,3;0,0;26,7;80,0;0,0;2960,8;2500,0;9,1;;;;;;;;59,0;5;25,0;14;28,7;51,7;16;0,404;40,0;36,6;1750;2440;930;460;-2,5;50,6;28;21,4;23,3;13;77,6;52,8;29;38,0;15,5;2,07;0,0;Plintossolo pétrico;Afluente s/n do Rio Cuiabá;Bacia do Rio Cuiabá;Bacia do Rio Cuiabá;8014,5;;Sentinel-2 de 23/08/2026, pixels de 10 m;Landsat de 13/08/2026, pixels de 30 m
510840205000318;Várzea Grande;Urbana;São Matheus;Várzea Grande;;0,386;244;632,1;87;2,8;12,3;15,6;48,0;84,4;0,0;55,2;82,8;0,0;54,0;79,3;;1773,4;1220,0;9,9;;;;;;;;68,8;5;9,5;23;5,9;37,2;14;0,227;8,9;40,1;660;4000;930;370;1,0;0,0;0;0,0;0,0;0;8,7;0,0;0;0,0;15,9;2,15;10,6;Plintossolo pétrico;Córrego Piçarão;Bacia do Rio Cuiabá;Bacia do Rio Cuiabá;140,8;;Sentinel-2 de 23/08/2026, pixels de 10 m;Landsat de 13/08/2026, pixels de 30 m
510840205000321;Várzea Grande;Urbana;Petrópolis;Várzea Grande;;0,051;600;11678,9;218;2,8;6,8;18,2;51,3;55,2;0,0;99,5;97,2;99,5;0,0;100,0;0,0;6151,4;4600,0;1,1;100,0;100,0;100,0;100,0;100,0;100,0;100,0;6,5;7;0,0;0;41,4;82,8;248;0,212;12,5;37,8;1560;4210;660;460;-1,3;0,0;0;0,0;12,2;73;12,2;0,0;0;0,0;0,0;2,1;0,0;Plintossolo pétrico;Afluente s/n do Córrego do General;Bacia do Rio Cuiabá;Bacia do Rio Cuiabá;10,6;;Sentinel-2 de 23/08/2026, pixels de 10 m;Landsat de 13/08/2026, pixels de 30 m
510840205000322;Várzea Grande;Urbana;Petrópolis;Várzea Grande;;0,103;613;5976,6;225;2,7;6,9;17,1;51,2;48,0;0,0;100,0;98,7;96,0;1,3;100,0;0,0;6603,4;5000,0;;100,0;100,0;100,0;100,0;100,0;100,0;0,0;6,2;6;26,2;161;10,2;64,3;63;0,292;25,6;38,2;1730;4010;870;320;-0,9;0,0;0;0,0;9,0;55;26,3;0,0;0;0,0;0,0;2,1;0,0;Plintossolo pétrico;Afluente s/n do Córrego do General;Bacia do Rio Cuiabá;Bacia do Rio Cuiabá;43,0;;Sentinel-2 de 23/08/2026, pixels de 10 m;Landsat de 13/08/2026, pixels de 30 m
510840205000323;Várzea Grande;Urbana;Petrópolis;Várzea Grande;;0,071;534;7472,7;191;2,8;5,6;19,7;52,1;53,9;0,0;100,0;100,0;97,4;0,0;100,0;0,0;7104,6;5100,0;0,8;100,0;100,0;100,0;100,0;100,0;100,0;0,0;5,5;7;1,0;5;0,0;80,5;0;0,16;0,0;39,1;1960;3710;1170;80;0,0;0,0;0;0,0;0,0;0;0,1;0,0;0;0,0;0,0;2,1;0,0;Plintossolo pétrico;Afluente s/n do Córrego do General;Bacia do Rio Cuiabá;Bacia do Rio Cuiabá;0,0;;Sentinel-2 de 23/08/2026, pixels de 10 m;Landsat de 13/08/2026, pixels de 30 m
510840205000324;Várzea Grande;Urbana;Petrópolis;Várzea Grande;;0,112;594;5283,1;217;2,7;6,7;19,4;52,2;49,2;;100,0;100,0;98,6;0,0;100,0;0,0;7132,0;5000,0;;100,0;0,0;0,0;100,0;100,0;100,0;0,0;21,9;6;26,6;158;14,5;86,3;86;0,163;0,0;40,8;2130;3480;1400;250;1,7;0,0;0;0,0;0,0;0;5,7;0,0;0;0,0;0,0;2,1;0,0;Plintossolo pétrico;Afluente s/n do Córrego do General;Bacia do Rio Cuiabá;Bacia do Rio Cuiabá;0,0;;Sentinel-2 de 23/08/2026, pixels de 10 m;Landsat de 13/08/2026, pixels de 30 m
510840205000325;Várzea Grande;Urbana;Petrópolis;Várzea Grande;;0,447;977;2184,2;351;2,8;4,3;19,8;48,5;72,4;;99,7;90,9;95,4;2,8;100,0;0,0;3153,2;2500,0;1,0;100,0;82,2;19,0;100,0;100,0;90,2;0,0;13,8;7;0,2;2;8,5;29,5;83;0,293;23,2;38,1;1460;4180;720;370;-1,0;0,0;0;0,0;10,1;99;20,9;0,0;0;0,0;23,4;2,06;0,0;Plintossolo pétrico;Afluente s/n do Córrego do General;Bacia do Rio Cuiabá;Bacia do Rio Cuiabá;106,1;;Sentinel-2 de 23/08/2026, pixels de 10 m;Landsat de 13/08/2026, pixels de 30 m
510840205000326;Várzea Grande;Urbana;Petrópolis;Várzea Grande;;1,225;424;346,1;145;2,9;11,8;13,2;46,9;68,6;0,0;56,6;69,0;2,8;95,2;82,8;;2034,7;1212,0;7,4;26,7;57,3;23,6;93,4;25,0;21,0;3,1;60,9;7;2,6;11;1,9;19,9;8;0,289;14,2;38,6;1900;3240;2110;890;-0,5;12,5;53;8,5;10,9;46;16,7;12,9;55;9,2;23,1;2,09;0,0;Plintossolo pétrico;Afluente s/n do Rio Cuiabá;Bacia do Rio Cuiabá;Bacia do Rio Cuiabá;410,3;;Sentinel-2 de 23/08/2026, pixels de 10 m;Landsat de 13/08/2026, pixels de 30 m
510840205000327;Várzea Grande;Urbana;Novo Mundo;Várzea Grande;;0,066;718;10822,2;229;3,1;4,2;20,9;53,6;78,1;0,8;99,6;88,6;96,1;0,0;100,0;;2315,1;1800,0;2,2;100,0;77,6;3,6;100,0;100,0;97,4;14,1;17,6;7;0,0;0;0,0;0,0;0;0,116;0,0;39,6;2770;5890;430;210;0,5;0,0;0;0,0;0,0;0;0,0;0,0;0;0,0;0,0;2,16;0,0;Plintossolo pétrico;Afluente s/n do Rio Pari;Bacia do Rio Cuiabá;Bacia do Rio Cuiabá;0,0;;Sentinel-2 de 23/08/2026, pixels de 10 m;Landsat de 13/08/2026, pixels de 30 m
510840205000328;Várzea Grande;Urbana;Novo Mundo;Várzea Grande;;0,077;286;3720,6;100;2,9;8,7;14,3;55,6;74,8;1,0;99,0;100,0;99,0;0,0;100,0;0,0;3347,8;2000,5;1,8;100,0;100,0;75,9;100,0;100,0;100,0;0,0;11,3;7;36,9;106;27,0;67,0;77;0,397;44,5;37,2;1240;5210;350;350;-1,9;0,0;0;0,0;24,2;69;32,0;0,0;0;0,0;19,0;2,07;0,0;Plintossolo pétrico;Afluente s/n do Córrego do General;Bacia do Rio Cuiabá;Bacia do Rio Cuiabá;119,8;;Sentinel-2 de 23/08/2026, pixels de 10 m;Landsat de 13/08/2026, pixels de 30 m
510840205000329;Várzea Grande;Urbana;Costa Verde;Várzea Grande;;0,901;75;83,2;19;3,9;14,7;14,7;57,3;81,3;;84,2;89,5;15,8;21,1;89,5;0,0;2750,6;1655,0;;25,3;100,0;89,3;97,3;21,3;13,3;0,0;43,8;6;8,0;6;14,9;23,7;11;0,437;48,0;37,9;1960;3190;1340;2050;-1,2;4,7;4;1,1;8,4;6;35,6;13,3;10;5,6;57,8;2,1;8,2;Plintossolo pétrico;Córrego do Aeroporto;Bacia do Rio Cuiabá;Bacia do Rio Cuiabá;5766,4;;Sentinel-2 de 23/08/2026, pixels de 10 m;Landsat de 13/08/2026, pixels de 30 m
510840205000331;Várzea Grande;Urbana;Costa Verde;Várzea Grande;;0,215;528;2459,6;209;2,5;15,3;12,9;50,2;63,4;;76,1;78,5;13,9;20,1;100,0;0,0;4193,6;2500,0;3,0;96,8;82,4;5,3;100,0;94,5;5,9;0,0;29,9;7;0,0;0;0,0;27,0;0;0,182;2,8;39,8;540;1430;580;280;0,7;0,0;0;0,0;0,0;0;0,0;0,0;0;0,0;0,0;2,16;0,0;Plintossolo pétrico;Afluente s/n do Rio Cuiabá;Bacia do Rio Cuiabá;Bacia do Rio Cuiabá;11,4;;Sentinel-2 de 23/08/2026, pixels de 10 m;Landsat de 13/08/2026, pixels de 30 m
510840205000332;Várzea Grande;Urbana;Costa Verde;Várzea Grande;;0,108;506;4703,8;203;2,5;11,1;13,8;50,2;66,6;0,0;43,3;96,6;19,7;0,0;100,0;0,0;2907,2;2500,0;1,2;100,0;94,5;67,4;100,0;100,0;0,0;0,0;32,2;7;0,0;0;0,0;0,0;0;0,122;1,3;39,5;120;1890;250;370;0,4;0,0;0;0,0;0,0;0;0,0;0,0;0;0,0;0,0;2,16;0,0;Plintossolo pétrico;Afluente s/n do Córrego Traíra;Bacia do Rio Cuiabá;Bacia do Rio Cuiabá;2,8;;Sentinel-2 de 23/08/2026, pixels de 10 m;Landsat de 13/08/2026, pixels de 30 m
510840205000333;Várzea Grande;Urbana;Ikaray;Várzea Grande;;0,136;624;4580,0;225;2,8;6,4;13,6;51,4;68,9;0,0;98,2;90,2;56,4;41,3;100,0;0,0;2762,6;2500,0;1,4;84,3;72,9;3,8;98,9;84,3;63,1;4,6;24,5;7;0,0;0;0,0;0,0;0;0,183;3,2;40,6;740;1460;1500;1550;1,5;0,0;0;0,0;0,0;0;0,0;0,0;0;0,0;1,3;2,16;0,0;Plintossolo pétrico;Afluente s/n do Córrego Traíra;Bacia do Rio Cuiabá;Bacia do Rio Cuiabá;7,0;;Sentinel-2 de 23/08/2026, pixels de 10 m;Landsat de 13/08/2026, pixels de 30 m
510840205000334;Várzea Grande;Urbana;Ikaray;Várzea Grande;;0,151;731;4835,3;248;2,9;6,8;19,8;48,7;82,5;;87,9;46,4;3,2;47,6;99,6;0,0;1806,4;1400,0;3,5;31,6;74,8;7,0;100,0;45,8;13,1;0,0;46,0;7;0,0;0;0,0;0,0;0;0,237;6,5;39,9;940;1280;1410;1460;0,8;0,0;0;0,0;0,0;0;0,0;0,0;0;0,0;8,0;2,15;0,0;Plintossolo pétrico;Afluente s/n do Córrego Traíra;Bacia do Rio Cuiabá;Bacia do Rio Cuiabá;13,4;;Sentinel-2 de 23/08/2026, pixels de 10 m;Landsat de 13/08/2026, pixels de 30 m
510840205000335;Várzea Grande;Urbana;Jardim dos Estados;Várzea Grande;;0,191;769;4023,5;257;3;10,1;15,7;50,2;63,5;;87,5;94,2;37,0;45,5;99,6;0,0;2672,9;2000,0;2,5;89,1;76,6;27,6;98,0;88,9;27,4;0,0;29,1;7;0,0;0;0,0;0,0;0;0,147;1,4;40,5;1380;4320;700;330;1,4;0,0;0;0,0;0,0;0;0,0;0,0;0;0,0;0,0;2,16;0,0;Plintossolo pétrico;Afluente s/n do Córrego do General;Bacia do Rio Cuiabá;Bacia do Rio Cuiabá;3,5;;Sentinel-2 de 23/08/2026, pixels de 10 m;Landsat de 13/08/2026, pixels de 30 m
510840205000336;Várzea Grande;Urbana;Jardim dos Estados;Várzea Grande;;1,029;175;170,1;55;3,2;14,3;13,7;50,9;76,0;0,0;25,5;90,9;0,0;5,5;94,5;;2195,0;1500,0;4,4;34,3;86,9;48,6;88,6;47,4;12,0;0,0;54,6;7;4,2;7;4,9;13,1;9;0,203;12,1;40,7;1800;4900;760;450;1,6;0,0;0;0,0;0,0;0;2,4;0,0;0;0,0;11,8;2,15;3,1;Plintossolo pétrico;Afluente s/n do Córrego do General;Bacia do Rio Cuiabá;Bacia do Rio Cuiabá;711,5;;Sentinel-2 de 23/08/2026, pixels de 10 m;Landsat de 13/08/2026, pixels de 30 m
510840205000338;Várzea Grande;Urbana;Paiaguás;Várzea Grande;;0,114;943;8268,8;314;3;1,3;25,3;47,5;79,2;0,0;98,7;99,4;90,4;2,2;100,0;0,0;2409,6;2000,0;;99,0;63,2;28,8;99,0;99,0;66,4;0,0;21,2;6;0,0;0;0,0;0,0;0;0,119;0,1;38,9;1730;2770;1170;1030;-0,2;0,0;0;0,0;0,0;0;0,0;0,0;0;0,0;0,0;2,16;0,0;Plintossolo pétrico;Córrego Piçarão;Bacia do Rio Cuiabá;Bacia do Rio Cuiabá;0,1;;Sentinel-2 de 23/08/2026, pixels de 10 m;Landsat de 13/08/2026, pixels de 30 m
510840205000341;Várzea Grande;Urbana;Ikaray;Várzea Grande;;0,148;654;4432,1;223;2,9;9,8;16,1;50,0;82,7;;83,0;88,8;54,7;8,1;100,0;0,0;1973,8;1340,0;4,2;100,0;61,9;6,1;100,0;100,0;45,1;0,6;31,6;7;6,5;42;16,6;28,4;108;0,302;21,3;38,4;650;1190;490;490;-0,7;0,0;0;0,0;8,9;58;20,0;0,0;0;0,0;18,1;2,12;0,0;Plintossolo pétrico;Afluente s/n do Córrego Traíra;Bacia do Rio Cuiabá;Bacia do Rio Cuiabá;48,2;;Sentinel-2 de 23/08/2026, pixels de 10 m;Landsat de 13/08/2026, pixels de 30 m
510840205000342;Várzea Grande;Urbana;Ikaray;Várzea Grande;;0,107;378;3547,5;125;3;14,0;15,6;48,7;84,9;0,0;87,2;88,8;59,2;16,0;100,0;0,0;1626,5;1212,0;7,2;99,5;40,5;0,0;99,5;93,4;47,9;1,9;37,9;7;9,8;37;17,0;36,3;64;0,317;19,2;37,6;740;1440;320;370;-1,5;0,0;0;0,0;7,4;28;14,3;0,0;0;0,0;24,8;2,11;0,0;Plintossolo pétrico;Afluente s/n do Córrego Traíra;Bacia do Rio Cuiabá;Bacia do Rio Cuiabá;54,3;;Sentinel-2 de 23/08/2026, pixels de 10 m;Landsat de 13/08/2026, pixels de 30 m
510840205000343;Várzea Grande;Urbana;Primavera;Várzea Grande;;0,392;632;1611,6;209;3;2,8;20,7;53,8;76,7;;97,1;87,1;35,4;55,5;99,5;;1961,7;1600,0;2,7;78,2;76,4;47,8;100,0;77,8;61,7;0,0;31,7;7;2,5;16;4,4;22,8;28;0,272;10,6;39,5;1380;1100;1090;1790;0,4;0,0;0;0,0;2,9;18;6,4;0,0;0;0,0;19,2;2,14;0,0;Plintossolo pétrico;Afluente s/n do Córrego Traíra;Bacia do Rio Cuiabá;Bacia do Rio Cuiabá;65,7;;Sentinel-2 de 23/08/2026, pixels de 10 m;Landsat de 13/08/2026, pixels de 30 m
510840205000344;Várzea Grande;Urbana;Primavera;Várzea Grande;;0,146;820;5629,3;270;3;11,2;16,6;52,1;76,3;0,0;90,4;90,0;57,8;32,6;95,6;0,0;2144,7;1500,0;2,2;84,6;79,5;45,9;98,3;83,2;63,2;0,0;27,8;7;0,0;0;0,0;0,0;0;0,221;8,2;38,7;1780;690;1460;1890;-0,4;0,0;0;0,0;2,6;21;2,6;0,0;0;0,0;10,1;2,15;0,0;Plintossolo pétrico;Córrego Piçarão;Bacia do Rio Cuiabá;Bacia do Rio Cuiabá;14,6;;Sentinel-2 de 23/08/2026, pixels de 10 m;Landsat de 13/08/2026, pixels de 30 m
510840205000345;Várzea Grande;Urbana;Santa Izabel;Várzea Grande;;0,658;261;396,7;90;2,9;5,0;17,2;48,7;73,6;;90,0;94,4;15,6;31,1;97,8;0,0;2450,3;2000,0;2,4;71,6;77,8;36,8;100,0;71,6;21,1;3,8;34,9;7;7,9;21;6,9;15,2;18;0,331;32,1;39,8;800;3900;830;620;0,7;0,0;0;0,0;0,0;0;10,8;0,0;0;0,0;28,5;2,11;2,2;Plintossolo pétrico;Afluente s/n do Córrego Traíra;Bacia do Rio Cuiabá;Bacia do Rio Cuiabá;809,3;;Sentinel-2 de 23/08/2026, pixels de 10 m;Landsat de 13/08/2026, pixels de 30 m
510840205000346;Várzea Grande;Urbana;Santa Izabel;Várzea Grande;;0,09;819;9147,9;274;3;5,6;21,2;50,8;62,9;0,0;89,4;62,0;93,8;3,6;100,0;0,0;4379,3;4000,0;0,5;100,0;21,9;17,7;100,0;100,0;100,0;0,0;21,7;7;0,0;0;0,0;5,8;0;0,134;0,1;40,4;540;3660;350;120;1,3;0,0;0;0,0;0,0;0;0,0;0,0;0;0,0;0,0;2,16;0,0;Plintossolo pétrico;Afluente s/n do Córrego Traíra;Bacia do Rio Cuiabá;Bacia do Rio Cuiabá;0,1;;Sentinel-2 de 23/08/2026, pixels de 10 m;Landsat de 13/08/2026, pixels de 30 m
510840205000347;Várzea Grande;Urbana;Centro Norte;Várzea Grande;;0,095;207;2185,2;83;2,5;25,6;12,1;49,8;55,6;;56,6;89,2;37,3;0,0;97,6;0,0;4736,4;3000,5;2,3;100,0;96,6;0,0;100,0;100,0;72,5;0,0;26,0;7;0,0;0;0,0;0,0;0;0,167;4,3;39,2;310;680;460;410;0,1;0,0;0;0,0;0,0;0;0,0;0,0;0;0,0;0,0;2,16;0,0;Plintossolo pétrico;Afluente s/n do Rio Cuiabá;Bacia do Rio Cuiabá;Bacia do Rio Cuiabá;19,7;;Sentinel-2 de 23/08/2026, pixels de 10 m;Landsat de 13/08/2026, pixels de 30 m
510840205000348;Várzea Grande;Urbana;Centro Norte;Várzea Grande;;0,084;178;2116,1;65;2,7;20,8;10,1;47,2;63,5;0,0;93,8;75,4;35,4;0,0;100,0;0,0;4063,2;2500,0;;100,0;27,5;0,0;100,0;100,0;43,3;0,0;33,2;6;0,0;0;0,0;0,0;0;0,245;18,5;38,8;170;910;360;280;-0,3;0,0;0;0,0;0,0;0;0,0;0,0;0;0,0;0,0;2,16;0,0;Plintossolo pétrico;Afluente s/n do Rio Cuiabá;Bacia do Rio Cuiabá;Bacia do Rio Cuiabá;87,3;;Sentinel-2 de 23/08/2026, pixels de 10 m;Landsat de 13/08/2026, pixels de 30 m
510840205000349;Várzea Grande;Urbana;Costa Verde;Várzea Grande;;0,154;539;3500,7;190;2,8;11,7;15,2;50,1;72,2;0,0;96,3;96,3;9,5;68,9;95,8;0,0;2608,9;2000,0;4,3;77,8;72,0;19,6;86,2;75,2;71,3;0,0;36,9;7;12,9;70;29,3;57,5;158;0,319;25,4;39,4;980;1710;610;510;0,3;0,0;0;0,0;14,2;77;24,8;0,0;0;0,0;23,7;2,12;0,0;Plintossolo pétrico;Afluente s/n do Rio Cuiabá;Bacia do Rio Cuiabá;Bacia do Rio Cuiabá;72,6;;Sentinel-2 de 23/08/2026, pixels de 10 m;Landsat de 13/08/2026, pixels de 30 m
510840205000350;Várzea Grande;Urbana;Costa Verde;Várzea Grande;;0,087;448;5164,1;169;2,7;11,2;11,4;49,3;61,6;;93,5;90,5;2,4;60,9;100,0;0,0;4072,1;3000,0;1,1;94,9;73,0;0,0;100,0;94,9;93,8;0,2;28,6;7;0,0;0;0,0;0,0;0;0,168;0,6;40,0;760;1940;370;390;0,9;0,0;0;0,0;0,0;0;0,0;0,0;0;0,0;0,0;2,16;0,0;Plintossolo pétrico;Afluente s/n do Rio Cuiabá;Bacia do Rio Cuiabá;Bacia do Rio Cuiabá;1,2;;Sentinel-2 de 23/08/2026, pixels de 10 m;Landsat de 13/08/2026, pixels de 30 m
510840205000351;Várzea Grande;Urbana;São Matheus;Várzea Grande;;1,104;649;587,6;233;2,8;6,5;16,9;50,1;70,4;;97,4;99,1;80,3;0,0;99,1;;2647,8;2000,0;0,8;99,7;98,8;81,5;99,7;99,7;84,3;27,4;15,0;7;7,6;49;21,6;47,6;140;0,193;5,1;40,4;1620;5730;1330;1670;1,3;0,0;0;0,0;0,0;0;2,9;0,0;0;0,0;39,6;2,11;8,5;Plintossolo pétrico;Afluente s/n do Rio Formigueiro;Bacia do Rio Cuiabá;Bacia do Rio Cuiabá;86,8;;Sentinel-2 de 23/08/2026, pixels de 10 m;Landsat de 13/08/2026, pixels de 30 m
510840205000352;Várzea Grande;Urbana;São Matheus;Várzea Grande;;0,245;750;3057,4;246;3;3,3;21,2;48,4;76,4;;97,2;94,7;82,1;0,0;100,0;0,0;2947,0;2300,0;0,7;100,0;86,1;72,4;100,0;100,0;98,1;21,3;15,6;7;0,4;3;5,1;13,4;38;0,182;4,1;39,5;2170;6280;1850;2100;0,4;0,0;0;0,0;0,0;0;1,9;0,0;0;0,0;0,0;2,16;2,8;Plintossolo pétrico;Afluente s/n do Rio Formigueiro;Bacia do Rio Cuiabá;Bacia do Rio Cuiabá;13,4;;Sentinel-2 de 23/08/2026, pixels de 10 m;Landsat de 13/08/2026, pixels de 30 m
510840205000353;Várzea Grande;Urbana;Mapim;Várzea Grande;;0,067;446;6662,4;147;3;12,1;13,7;53,8;75,8;0,0;85,7;87,8;3,4;0,0;100,0;0,0;2600,4;2000,0;2,3;100,0;66,1;9,4;100,0;100,0;21,3;0,0;34,1;7;0,0;0;0,0;0,0;0;0,157;2,1;39,9;2090;4310;270;1180;0,8;0,0;0;0,0;0,0;0;0,0;0,0;0;0,0;0,0;2,1;0,0;Plintossolo pétrico;Afluente s/n do Córrego do General;Bacia do Rio Cuiabá;Bacia do Rio Cuiabá;3,2;;Sentinel-2 de 23/08/2026, pixels de 10 m;Landsat de 13/08/2026, pixels de 30 m
510840205000354;Várzea Grande;Urbana;Mapim;Várzea Grande;;0,091;611;6729,0;209;2,9;13,4;14,1;48,4;70,5;0,0;86,6;97,1;7,7;87,6;100,0;0,0;2586,3;2000,0;3,3;84,1;65,6;0,0;98,7;90,3;33,4;12,4;36,8;7;0,0;0;0,0;0,0;0;0,156;2,3;40,0;2030;4240;270;1210;0,9;0,0;0;0,0;0,0;0;0,0;0,0;0;0,0;0,0;2,1;0,0;Plintossolo pétrico;Afluente s/n do Córrego do General;Bacia do Rio Cuiabá;Bacia do Rio Cuiabá;3,4;;Sentinel-2 de 23/08/2026, pixels de 10 m;Landsat de 13/08/2026, pixels de 30 m
510840205000355;Várzea Grande;Urbana;Mapim;Várzea Grande;;0,159;787;4937,8;270;2,9;11,8;15,5;50,1;75,0;;93,7;52,2;3,0;3,0;99,6;0,0;2243,2;1300,0;5,4;68,6;75,3;28,3;100,0;78,0;41,0;0,0;40,4;7;0,0;0;7,9;9,0;62;0,256;15,4;38,6;2190;4320;620;930;-0,5;0,0;0;0,0;8,2;64;9,8;0,0;0;0,0;1,1;2,1;0,0;Plintossolo pétrico;Afluente s/n do Córrego do General;Bacia do Rio Cuiabá;Bacia do Rio Cuiabá;31,1;;Sentinel-2 de 23/08/2026, pixels de 10 m;Landsat de 13/08/2026, pixels de 30 m
510840205000356;Várzea Grande;Urbana;Mapim;Várzea Grande;;0,097;373;3850,7;110;3,4;6,7;20,4;50,1;77,2;0,0;93,6;54,5;0,0;94,5;98,2;0,0;1526,0;1212,0;8,0;6,7;57,4;4,3;100,0;9,7;6,7;0,0;57,8;7;0,0;0;1,6;22,2;6;0,285;14,8;38,5;2110;4130;760;850;-0,6;0,0;0;0,0;0,0;0;0,0;0,0;0;0,0;0,0;2,1;0,0;Plintossolo pétrico;Afluente s/n do Córrego do General;Bacia do Rio Cuiabá;Bacia do Rio Cuiabá;38,5;;Sentinel-2 de 23/08/2026, pixels de 10 m;Landsat de 13/08/2026, pixels de 30 m
510840205000357;Várzea Grande;Urbana;Marajoara;Várzea Grande;;0,105;608;5800,3;200;3;9,4;16,0;52,8;79,1;0,0;47,5;76,5;2,0;1,5;100,0;0,0;1910,0;1300,0;6,2;100,0;22,0;0,0;100,0;100,0;11,7;10,2;52,7;7;0,0;0;0,0;0,0;0;0,19;4,5;40,2;630;3190;720;350;1,1;0,0;0;0,0;0,0;0;0,0;0,0;0;0,0;0,0;2,16;0,0;Plintossolo pétrico;Córrego Piçarão;Bacia do Rio Cuiabá;Bacia do Rio Cuiabá;7,8;;Sentinel-2 de 23/08/2026, pixels de 10 m;Landsat de 13/08/2026, pixels de 30 m
510840205000358;Várzea Grande;Urbana;Marajoara;Várzea Grande;;0,083;406;4878,4;144;2,8;11,1;12,3;50,7;65,5;0,0;68,8;75,0;10,4;0,0;99,3;0,0;2014,3;1500,0;2,4;100,0;57,9;12,6;100,0;99,3;0,0;20,2;38,7;7;0,0;0;0,0;0,0;0;0,182;2,3;40,0;290;2870;760;560;0,9;0,0;0;0,0;0,0;0;0,0;0,0;0;0,0;0,0;2,16;0,0;Plintossolo pétrico;Afluente s/n do Córrego Traíra;Bacia do Rio Cuiabá;Bacia do Rio Cuiabá;4,7;;Sentinel-2 de 23/08/2026, pixels de 10 m;Landsat de 13/08/2026, pixels de 30 m
510840205000359;Várzea Grande;Urbana;Petrópolis;Várzea Grande;;0,115;495;4302,2;167;3;9,5;14,7;51,9;68,7;0,0;83,2;54,5;15,6;74,9;100,0;0,0;2670,8;1825,0;4,2;46,3;45,7;0,8;100,0;39,0;4,6;0,0;45,2;7;0,0;0;0,0;0,0;0;0,207;4,0;39,7;270;5670;320;750;0,6;0,0;0;0,0;0,0;0;0,0;0,0;0;0,0;0,0;2,1;0,0;Plintossolo pétrico;Afluente s/n do Rio Pari;Bacia do Rio Cuiabá;Bacia do Rio Cuiabá;9,3;;Sentinel-2 de 23/08/2026, pixels de 10 m;Landsat de 13/08/2026, pixels de 30 m
510840205000360;Várzea Grande;Urbana;Petrópolis;Várzea Grande;;0,084;550;6544,5;186;3;7,5;15,6;48,0;74,5;0,0;86,6;43,5;7,0;89,8;99,5;;1808,8;1400,0;4,1;0,0;58,9;11,3;100,0;65,6;4,4;0,0;53,1;7;0,0;0;0,0;0,0;0;0,218;6,0;39,2;360;5560;440;960;0,1;0,0;0;0,0;0,0;0;0,0;0,0;0;0,0;0,0;2,1;0,0;Plintossolo pétrico;Afluente s/n do Rio Pari;Bacia do Rio Cuiabá;Bacia do Rio Cuiabá;9,2;;Sentinel-2 de 23/08/2026, pixels de 10 m;Landsat de 13/08/2026, pixels de 30 m
510840205000361;Várzea Grande;Urbana;Petrópolis;Várzea Grande;;0,119;534;4474,9;173;3,1;6,9;15,4;50,0;57,9;0,0;89,6;80,9;10,4;56,1;99,4;0,0;3210,0;2350,0;2,2;100,0;81,8;27,0;100,0;85,8;44,8;0,0;28,9;7;0,0;0;0,0;0,0;0;0,154;1,1;40,2;270;5520;220;520;1,1;0,0;0;0,0;0,0;0;0,0;0,0;0;0,0;0,0;2,1;0,0;Plintossolo pétrico;Afluente s/n do Rio Pari;Bacia do Rio Cuiabá;Bacia do Rio Cuiabá;2,5;;Sentinel-2 de 23/08/2026, pixels de 10 m;Landsat de 13/08/2026, pixels de 30 m
510840205000362;Várzea Grande;Urbana;Petrópolis;Várzea Grande;;0,131;629;4786,3;194;3,2;9,9;13,2;49,8;78,2;0,0;92,3;97,9;36,6;27,8;100,0;0,0;2583,3;2000,0;3,4;37,4;69,3;5,6;100,0;74,7;5,9;0,0;38,0;7;0,0;0;0,0;0,0;0;0,161;2,1;40,1;190;5260;200;930;1,0;0,0;0;0,0;0,0;0;0,0;0,0;0;0,0;0,0;2,1;0,0;Plintossolo pétrico;Afluente s/n do Rio Pari;Bacia do Rio Cuiabá;Bacia do Rio Cuiabá;4,4;;Sentinel-2 de 23/08/2026, pixels de 10 m;Landsat de 13/08/2026, pixels de 30 m
510840205000363;Várzea Grande;Urbana;Santa Izabel;Várzea Grande;;0,45;517;1149,5;175;3;10,8;15,5;49,3;66,2;;58,3;74,9;8,0;19,4;98,3;0,0;1909,1;1600,0;4,3;81,4;78,1;26,1;100,0;88,4;49,9;0,0;43,0;7;10,9;56;22,1;54,2;114;0,225;15,2;40,4;1360;4500;190;890;1,3;0,0;0;0,0;0,0;0;12,0;0,0;0;0,0;14,1;2,14;0,0;Plintossolo pétrico;Afluente s/n do Córrego Traíra;Bacia do Rio Cuiabá;Bacia do Rio Cuiabá;132,3;;Sentinel-2 de 23/08/2026, pixels de 10 m;Landsat de 13/08/2026, pixels de 30 m
510840205000364;Várzea Grande;Urbana;Santa Izabel;Várzea Grande;;0,096;551;5725,0;175;3,1;11,3;17,2;49,7;79,7;0,0;53,1;46,9;8,0;37,1;100,0;0,0;1884,2;1400,0;3,1;75,7;74,2;0,0;100,0;100,0;0,0;12,3;43,6;7;0,0;0;0,0;47,3;0;0,189;2,6;40,3;1120;4330;380;760;1,2;0,0;0;0,0;0,0;0;0,0;0,0;0;0,0;0,0;2,16;0,0;Plintossolo pétrico;Afluente s/n do Córrego Traíra;Bacia do Rio Cuiabá;Bacia do Rio Cuiabá;4,5;;Sentinel-2 de 23/08/2026, pixels de 10 m;Landsat de 13/08/2026, pixels de 30 m
510840205000365;Várzea Grande;Urbana;Canelas;Várzea Grande;;0,015;401;27338,0;159;2,5;3,5;14,7;53,4;71,1;;83,6;96,9;92,5;1,9;100,0;0,0;3276,2;2800,0;;100,0;100,0;100,0;100,0;100,0;100,0;0,0;14,9;6;0,0;0;0,0;0,0;0;0,11;0,0;38,9;570;30;830;1170;-0,2;0,0;0;0,0;0,0;0;0,0;0,0;0;0,0;0,0;2,16;0,0;Plintossolo pétrico;Afluente s/n do Córrego Traíra;Bacia do Rio Cuiabá;Bacia do Rio Cuiabá;0,0;;Sentinel-2 de 23/08/2026, pixels de 10 m;Landsat de 13/08/2026, pixels de 30 m
510840205000366;Várzea Grande;Urbana;Canelas;Várzea Grande;;0,015;426;29291,3;166;2,6;2,6;18,1;52,8;68,3;0,0;97,6;100,0;95,8;1,8;100,0;0,0;2782,3;2500,0;;100,0;100,0;100,0;100,0;100,0;100,0;0,0;13,1;6;0,0;0;0,0;0,0;0;0,133;0,7;37,7;440;170;930;1230;-1,4;0,0;0;0,0;0,0;0;0,0;0,0;0;0,0;0,0;2,16;0,0;Plintossolo pétrico;Afluente s/n do Córrego Traíra;Bacia do Rio Cuiabá;Bacia do Rio Cuiabá;0,2;;Sentinel-2 de 23/08/2026, pixels de 10 m;Landsat de 13/08/2026, pixels de 30 m
510840205000367;Várzea Grande;Urbana;Canelas;Várzea Grande;;0,018;371;21149,5;206;1,8;4,6;12,4;55,5;76,8;0,0;100,0;98,5;100,0;0,0;99,5;0,0;2996,2;2400,0;1,9;100,0;0,0;0,0;100,0;100,0;0,0;0,0;26,2;7;0,0;0;0,0;0,0;0;0,234;16,3;38,3;550;170;690;990;-0,8;0,0;0;0,0;0,0;0;0,0;0,0;0;0,0;0,0;2,16;0,0;Plintossolo pétrico;Afluente s/n do Córrego Traíra;Bacia do Rio Cuiabá;Bacia do Rio Cuiabá;7,9;;Sentinel-2 de 23/08/2026, pixels de 10 m;Landsat de 13/08/2026, pixels de 30 m
510840205000368;Várzea Grande;Urbana;Canelas;Várzea Grande;;0,015;465;31791,6;245;1,9;4,3;14,2;53,1;70,3;;95,9;100,0;100,0;0,0;100,0;0,0;3206,0;2500,0;0,8;100,0;100,0;100,0;100,0;100,0;100,0;0,0;10,8;7;0,0;0;0,0;3,1;0;0,106;0,0;38,7;510;110;780;1090;-0,4;0,0;0;0,0;0,0;0;0,0;0,0;0;0,0;0,0;2,16;0,0;Plintossolo pétrico;Afluente s/n do Córrego Traíra;Bacia do Rio Cuiabá;Bacia do Rio Cuiabá;0,0;;Sentinel-2 de 23/08/2026, pixels de 10 m;Landsat de 13/08/2026, pixels de 30 m
510840205000369;Várzea Grande;Urbana;Costa Verde;Várzea Grande;;0,218;1241;5687,8;400;3,1;8,0;18,6;52,2;80,9;0,0;97,0;93,0;24,2;68,5;100,0;0,0;2546,5;1600,0;3,6;96,6;20,9;3,3;100,0;76,5;23,8;0,0;37,9;7;0,4;5;7,7;19,8;95;0,21;6,3;39,7;1190;2650;190;1100;0,6;0,0;0;0,0;0,0;0;5,4;0,0;0;0,0;0,0;2,16;0,0;Plintossolo pétrico;Afluente s/n do Córrego Traíra;Bacia do Rio Cuiabá;Bacia do Rio Cuiabá;11,1;;Sentinel-2 de 23/08/2026, pixels de 10 m;Landsat de 13/08/2026, pixels de 30 m
510840205000370;Várzea Grande;Urbana;Costa Verde;Várzea Grande;;0,155;174;1125,5;58;3;5,7;15,5;50,6;81,0;0,0;94,8;82,8;20,7;50,0;91,4;0,0;2630,0;1900,0;3,7;81,6;35,1;0,0;100,0;55,2;0,0;0,0;40,5;7;14,2;25;11,2;25,7;19;0,32;21,9;39,0;820;2330;470;890;-0,1;0,0;0;0,0;8,2;14;19,9;0,0;0;0,0;27,2;2,12;0,0;Plintossolo pétrico;Afluente s/n do Córrego Traíra;Bacia do Rio Cuiabá;Bacia do Rio Cuiabá;195,1;;Sentinel-2 de 23/08/2026, pixels de 10 m;Landsat de 13/08/2026, pixels de 30 m
510840205000371;Várzea Grande;Rural;Novo Mundo;Várzea Grande;;7,726;41;5,3;10;4,1;;9,8;48,8;48,8;0,0;;80,0;50,0;0,0;60,0;0,0;16030,0;10000,0;;;;;;;;;;0;5,9;2;16,2;33,6;7;0,397;35,7;37,6;1680;7080;1720;1590;-1,5;0,0;0;0,0;9,8;4;22,8;0,0;0;0,0;53,4;2,06;4,8;Plintossolo pétrico;;Bacia do Rio Cuiabá;Bacia do Rio Cuiabá;;;Sentinel-2 de 23/08/2026, pixels de 10 m;Landsat de 13/08/2026, pixels de 30 m
510840205000372;Várzea Grande;Urbana;Novo Mundo;Várzea Grande;;0,179;350;1950,4;117;3;6,3;20,0;54,3;67,7;0,0;95,7;77,8;97,4;0,0;100,0;0,0;6370,0;5000,0;;100,0;0,0;0,0;100,0;73,4;100,0;0,0;23,7;6;0,0;0;25,4;45,4;89;0,141;0,2;38,9;1520;6310;1170;140;-0,2;0,0;0;0,0;0,3;1;0,6;0,0;0;0,0;0,0;2,1;0,0;Plintossolo pétrico;Microbacia sem nome;Bacia do Rio Cuiabá;Bacia do Rio Cuiabá;1,0;;Sentinel-2 de 23/08/2026, pixels de 10 m;Landsat de 13/08/2026, pixels de 30 m
510840205000373;Várzea Grande;Urbana;Canelas;Várzea Grande;;0,283;1095;3864,1;365;3;9,6;14,4;50,8;73,6;;72,9;93,7;12,3;5,8;99,5;0,0;2425,3;1825,0;2,3;98,4;60,2;0,0;100,0;97,3;49,1;6,8;36,4;7;5,7;63;0,3;22,2;3;0,216;9,6;39,9;1090;1620;310;270;0,8;0,0;0;0,0;0,0;0;5,2;0,0;0;0,0;0,0;2,16;0,0;Plintossolo pétrico;Afluente s/n do Córrego Traíra;Bacia do Rio Cuiabá;Bacia do Rio Cuiabá;24,8;;Sentinel-2 de 23/08/2026, pixels de 10 m;Landsat de 13/08/2026, pixels de 30 m
510840205000374;Várzea Grande;Urbana;Canelas;Várzea Grande;;0,145;792;5451,2;269;2,9;2,7;19,3;52,0;79,2;0,0;94,1;99,6;8,9;6,7;99,6;0,0;2836,5;2200,0;1,6;82,1;32,2;0,0;82,8;84,0;16,8;2,9;38,2;7;0,0;0;0,0;0,0;0;0,145;2,2;40,1;840;2000;380;110;1,0;0,0;0;0,0;0,0;0;0,0;0,0;0;0,0;0,0;2,16;0,0;Plintossolo pétrico;Afluente s/n do Córrego Traíra;Bacia do Rio Cuiabá;Bacia do Rio Cuiabá;4,0;;Sentinel-2 de 23/08/2026, pixels de 10 m;Landsat de 13/08/2026, pixels de 30 m
510840205000375;Várzea Grande;Urbana;Paiaguás;Várzea Grande;;0,272;1002;3687,7;314;3,2;6,1;19,1;49,4;78,2;;65,6;70,7;5,7;61,5;100,0;0,0;2022,0;1800,0;4,4;54,2;52,8;3,6;99,0;68,8;19,3;0,0;49,2;7;0,0;0;0,0;0,0;0;0,181;3,8;39,7;740;2330;630;440;0,6;0,0;0;0,0;0,0;0;0,0;0,0;0;0,0;0,0;2,16;0,0;Plintossolo pétrico;Afluente s/n do Córrego Traíra;Bacia do Rio Cuiabá;Bacia do Rio Cuiabá;10,3;;Sentinel-2 de 23/08/2026, pixels de 10 m;Landsat de 13/08/2026, pixels de 30 m
510840205000376;Várzea Grande;Urbana;Paiaguás;Várzea Grande;;0,143;644;4510,5;218;3;6,8;20,3;51,6;78,0;0,0;69,3;85,3;1,4;3,2;99,5;0,0;2269,6;1700,0;4,5;52,2;42,4;20,0;100,0;81,2;8,7;1,2;50,5;7;0,0;0;0,0;0,0;0;0,167;3,6;39,3;760;2660;940;770;0,2;0,0;0;0,0;0,0;0;0,0;0,0;0;0,0;0,0;2,16;0,0;Plintossolo pétrico;Afluente s/n do Córrego Traíra;Bacia do Rio Cuiabá;Bacia do Rio Cuiabá;8,0;;Sentinel-2 de 23/08/2026, pixels de 10 m;Landsat de 13/08/2026, pixels de 30 m
510840205000377;Várzea Grande;Urbana;Paiaguás;Várzea Grande;;0,189;1268;6697,3;438;2,9;1,8;22,2;50,5;77,5;;71,7;50,7;1,8;0,9;100,0;0,0;2442,6;2000,0;1,0;99,5;9,5;1,1;100,0;100,0;9,1;3,1;43,7;7;0,0;0;0,0;0,0;0;0,118;0,9;39,1;1130;2960;1130;1090;0,0;0,0;0;0,0;0,0;0;0,0;0,0;0;0,0;0,0;2,16;0,0;Plintossolo pétrico;Córrego Piçarão;Bacia do Rio Cuiabá;Bacia do Rio Cuiabá;1,3;;Sentinel-2 de 23/08/2026, pixels de 10 m;Landsat de 13/08/2026, pixels de 30 m
510840205000378;Várzea Grande;Urbana;Paiaguás;Várzea Grande;;0,124;1082;8736,7;368;2,9;1,8;20,1;51,4;74,5;0,0;82,3;63,6;15,5;2,4;100,0;0,0;2520,7;2000,0;1,3;99,1;26,8;0,0;100,0;100,0;15,3;0,0;37,8;7;0,0;0;0,0;0,0;0;0,126;1,9;38,9;1170;2470;710;590;-0,2;0,0;0;0,0;0,0;0;0,0;0,0;0;0,0;0,0;2,16;0,0;Plintossolo pétrico;Afluente s/n do Córrego Traíra;Bacia do Rio Cuiabá;Bacia do Rio Cuiabá;2,2;;Sentinel-2 de 23/08/2026, pixels de 10 m;Landsat de 13/08/2026, pixels de 30 m
510840205000379;Várzea Grande;Urbana;Paiaguás;Várzea Grande;;0,93;130;139,8;45;2,9;13,8;17,7;46,9;82,3;0,0;44,4;95,6;0,0;88,9;84,4;0,0;1485,0;1220,0;5,8;;;;;;;;65,1;5;16,3;21;19,9;35,8;26;0,384;37,9;38,3;1370;3430;1130;1010;-0,8;0,0;0;0,0;6,0;8;22,0;0,0;0;0,0;54,6;2,09;2,5;Plintossolo pétrico;Córrego Piçarão;Bacia do Rio Cuiabá;Bacia do Rio Cuiabá;2711,3;;Sentinel-2 de 23/08/2026, pixels de 10 m;Landsat de 13/08/2026, pixels de 30 m
510840205000380;Várzea Grande;Urbana;Paiaguás;Várzea Grande;;0,449;1715;3816,9;592;2,9;2,0;22,0;50,9;81,3;0,0;51,0;22,3;9,8;1,0;99,8;0,0;2053,1;1800,0;0,9;97,7;35,7;31,8;99,0;97,1;62,9;0,0;43,2;7;0,0;0;0,0;0,0;0;0,174;4,4;38,7;1790;2770;1270;1120;-0,4;0,0;0;0,0;0,0;0;2,1;0,0;0;0,0;0,2;2,17;0,0;Plintossolo pétrico;Córrego Piçarão;Bacia do Rio Cuiabá;Bacia do Rio Cuiabá;11,5;;Sentinel-2 de 23/08/2026, pixels de 10 m;Landsat de 13/08/2026, pixels de 30 m
510840205000381;Várzea Grande;Urbana;Paiaguás;Várzea Grande;;0,112;922;8254,5;325;2,8;1,2;22,3;52,8;80,0;0,3;97,2;99,1;26,2;30,5;100,0;0,0;2202,0;1900,0;1,2;100,0;26,4;21,8;100,0;96,4;19,6;0,0;34,6;7;0,0;0;0,0;0,0;0;0,117;0,4;38,9;1440;2440;750;610;-0,2;0,0;0;0,0;0,0;0;0,0;0,0;0;0,0;0,0;2,16;0,0;Plintossolo pétrico;Córrego Piçarão;Bacia do Rio Cuiabá;Bacia do Rio Cuiabá;0,5;;Sentinel-2 de 23/08/2026, pixels de 10 m;Landsat de 13/08/2026, pixels de 30 m
510840205000382;Várzea Grande;Urbana;Paiaguás;Várzea Grande;;0,103;780;7544,3;267;2,9;2,6;21,7;52,1;79,5;;43,8;98,5;8,2;0,0;100,0;0,0;2404,2;2000,0;2,0;100,0;18,3;8,1;100,0;100,0;20,6;5,6;46,9;7;0,0;0;0,0;0,0;0;0,116;0,4;38,8;1490;2820;1090;950;-0,3;0,0;0;0,0;0,0;0;0,0;0,0;0;0,0;0,0;2,16;0,0;Plintossolo pétrico;Córrego Piçarão;Bacia do Rio Cuiabá;Bacia do Rio Cuiabá;0,5;;Sentinel-2 de 23/08/2026, pixels de 10 m;Landsat de 13/08/2026, pixels de 30 m
510840205000383;Várzea Grande;Urbana;Capão do Pequi;Várzea Grande;;1,883;66;35,1;19;3,1;10,6;15,2;34,8;69,7;;31,6;78,9;0,0;94,7;68,4;0,0;1368,3;1200,0;;33,9;55,9;45,8;74,6;0,0;25,4;25,4;71,5;6;11,8;8;16,4;38,0;11;0,316;24,5;38,5;1600;4480;570;1290;-0,6;14,7;10;11,6;17,0;11;24,3;14,1;9;10,8;26,3;2,13;5,5;Plintossolo pétrico;Ribeirão dos Cocais;Bacia do Rio Cuiabá;Bacia do Rio Cuiabá;6989,9;;Sentinel-2 de 23/08/2026, pixels de 10 m;Landsat de 13/08/2026, pixels de 30 m
510840205000384;Várzea Grande;Urbana;Capão do Pequi;Várzea Grande;;0,209;633;3033,2;201;3,1;7,9;18,6;50,4;84,7;0,0;75,6;8,5;2,5;0,0;95,0;0,0;1413,4;1240,0;5,6;6,0;91,0;52,1;94,6;6,0;3,6;7,4;53,8;7;6,1;39;0,8;5,0;5;0,37;28,8;38,1;1680;4200;100;1390;-1,0;0,0;0;0,0;0,1;1;0,6;0,0;0;0,0;11,2;2,14;0,0;Plintossolo pétrico;Afluente s/n do Rio Formigueiro;Bacia do Rio Cuiabá;Bacia do Rio Cuiabá;95,1;;Sentinel-2 de 23/08/2026, pixels de 10 m;Landsat de 13/08/2026, pixels de 30 m
510840205000385;Várzea Grande;Urbana;Primavera;Várzea Grande;;0,226;231;1022,9;77;3;12,1;19,0;47,2;84,4;;76,6;80,5;0,0;50,6;93,5;3,9;1560,0;1212,0;7,9;1,3;64,5;13,4;83,1;0,0;0,0;0,0;60,9;7;12,4;29;15,4;29,1;35;0,413;40,6;37,9;1520;580;2340;2380;-1,2;0,0;0;0,0;13,8;32;20,9;0,0;0;0,0;53,3;2,08;4,2;Plintossolo pétrico;Córrego Piçarão;Bacia do Rio Cuiabá;Bacia do Rio Cuiabá;397,2;;Sentinel-2 de 23/08/2026, pixels de 10 m;Landsat de 13/08/2026, pixels de 30 m
510840205000386;Várzea Grande;Urbana;Primavera;Várzea Grande;;1,665;383;230,1;135;2,8;13,8;19,6;46,2;78,1;0,0;48,1;69,6;3,0;89,6;85,9;;1985,5;1300,0;8,9;17,0;85,4;13,1;89,3;13,3;0,0;0,0;60,7;7;4,1;16;12,3;23,1;47;0,331;26,2;39,0;1410;810;1890;1940;-0,1;0,0;0;0,0;8,7;33;16,2;0,0;0;0,0;28,8;2,13;2,7;Plintossolo pétrico;Córrego Piçarão;Bacia do Rio Cuiabá;Bacia do Rio Cuiabá;1139,0;;Sentinel-2 de 23/08/2026, pixels de 10 m;Landsat de 13/08/2026, pixels de 30 m
510840205000387;Várzea Grande;Urbana;Primavera;Várzea Grande;;0,015;154;10113,5;0;0;;;;;;;;;;;;;;;;;;;;;;;0;0,0;0;0,0;0,0;0;0,059;0,0;38,0;1520;750;1790;1840;-1,1;0,0;0;0,0;0,0;0;0,0;0,0;0;0,0;0,0;2,19;0,0;Plintossolo pétrico;Córrego Piçarão;Bacia do Rio Cuiabá;Bacia do Rio Cuiabá;0,0;;Sentinel-2 de 23/08/2026, pixels de 10 m;Landsat de 13/08/2026, pixels de 30 m
510840205000388;Várzea Grande;Urbana;Novo Mundo;Várzea Grande;;1,445;23;15,9;5;4,6;0,0;13,0;47,8;65,2;0,0;;80,0;0,0;0,0;;0,0;3000,0;2500,0;;;;;;;;;;0;8,8;2;6,9;18,3;2;0,28;18,4;40,6;3340;6430;1790;1420;1,5;0,0;0;0,0;0,4;0;6,8;0,0;0;0,0;39,1;2,11;8,7;Plintossolo pétrico;Afluente s/n do Rio Pari;Bacia do Rio Cuiabá;Bacia do Rio Cuiabá;;;Sentinel-2 de 23/08/2026, pixels de 10 m;Landsat de 13/08/2026, pixels de 30 m
510840205000389;Várzea Grande;Urbana;Novo Mundo;Várzea Grande;;0,085;643;7603,3;230;2,8;3,7;24,0;52,7;76,8;;99,6;99,1;97,4;0,0;100,0;0,0;2562,5;2000,0;2,4;100,0;100,0;100,0;100,0;100,0;100,0;0,0;13,8;7;8,1;52;6,2;27,4;40;0,166;1,7;37,5;3440;6590;1300;630;-1,6;0,0;0;0,0;0,0;0;6,6;0,0;0;0,0;4,7;2,15;0,0;Plintossolo pétrico;Afluente s/n do Rio Pari;Bacia do Rio Cuiabá;Bacia do Rio Cuiabá;2,2;;Sentinel-2 de 23/08/2026, pixels de 10 m;Landsat de 13/08/2026, pixels de 30 m
510840205000390;Várzea Grande;Urbana;Primavera;Várzea Grande;;1,389;127;91,4;41;3,1;12,6;14,2;43,3;84,3;0,0;31,7;63,4;0,0;48,8;75,6;0,0;1653,4;1240,0;9,6;0,0;80,3;67,7;100,0;0,0;0,0;0,0;70,8;7;6,0;8;12,5;34,8;16;0,411;47,8;37,7;2060;1340;960;1010;-1,4;0,0;0;0,0;2,5;3;4,9;0,0;0;0,0;44,5;2,11;10,5;Plintossolo pétrico;Córrego Piçarão;Bacia do Rio Cuiabá;Bacia do Rio Cuiabá;5227,9;;Sentinel-2 de 23/08/2026, pixels de 10 m;Landsat de 13/08/2026, pixels de 30 m
510840205000391;Várzea Grande;Urbana;Primavera;Várzea Grande;;0,415;610;1470,0;190;3,2;8,2;20,2;53,4;87,4;0,7;97,4;87,4;11,6;27,9;89,5;;1572,6;1340,0;7,2;5,6;44,8;14,3;88,2;0,0;4,9;0,0;58,3;7;16,8;102;36,4;61,6;222;0,431;47,5;37,1;2190;1460;540;850;-2,0;12,3;75;0,0;35,5;216;42,4;27,0;165;0,0;52,1;2,08;1,1;Plintossolo pétrico;Córrego Piçarão;Bacia do Rio Cuiabá;Bacia do Rio Cuiabá;323,2;;Sentinel-2 de 23/08/2026, pixels de 10 m;Landsat de 13/08/2026, pixels de 30 m
510840205000392;Várzea Grande;Urbana;Mapim;Várzea Grande;;1,637;184;112,4;56;3,3;7,6;15,2;50,5;69,0;0,0;92,9;94,6;;46,4;96,4;;3231,0;2000,0;3,6;95,7;90,8;29,9;95,7;100,0;87,5;7,6;19,8;6;12,0;22;43,8;67,6;81;0,391;36,2;38,2;2500;3390;1260;480;-0,9;18,4;34;11,0;34,8;64;63,5;20,0;37;14,0;48,9;2,02;0,0;Plintossolo pétrico;Afluente s/n do Córrego do General;Bacia do Rio Cuiabá;Bacia do Rio Cuiabá;3220,6;;Sentinel-2 de 23/08/2026, pixels de 10 m;Landsat de 13/08/2026, pixels de 30 m
510840205000393;Várzea Grande;Urbana;Mapim;Várzea Grande;;0,026;0;0,0;0;0;;;;;;;;;;;;;;;;;;;;;;;0;0,0;0;22,5;22,5;0;0,087;0,0;39,4;2360;3020;1410;750;0,3;0,0;0;0,0;0,0;0;0,0;0,0;0;0,0;0,0;2,1;0,0;Plintossolo pétrico;Afluente s/n do Córrego do General;Bacia do Rio Cuiabá;Bacia do Rio Cuiabá;;;Sentinel-2 de 23/08/2026, pixels de 10 m;Landsat de 13/08/2026, pixels de 30 m
510840205000394;Várzea Grande;Urbana;Petrópolis;Várzea Grande;;5,789;37;6,4;19;1,9;32,4;0,0;40,5;56,8;0,0;15,8;89,5;21,1;73,7;21,1;;2457,7;1500,0;11,8;0,0;45,9;35,1;10,8;0,0;0,0;0,0;;0;12,4;5;18,5;43,2;7;0,291;17,1;38,3;2070;4770;2020;1510;-0,8;13,1;5;0,9;16,1;6;39,9;12,9;5;1,3;42,4;2,05;0,0;Plintossolo pétrico;Córrego Santa Isabel;Bacia do Rio Cuiabá;Bacia do Rio Cuiabá;;;Sentinel-2 de 23/08/2026, pixels de 10 m;Landsat de 13/08/2026, pixels de 30 m
510840205000395;Várzea Grande;Urbana;Petrópolis;Várzea Grande;;0,977;373;381,7;115;3,2;5,6;16,4;53,6;34,3;0,0;100,0;100,0;100,0;0,0;100,0;0,0;12365,7;10000,0;0,0;100,0;100,0;1,1;100,0;100,0;100,0;98,9;0,8;7;11,5;43;12,7;31,2;47;0,226;14,2;38,7;1990;3900;2190;1030;-0,4;0,3;1;0,0;4,3;16;19,1;0,3;1;0,0;18,6;2,07;0,0;Plintossolo pétrico;Córrego Santa Isabel;Bacia do Rio Cuiabá;Bacia do Rio Cuiabá;371,9;;Sentinel-2 de 23/08/2026, pixels de 10 m;Landsat de 13/08/2026, pixels de 30 m
510840210000001;Várzea Grande;Urbana;;Bom Sucesso;;0,732;508;693,7;168;3;20,1;10,6;52,2;89,8;0,0;92,3;95,2;7,1;36,3;99,4;0,0;1957,7;1340,0;2,8;100,0;78,3;6,3;100,0;68,1;3,5;72,4;33,2;7;14,5;74;42,6;53,5;216;0,448;53,2;35,5;2310;5250;2830;3010;-3,6;94,1;478;51,5;31,8;161;88,1;96,1;488;63,0;69,3;2,22;41,5;Neossolo flúvico;Ribeirão dos Cocais;Bacia do Rio Cuiabá;Bacia do Rio Cuiabá;766,6;;Sentinel-2 de 23/08/2026, pixels de 10 m;Landsat de 13/08/2026, pixels de 30 m
510840210000002;Várzea Grande;Urbana;;Bom Sucesso;;7,921;535;67,5;171;3,1;18,9;14,8;47,9;79,6;;58,5;94,7;0,0;94,2;87,7;;2063,3;1500,0;8,2;;;;;;;;61,8;5;7,1;38;46,8;69,4;250;0,4;37,2;36,9;1240;5060;1680;2510;-2,2;76,2;408;53,8;37,8;202;64,4;81,3;435;61,2;60,1;2,21;35,7;Neossolo flúvico;Afluente s/n do Rio Cuiabá;Bacia do Rio Cuiabá;Bacia do Rio Cuiabá;5507,7;;Sentinel-2 de 23/08/2026, pixels de 10 m;Landsat de 13/08/2026, pixels de 30 m
510840210000003;Várzea Grande;Urbana;;Bom Sucesso;;1,092;229;209,7;71;3,2;12,2;17,0;49,8;87,3;;14,1;78,9;0,0;95,8;97,2;0,0;2075,2;1300,0;7,4;;;;;;;;67,4;5;5,8;13;9,6;36,5;22;0,437;46,3;37,1;480;4390;620;1400;-2,0;2,2;5;0,1;2,5;6;9,2;3,2;7;0,1;52,0;2,1;4,4;Plintossolo pétrico;Afluente s/n do Rio Cuiabá;Bacia do Rio Cuiabá;Bacia do Rio Cuiabá;2207,8;;Sentinel-2 de 23/08/2026, pixels de 10 m;Landsat de 13/08/2026, pixels de 30 m
510840210000004;Várzea Grande;Rural;;Bom Sucesso;;0,228;122;535,0;41;3;22,1;12,3;45,1;70,5;0,0;63,4;85,4;0,0;92,7;90,2;0,0;1614,1;1300,0;12,6;;;;;;;;68,9;5;0,0;0;0,0;0,0;0;0,388;28,2;38,2;3430;6660;2250;3160;-0,9;21,4;26;3,6;3,4;4;17,6;29,9;37;17,5;26,2;2,23;35,7;Plintossolo pétrico;;Bacia do Rio Cuiabá;Bacia do Rio Cuiabá;527,0;;Sentinel-2 de 23/08/2026, pixels de 10 m;Landsat de 13/08/2026, pixels de 30 m
510840210000005;Várzea Grande;Rural;;Bom Sucesso;;5,794;377;65,1;129;2,9;22,8;15,9;48,5;84,4;0,0;46,5;64,3;0,0;85,3;89,9;0,0;1994,0;1300,0;7,4;;;;;;;;62,9;5;4,4;17;32,4;46,8;122;0,402;34,7;37,3;3470;6750;1950;3220;-1,8;63,5;240;49,1;39,1;148;67,9;63,3;239;50,8;55,3;2,17;24,0;Neossolo flúvico;;Bacia do Rio Cuiabá;Bacia do Rio Cuiabá;5332,9;;Sentinel-2 de 23/08/2026, pixels de 10 m;Landsat de 13/08/2026, pixels de 30 m
510840210000006;Várzea Grande;Urbana;;Bom Sucesso;;0,725;208;287,0;65;3;24,0;8,7;49,5;67,8;1,4;;87,7;0,0;41,5;66,2;0,0;2005,9;1200,0;17,7;;;;;;;;83,5;4;4,9;10;15,2;26,7;32;0,384;28,7;38,7;1870;5690;1510;2290;-0,4;6,6;14;0,0;8,4;17;14,1;9,7;20;0,2;15,2;2,2;17,4;Plintossolo pétrico;Afluente s/n do Rio Cuiabá;Bacia do Rio Cuiabá;Bacia do Rio Cuiabá;1000,4;;Sentinel-2 de 23/08/2026, pixels de 10 m;Landsat de 13/08/2026, pixels de 30 m
510840210000007;Várzea Grande;Urbana;;Bom Sucesso;;1,763;82;46,5;25;3,3;13,4;17,1;57,3;82,9;0,0;32,0;88,0;0,0;96,0;60,0;0,0;2227,9;1600,0;4,8;;;;;;;;69,5;5;0,8;1;3,6;15,6;3;0,359;33,5;38,4;1410;3030;970;950;-0,7;28,7;24;12,7;24,3;20;38,6;30,0;25;20,4;42,1;2,15;11,3;Plintossolo pétrico;Afluente s/n do Rio Cuiabá;Bacia do Rio Cuiabá;Bacia do Rio Cuiabá;7202,5;;Sentinel-2 de 23/08/2026, pixels de 10 m;Landsat de 13/08/2026, pixels de 30 m
510840210000008;Várzea Grande;Urbana;;Bom Sucesso;;0,181;953;5255,6;305;3,1;5,4;18,0;53,3;80,5;0,3;96,1;44,9;91,5;6,6;100,0;0,0;1533,5;1212,0;3,0;98,2;97,7;17,5;100,0;97,4;65,6;6,0;19,7;7;0,0;0;0,0;0,0;0;0,233;9,3;39,1;470;3510;340;700;0,0;0,0;0;0,0;0,0;0;0,9;0,0;0;0,0;3,6;2,15;0,0;Plintossolo pétrico;Afluente s/n do Rio Cuiabá;Bacia do Rio Cuiabá;Bacia do Rio Cuiabá;17,7;;Sentinel-2 de 23/08/2026, pixels de 10 m;Landsat de 13/08/2026, pixels de 30 m
510840210000009;Várzea Grande;Rural;;Bom Sucesso;;1,519;82;54,0;25;3,3;17,1;15,9;42,7;81,7;;56,0;68,0;0,0;64,0;60,0;0,0;1393,3;1200,0;9,5;;;;;;;;75,1;5;12,2;10;26,6;46,3;22;0,406;35,6;37,8;2430;5550;1640;2140;-1,3;19,5;16;14,7;17,8;15;29,1;22,0;18;16,3;39,9;2,13;7,3;Plintossolo pétrico;;Bacia do Rio Cuiabá;Bacia do Rio Cuiabá;6594,7;;Sentinel-2 de 23/08/2026, pixels de 10 m;Landsat de 13/08/2026, pixels de 30 m
510840210000010;Várzea Grande;Urbana;;Bom Sucesso;;1,064;445;418,3;151;2,9;13,0;17,3;46,7;78,9;1,3;29,1;35,8;0,0;19,2;89,4;0,0;1717,1;1300,0;5,4;100,0;100,0;5,9;100,0;100,0;100,0;94,1;46,5;7;1,9;8;22,9;48,8;102;0,402;40,3;38,1;1420;4780;1120;1260;-1,0;0,0;0;0,0;10,5;47;14,0;0,0;0;0,0;42,3;2,11;0,1;Plintossolo pétrico;Afluente s/n do Rio Cuiabá;Bacia do Rio Cuiabá;Bacia do Rio Cuiabá;963,6;;Sentinel-2 de 23/08/2026, pixels de 10 m;Landsat de 13/08/2026, pixels de 30 m
510840210000011;Várzea Grande;Urbana;;Bom Sucesso;;0,406;764;1880,2;258;3;11,1;16,6;47,6;79,8;0,0;54,7;98,8;;84,9;99,6;0,0;2316,5;1600,0;6,6;65,4;28,3;3,0;96,6;62,4;0,0;1,4;47,7;6;0,0;0;0,0;9,6;0;0,372;30,5;38,0;560;3880;370;550;-1,1;0,0;0;0,0;0,0;0;7,4;0,0;0;0,0;19,0;2,14;0,0;Plintossolo pétrico;Afluente s/n do Rio Cuiabá;Bacia do Rio Cuiabá;Bacia do Rio Cuiabá;162,1;;Sentinel-2 de 23/08/2026, pixels de 10 m;Landsat de 13/08/2026, pixels de 30 m
510840210000012;Várzea Grande;Urbana;;Bom Sucesso;;0,393;320;815,3;98;3,3;14,4;15,9;48,1;80,9;0,0;54,1;92,9;8,2;87,8;93,9;;1820,3;1212,0;2,8;;;;;;;;52,3;5;0,0;0;0,0;62,3;0;0,447;48,0;36,9;360;3790;790;1560;-2,2;1,5;5;0,0;1,1;4;23,0;3,0;10;0,0;50,5;2,09;0,2;Plintossolo pétrico;Afluente s/n do Rio Cuiabá;Bacia do Rio Cuiabá;Bacia do Rio Cuiabá;589,5;;Sentinel-2 de 23/08/2026, pixels de 10 m;Landsat de 13/08/2026, pixels de 30 m
510840215000001;Várzea Grande;Urbana;;Passagem da Conceição;;1,407;250;177,7;92;2,7;23,6;8,8;49,6;87,6;0,0;81,5;88,0;25,0;55,4;78,3;0,0;2206,5;1450,0;5,1;44,0;94,8;48,8;88,4;12,8;3,6;0,0;43,9;7;9,2;23;10,3;51,2;26;0,375;29,2;37,5;410;3730;410;490;-1,6;53,7;134;22,5;22,3;56;60,8;51,7;129;23,7;49,4;2,2;45,5;Neossolo flúvico;Afluente s/n do Rio Cuiabá;Bacia do Rio Cuiabá;Bacia do Rio Cuiabá;1643,4;;Sentinel-2 de 23/08/2026, pixels de 10 m;Landsat de 13/08/2026, pixels de 30 m
510840215000003;Várzea Grande;Rural;;Passagem da Conceição;;148,814;290;1,9;121;2,4;27,6;4,1;42,1;79,0;0,0;7,4;91,7;0,0;86,0;15,7;0,0;1795,0;1300,0;11,2;;;;;;;;95,1;5;0,1;0;4,6;15,4;13;0,369;16,7;39,0;15620;21240;14200;13240;-0,1;0,0;0;0,0;3,6;11;13,5;0,0;0;0,0;38,7;1,93;1,5;Plintossolo pétrico;;Bacia do Rio Cuiabá;Bacia do Rio Cuiabá;85696,3;;Sentinel-2 de 23/08/2026, pixels de 40 m;Landsat de 13/08/2026, amostra de 120 m
510840215000004;Várzea Grande;Rural;;Passagem da Conceição;;163,855;279;1,7;117;2,4;29,0;11,5;47,0;81,0;0,0;;94,9;0,0;94,9;0,0;0,0;1763,3;1212,0;11,2;;;;;;;;94,2;4;1,9;5;2,9;6,3;8;0,358;12,4;39,3;17370;22510;9770;9580;0,2;6,4;18;2,5;8,5;24;24,0;5,6;15;2,0;36,8;1,9;0,3;Plintossolo pétrico;;Bacia do Rio Cuiabá;Bacia do Rio Cuiabá;72824,4;;Sentinel-2 de 23/08/2026, pixels de 40 m;Landsat de 13/08/2026, amostra de 120 m
510840215000007;Várzea Grande;Urbana;;Passagem da Conceição;;2,003;52;26,0;14;3,7;15,4;17,3;53,8;96,2;0,0;0,0;100,0;0,0;78,6;57,1;;2417,7;1556,0;14,7;;;;;;;;87,7;5;17,2;9;27,4;60,1;14;0,347;28,6;38,4;160;3200;1390;170;-0,7;59,1;31;30,7;17,1;9;61,0;58,1;30;31,9;63,5;2,05;5,4;Plintossolo pétrico;Córrego Santa Isabel;Bacia do Rio Cuiabá;Bacia do Rio Cuiabá;11016,5;;Sentinel-2 de 23/08/2026, pixels de 10 m;Landsat de 13/08/2026, pixels de 30 m
510840215000010;Várzea Grande;Urbana;;Passagem da Conceição;;1,046;298;285,0;100;3;11,1;17,4;47,7;76,5;0,0;98,0;98,0;95,0;5,0;100,0;0,0;3378,1;2500,0;2,6;97,3;86,6;25,2;98,0;68,1;91,6;0,7;15,2;7;13,0;39;23,7;51,8;71;0,339;20,7;38,2;770;3020;1330;700;-0,9;43,7;130;24,9;12,4;37;38,0;43,7;130;28,3;21,6;2,26;73,8;Neossolo flúvico;Córrego Santa Isabel;Bacia do Rio Cuiabá;Bacia do Rio Cuiabá;726,6;;Sentinel-2 de 23/08/2026, pixels de 10 m;Landsat de 13/08/2026, pixels de 30 m
510840215000014;Várzea Grande;Rural;;Passagem da Conceição;;44,177;156;3,5;64;2,4;27,6;14,1;46,8;78,2;0,0;0,0;84,4;0,0;93,8;0,0;0,0;1876,3;1212,0;11,7;;;;;;;;95,6;5;2,3;4;7,6;16,6;12;0,349;11,6;38,5;10180;15410;8230;9150;-0,6;0,0;0;0,0;2,3;4;11,2;0,0;0;0,0;62,9;1,96;1,4;Plintossolo pétrico;;Bacia do Rio Cuiabá;Bacia do Rio Cuiabá;32849,6;;Sentinel-2 de 23/08/2026, pixels de 40 m;Landsat de 13/08/2026, amostra de 120 m
510840215000015;Várzea Grande;Rural;;Passagem da Conceição;;82,868;303;3,7;97;3,1;17,5;18,5;47,9;94,1;0,0;0,0;91,8;0,0;97,9;0,0;;1910,3;1212,0;11,5;;;;;;;;95,1;5;4,8;15;11,3;20,0;34;0,325;12,3;38,7;5920;11050;4400;5440;-0,4;8,1;25;4,3;9,5;29;23,8;8,5;26;4,1;28,2;1,93;2,4;Plintossolo pétrico;;Bacia do Rio Cuiabá;Bacia do Rio Cuiabá;33639,5;;Sentinel-2 de 23/08/2026, pixels de 10 m;Landsat de 13/08/2026, pixels de 30 m
510840220000001;Várzea Grande;Urbana;Ponte Nova;Porto Velho;;0,343;682;1987,7;222;3,1;19,6;11,6;50,3;72,7;0,0;99,5;99,5;42,3;1,4;99,1;;2819,6;2100,0;5,4;88,1;57,5;13,5;97,2;93,0;70,8;0,9;32,3;7;28,4;194;21,1;47,9;144;0,246;14,3;38,1;590;1170;450;720;-1,0;15,9;108;13,8;8,0;55;44,3;23,6;161;12,5;0,0;2,1;0,0;Plintossolo pétrico;Córrego 8 de Abril;Bacia do Rio Cuiabá;Bacia do Rio Cuiabá;71,9;;Sentinel-2 de 23/08/2026, pixels de 10 m;Landsat de 13/08/2026, pixels de 30 m
510840220000002;Várzea Grande;Urbana;Ponte Nova;Porto Velho;;0,636;610;959,6;226;2,7;10,0;15,7;52,1;70,7;;94,2;99,1;79,2;7,5;99,1;0,0;3515,0;2500,0;3,8;99,0;25,4;0,0;99,0;95,6;87,2;0,0;27,8;7;25,0;152;23,9;28,5;146;0,293;25,1;37,1;720;1460;630;990;-2,0;51,0;311;21,8;36,5;222;71,7;48,2;294;22,5;5,9;2,08;0,0;Plintossolo pétrico;Afluente s/n do Rio Cuiabá;Bacia do Rio Cuiabá;Bacia do Rio Cuiabá;261,7;;Sentinel-2 de 23/08/2026, pixels de 10 m;Landsat de 13/08/2026, pixels de 30 m
510840220000005;Várzea Grande;Urbana;Ponte Nova;Porto Velho;;0,075;417;5537,6;145;2,9;15,1;14,6;53,0;60,7;0,0;100,0;97,9;90,3;3,4;100,0;0,0;4294,5;3000,0;0,0;100,0;89,9;25,7;100,0;100,0;100,0;0,0;10,3;7;0,0;0;9,1;33,3;38;0,254;20,7;39,4;1090;870;190;90;0,3;0,0;0;0,0;0,0;0;5,5;0,0;0;0,0;2,9;2,15;0,0;Plintossolo pétrico;Afluente s/n do Rio Cuiabá;Bacia do Rio Cuiabá;Bacia do Rio Cuiabá;37,2;;Sentinel-2 de 23/08/2026, pixels de 10 m;Landsat de 13/08/2026, pixels de 30 m
510840220000006;Várzea Grande;Urbana;Ponte Nova;Porto Velho;;0,11;534;4870,1;181;3;15,5;13,3;50,7;72,1;;92,8;100,0;82,9;1,7;100,0;0,0;2208,5;1500,0;5,9;100,0;45,3;2,8;100,0;100,0;26,8;7,5;29,5;7;0,0;0;0,0;2,2;0;0,162;2,2;39,6;710;460;320;200;0,5;0,0;0;0,0;0,0;0;0,0;0,0;0;0,0;0,0;2,16;0,0;Plintossolo pétrico;Afluente s/n do Rio Cuiabá;Bacia do Rio Cuiabá;Bacia do Rio Cuiabá;4,5;;Sentinel-2 de 23/08/2026, pixels de 10 m;Landsat de 13/08/2026, pixels de 30 m
510840220000007;Várzea Grande;Urbana;Ponte Nova;Porto Velho;;0,123;858;7000,2;325;2,6;14,2;13,4;50,2;69,3;0,8;91,7;93,8;80,6;9,2;100,0;0,9;2479,4;1500,0;3,4;99,0;67,9;3,1;99,0;99,0;41,6;0,0;23,5;7;15,3;131;9,1;78,0;78;0,176;1,8;39,6;620;850;380;340;0,5;0,8;6;0,0;1,0;8;8,7;1,6;14;0,0;0,0;2,13;0,0;Plintossolo pétrico;Afluente s/n do Rio Cuiabá;Bacia do Rio Cuiabá;Bacia do Rio Cuiabá;2,6;;Sentinel-2 de 23/08/2026, pixels de 10 m;Landsat de 13/08/2026, pixels de 30 m
510840220000008;Várzea Grande;Urbana;Ponte Nova;Porto Velho;;0,115;707;6168,8;255;2,8;13,0;13,2;49,2;78,8;0,0;95,3;96,9;74,9;18,4;100,0;0,0;2408,8;1800,0;2,3;100,0;44,8;13,7;100,0;100,0;67,9;0,0;25,9;7;0,0;0;1,6;12,2;11;0,19;2,8;39,7;450;520;240;140;0,6;0,0;0;0,0;0,5;4;0,5;0,0;0;0,0;0,0;2,13;0,0;Plintossolo pétrico;Afluente s/n do Rio Cuiabá;Bacia do Rio Cuiabá;Bacia do Rio Cuiabá;4,6;;Sentinel-2 de 23/08/2026, pixels de 10 m;Landsat de 13/08/2026, pixels de 30 m
510840220000009;Várzea Grande;Urbana;Ponte Nova;Porto Velho;Lagoa da FEB;0,139;593;4261,0;193;3,1;8,8;19,6;48,7;78,4;0,0;99,5;91,2;14,5;80,8;99,5;3,6;1834,5;1475,0;3,6;50,6;42,0;3,2;86,3;76,4;42,8;0,0;44,6;7;35,3;209;92,4;100,0;548;0,346;30,1;37,9;440;1060;760;520;-1,2;81,5;483;0,0;72,3;429;98,3;90,7;538;0,0;2,3;2,09;0,0;Plintossolo pétrico;Afluente s/n do Rio Cuiabá;Bacia do Rio Cuiabá;Bacia do Rio Cuiabá;70,6;;Sentinel-2 de 23/08/2026, pixels de 10 m;Landsat de 13/08/2026, pixels de 30 m
510840220000010;Várzea Grande;Urbana;Ponte Nova;Porto Velho;;0,184;623;3379,0;201;3,1;16,2;17,2;48,0;74,2;0,6;97,0;96,5;68,2;10,4;99,5;0,0;2377,5;1250,0;6,0;96,6;50,6;3,5;96,5;95,8;69,0;0,0;30,5;7;16,0;100;33,0;69,3;205;0,234;9,3;39,5;130;660;250;320;0,4;3,9;24;0,0;37,1;231;44,6;7,3;45;0,0;0,0;2,11;0,0;Plintossolo pétrico;Afluente s/n do Rio Cuiabá;Bacia do Rio Cuiabá;Bacia do Rio Cuiabá;27,5;;Sentinel-2 de 23/08/2026, pixels de 10 m;Landsat de 13/08/2026, pixels de 30 m
510840220000011;Várzea Grande;Urbana;Ponte Nova;Porto Velho;;0,173;683;3952,7;228;3;14,8;13,0;53,1;84,5;0,0;98,2;94,7;58,3;36,0;99,6;;2235,5;1800,0;6,8;96,3;49,3;11,1;100,0;96,3;34,0;0,7;33,2;7;17,2;117;22,1;46,2;151;0,208;6,3;38,7;390;140;170;420;-0,4;0,0;0;0,0;26,5;181;29,0;0,0;0;0,0;0,0;2,16;0,0;Plintossolo pétrico;Afluente s/n do Rio Cuiabá;Bacia do Rio Cuiabá;Bacia do Rio Cuiabá;16,0;;Sentinel-2 de 23/08/2026, pixels de 10 m;Landsat de 13/08/2026, pixels de 30 m
510840220000012;Várzea Grande;Urbana;Ponte Nova;Porto Velho;;0,123;667;5439,7;220;3;14,8;13,5;48,6;81,6;0,0;98,2;95,0;21,8;74,5;100,0;0,0;2287,5;1500,0;6,7;94,0;50,1;5,7;97,3;89,7;38,2;0,0;38,2;7;0,0;0;1,6;16,1;11;0,266;13,8;38,8;470;590;300;480;-0,3;0,0;0;0,0;25,5;170;42,4;0,0;0;0,0;0,0;2,16;0,0;Plintossolo pétrico;Afluente s/n do Rio Cuiabá;Bacia do Rio Cuiabá;Bacia do Rio Cuiabá;25,4;;Sentinel-2 de 23/08/2026, pixels de 10 m;Landsat de 13/08/2026, pixels de 30 m
510840220000013;Várzea Grande;Urbana;Ponte Nova;Porto Velho;;0,112;691;6186,0;232;3;15,1;13,2;53,1;80,2;;99,6;97,8;65,5;9,9;99,6;0,0;2317,0;1500,0;5,0;92,5;34,5;0,0;100,0;89,9;11,7;3,9;32,4;7;16,3;112;16,4;38,8;113;0,202;3,2;39,2;290;190;270;520;0,1;0,0;0;0,0;10,5;73;18,7;0,0;0;0,0;0,0;2,16;0,0;Plintossolo pétrico;Afluente s/n do Rio Cuiabá;Bacia do Rio Cuiabá;Bacia do Rio Cuiabá;5,2;;Sentinel-2 de 23/08/2026, pixels de 10 m;Landsat de 13/08/2026, pixels de 30 m
510840220000014;Várzea Grande;Urbana;Ponte Nova;Porto Velho;;0,109;500;4589,5;186;2,7;13,6;14,4;50,4;81,8;0,8;98,4;99,5;6,5;9,1;100,0;0,0;1872,2;1500,0;3,5;86,0;42,4;0,0;96,6;86,0;0,6;0,0;40,5;7;0,0;0;0,0;10,4;0;0,251;11,1;38,6;130;330;540;290;-0,5;0,0;0;0,0;0,0;0;28,0;0,0;0;0,0;0,0;2,16;0,0;Plintossolo pétrico;Afluente s/n do Rio Cuiabá;Bacia do Rio Cuiabá;Bacia do Rio Cuiabá;24,2;;Sentinel-2 de 23/08/2026, pixels de 10 m;Landsat de 13/08/2026, pixels de 30 m
510840220000015;Várzea Grande;Urbana;Ponte Nova;Porto Velho;;0,25;708;2828,8;247;2,9;15,0;14,0;49,7;77,0;0,8;96,8;95,5;77,3;0,0;100,0;3,2;2199,6;1316,0;3,9;98,0;49,9;12,9;98,3;92,1;41,8;0,0;27,2;7;4,9;35;8,1;30,4;58;0,229;8,5;39,2;560;680;220;210;0,1;0,0;0;0,0;6,9;49;18,0;0,0;0;0,0;0,0;2,12;0,0;Plintossolo pétrico;Afluente s/n do Rio Cuiabá;Bacia do Rio Cuiabá;Bacia do Rio Cuiabá;30,0;;Sentinel-2 de 23/08/2026, pixels de 10 m;Landsat de 13/08/2026, pixels de 30 m
510840220000016;Várzea Grande;Urbana;Ponte Nova;Porto Velho;;0,086;334;3896,3;129;2,6;21,6;13,8;49,7;70,1;;98,4;97,7;96,1;0,0;100,0;0,0;2677,0;1200,0;6,7;100,0;78,4;31,4;100,0;100,0;32,9;18,3;21,7;7;0,0;0;0,0;0,0;0;0,217;9,4;39,0;700;780;110;290;-0,1;0,0;0;0,0;0,0;0;0,0;0,0;0;0,0;0,0;2,16;0,0;Plintossolo pétrico;Afluente s/n do Rio Cuiabá;Bacia do Rio Cuiabá;Bacia do Rio Cuiabá;24,2;;Sentinel-2 de 23/08/2026, pixels de 10 m;Landsat de 13/08/2026, pixels de 30 m
510840220000017;Várzea Grande;Urbana;Ponte Nova;Porto Velho;;0,167;439;2622,7;144;3;17,1;13,9;48,3;72,0;0,9;100,0;96,5;72,2;4,2;100,0;0,0;2400,9;1800,0;4,6;93,2;53,5;6,4;100,0;97,0;6,6;6,8;27,8;7;0,0;0;1,1;7,3;5;0,199;7,4;38,1;610;530;160;530;-1,0;0,0;0;0,0;0,1;1;5,8;0,0;0;0,0;0,0;2,16;0,0;Plintossolo pétrico;Afluente s/n do Rio Cuiabá;Bacia do Rio Cuiabá;Bacia do Rio Cuiabá;28,2;;Sentinel-2 de 23/08/2026, pixels de 10 m;Landsat de 13/08/2026, pixels de 30 m
510840220000018;Várzea Grande;Urbana;Cristo Rei;Porto Velho;;0,085;343;4020,4;124;2,8;18,4;9,3;51,0;67,6;0,9;95,2;96,8;83,9;3,2;100,0;0,0;3317,1;2400,0;2,4;100,0;66,8;30,9;100,0;100,0;7,3;12,8;19,6;7;0,0;0;0,0;0,0;0;0,139;2,1;39,5;810;530;290;390;0,4;0,0;0;0,0;0,0;0;0,0;0,0;0;0,0;0,0;2,16;0,0;Plintossolo pétrico;Afluente s/n do Rio Cuiabá;Bacia do Rio Cuiabá;Bacia do Rio Cuiabá;5,2;;Sentinel-2 de 23/08/2026, pixels de 10 m;Landsat de 13/08/2026, pixels de 30 m
510840220000019;Várzea Grande;Urbana;Cristo Rei;Porto Velho;;0,104;627;6010,7;235;2,7;21,2;10,7;50,2;66,2;;99,6;98,7;72,3;9,4;100,0;0,0;3256,3;2400,0;1,9;100,0;60,6;14,5;100,0;100,0;10,7;4,6;21,0;7;0,0;0;0,0;0,0;0;0,146;0,8;40,3;1050;320;260;210;1,2;0,0;0;0,0;0,0;0;0,0;0,0;0;0,0;0,0;2,16;0,0;Plintossolo pétrico;Afluente s/n do Rio Cuiabá;Bacia do Rio Cuiabá;Bacia do Rio Cuiabá;1,3;;Sentinel-2 de 23/08/2026, pixels de 10 m;Landsat de 13/08/2026, pixels de 30 m
510840220000020;Várzea Grande;Urbana;Cristo Rei;Porto Velho;;0,07;399;5708,2;195;2;25,8;5,3;53,1;67,7;;100,0;99,0;7,7;0,0;100,0;0,0;2391,4;1800,0;2,8;100,0;74,4;18,3;100,0;100,0;20,6;2,0;31,1;7;0,0;0;0,0;0,0;0;0,145;1,4;40,4;1310;130;320;440;1,3;0,0;0;0,0;0,0;0;0,0;0,0;0;0,0;0,0;2,16;0,0;Plintossolo pétrico;Afluente s/n do Rio Cuiabá;Bacia do Rio Cuiabá;Bacia do Rio Cuiabá;2,5;;Sentinel-2 de 23/08/2026, pixels de 10 m;Landsat de 13/08/2026, pixels de 30 m
510840220000021;Várzea Grande;Urbana;Cristo Rei;Porto Velho;;0,072;424;5897,8;197;2,2;21,5;9,7;54,5;75,5;0,0;99,5;99,5;5,1;0,0;100,0;0,0;2229,0;1800,0;3,8;100,0;76,2;7,3;100,0;100,0;20,8;4,0;32,8;7;0,0;0;0,0;0,0;0;0,118;0,0;40,2;1130;430;140;460;1,1;0,0;0;0,0;0,0;0;0,0;0,0;0;0,0;0,0;2,16;0,0;Plintossolo pétrico;Afluente s/n do Rio Cuiabá;Bacia do Rio Cuiabá;Bacia do Rio Cuiabá;0,0;;Sentinel-2 de 23/08/2026, pixels de 10 m;Landsat de 13/08/2026, pixels de 30 m
510840220000022;Várzea Grande;Urbana;Cristo Rei;Porto Velho;;0,056;249;4464,6;96;2,6;21,3;11,6;53,4;67,5;0,0;70,8;99,0;26,0;9,4;100,0;0,0;3295,8;2001,0;2,0;100,0;82,7;30,9;100,0;100,0;0,0;4,0;28,9;7;0,0;0;0,0;0,0;0;0,132;0,7;39,5;1270;340;260;310;0,4;0,0;0;0,0;0,0;0;0,0;0,0;0;0,0;0,0;2,16;0,0;Plintossolo pétrico;Afluente s/n do Rio Cuiabá;Bacia do Rio Cuiabá;Bacia do Rio Cuiabá;1,6;;Sentinel-2 de 23/08/2026, pixels de 10 m;Landsat de 13/08/2026, pixels de 30 m
510840220000023;Várzea Grande;Urbana;Cristo Rei;Porto Velho;;0,064;375;5824,6;133;2,8;20,0;8,5;52,0;71,2;0,0;100,0;100,0;14,3;0,0;100,0;0,0;2716,8;2400,0;6,4;100,0;46,7;6,5;100,0;100,0;9,8;8,7;37,3;7;0,0;0;0,0;0,0;0;0,128;0,5;39,8;850;720;380;590;0,7;0,0;0;0,0;0,0;0;0,0;0,0;0;0,0;0,0;2,16;0,0;Plintossolo pétrico;Afluente s/n do Rio Cuiabá;Bacia do Rio Cuiabá;Bacia do Rio Cuiabá;0,9;;Sentinel-2 de 23/08/2026, pixels de 10 m;Landsat de 13/08/2026, pixels de 30 m
510840220000024;Várzea Grande;Urbana;Cristo Rei;Porto Velho;;0,082;390;4753,7;142;2,7;19,2;10,5;50,0;67,7;;97,2;99,3;0,0;0,0;99,3;0,0;2427,5;1800,0;1,8;100,0;80,8;34,5;100,0;100,0;11,7;11,9;30,7;7;0,0;0;0,0;0,0;0;0,234;9,0;38,8;730;930;660;370;-0,3;0,0;0;0,0;0,0;0;0,0;0,0;0;0,0;0,0;2,16;0,0;Plintossolo pétrico;Afluente s/n do Rio Cuiabá;Bacia do Rio Cuiabá;Bacia do Rio Cuiabá;18,9;;Sentinel-2 de 23/08/2026, pixels de 10 m;Landsat de 13/08/2026, pixels de 30 m
510840220000025;Várzea Grande;Urbana;Cristo Rei;Porto Velho;;0,065;363;5553,5;142;2,6;15,2;10,2;49,0;73,3;0,8;81,7;99,3;2,1;21,8;100,0;0,0;3493,0;2400,0;5,4;100,0;87,1;15,2;100,0;100,0;0,0;0,0;33,3;7;0,0;0;0,0;0,0;0;0,223;6,5;39,2;1060;800;520;600;0,1;0,0;0;0,0;0,0;0;0,0;0,0;0;0,0;0,0;2,16;0,0;Plintossolo pétrico;Afluente s/n do Rio Cuiabá;Bacia do Rio Cuiabá;Bacia do Rio Cuiabá;11,6;;Sentinel-2 de 23/08/2026, pixels de 10 m;Landsat de 13/08/2026, pixels de 30 m
510840220000026;Várzea Grande;Urbana;Cristo Rei;Porto Velho;;0,123;627;5115,4;241;2,6;19,0;10,7;53,3;70,5;0,5;79,7;97,9;19,5;1,2;99,6;;3113,3;2400,0;4,7;100,0;71,6;28,7;100,0;100,0;0,0;9,6;33,4;7;0,0;0;0,0;0,0;0;0,195;5,2;39,5;1260;630;260;340;0,4;0,0;0;0,0;0,0;0;0,0;0,0;0;0,0;0,0;2,16;0,0;Plintossolo pétrico;Afluente s/n do Rio Cuiabá;Bacia do Rio Cuiabá;Bacia do Rio Cuiabá;10,2;;Sentinel-2 de 23/08/2026, pixels de 10 m;Landsat de 13/08/2026, pixels de 30 m
510840220000027;Várzea Grande;Urbana;Cristo Rei;Porto Velho;;0,08;365;4564,1;130;2,8;21,1;12,1;51,8;66,8;;97,7;99,2;9,2;86,2;99,2;0,0;2015,8;1212,0;3,7;95,3;69,3;2,2;100,0;95,3;54,8;6,6;34,9;7;0,0;0;2,5;40,0;9;0,25;14,3;38,3;580;1000;660;160;-0,8;0,0;0;0,0;0,0;0;0,0;0,0;0;0,0;0,0;2,16;0,0;Plintossolo pétrico;Afluente s/n do Rio Cuiabá;Bacia do Rio Cuiabá;Bacia do Rio Cuiabá;31,3;;Sentinel-2 de 23/08/2026, pixels de 10 m;Landsat de 13/08/2026, pixels de 30 m
510840220000028;Várzea Grande;Urbana;Cristo Rei;Porto Velho;;0,115;760;6606,2;281;2,7;15,5;10,9;52,0;71,8;;99,6;96,4;31,3;68,7;100,0;0,0;2341,6;2000,0;4,1;100,0;70,0;27,2;100,0;98,9;63,3;8,8;30,0;7;16,7;127;38,4;74,7;292;0,187;3,4;39,8;570;1450;400;490;0,7;0,0;0;0,0;0,0;0;13,0;0,0;0;0,0;0,0;2,16;0,0;Plintossolo pétrico;Afluente s/n do Rio Cuiabá;Bacia do Rio Cuiabá;Bacia do Rio Cuiabá;5,1;;Sentinel-2 de 23/08/2026, pixels de 10 m;Landsat de 13/08/2026, pixels de 30 m
510840220000029;Várzea Grande;Urbana;Cristo Rei;Porto Velho;;0,056;683;12192,6;227;3;15,4;12,6;51,5;78,6;0,0;100,0;98,7;98,2;1,3;100,0;0,0;1643,3;1200,0;7,7;99,1;80,2;24,6;100,0;98,7;73,5;0,0;25,2;7;5,7;39;57,4;100,0;392;0,167;0,7;40,6;570;1720;300;490;1,5;0,0;0;0,0;1,2;8;2,2;0,0;0;0,0;0,0;2,16;0,0;Plintossolo pétrico;Afluente s/n do Rio Cuiabá;Bacia do Rio Cuiabá;Bacia do Rio Cuiabá;0,6;;Sentinel-2 de 23/08/2026, pixels de 10 m;Landsat de 13/08/2026, pixels de 30 m
510840220000030;Várzea Grande;Urbana;Cristo Rei;Porto Velho;;0,1;904;9040,9;312;2,9;16,2;11,8;51,1;72,8;0,0;100,0;99,0;97,8;1,3;100,0;0,0;2102,5;1212,0;7,0;99,0;71,7;20,7;100,0;96,9;41,7;0,0;24,1;7;9,6;87;22,6;67,7;204;0,207;11,1;39,8;510;1990;320;460;0,7;0,0;0;0,0;0,0;0;0,0;0,0;0;0,0;0,0;2,16;0,0;Plintossolo pétrico;Afluente s/n do Rio Cuiabá;Bacia do Rio Cuiabá;Bacia do Rio Cuiabá;12,3;;Sentinel-2 de 23/08/2026, pixels de 10 m;Landsat de 13/08/2026, pixels de 30 m
510840220000031;Várzea Grande;Urbana;Cristo Rei;Porto Velho;;0,057;513;9003,4;176;2,9;18,3;11,1;55,2;72,5;0,0;100,0;99,4;81,2;15,9;100,0;0,0;1642,9;1200,0;7,7;100,0;43,5;0,0;100,0;100,0;72,1;0,0;32,8;7;8,1;42;30,9;58,8;158;0,163;2,3;39,3;380;1920;300;360;0,2;0,0;0;0,0;0,0;0;0,0;0,0;0;0,0;0,0;2,16;0,0;Plintossolo pétrico;Afluente s/n do Rio Cuiabá;Bacia do Rio Cuiabá;Bacia do Rio Cuiabá;2,6;;Sentinel-2 de 23/08/2026, pixels de 10 m;Landsat de 13/08/2026, pixels de 30 m
510840220000032;Várzea Grande;Urbana;Cristo Rei;Porto Velho;;0,064;637;9942,5;229;2,8;19,5;12,6;54,9;72,1;0,6;96,9;98,7;78,2;0,0;100,0;0,0;2561,8;2000,0;1,5;100,0;52,6;1,1;100,0;100,0;56,7;0,0;22,8;7;0,0;0;0,0;18,3;0;0,144;1,6;39,9;140;1700;260;150;0,8;0,0;0;0,0;0,0;0;0,0;0,0;0;0,0;0,0;2,16;0,0;Plintossolo pétrico;Afluente s/n do Rio Cuiabá;Bacia do Rio Cuiabá;Bacia do Rio Cuiabá;1,6;;Sentinel-2 de 23/08/2026, pixels de 10 m;Landsat de 13/08/2026, pixels de 30 m
510840220000033;Várzea Grande;Urbana;Cristo Rei;Porto Velho;;0,066;617;9376,0;211;2,9;24,5;10,9;55,3;74,2;0,5;98,6;100,0;21,8;1,9;100,0;0,0;3043,5;2000,0;3,7;100,0;58,0;5,3;100,0;100,0;50,6;1,9;31,1;7;0,0;0;1,4;100,0;9;0,174;3,5;39,8;150;1430;410;210;0,7;0,0;0;0,0;0,0;0;0,0;0,0;0;0,0;0,0;2,16;0,0;Plintossolo pétrico;Afluente s/n do Rio Cuiabá;Bacia do Rio Cuiabá;Bacia do Rio Cuiabá;3,7;;Sentinel-2 de 23/08/2026, pixels de 10 m;Landsat de 13/08/2026, pixels de 30 m
510840220000034;Várzea Grande;Urbana;Cristo Rei;Porto Velho;;0,072;653;9077,3;214;3,1;18,1;11,8;51,6;77,0;0,0;100,0;99,5;25,2;67,3;100,0;;2696,5;2100,0;3,0;100,0;31,9;0,0;100,0;99,1;75,2;0,0;34,2;7;0,0;0;0,0;98,7;0;0,143;0,8;40,1;190;1450;230;140;1,0;0,0;0;0,0;0,0;0;0,0;0,0;0;0,0;0,0;2,16;0,0;Plintossolo pétrico;Afluente s/n do Rio Cuiabá;Bacia do Rio Cuiabá;Bacia do Rio Cuiabá;0,9;;Sentinel-2 de 23/08/2026, pixels de 10 m;Landsat de 13/08/2026, pixels de 30 m
510840220000035;Várzea Grande;Urbana;Cristo Rei;Porto Velho;;0,077;651;8477,5;219;3;15,5;13,4;51,2;70,7;0,8;97,3;89,0;42,5;49,3;99,5;;2485,0;1800,0;4,6;100,0;52,7;6,3;100,0;100,0;77,4;0,0;31,5;7;0,0;0;0,0;34,6;0;0,157;3,8;40,4;350;1620;110;270;1,3;0,0;0;0,0;0,0;0;0,0;0,0;0;0,0;0,0;2,16;0,0;Plintossolo pétrico;Afluente s/n do Rio Cuiabá;Bacia do Rio Cuiabá;Bacia do Rio Cuiabá;4,5;;Sentinel-2 de 23/08/2026, pixels de 10 m;Landsat de 13/08/2026, pixels de 30 m
510840220000036;Várzea Grande;Urbana;Cristo Rei;Porto Velho;;0,08;421;5264,5;191;2,2;14,5;7,4;50,6;78,6;0,0;99,0;99,0;79,1;4,7;100,0;0,0;2480,8;2200,0;6,8;100,0;67,0;0,2;100,0;96,7;33,3;0,5;26,2;7;0,0;0;15,5;45,1;65;0,179;2,4;39,8;720;1670;370;720;0,7;0,0;0;0,0;0,0;0;1,8;0,0;0;0,0;0,0;2,16;0,0;Plintossolo pétrico;Afluente s/n do Rio Cuiabá;Bacia do Rio Cuiabá;Bacia do Rio Cuiabá;4,6;;Sentinel-2 de 23/08/2026, pixels de 10 m;Landsat de 13/08/2026, pixels de 30 m
510840220000037;Várzea Grande;Urbana;Cristo Rei;Porto Velho;;0,146;856;5843,4;291;2,9;15,7;13,8;50,8;75,8;0,0;99,7;100,0;33,3;13,1;100,0;0,0;2335,2;2000,0;4,7;98,9;60,0;4,8;100,0;98,1;50,9;1,6;31,9;7;20,5;175;31,0;66,5;265;0,244;11,7;39,5;960;1480;420;510;0,4;0,0;0;0,0;4,2;36;14,0;0,0;0;0,0;0,0;2,16;0,0;Plintossolo pétrico;Afluente s/n do Rio Cuiabá;Bacia do Rio Cuiabá;Bacia do Rio Cuiabá;20,0;;Sentinel-2 de 23/08/2026, pixels de 10 m;Landsat de 13/08/2026, pixels de 30 m
510840220000038;Várzea Grande;Urbana;Cristo Rei;Porto Velho;;0,088;632;7213,2;208;3;10,6;12,2;48,6;74,8;0,0;100,0;97,6;25,0;73,6;100,0;0,0;2182,5;2000,0;3,2;100,0;21,4;0,0;100,0;94,9;71,2;3,5;37,3;7;3,1;19;37,9;62,1;239;0,182;1,8;40,0;800;1260;160;590;0,9;0,0;0;0,0;0,1;1;0,4;0,0;0;0,0;0,0;2,16;0,0;Plintossolo pétrico;Afluente s/n do Rio Cuiabá;Bacia do Rio Cuiabá;Bacia do Rio Cuiabá;2,5;;Sentinel-2 de 23/08/2026, pixels de 10 m;Landsat de 13/08/2026, pixels de 30 m
510840220000039;Várzea Grande;Urbana;Cristo Rei;Porto Velho;;0,098;566;5787,3;194;2,9;14,8;14,3;52,8;77,4;0,0;96,4;99,5;13,4;5,2;100,0;0,0;2153,1;1500,0;2,2;100,0;20,1;7,8;100,0;100,0;54,8;0,0;38,7;7;0,7;4;11,7;84,7;66;0,159;1,4;39,6;600;1120;290;340;0,5;0,0;0;0,0;0,0;0;0,0;0,0;0;0,0;0,0;2,16;0,0;Plintossolo pétrico;Afluente s/n do Rio Cuiabá;Bacia do Rio Cuiabá;Bacia do Rio Cuiabá;2,4;;Sentinel-2 de 23/08/2026, pixels de 10 m;Landsat de 13/08/2026, pixels de 30 m
510840220000040;Várzea Grande;Urbana;Cristo Rei;Porto Velho;;0,14;782;5586,0;279;2,8;13,8;13,2;50,9;69,8;;100,0;99,3;15,8;73,1;100,0;0,0;2899,3;2500,0;2,7;100,0;32,6;4,0;100,0;100,0;68,0;0,0;34,7;7;0,0;0;0,0;9,1;0;0,139;1,4;39,8;880;840;240;340;0,7;0,0;0;0,0;0,0;0;0,0;0,0;0;0,0;0,0;2,16;0,0;Plintossolo pétrico;Afluente s/n do Rio Cuiabá;Bacia do Rio Cuiabá;Bacia do Rio Cuiabá;2,5;;Sentinel-2 de 23/08/2026, pixels de 10 m;Landsat de 13/08/2026, pixels de 30 m
510840220000041;Várzea Grande;Urbana;Cristo Rei;Porto Velho;;0,218;596;2729,0;194;2,9;13,9;10,6;49,8;70,6;0,0;99,0;100,0;10,8;5,2;100,0;0,0;3249,5;2400,0;0,6;100,0;73,0;19,6;100,0;100,0;79,3;0,7;26,7;7;0,0;0;0,0;0,0;0;0,258;12,1;39,5;1230;540;130;120;0,4;0,0;0;0,0;0,0;0;0,0;0,0;0;0,0;0,0;2,16;0,0;Plintossolo pétrico;Afluente s/n do Rio Cuiabá;Bacia do Rio Cuiabá;Bacia do Rio Cuiabá;44,3;;Sentinel-2 de 23/08/2026, pixels de 10 m;Landsat de 13/08/2026, pixels de 30 m
510840220000042;Várzea Grande;Urbana;Cristo Rei;Porto Velho;;0,149;715;4788,4;257;2,8;12,7;11,7;51,3;69,7;0,8;93,8;97,3;14,0;71,2;100,0;0,0;3035,5;2400,0;1,4;100,0;58,0;14,3;100,0;100,0;84,1;0,1;30,5;7;0,0;0;0,0;0,0;0;0,17;7,5;40,3;1160;410;230;20;1,2;0,0;0;0,0;0,0;0;0,0;0,0;0;0,0;0,0;2,16;0,0;Plintossolo pétrico;Afluente s/n do Rio Cuiabá;Bacia do Rio Cuiabá;Bacia do Rio Cuiabá;15,6;;Sentinel-2 de 23/08/2026, pixels de 10 m;Landsat de 13/08/2026, pixels de 30 m
510840220000043;Várzea Grande;Urbana;Cristo Rei;Porto Velho;;0,104;664;6369,6;229;2,9;13,7;14,6;50,0;72,7;;98,7;99,1;13,5;79,9;100,0;0,0;3022,0;2000,0;0,9;100,0;42,0;13,9;100,0;100,0;80,6;1,1;31,6;7;0,0;0;0,0;0,0;0;0,191;9,1;39,9;1400;490;120;40;0,8;0,0;0;0,0;0,0;0;0,0;0,0;0;0,0;2,7;2,16;0,0;Plintossolo pétrico;Afluente s/n do Rio Cuiabá;Bacia do Rio Cuiabá;Bacia do Rio Cuiabá;14,3;;Sentinel-2 de 23/08/2026, pixels de 10 m;Landsat de 13/08/2026, pixels de 30 m
510840220000044;Várzea Grande;Urbana;Cristo Rei;Porto Velho;;0,248;906;3654,1;282;3,2;6,2;14,6;50,3;74,7;0,9;99,3;99,6;45,0;21,3;100,0;0,0;2829,3;2000,0;2,8;100,0;70,4;9,8;100,0;97,6;32,4;5,5;25,4;7;20,6;187;46,8;70,2;424;0,312;25,7;38,4;450;1290;540;350;-0,7;1,2;11;0,0;23,2;210;27,6;5,3;48;2,7;6,3;2,15;0,0;Plintossolo pétrico;Afluente s/n do Rio Cuiabá;Bacia do Rio Cuiabá;Bacia do Rio Cuiabá;70,3;;Sentinel-2 de 23/08/2026, pixels de 10 m;Landsat de 13/08/2026, pixels de 30 m
510840220000045;Várzea Grande;Urbana;Cristo Rei;Porto Velho;;0,064;582;9138,8;194;3;12,5;10,7;53,8;73,9;0,0;100,0;100,0;80,9;18,0;100,0;0,0;1901,0;1212,0;2,5;100,0;48,8;0,0;100,0;100,0;89,3;0,0;25,5;7;13,0;76;56,8;86,4;331;0,127;0,0;40,4;950;1090;90;120;1,3;0,0;0;0,0;14,4;84;17,6;0,0;0;0,0;0,0;2,16;0,0;Plintossolo pétrico;Afluente s/n do Rio Cuiabá;Bacia do Rio Cuiabá;Bacia do Rio Cuiabá;0,0;;Sentinel-2 de 23/08/2026, pixels de 10 m;Landsat de 13/08/2026, pixels de 30 m
510840220000046;Várzea Grande;Urbana;Cristo Rei;Porto Velho;;0,173;731;4214,8;250;2,9;10,7;16,1;52,3;69,2;;100,0;99,6;20,8;72,0;99,2;0,0;2434,6;1800,0;2,6;100,0;41,9;3,3;97,8;100,0;55,5;0,0;33,8;7;8,8;64;22,9;62,0;168;0,211;5,8;40,1;980;1250;170;210;1,0;0,0;0;0,0;5,7;42;9,3;0,0;0;0,0;0,0;2,16;0,0;Plintossolo pétrico;Afluente s/n do Rio Cuiabá;Bacia do Rio Cuiabá;Bacia do Rio Cuiabá;13,7;;Sentinel-2 de 23/08/2026, pixels de 10 m;Landsat de 13/08/2026, pixels de 30 m
510840220000047;Várzea Grande;Urbana;Cristo Rei;Porto Velho;;0,121;646;5342,6;272;2,4;4,5;15,0;52,6;65,8;1,1;66,9;100,0;99,6;0,0;100,0;0,0;4900,6;3800,0;2,8;100,0;68,3;8,8;100,0;100,0;100,0;14,6;19,4;7;0,0;0;0,0;73,0;0;0,288;27,2;37,8;540;1990;460;470;-1,3;44,1;285;0,0;23,7;153;47,9;50,2;324;0,0;21,9;2,2;44,7;Neossolo flúvico;Córrego São Gonçalo;Bacia do Rio Cuiabá;Bacia do Rio Cuiabá;50,9;;Sentinel-2 de 23/08/2026, pixels de 10 m;Landsat de 13/08/2026, pixels de 30 m
510840220000048;Várzea Grande;Urbana;Cristo Rei;Porto Velho;;0,41;449;1095,8;144;3,1;12,0;18,5;47,0;79,3;0,7;84,0;38,2;14,6;59,7;92,4;;1873,6;1300,0;12,3;6,7;94,9;56,3;100,0;4,7;6,2;0,0;56,3;7;10,0;45;39,1;74,2;176;0,406;38,8;38,5;1140;2840;890;710;-0,6;99,2;446;45,2;64,9;292;97,7;98,4;442;62,0;7,7;2,26;70,8;Neossolo flúvico;Córrego Lavrinha;Bacia do Rio Cuiabá;Bacia do Rio Cuiabá;354,3;;Sentinel-2 de 23/08/2026, pixels de 10 m;Landsat de 13/08/2026, pixels de 30 m
510840220000049;Várzea Grande;Urbana;Parque do Lago;Porto Velho;;0,131;717;5476,5;296;2,4;13,9;12,3;51,6;83,3;;99,0;98,6;95,6;0,0;100,0;;2206,9;2000,0;5,1;100,0;65,4;6,3;100,0;100,0;77,0;14,6;23,0;7;0,0;0;35,7;63,6;256;0,19;2,0;39,7;710;2020;530;790;0,6;0,0;0;0,0;0,0;0;0,0;0,0;0;0,0;0,0;2,16;0,0;Plintossolo pétrico;Afluente s/n do Rio Cuiabá;Bacia do Rio Cuiabá;Bacia do Rio Cuiabá;3,7;;Sentinel-2 de 23/08/2026, pixels de 10 m;Landsat de 13/08/2026, pixels de 30 m
510840220000050;Várzea Grande;Urbana;Parque do Lago;Porto Velho;;0,098;688;7010,7;267;2,6;12,8;14,4;50,3;79,1;;96,6;87,3;88,4;2,6;100,0;0,0;2275,8;2000,0;6,0;100,0;93,3;29,9;100,0;100,0;67,6;1,3;21,2;7;0,0;0;0,0;0,0;0;0,192;3,2;40,0;520;2170;430;620;0,9;0,0;0;0,0;0,0;0;0,0;0,0;0;0,0;0,0;2,16;0,0;Plintossolo pétrico;Afluente s/n do Rio Cuiabá;Bacia do Rio Cuiabá;Bacia do Rio Cuiabá;4,6;;Sentinel-2 de 23/08/2026, pixels de 10 m;Landsat de 13/08/2026, pixels de 30 m
510840220000051;Várzea Grande;Urbana;Parque do Lago;Porto Velho;;0,069;542;7886,9;187;2,9;15,1;13,5;50,7;81,9;1,1;98,9;64,2;99,5;0,0;100,0;;2318,4;1600,0;6,2;100,0;85,4;53,0;100,0;100,0;45,9;1,1;20,5;7;0,0;0;0,0;0,0;0;0,203;4,1;39,7;390;2290;370;510;0,6;0,0;0;0,0;0,0;0;0,0;0,0;0;0,0;0,0;2,16;0,0;Plintossolo pétrico;Afluente s/n do Rio Cuiabá;Bacia do Rio Cuiabá;Bacia do Rio Cuiabá;5,2;;Sentinel-2 de 23/08/2026, pixels de 10 m;Landsat de 13/08/2026, pixels de 30 m
510840220000052;Várzea Grande;Urbana;Parque do Lago;Porto Velho;;0,117;923;7901,6;331;2,8;13,7;15,4;51,2;77,4;0,0;95,2;93,1;81,3;0,0;100,0;0,0;2040,1;1750,0;5,6;100,0;75,0;21,2;100,0;100,0;77,6;4,4;25,3;7;0,0;0;1,0;32,0;10;0,187;2,0;39,5;440;2710;200;560;0,4;0,0;0;0,0;0,0;0;0,0;0,0;0;0,0;0,0;2,16;0,0;Plintossolo pétrico;Afluente s/n do Rio Cuiabá;Bacia do Rio Cuiabá;Bacia do Rio Cuiabá;2,5;;Sentinel-2 de 23/08/2026, pixels de 10 m;Landsat de 13/08/2026, pixels de 30 m
510840220000053;Várzea Grande;Urbana;Parque do Lago;Porto Velho;;0,12;710;5911,6;243;2,9;14,4;13,9;49,6;75,6;0,0;97,1;96,7;94,7;0,0;100,0;0,0;2156,9;1450,0;3,1;100,0;68,6;0,0;100,0;100,0;82,4;7,9;21,0;7;0,0;0;0,0;0,0;0;0,17;2,2;40,0;230;2560;50;320;0,9;0,0;0;0,0;0,0;0;0,0;0,0;0;0,0;0,0;2,16;0,0;Plintossolo pétrico;Afluente s/n do Rio Cuiabá;Bacia do Rio Cuiabá;Bacia do Rio Cuiabá;3,7;;Sentinel-2 de 23/08/2026, pixels de 10 m;Landsat de 13/08/2026, pixels de 30 m
510840220000054;Várzea Grande;Urbana;Parque do Lago;Porto Velho;;0,078;522;6655,7;172;3;15,9;13,4;53,3;73,4;;96,5;89,5;73,3;24,4;100,0;0,0;1584,6;1212,0;7,7;100,0;77,2;2,1;100,0;100,0;70,7;12,1;29,8;7;0,0;0;0,0;32,9;0;0,158;1,7;40,0;530;2870;310;600;0,9;0,0;0;0,0;0,0;0;0,0;0,0;0;0,0;0,0;2,16;0,0;Plintossolo pétrico;Afluente s/n do Rio Cuiabá;Bacia do Rio Cuiabá;Bacia do Rio Cuiabá;2,5;;Sentinel-2 de 23/08/2026, pixels de 10 m;Landsat de 13/08/2026, pixels de 30 m
510840220000055;Várzea Grande;Urbana;Parque do Lago;Porto Velho;;0,125;1010;8106,7;348;2,9;10,8;17,0;50,0;83,9;;92,0;77,6;61,5;38,2;100,0;0,0;1600,0;1212,0;5,0;88,7;75,4;9,8;98,8;94,4;98,1;15,0;31,1;7;0,0;0;5,9;74,8;59;0,202;3,0;39,3;620;3170;370;1020;0,2;0,0;0;0,0;0,0;0;0,0;6,6;66;0,0;0,0;2,16;0,0;Plintossolo pétrico;Afluente s/n do Rio Cuiabá;Bacia do Rio Cuiabá;Bacia do Rio Cuiabá;3,7;;Sentinel-2 de 23/08/2026, pixels de 10 m;Landsat de 13/08/2026, pixels de 30 m
510840220000056;Várzea Grande;Urbana;Parque do Lago;Porto Velho;;0,13;741;5693,4;245;3;10,8;16,3;50,9;78,7;0,0;89,0;42,4;85,3;1,6;100,0;;1549,9;1212,0;6,3;100,0;68,0;3,1;99,7;94,9;80,0;6,3;29,2;7;3,1;23;27,9;81,2;207;0,243;5,9;39,3;410;3390;270;1180;0,2;34,4;255;0,0;2,9;22;6,1;49,3;365;0,5;0,0;2,16;0,0;Plintossolo pétrico;Afluente s/n do Rio Cuiabá;Bacia do Rio Cuiabá;Bacia do Rio Cuiabá;10,4;;Sentinel-2 de 23/08/2026, pixels de 10 m;Landsat de 13/08/2026, pixels de 30 m
510840220000057;Várzea Grande;Urbana;Parque do Lago;Porto Velho;;0,102;730;7173,3;232;3,1;13,7;15,9;52,6;77,9;0,0;97,4;72,4;96,1;0,0;100,0;0,0;1809,2;1200,0;3,2;100,0;72,5;13,8;100,0;99,5;65,5;4,7;21,4;7;4,1;30;53,1;89,4;388;0,234;9,8;39,3;430;3120;150;830;0,2;0,9;6;0,0;0,0;0;5,5;2,6;19;0,0;0,0;2,16;0,0;Plintossolo pétrico;Afluente s/n do Rio Cuiabá;Bacia do Rio Cuiabá;Bacia do Rio Cuiabá;13,7;;Sentinel-2 de 23/08/2026, pixels de 10 m;Landsat de 13/08/2026, pixels de 30 m
510840220000058;Várzea Grande;Urbana;Parque do Lago;Porto Velho;;0,038;208;5496,6;79;2,6;19,2;13,9;54,3;73,6;0,0;97,5;65,8;83,5;0,0;100,0;0,0;3105,6;2400,0;7,7;100,0;69,2;13,5;100,0;100,0;0,5;0,0;25,1;7;0,0;0;0,0;2,6;0;0,152;0,5;39,8;630;2930;60;850;0,7;0,0;0;0,0;0,0;0;0,0;0,0;0;0,0;0,0;2,16;0,0;Plintossolo pétrico;Afluente s/n do Rio Cuiabá;Bacia do Rio Cuiabá;Bacia do Rio Cuiabá;0,9;;Sentinel-2 de 23/08/2026, pixels de 10 m;Landsat de 13/08/2026, pixels de 30 m
510840220000059;Várzea Grande;Urbana;Parque do Lago;Porto Velho;;0,065;464;7160,7;163;2,8;16,4;13,6;51,3;70,9;0,0;95,1;76,1;69,3;28,2;99,4;0,0;2566,8;1767,5;2,7;100,0;57,6;19,0;100,0;100,0;17,1;22,9;25,1;7;0,0;0;0,0;0,0;0;0,145;1,1;40,4;490;2670;140;430;1,3;0,0;0;0,0;0,0;0;0,0;0,0;0;0,0;0,0;2,16;0,0;Plintossolo pétrico;Afluente s/n do Rio Cuiabá;Bacia do Rio Cuiabá;Bacia do Rio Cuiabá;1,5;;Sentinel-2 de 23/08/2026, pixels de 10 m;Landsat de 13/08/2026, pixels de 30 m
510840220000060;Várzea Grande;Urbana;Parque do Lago;Porto Velho;;0,383;1079;2818,0;340;3,2;7,6;15,9;51,2;79,1;;94,4;91,8;87,1;10,6;94,1;0,9;1729,4;1247,5;5,8;97,4;57,1;11,5;100,0;90,8;53,3;0,0;30,0;7;18,0;194;56,0;72,2;604;0,336;26,3;38,5;410;2060;340;290;-0,6;0,0;0;0,0;2,8;30;3,4;0,0;0;0,0;3,9;2,16;0,0;Plintossolo pétrico;Afluente s/n do Rio Cuiabá;Bacia do Rio Cuiabá;Bacia do Rio Cuiabá;93,4;;Sentinel-2 de 23/08/2026, pixels de 10 m;Landsat de 13/08/2026, pixels de 30 m
510840220000061;Várzea Grande;Urbana;Ponte Nova;Porto Velho;;0,096;550;5749,1;184;3;15,6;14,2;48,9;84,5;0,0;97,8;96,7;26,6;52,7;99,5;;1758,2;1212,0;7,8;99,5;45,3;0,0;97,1;94,7;85,8;0,0;40,5;7;8,8;49;67,9;74,1;373;0,166;4,8;38,4;300;1340;1010;720;-0,7;100,0;550;19,8;84,4;464;100,0;89,6;493;18,6;0,0;2,09;0,0;Plintossolo pétrico;Afluente s/n do Rio Cuiabá;Bacia do Rio Cuiabá;Bacia do Rio Cuiabá;8,4;;Sentinel-2 de 23/08/2026, pixels de 10 m;Landsat de 13/08/2026, pixels de 30 m
510840220000062;Várzea Grande;Urbana;Ponte Nova;Porto Velho;;0,119;713;6004,4;222;3,2;8,1;14,2;47,3;79,9;0,0;99,5;91,4;9,0;0,0;99,5;0,0;2083,3;1500,0;4,4;12,8;87,7;15,4;100,0;58,1;5,9;0,0;44,3;7;2,4;17;58,5;97,5;417;0,304;22,5;38,2;700;1240;350;390;-0,9;44,9;320;0,0;44,4;316;66,5;49,8;355;0,0;9,0;2,13;0,0;Plintossolo pétrico;Afluente s/n do Rio Cuiabá;Bacia do Rio Cuiabá;Bacia do Rio Cuiabá;37,6;;Sentinel-2 de 23/08/2026, pixels de 10 m;Landsat de 13/08/2026, pixels de 30 m
510840220000063;Várzea Grande;Urbana;Ponte Nova;Porto Velho;;0,092;477;5206,6;153;3,1;12,4;11,7;50,7;79,9;0,0;99,3;98,0;80,4;4,6;99,3;;2908,8;1705,5;8,1;100,0;60,2;23,7;100,0;100,0;6,3;0,0;27,5;7;0,0;0;0,0;0,0;0;0,217;5,4;39,3;270;490;450;250;0,2;0,0;0;0,0;1,7;8;1,8;0,0;0;0,0;0,0;2,16;0,0;Plintossolo pétrico;Afluente s/n do Rio Cuiabá;Bacia do Rio Cuiabá;Bacia do Rio Cuiabá;10,4;;Sentinel-2 de 23/08/2026, pixels de 10 m;Landsat de 13/08/2026, pixels de 30 m
510840220000064;Várzea Grande;Urbana;Ponte Nova;Porto Velho;;0,237;661;2785,5;212;3,1;13,2;13,9;47,4;75,8;;97,2;98,6;73,1;0,0;100,0;;2084,4;1500,0;4,2;93,5;38,0;2,9;100,0;93,5;8,2;0,0;30,8;7;15,3;101;8,4;40,1;55;0,26;15,1;39,1;510;720;660;260;0,0;0,0;0;0,0;0,0;0;11,0;0,0;0;0,0;0,0;2,16;0,0;Plintossolo pétrico;Afluente s/n do Rio Cuiabá;Bacia do Rio Cuiabá;Bacia do Rio Cuiabá;54,1;;Sentinel-2 de 23/08/2026, pixels de 10 m;Landsat de 13/08/2026, pixels de 30 m
510840220000065;Várzea Grande;Urbana;Cristo Rei;Porto Velho;;0,122;307;2507,3;119;2,6;24,8;7,5;51,1;72,3;;82,4;96,6;71,4;14,3;100,0;0,0;2546,2;1600,0;3,4;100,0;67,1;11,4;100,0;100,0;0,0;8,1;26,0;7;0,0;0;0,0;0,0;0;0,182;10,1;39,4;1000;480;30;50;0,3;0,0;0;0,0;0,0;0;0,0;0,0;0;0,0;0,0;2,16;0,0;Plintossolo pétrico;Afluente s/n do Rio Cuiabá;Bacia do Rio Cuiabá;Bacia do Rio Cuiabá;40,1;;Sentinel-2 de 23/08/2026, pixels de 10 m;Landsat de 13/08/2026, pixels de 30 m
510840220000066;Várzea Grande;Urbana;Cristo Rei;Porto Velho;;0,144;721;4994,8;260;2,8;11,4;11,1;50,3;73,2;0,0;98,1;99,6;41,9;0,0;99,6;0,0;2522,7;1700,0;4,1;100,0;68,2;16,6;100,0;99,0;47,7;6,8;28,6;7;0,0;0;29,8;80,1;215;0,214;3,8;39,3;840;960;310;280;0,2;0,0;0;0,0;0,0;0;0,0;0,0;0;0,0;0,0;2,16;0,0;Plintossolo pétrico;Afluente s/n do Rio Cuiabá;Bacia do Rio Cuiabá;Bacia do Rio Cuiabá;7,6;;Sentinel-2 de 23/08/2026, pixels de 10 m;Landsat de 13/08/2026, pixels de 30 m
510840220000067;Várzea Grande;Urbana;Cristo Rei;Porto Velho;;0,057;586;10268,8;195;3;16,2;15,0;52,4;76,8;0,0;100,0;99,5;91,8;0,0;100,0;0,0;2470,5;1700,0;5,8;100,0;27,8;5,2;100,0;100,0;46,6;0,0;28,9;7;23,9;140;70,8;87,6;415;0,152;0,0;40,2;950;990;160;170;1,1;0,0;0;0,0;23,7;139;23,7;0,0;0;0,0;0,0;2,16;0,0;Plintossolo pétrico;Afluente s/n do Rio Cuiabá;Bacia do Rio Cuiabá;Bacia do Rio Cuiabá;0,0;;Sentinel-2 de 23/08/2026, pixels de 10 m;Landsat de 13/08/2026, pixels de 30 m
510840220000068;Várzea Grande;Urbana;Parque do Lago;Porto Velho;;0,107;781;7289,2;244;3,2;6,9;17,8;47,8;80,5;0,5;62,7;38,5;52,5;45,5;99,6;;2156,3;1672,5;4,0;30,5;79,4;23,3;100,0;35,1;21,4;1,4;41,7;7;0,0;0;0,0;1,0;0;0,23;4,1;39,0;840;3360;670;1320;-0,1;11,7;91;0,0;0,0;0;0,0;18,7;146;0,0;0,0;2,16;0,0;Plintossolo pétrico;Córrego do Aeroporto;Bacia do Rio Cuiabá;Bacia do Rio Cuiabá;5,6;;Sentinel-2 de 23/08/2026, pixels de 10 m;Landsat de 13/08/2026, pixels de 30 m
510840220000069;Várzea Grande;Urbana;Parque do Lago;Porto Velho;;0,065;489;7547,9;157;3,1;13,3;14,5;49,7;77,1;0,0;98,1;95,5;94,9;1,9;100,0;;2343,7;1850,0;4,4;100,0;61,3;8,2;100,0;99,4;37,0;2,9;22,7;7;0,0;0;0,0;7,4;0;0,179;2,6;39,5;290;2400;270;420;0,4;0,0;0;0,0;0,0;0;0,0;0,0;0;0,0;0,0;2,16;0,0;Plintossolo pétrico;Afluente s/n do Rio Cuiabá;Bacia do Rio Cuiabá;Bacia do Rio Cuiabá;3,5;;Sentinel-2 de 23/08/2026, pixels de 10 m;Landsat de 13/08/2026, pixels de 30 m
510840220000070;Várzea Grande;Urbana;Parque do Lago;Porto Velho;;0,062;522;8360,8;204;2,6;17,0;13,6;52,5;74,3;0,0;98,0;75,0;87,7;1,5;100,0;0,0;2229,1;1656,0;4,3;100,0;52,1;0,0;100,0;92,7;71,8;7,1;25,3;7;0,0;0;19,3;54,2;101;0,18;1,7;39,9;560;2970;300;680;0,8;0,0;0;0,0;0,0;0;0,0;0,0;0;0,0;0,0;2,16;0,0;Plintossolo pétrico;Afluente s/n do Rio Cuiabá;Bacia do Rio Cuiabá;Bacia do Rio Cuiabá;2,0;;Sentinel-2 de 23/08/2026, pixels de 10 m;Landsat de 13/08/2026, pixels de 30 m
510840220000071;Várzea Grande;Urbana;Parque do Lago;Porto Velho;;0,074;577;7834,0;200;2,9;17,7;13,2;54,1;74,4;;99,5;95,5;88,5;11,0;100,0;0,0;2131,0;1500,0;3,7;100,0;86,8;52,5;99,7;100,0;10,4;0,0;19,6;7;0,0;0;0,0;21,2;0;0,165;1,1;39,7;780;2710;250;690;0,6;0,0;0;0,0;0,0;0;0,0;0,0;0;0,0;0,0;2,16;0,0;Plintossolo pétrico;Afluente s/n do Rio Cuiabá;Bacia do Rio Cuiabá;Bacia do Rio Cuiabá;1,4;;Sentinel-2 de 23/08/2026, pixels de 10 m;Landsat de 13/08/2026, pixels de 30 m
510840220000072;Várzea Grande;Urbana;Ponte Nova;Porto Velho;;0,158;774;4891,7;307;2,5;12,5;13,4;47,2;71,2;0,9;88,9;90,9;58,0;37,5;99,3;;2448,7;1800,0;5,4;96,1;32,7;5,3;100,0;96,1;56,8;0,0;35,0;7;18,4;142;68,8;98,3;532;0,231;10,7;38,9;300;1120;670;640;-0,2;60,7;470;0,0;57,9;448;87,3;70,2;543;0,0;1,6;2,1;0,0;Plintossolo pétrico;Afluente s/n do Rio Cuiabá;Bacia do Rio Cuiabá;Bacia do Rio Cuiabá;21,8;;Sentinel-2 de 23/08/2026, pixels de 10 m;Landsat de 13/08/2026, pixels de 30 m
510840220000073;Várzea Grande;Urbana;Cristo Rei;Porto Velho;;0,039;206;5234,4;72;2,9;16,5;9,7;47,1;65,5;0,0;91,7;93,1;45,8;27,8;100,0;0,0;2738,3;2210,0;1,7;100,0;95,6;0,0;100,0;100,0;0,0;35,9;21,8;7;0,0;0;0,0;0,0;0;0,225;10,0;38,8;870;650;150;130;-0,3;0,0;0;0,0;0,0;0;0,0;0,0;0;0,0;0,0;2,16;0,0;Plintossolo pétrico;Afluente s/n do Rio Cuiabá;Bacia do Rio Cuiabá;Bacia do Rio Cuiabá;18,9;;Sentinel-2 de 23/08/2026, pixels de 10 m;Landsat de 13/08/2026, pixels de 30 m
510840220000074;Várzea Grande;Urbana;Cristo Rei;Porto Velho;;0,055;280;5107,7;107;2,6;19,6;12,9;46,1;72,9;0,0;93,5;92,5;4,7;79,4;100,0;0,0;3215,1;2200,0;3,5;100,0;60,0;12,1;100,0;100,0;0,0;14,3;33,5;7;0,0;0;0,0;0,0;0;0,144;0,7;39,6;1120;480;330;560;0,5;0,0;0;0,0;0,0;0;0,0;0,0;0;0,0;0,0;2,16;0,0;Plintossolo pétrico;Afluente s/n do Rio Cuiabá;Bacia do Rio Cuiabá;Bacia do Rio Cuiabá;1,4;;Sentinel-2 de 23/08/2026, pixels de 10 m;Landsat de 13/08/2026, pixels de 30 m
510840220000075;Várzea Grande;Urbana;Cristo Rei;Porto Velho;;0,055;285;5170,4;98;2,8;20,7;10,5;52,3;68,8;0,0;95,9;99,0;5,1;0,0;100,0;0,0;2957,6;2400,0;4,2;100,0;93,9;30,5;100,0;100,0;0,0;0,7;29,5;7;0,0;0;0,0;0,0;0;0,174;1,8;38,9;930;770;580;690;-0,2;0,0;0;0,0;0,0;0;0,0;0,0;0;0,0;0,0;2,16;0,0;Plintossolo pétrico;Afluente s/n do Rio Cuiabá;Bacia do Rio Cuiabá;Bacia do Rio Cuiabá;3,5;;Sentinel-2 de 23/08/2026, pixels de 10 m;Landsat de 13/08/2026, pixels de 30 m
510840220000076;Várzea Grande;Urbana;Cristo Rei;Porto Velho;Lagoa do Jacaré;0,115;390;3385,9;129;3;11,3;19,5;53,1;71,8;0,0;99,2;93,0;17,1;80,6;97,7;2,3;1994,2;1300,0;4,8;73,6;81,3;35,9;100,0;93,8;44,4;0,0;36,5;7;36,8;144;84,6;100,0;330;0,498;57,8;36,5;380;1180;560;70;-2,6;0,0;0;0,0;0,0;0;0,0;0,0;0;0,0;0,0;2,16;0,0;Plintossolo pétrico;Afluente s/n do Rio Cuiabá;Bacia do Rio Cuiabá;Bacia do Rio Cuiabá;170,4;;Sentinel-2 de 23/08/2026, pixels de 10 m;Landsat de 13/08/2026, pixels de 30 m
510840220000077;Várzea Grande;Urbana;Cristo Rei;Porto Velho;;0,058;352;6052,0;121;2,9;11,6;12,5;49,1;82,4;0,0;96,7;51,2;58,7;33,9;99,2;0,0;2065,4;1800,0;5,8;100,0;51,7;0,0;100,0;100,0;9,4;0,0;32,0;7;4,8;17;13,6;25,9;48;0,221;6,7;39,1;550;1810;200;560;0,0;0,0;0;0,0;2,7;10;11,2;0,0;0;0,0;0,0;2,16;0,0;Plintossolo pétrico;Afluente s/n do Rio Cuiabá;Bacia do Rio Cuiabá;Bacia do Rio Cuiabá;11,0;;Sentinel-2 de 23/08/2026, pixels de 10 m;Landsat de 13/08/2026, pixels de 30 m
510840220000078;Várzea Grande;Urbana;Parque do Lago;Porto Velho;;2,504;74;29,6;29;2,6;13,5;13,5;52,7;64,9;0,0;48,3;79,3;20,7;34,5;93,1;0,0;2390,1;1900,0;5,0;85,1;91,9;12,2;85,1;81,1;4,1;0,0;40,6;7;14,5;11;39,1;63,1;29;0,48;61,5;34,5;1450;3110;590;1530;-4,6;61,3;45;47,6;38,7;29;61,9;63,8;47;54,0;75,9;2,11;21,8;Plintossolo pétrico;Córrego Lavrinha;Bacia do Rio Cuiabá;Bacia do Rio Cuiabá;20810,3;;Sentinel-2 de 23/08/2026, pixels de 10 m;Landsat de 13/08/2026, pixels de 30 m
510840220000079;Várzea Grande;Urbana;Parque do Lago;Porto Velho;;0,083;577;6941,0;215;2,7;19,1;12,5;51,8;66,9;0,0;96,7;54,9;82,8;0,0;100,0;0,0;2021,3;1256,0;5,2;100,0;68,5;30,7;100,0;100,0;0,0;0,0;25,4;7;0,0;0;0,0;0,0;0;0,182;2,4;40,0;710;2890;340;680;0,9;0,0;0;0,0;0,0;0;0,0;0,0;0;0,0;0,0;2,16;0,0;Plintossolo pétrico;Afluente s/n do Rio Cuiabá;Bacia do Rio Cuiabá;Bacia do Rio Cuiabá;3,5;;Sentinel-2 de 23/08/2026, pixels de 10 m;Landsat de 13/08/2026, pixels de 30 m
510840220000080;Várzea Grande;Urbana;Parque do Lago;Porto Velho;;0,141;680;4817,9;222;3,1;11,8;16,2;53,4;77,6;;97,7;92,3;71,2;26,6;99,1;0,0;2288,0;1500,0;4,9;100,0;65,5;6,3;100,0;100,0;42,6;0,0;26,4;7;0,0;0;10,5;26,3;72;0,192;6,7;39,8;230;2390;110;140;0,7;0,0;0;0,0;0,0;0;0,0;0,0;0;0,0;0,0;2,16;0,0;Plintossolo pétrico;Afluente s/n do Rio Cuiabá;Bacia do Rio Cuiabá;Bacia do Rio Cuiabá;13,9;;Sentinel-2 de 23/08/2026, pixels de 10 m;Landsat de 13/08/2026, pixels de 30 m
510840220000081;Várzea Grande;Urbana;Parque do Lago;Porto Velho;;0,087;629;7200,9;227;2,8;16,4;11,9;51,4;76,6;0,0;99,6;99,1;85,5;14,1;100,0;;1776,4;1212,0;5,9;100,0;79,0;25,1;100,0;100,0;35,6;0,0;24,6;7;6,9;43;23,0;59,0;144;0,189;3,6;39,3;660;2480;310;540;0,2;0,0;0;0,0;0,0;0;0,0;0,0;0;0,0;0,0;2,16;0,0;Plintossolo pétrico;Afluente s/n do Rio Cuiabá;Bacia do Rio Cuiabá;Bacia do Rio Cuiabá;5,0;;Sentinel-2 de 23/08/2026, pixels de 10 m;Landsat de 13/08/2026, pixels de 30 m
510840220000082;Várzea Grande;Urbana;Cristo Rei;Porto Velho;Vila Vitória;0,072;691;9642,8;215;3,2;14,0;14,3;50,8;79,7;0,0;99,5;97,2;10,2;88,8;100,0;;1747,3;1212,0;7,7;100,0;54,3;12,9;100,0;100,0;24,7;1,2;41,0;7;26,4;182;94,9;100,0;656;0,213;10,3;39,5;390;1560;520;260;0,4;0,0;0;0,0;36,7;254;36,9;0,0;0;0,0;0,0;2,16;0,0;Plintossolo pétrico;Afluente s/n do Rio Cuiabá;Bacia do Rio Cuiabá;Bacia do Rio Cuiabá;10,7;;Sentinel-2 de 23/08/2026, pixels de 10 m;Landsat de 13/08/2026, pixels de 30 m
510840220000083;Várzea Grande;Urbana;Cristo Rei;Porto Velho;;0,064;574;8999,6;187;3,1;5,1;14,1;51,0;76,1;0,0;100,0;100,0;99,5;0,0;100,0;0,0;4342,2;3130,0;1,1;100,0;72,6;7,3;100,0;100,0;41,6;1,9;12,6;7;0,0;0;63,2;100,0;363;0,102;0,0;39,5;430;1600;140;160;0,4;26,3;151;0,0;0,0;0;0,0;42,4;243;0,0;0,0;2,16;0,0;Plintossolo pétrico;Afluente s/n do Rio Cuiabá;Bacia do Rio Cuiabá;Bacia do Rio Cuiabá;0,0;;Sentinel-2 de 23/08/2026, pixels de 10 m;Landsat de 13/08/2026, pixels de 30 m
510840220000084;Várzea Grande;Urbana;Cristo Rei;Porto Velho;;0,115;478;4159,4;168;2,8;5,4;17,8;49,4;74,7;0,0;100,0;100,0;100,0;0,0;100,0;0,0;4040,4;3050,0;;100,0;100,0;5,2;100,0;90,4;76,8;0,0;9,2;6;0,0;0;66,7;79,3;319;0,201;8,3;39,5;50;1750;620;520;0,4;0,0;0;0,0;0,0;0;0,0;0,1;0;0,0;9,0;2,15;0,0;Plintossolo pétrico;Afluente s/n do Rio Cuiabá;Bacia do Rio Cuiabá;Bacia do Rio Cuiabá;20,0;;Sentinel-2 de 23/08/2026, pixels de 10 m;Landsat de 13/08/2026, pixels de 30 m
510840220000085;Várzea Grande;Urbana;Ponte Nova;Porto Velho;;0,185;244;1319,9;80;3,1;16,8;15,2;51,6;68,0;1,2;93,8;90,0;62,5;36,2;100,0;0,0;2196,2;2000,0;5,2;97,1;51,2;12,7;100,0;97,1;59,8;0,0;31,1;7;21,0;51;47,4;87,9;116;0,3;30,7;38,4;270;910;610;370;-0,7;33,2;81;0,0;43,2;105;50,5;44,5;109;0,0;14,4;2,06;0,0;Plintossolo pétrico;Afluente s/n do Rio Cuiabá;Bacia do Rio Cuiabá;Bacia do Rio Cuiabá;232,8;;Sentinel-2 de 23/08/2026, pixels de 10 m;Landsat de 13/08/2026, pixels de 30 m
510840220000086;Várzea Grande;Urbana;Cristo Rei;Porto Velho;;0,057;558;9843,8;176;3,2;16,8;12,0;52,0;74,0;;99,4;100,0;94,9;1,7;100,0;0,0;2172,1;1800,0;2,8;100,0;42,5;14,9;100,0;100,0;53,2;12,9;24,0;7;24,5;137;48,6;98,6;271;0,156;0,5;40,5;600;1380;290;80;1,4;0,0;0;0,0;25,7;143;25,7;0,0;0;0,0;0,0;2,16;0,0;Plintossolo pétrico;Afluente s/n do Rio Cuiabá;Bacia do Rio Cuiabá;Bacia do Rio Cuiabá;0,5;;Sentinel-2 de 23/08/2026, pixels de 10 m;Landsat de 13/08/2026, pixels de 30 m
510840220000087;Várzea Grande;Urbana;Cristo Rei;Porto Velho;;0,149;476;3187,7;170;2,8;5,7;16,8;51,9;68,9;1,9;100,0;100,0;100,0;0,0;100,0;0,0;3904,4;3000,0;;100,0;72,1;9,7;100,0;100,0;81,7;9,7;14,1;6;0,0;0;1,8;57,1;9;0,212;13,2;39,0;650;1840;290;300;-0,1;33,1;158;0,0;21,4;102;35,5;51,5;245;0,0;0,6;2,22;39,2;Plintossolo pétrico;Córrego do Barbado;Bacia do Rio Cuiabá;Bacia do Rio Cuiabá;41,3;;Sentinel-2 de 23/08/2026, pixels de 10 m;Landsat de 13/08/2026, pixels de 30 m
510840220000088;Várzea Grande;Urbana;Ponte Nova;Porto Velho;;0,175;493;2816,0;186;2,7;12,2;12,4;50,5;70,6;0,0;56,5;94,1;43,5;33,9;100,0;0,0;4017,2;3000,0;1,3;86,2;58,8;49,1;100,0;91,7;85,4;2,4;32,0;7;22,2;109;39,7;40,7;196;0,167;7,9;37,0;540;1010;760;490;-2,1;98,0;483;36,2;82,4;406;99,4;81,6;403;37,4;0,0;2,09;0,0;Plintossolo pétrico;Afluente s/n do Rio Cuiabá;Bacia do Rio Cuiabá;Bacia do Rio Cuiabá;28,0;;Sentinel-2 de 23/08/2026, pixels de 10 m;Landsat de 13/08/2026, pixels de 30 m
510840220000089;Várzea Grande;Urbana;Parque do Lago;Porto Velho;;0,263;790;3009,0;286;2,8;7,5;18,2;49,7;86,7;0,0;44,8;92,7;19,6;3,8;99,3;;1654,3;1212,0;4,7;28,9;95,3;43,2;100,0;25,8;10,5;0,0;49,6;7;14,6;115;29,1;58,9;230;0,377;34,4;36,6;1040;3480;890;1520;-2,5;78,2;618;38,7;32,3;255;46,0;87,0;687;45,2;8,6;2,14;0,0;Plintossolo pétrico;Córrego do Aeroporto;Bacia do Rio Cuiabá;Bacia do Rio Cuiabá;114,5;;Sentinel-2 de 23/08/2026, pixels de 10 m;Landsat de 13/08/2026, pixels de 30 m
510840220000090;Várzea Grande;Urbana;Cristo Rei;Porto Velho;;0,303;3588;11838,8;1183;3;4,0;23,9;55,4;83,9;0,1;95,9;100,0;97,1;1,1;99,9;0,0;1673,0;1212,0;2,2;100,0;100,0;0,0;100,0;100,0;100,0;48,5;16,9;7;26,2;941;78,6;91,7;2819;0,339;36,9;38,1;810;1780;620;550;-1,0;0,0;0;0,0;22,0;788;26,0;0,0;0;0,0;0,0;2,16;0,0;Plintossolo pétrico;Afluente s/n do Rio Cuiabá;Bacia do Rio Cuiabá;Bacia do Rio Cuiabá;31,2;;Sentinel-2 de 23/08/2026, pixels de 10 m;Landsat de 13/08/2026, pixels de 30 m
510840220000091;Várzea Grande;Urbana;Cristo Rei;Porto Velho;;2,68;80;29,8;26;3,1;15,0;18,8;38,8;88,8;0,0;96,2;73,1;0,0;84,6;84,6;0,0;1888,0;1700,0;;;;;;;;;53,7;4;9,8;8;20,8;43,7;17;0,46;53,3;37,3;300;1860;430;450;-1,8;44,7;36;12,4;25,8;21;57,0;57,4;46;28,6;55,1;2,13;16,2;Plintossolo pétrico;Afluente s/n do Rio Cuiabá;Bacia do Rio Cuiabá;Bacia do Rio Cuiabá;17855,5;;Sentinel-2 de 23/08/2026, pixels de 10 m;Landsat de 13/08/2026, pixels de 30 m
510840220000092;Várzea Grande;Urbana;Ponte Nova;Porto Velho;;1,779;0;0,0;0;0;;;;;;;;;;;;;;;;;;;;;;;0;6,8;0;12,7;37,9;0;0,427;53,9;36,7;1630;1390;780;830;-2,4;33,2;0;12,6;20,0;0;55,8;43,6;0;20,3;38,5;2,08;0,7;Plintossolo pétrico;Afluente s/n do Rio Cuiabá;Bacia do Rio Cuiabá;Bacia do Rio Cuiabá;;;Sentinel-2 de 23/08/2026, pixels de 10 m;Landsat de 13/08/2026, pixels de 30 m
510840220000093;Várzea Grande;Urbana;Cristo Rei;Porto Velho;;0,055;554;10071,0;196;2,8;5,6;17,0;49,5;70,2;0,0;99,5;100,0;100,0;0,0;100,0;0,0;4114,5;3500,0;1,0;100,0;81,0;0,0;100,0;100,0;7,2;0,0;11,7;7;0,0;0;43,8;48,8;242;0,106;0,2;39,6;150;1750;450;470;0,5;0,0;0;0,0;0,0;0;0,0;0,0;0;0,0;2,5;2,16;0,0;Plintossolo pétrico;Afluente s/n do Rio Cuiabá;Bacia do Rio Cuiabá;Bacia do Rio Cuiabá;0,2;;Sentinel-2 de 23/08/2026, pixels de 10 m;Landsat de 13/08/2026, pixels de 30 m
510840220000094;Várzea Grande;Urbana;Cristo Rei;Porto Velho;;0,057;431;7619,2;147;2,9;4,6;14,8;52,0;71,9;0,0;100,0;100,0;97,3;0,0;100,0;0,0;3904,6;2800,0;0,9;100,0;95,6;16,5;100,0;100,0;81,2;10,9;10,1;7;12,5;54;96,1;100,0;414;0,177;11,2;38,3;450;1440;220;230;-0,8;42,1;181;0,0;17,4;75;17,4;67,9;293;2,7;7,8;2,15;0,0;Plintossolo pétrico;Afluente s/n do Rio Cuiabá;Bacia do Rio Cuiabá;Bacia do Rio Cuiabá;14,8;;Sentinel-2 de 23/08/2026, pixels de 10 m;Landsat de 13/08/2026, pixels de 30 m
510840220000095;Várzea Grande;Urbana;Ponte Nova;Porto Velho;;0,082;353;4283,3;124;2,8;22,1;13,3;52,7;55,2;0,0;99,2;90,3;31,5;25,8;100,0;0,0;4287,6;3000,0;2,7;100,0;85,3;33,1;100,0;100,0;74,5;0,0;22,4;7;0,0;0;0,0;0,0;0;0,25;14,7;39,4;930;670;340;150;0,3;0,0;0;0,0;0,0;0;0,0;0,0;0;0,0;0,0;2,16;0,0;Plintossolo pétrico;Afluente s/n do Rio Cuiabá;Bacia do Rio Cuiabá;Bacia do Rio Cuiabá;34,1;;Sentinel-2 de 23/08/2026, pixels de 10 m;Landsat de 13/08/2026, pixels de 30 m
510840220000096;Várzea Grande;Urbana;Ponte Nova;Porto Velho;;0,113;421;3741,8;137;3,1;15,9;14,5;53,0;76,2;0,0;94,9;85,4;30,7;0,0;99,3;;2021,5;1650,0;4,9;71,9;75,5;16,7;100,0;73,6;52,4;0,0;36,0;7;14,5;61;44,8;64,2;189;0,204;5,0;39,3;840;930;40;70;0,2;3,0;13;0,0;9,3;39;34,7;6,1;26;0,0;1,3;2,16;0,0;Plintossolo pétrico;Afluente s/n do Rio Cuiabá;Bacia do Rio Cuiabá;Bacia do Rio Cuiabá;13,4;;Sentinel-2 de 23/08/2026, pixels de 10 m;Landsat de 13/08/2026, pixels de 30 m
510840220000097;Várzea Grande;Urbana;Ponte Nova;Porto Velho;;0,831;268;322,5;84;3,2;17,5;15,3;48,9;80,2;0,0;91,7;95,2;19,0;6,0;100,0;0,0;2485,2;1925,0;2,9;82,8;54,5;5,6;100,0;81,0;51,5;38,8;36,0;7;21,6;58;54,4;80,1;146;0,453;56,1;35,6;760;1590;700;750;-3,5;72,2;194;15,3;62,8;168;96,0;77,2;207;18,3;35,2;2,05;0,3;Plintossolo pétrico;Afluente s/n do Rio Cuiabá;Bacia do Rio Cuiabá;Bacia do Rio Cuiabá;1739,5;;Sentinel-2 de 23/08/2026, pixels de 10 m;Landsat de 13/08/2026, pixels de 30 m
510840220000098;Várzea Grande;Urbana;Ponte Nova;Porto Velho;;0,064;1233;19130,1;490;2,5;3,7;16,3;52,1;63,3;;98,6;99,6;96,1;0,0;99,8;0,0;3916,8;3000,0;0,3;100,0;100,0;100,0;100,0;100,0;0,0;0,0;9,2;7;12,5;154;75,3;81,2;928;0,184;13,4;36,3;590;1630;930;780;-2,8;85,9;1059;24,7;83,1;1025;100,0;94,8;1168;26,5;0,0;2,09;0,0;Plintossolo pétrico;Afluente s/n do Rio Cuiabá;Bacia do Rio Cuiabá;Bacia do Rio Cuiabá;7,0;;Sentinel-2 de 23/08/2026, pixels de 10 m;Landsat de 13/08/2026, pixels de 30 m
510840220000099;Várzea Grande;Urbana;Ponte Nova;Porto Velho;;0,021;541;25477,2;242;2,2;5,0;14,8;55,5;55,8;;100,0;100,0;79,3;0,0;99,2;0,0;4628,8;3900,0;;100,0;0,0;0,0;100,0;100,0;100,0;0,0;28,5;6;0,0;0;0,0;0,0;0;0,099;0,5;38,8;520;1000;710;450;-0,3;60,9;329;0,0;80,0;433;100,0;71,2;385;0,0;0,0;2,1;0,0;Plintossolo pétrico;Afluente s/n do Rio Cuiabá;Bacia do Rio Cuiabá;Bacia do Rio Cuiabá;0,2;;Sentinel-2 de 23/08/2026, pixels de 10 m;Landsat de 13/08/2026, pixels de 30 m
510840220000100;Várzea Grande;Urbana;Ponte Nova;Porto Velho;;0,015;484;32306,8;198;2,4;3,7;13,2;53,1;55,6;;100,0;100,0;91,9;0,0;100,0;0,0;4541,9;3500,0;;100,0;100,0;100,0;100,0;100,0;100,0;0,0;9,7;6;0,0;0;0,0;0,0;0;0,101;0,0;38,6;340;1180;840;630;-0,5;100,0;484;0,0;20,4;99;100,0;32,0;155;0,0;0,0;2,1;0,0;Plintossolo pétrico;Afluente s/n do Rio Cuiabá;Bacia do Rio Cuiabá;Bacia do Rio Cuiabá;0,0;;Sentinel-2 de 23/08/2026, pixels de 10 m;Landsat de 13/08/2026, pixels de 30 m
510840220000101;Várzea Grande;Urbana;Ponte Nova;Porto Velho;;0,162;392;2421,6;145;2,7;8,4;15,6;49,0;76,5;1,3;98,6;63,4;31,0;2,8;98,6;0,0;1979,5;1212,0;5,1;100,0;56,4;0,0;100,0;100,0;78,8;0,0;34,6;7;0,9;4;67,9;72,9;266;0,109;3,0;39,9;260;1330;820;790;0,8;89,4;351;0,0;32,9;129;89,7;84,4;331;0,0;0,0;2,1;0,0;Plintossolo pétrico;Afluente s/n do Rio Cuiabá;Bacia do Rio Cuiabá;Bacia do Rio Cuiabá;12,4;;Sentinel-2 de 23/08/2026, pixels de 10 m;Landsat de 13/08/2026, pixels de 30 m
510840225000001;Várzea Grande;Urbana;;Capão Grande;Capão Grande;0,58;707;1218,5;236;3;9,1;14,1;48,2;81,9;0,8;74,6;92,8;14,0;0,0;86,9;;1891,8;1450,0;4,5;67,4;94,0;65,4;97,6;46,1;9,9;0,0;41,9;7;1,0;7;1,4;48,0;10;0,36;33,1;37,8;390;2450;2630;620;-1,3;0,0;0;0,0;0,0;0;0,0;0,0;0;0,0;43,4;2,12;25,4;Plintossolo pétrico;Afluente s/n do Córrego Formigueiro;Bacia do Rio Cuiabá;Bacia do Rio Cuiabá;271,5;;Sentinel-2 de 23/08/2026, pixels de 10 m;Landsat de 13/08/2026, pixels de 30 m
510840225000002;Várzea Grande;Rural;;Capão Grande;;3,485;437;125,4;142;3,1;16,9;16,9;49,4;89,2;0,0;5,6;91,5;0,0;2,1;66,2;;1670,6;1212,0;9,0;;;;;;;;82,1;5;7,2;32;26,5;39,5;116;0,422;45,1;37,3;1760;3460;1170;940;-1,8;5,8;25;4,1;11,5;50;14,0;5,7;25;4,0;54,2;2,09;1,7;Plintossolo pétrico;;Bacia do Rio Cuiabá;Bacia do Rio Cuiabá;3596,6;;Sentinel-2 de 23/08/2026, pixels de 10 m;Landsat de 13/08/2026, pixels de 30 m
510840225000003;Várzea Grande;Rural;;Capão Grande;;20,518;343;16,7;116;3;17,5;10,5;44,6;84,8;0,0;25,9;94,0;;0,0;62,9;;1881,2;1312,0;5,8;;;;;;;;66,3;4;2,6;9;20,3;33,7;70;0,391;30,3;38,4;5390;7760;2730;4870;-0,7;7,6;26;3,1;14,0;48;23,7;5,6;19;3,0;44,2;2,12;2,0;Plintossolo pétrico;;Bacia do Rio Cuiabá;Bacia do Rio Cuiabá;18125,2;;Sentinel-2 de 23/08/2026, pixels de 10 m;Landsat de 13/08/2026, pixels de 30 m
510840225000004;Várzea Grande;Rural;;Capão Grande;;35,583;368;10,3;134;2,7;21,7;11,7;45,4;81,5;0,0;;6,0;0,0;100,0;0,0;11,2;1785,8;1212,0;13,4;;;;;;;;97,9;4;4,1;15;9,5;17,0;35;0,363;28,1;39,1;3910;7900;3580;3820;0,0;0,0;0;0,0;5,0;18;11,3;0,0;0;0,0;46,5;2,12;7,3;Plintossolo pétrico;;Bacia do Rio Cuiabá;Bacia do Rio Cuiabá;27170,7;;Sentinel-2 de 23/08/2026, pixels de 10 m;Landsat de 13/08/2026, pixels de 30 m
510840225000006;Várzea Grande;Urbana;São Mateus;Capão Grande;;5,107;581;113,8;187;3,1;7,2;21,5;49,9;83,3;0,5;52,4;34,8;5,9;8,6;77,0;0,0;1642,1;1240,0;6,1;;;;;;;;63,8;5;7,2;42;18,4;40,3;107;0,273;13,1;39,5;1630;3040;2010;2020;0,4;0,0;0;0,0;0,9;6;2,6;0,0;0;0,0;42,2;2,13;24,8;Plintossolo pétrico;Afluente s/n do Córrego Formigueiro;Bacia do Rio Cuiabá;Bacia do Rio Cuiabá;1151,5;;Sentinel-2 de 23/08/2026, pixels de 10 m;Landsat de 13/08/2026, pixels de 30 m
510840225000007;Várzea Grande;Rural;São Mateus;Capão Grande;;3,146;197;62,6;98;2;16,2;10,2;49,2;87,8;0,0;30,6;29,6;36,7;16,3;28,6;0,0;1723,7;1400,0;11,7;;;;;;;;83,9;5;8,5;17;13,8;24,9;27;0,324;20,0;39,7;1620;6150;1690;1200;0,6;0,0;0;0,0;1,3;3;8,7;0,0;0;0,0;63,9;2,08;9,3;Plintossolo pétrico;;Bacia do Rio Cuiabá;Bacia do Rio Cuiabá;3193,9;;Sentinel-2 de 23/08/2026, pixels de 10 m;Landsat de 13/08/2026, pixels de 30 m
510840225000008;Várzea Grande;Urbana;São Mateus;Capão Grande;;0,113;1041;9218,9;322;3,2;4,9;25,8;49,8;84,7;;100,0;99,4;99,4;0,0;100,0;0,0;1394,4;1200,0;5,2;100,0;100,0;48,2;100,0;100,0;93,0;0,0;20,0;7;0,1;1;49,3;71,6;513;0,168;1,3;39,7;2010;3780;1050;1520;0,6;0,0;0;0,0;0,0;0;0,0;0,0;0;0,0;0,0;2,16;0,8;Plintossolo pétrico;Afluente s/n do Rio Formigueiro;Bacia do Rio Cuiabá;Bacia do Rio Cuiabá;1,4;;Sentinel-2 de 23/08/2026, pixels de 10 m;Landsat de 13/08/2026, pixels de 30 m
510840225000009;Várzea Grande;Urbana;São Mateus;Capão Grande;;0,105;1132;10766,0;324;3,5;3,4;23,4;53,2;89,8;0,0;99,1;84,0;82,1;0,0;100,0;;1325,5;1212,0;3,0;100,0;100,0;63,1;100,0;100,0;100,0;0,0;20,2;7;0,0;0;27,7;50,8;313;0,178;1,0;39,1;1800;3870;840;1330;0,0;0,0;0;0,0;0,0;0;0,0;0,0;0;0,0;2,2;2,16;0,0;Plintossolo pétrico;Córrego Piçarão;Bacia do Rio Cuiabá;Bacia do Rio Cuiabá;0,9;;Sentinel-2 de 23/08/2026, pixels de 10 m;Landsat de 13/08/2026, pixels de 30 m
510840225000010;Várzea Grande;Urbana;São Mateus;Capão Grande;;0,106;2;18,9;1;2;;;;;;;;;;;;;;;;;;;;;;;0;1,7;0;0,0;0,9;0;0,141;0,1;40,6;910;3980;270;390;1,5;0,0;0;0,0;0,0;0;0,0;0,0;0;0,0;12,4;2,15;6,6;Plintossolo pétrico;Córrego Piçarão;Bacia do Rio Cuiabá;Bacia do Rio Cuiabá;;;Sentinel-2 de 23/08/2026, pixels de 10 m;Landsat de 13/08/2026, pixels de 30 m
510840225000011;Várzea Grande;Urbana;São Mateus;Capão Grande;;0,122;0;0,0;0;0;;;;;;;;;;;;;;;;;;;;;;;0;4,1;0;0,7;9,4;0;0,164;2,2;40,2;1150;3820;350;600;1,1;0,0;0;0,0;0,0;0;0,0;0,0;0;0,0;22,3;2,12;0,0;Plintossolo pétrico;Córrego Piçarão;Bacia do Rio Cuiabá;Bacia do Rio Cuiabá;;;Sentinel-2 de 23/08/2026, pixels de 10 m;Landsat de 13/08/2026, pixels de 30 m
510840225000012;Várzea Grande;Urbana;São Mateus;Capão Grande;;0,234;951;4058,2;258;3,7;3,8;24,0;52,3;87,1;0,0;99,6;99,6;87,6;0,0;100,0;0,0;1545,4;1300,0;4,5;100,0;94,5;24,8;100,0;100,0;100,0;18,1;21,5;7;7,5;72;30,7;61,1;292;0,353;33,4;38,6;1450;4050;490;1030;-0,5;0,0;0;0,0;0,0;0;0,8;0,0;0;0,0;45,5;2,09;0,0;Plintossolo pétrico;Córrego Piçarão;Bacia do Rio Cuiabá;Bacia do Rio Cuiabá;82,2;;Sentinel-2 de 23/08/2026, pixels de 10 m;Landsat de 13/08/2026, pixels de 30 m
510840225000013;Várzea Grande;Urbana;São Mateus;Capão Grande;;0,099;849;8549,9;293;2,9;5,4;23,6;55,5;87,3;;99,0;72,0;99,3;0,0;99,7;0,0;1519,5;1300,0;5,1;100,0;95,8;50,5;100,0;100,0;100,0;5,2;20,5;7;2,7;23;0,9;68,1;7;0,129;0,0;40,4;1140;4300;260;830;1,3;0,0;0;0,0;0,0;0;0,0;0,0;0;0,0;0,0;2,16;3,0;Plintossolo pétrico;Córrego Piçarão;Bacia do Rio Cuiabá;Bacia do Rio Cuiabá;0,0;;Sentinel-2 de 23/08/2026, pixels de 10 m;Landsat de 13/08/2026, pixels de 30 m
510840225000014;Várzea Grande;Urbana;São Mateus;Capão Grande;;0,236;844;3577,4;286;3;5,5;18,2;51,4;83,6;0,0;99,3;97,6;80,8;0,0;100,0;0,0;1610,2;1300,0;6,1;100,0;87,2;0,0;100,0;100,0;100,0;0,0;25,0;7;0,0;0;0,0;24,2;0;0,149;0,4;40,6;740;4560;140;670;1,5;0,0;0;0,0;0,0;0;0,0;0,0;0;0,0;2,4;2,16;0,0;Plintossolo pétrico;Afluente s/n do Rio Formigueiro;Bacia do Rio Cuiabá;Bacia do Rio Cuiabá;1,1;;Sentinel-2 de 23/08/2026, pixels de 10 m;Landsat de 13/08/2026, pixels de 30 m
510840225000015;Várzea Grande;Urbana;São Mateus;Capão Grande;;0,083;821;9943,8;244;3,4;4,1;20,0;53,7;81,0;;99,6;94,7;97,5;0,0;99,2;0,0;1561,7;1212,0;5,7;99,4;88,6;49,5;100,0;99,4;99,4;0,0;22,4;7;0,0;0;0,0;0,0;0;0,146;0,1;39,6;470;4790;250;740;0,5;0,0;0;0,0;0,0;0;0,0;0,0;0;0,0;1,1;2,16;0,0;Plintossolo pétrico;Afluente s/n do Rio Formigueiro;Bacia do Rio Cuiabá;Bacia do Rio Cuiabá;0,1;;Sentinel-2 de 23/08/2026, pixels de 10 m;Landsat de 13/08/2026, pixels de 30 m
510840225000016;Várzea Grande;Urbana;São Mateus;Capão Grande;;0,137;1180;8595,3;365;3,2;5,0;20,1;53,7;83,1;0,0;99,5;97,0;64,9;0,0;97,5;;1573,9;1340,0;2,1;90,8;92,4;42,5;92,6;90,8;80,6;4,7;24,1;7;0,0;0;0,0;5,9;0;0,152;0,4;39,5;360;4900;480;670;0,4;0,0;0;0,0;0,0;0;0,0;0,0;0;0,0;0,5;2,16;0,0;Plintossolo pétrico;Afluente s/n do Rio Formigueiro;Bacia do Rio Cuiabá;Bacia do Rio Cuiabá;0,5;;Sentinel-2 de 23/08/2026, pixels de 10 m;Landsat de 13/08/2026, pixels de 30 m
510840225000018;Várzea Grande;Urbana;;Capão Grande;;1,246;217;174,1;70;3,1;12,9;13,8;50,2;87,6;0,0;55,7;80,0;0,0;75,7;80,0;;1870,6;1212,0;7,5;26,7;95,9;57,1;100,0;11,5;25,8;0,0;57,1;7;3,7;8;33,5;39,5;73;0,378;31,3;38,0;880;2200;2040;940;-1,1;0,0;0;0,0;13,1;28;19,5;0,0;0;0,0;53,6;2,1;4,2;Plintossolo pétrico;Afluente s/n do Córrego Formigueiro;Bacia do Rio Cuiabá;Bacia do Rio Cuiabá;1797,2;;Sentinel-2 de 23/08/2026, pixels de 10 m;Landsat de 13/08/2026, pixels de 30 m
510840225000019;Várzea Grande;Urbana;;Capão Grande;Capão Grande;0,349;606;1736,2;200;3;13,9;14,2;46,0;86,1;;81,5;97,0;3,0;0,0;90,0;1,5;1886,2;1450,0;4,3;82,5;84,6;57,6;98,2;67,4;5,8;2,6;40,8;7;2,8;17;20,9;59,6;127;0,368;30,5;38,0;570;2440;2220;470;-1,1;0,0;0;0,0;0,1;1;0,7;0,0;0;0,0;47,4;2,11;19,4;Plintossolo pétrico;Afluente s/n do Córrego Formigueiro;Bacia do Rio Cuiabá;Bacia do Rio Cuiabá;175,7;;Sentinel-2 de 23/08/2026, pixels de 10 m;Landsat de 13/08/2026, pixels de 30 m
510840225000020;Várzea Grande;Rural;;Capão Grande;;39,665;437;11,0;100;2,6;16,9;3,9;26,5;85,1;0,0;0,0;21,0;0,0;92,0;7,0;10,0;2355,5;1212,0;7,2;;;;;;;;86,7;5;2,2;10;7,5;19,9;33;0,355;25,0;38,9;5630;9430;6810;6950;-0,2;0,0;0;0,0;6,5;28;12,1;0,0;0;0,0;32,6;2,15;5,6;Plintossolo pétrico;;Bacia do Rio Cuiabá;Bacia do Rio Cuiabá;22691,6;;Sentinel-2 de 23/08/2026, pixels de 10 m;Landsat de 13/08/2026, pixels de 30 m
510840225000021;Várzea Grande;Urbana;;Capão Grande;;0,085;348;4094,7;0;0;;;;;;;;;;;;;;;;;;;;;;;0;0,0;0;0,0;0,0;0;0,088;0,0;38,9;5530;7600;3990;4790;-0,2;0,0;0;0,0;0,0;0;0,0;0,0;0;0,0;2,5;2,25;84,2;Plintossolo pétrico;Afluente s/n do Ribeirão dos Cocais;Bacia do Rio Cuiabá;Bacia do Rio Cuiabá;0,0;;Sentinel-2 de 23/08/2026, pixels de 10 m;Landsat de 13/08/2026, pixels de 30 m
510010205000001;Acorizal;Urbana;;Acorizal;;0,777;537;691,1;188;2,9;19,7;12,5;50,1;82,3;1,9;99,5;99,5;1,6;34,0;98,9;;2451,73;1400,0;12,0;79,2;73,5;36,4;98,7;80,3;6,8;0,0;;;0,0;0;8,8;14,5;47;0,361;30,2;37,8;770;38150;650;470;-1,3;;;;;;;;;;74,8;1,55;0,0;Latossolo vermelho-amarelo;Ribeirão Acorizal;Bacia do Rio Cuiabá;Bacia do Rio Cuiabá;437,0;0;Sentinel-2 de 23/08/2026, pixels de 10 m;Landsat de 13/08/2026, pixels de 30 m
510010205000002;Acorizal;Urbana;;Acorizal;;0,226;376;1664,9;135;2,8;16,5;14,4;49,7;82,4;0,0;100,0;100,0;6,7;92,6;100,0;0,0;3085,68;2001,0;1,4;97,3;81,6;38,6;100,0;97,3;26,1;1,6;;;0,0;0;0,0;0,0;0;0,251;7,8;39,9;210;37290;250;240;0,8;;;;;;;;;;0,9;1,68;0,0;Latossolo vermelho-amarelo;Ribeirão Acorizal;Bacia do Rio Cuiabá;Bacia do Rio Cuiabá;46,9;0;Sentinel-2 de 23/08/2026, pixels de 10 m;Landsat de 13/08/2026, pixels de 30 m
510010205000003;Acorizal;Urbana;;Acorizal;;0,464;450;969,9;168;2,7;22,7;12,7;46,4;77,6;0,0;100,0;99,4;0,0;99,4;100,0;;2060,52;1212,0;14,8;76,7;76,0;49,6;100,0;70,9;9,8;0,0;;;0,0;0;11,0;23,3;50;0,316;17,5;38,2;550;37020;130;220;-0,9;;;;;;;;;;40,6;1,61;0,0;Latossolo vermelho-amarelo;Ribeirão Acorizal;Bacia do Rio Cuiabá;Bacia do Rio Cuiabá;180,4;0;Sentinel-2 de 23/08/2026, pixels de 10 m;Landsat de 13/08/2026, pixels de 30 m
510010205000004;Acorizal;Rural;;Acorizal;;76,119;81;1,1;32;2,5;32,1;7,4;39,5;79,0;0,0;0,0;96,9;0,0;96,9;46,9;;2697,87;1212,0;16,9;;;;;;;;;;;;;;;0,42;37,2;38,5;7670;34500;7680;4180;-0,6;;;;;;;;;;66,9;1,71;0,2;Latossolo vermelho-amarelo;;Bacia do Rio Cuiabá;Bacia do Rio Cuiabá;349583,6;0;Sentinel-2 de 23/08/2026, pixels de 40 m;Landsat de 13/08/2026, amostra de 120 m
510010205000005;Acorizal;Rural;;Acorizal;;163,229;267;1,6;104;2,6;22,5;12,7;44,2;88,4;0,0;4,8;69,2;0,0;100,0;2,9;18,3;1340,36;1001,0;10,1;;;;;;;;;;;;;;;0,355;18,4;39,7;13160;34420;13640;13110;0,6;;;;;;;;;;52,5;1,99;7,1;Plintossolo pétrico;;Bacia do Rio Cuiabá;Bacia do Rio Cuiabá;112487,4;0;Sentinel-2 de 23/08/2026, pixels de 40 m;Landsat de 12 e 13/08/2026, amostra de 120 m
510010205000008;Acorizal;Rural;;Acorizal;;115,606;257;2,2;113;2,3;33,9;12,8;43,2;85,6;0,0;31,0;90,3;0,0;99,1;0,0;;1524,64;2001,0;14,7;;;;;;;;;;;;;;;0,379;24,4;39,0;6750;32670;7630;6710;-0,1;;;;;;;;;;61,4;1,85;0,2;Plintossolo pétrico;;Bacia do Rio Cuiabá;Bacia do Rio Cuiabá;109758,2;0;Sentinel-2 de 23/08/2026, pixels de 40 m;Landsat de 13/08/2026, amostra de 120 m
510010205000009;Acorizal;Rural;;Acorizal;;2,628;15;5,7;4;3,8;;;;;;;;;;;;;;;;;;;;;;;;;;;;;0,418;32,2;37,8;820;36830;730;480;-1,3;;;;;;;;;;67,3;1,57;0,0;Latossolo vermelho-amarelo;;Bacia do Rio Cuiabá;Bacia do Rio Cuiabá;;0;Sentinel-2 de 23/08/2026, pixels de 40 m;Landsat de 13/08/2026, amostra de 120 m
510010205000010;Acorizal;Urbana;;Acorizal;;0,555;576;1037,9;195;3,0;13,4;18,2;48,1;86,5;;100,0;99,0;1,5;96,9;100,0;;1794,79;2001,0;4,7;68,6;51,9;23,8;99,1;67,9;3,8;0,0;;;0,0;0;0,0;0,0;0;0,228;4,2;41,4;940;38360;910;150;2,3;;;;;;;;;;17,8;1,65;0,0;Latossolo vermelho-amarelo;Microbacia sem nome;Bacia do Rio Cuiabá;Bacia do Rio Cuiabá;40,5;0;Sentinel-2 de 23/08/2026, pixels de 10 m;Landsat de 13/08/2026, pixels de 30 m
510010205000011;Acorizal;Urbana;;Acorizal;;0,299;474;1587,7;159;3,0;10,8;14,3;49,4;78,9;;99,4;100,0;3,8;93,1;100,0;0,0;2464,26;1675,0;5,9;94,1;61,0;8,9;93,9;89,0;0,0;0,0;;;0,0;0;0,0;0,0;0;0,269;11,4;40,1;290;37450;400;470;1,0;;;;;;;;;;31,7;1,64;0,0;Latossolo vermelho-amarelo;Ribeirão Acorizal;Bacia do Rio Cuiabá;Bacia do Rio Cuiabá;71,9;0;Sentinel-2 de 23/08/2026, pixels de 10 m;Landsat de 13/08/2026, pixels de 30 m
510010205000012;Acorizal;Rural;;Acorizal;;0,172;157;913,2;56;2,8;15,9;19,7;47,1;95,5;0,0;100,0;100,0;7,1;92,9;100,0;0,0;1306,58;1001,0;7,9;;;;;;;;;;;;;;;0,324;14,8;40,2;6450;38640;6540;100;1,1;;;;;;;;;;66,8;1,6;0,0;Latossolo vermelho-amarelo;;Bacia do Rio Cuiabá;Bacia do Rio Cuiabá;162,1;0;Sentinel-2 de 23/08/2026, pixels de 40 m;Landsat de 13/08/2026, amostra de 120 m
510010205000013;Acorizal;Rural;;Acorizal;;71,817;136;1,9;51;2,7;27,2;12,5;52,2;83,1;0,0;37,3;94,1;0,0;13,7;60,8;;2010,58;1200,0;20,7;;;;;;;;;;;;;;;0,457;48,7;37,6;6040;41240;7480;2700;-1,5;;;;;;;;;;67,6;1,74;0,1;Latossolo vermelho-amarelo;;Bacia do Rio Cuiabá;Bacia do Rio Cuiabá;257168,2;0;Sentinel-2 de 23/08/2026, pixels de 40 m;Landsat de 04 e 13/08/2026, amostra de 120 m
510010205000015;Acorizal;Rural;;Acorizal;;142,421;264;1,9;86;3,1;20,8;16,3;50,4;95,8;0,0;;94,2;0,0;14,0;0,0;;1220,48;1200,0;13,8;;;;;;;;;;;;;;;0,476;51,8;36,5;6740;40030;19530;13200;-2,6;;;;;;;;;;72,3;1,95;3,8;Plintossolo pétrico;;Bacia do Rio Cuiabá;Bacia do Rio Cuiabá;279447,3;0;Sentinel-2 de 23/08/2026, pixels de 40 m;Landsat de 13/08/2026, amostra de 120 m
510010205000016;Acorizal;Rural;;Acorizal;;7,838;18;2,3;6;3,0;22,2;0,0;44,4;55,6;0,0;0,0;100,0;0,0;100,0;83,3;0,0;4218,67;4850,0;0;;;;;;;;;;;;;;;0,441;49,2;37,4;2410;39900;2330;1510;-1,7;;;;;;;;;;77,3;1,67;3,5;Latossolo vermelho-amarelo;;Bacia do Rio Cuiabá;Bacia do Rio Cuiabá;;0;Sentinel-2 de 23/08/2026, pixels de 40 m;Landsat de 13/08/2026, amostra de 120 m
510010205000017;Acorizal;Urbana;;Acorizal;;0,409;5;12,2;2;2,5;;;;;;;;;;;;;;;;;;;;;;;;0,0;0;0,0;20,6;0;0,35;23,3;39,2;2340;39770;2230;1680;0,1;;;;;;;;;;53,4;1,76;1,7;Latossolo vermelho-amarelo;Afluente s/n do Rio Cuiabá;Bacia do Rio Cuiabá;Bacia do Rio Cuiabá;;0;Sentinel-2 de 23/08/2026, pixels de 10 m;Landsat de 13/08/2026, pixels de 30 m
510010207000001;Acorizal;Urbana;;Baús;;0,418;226;540,6;82;2,8;27,4;11,1;45,6;68,1;0,0;100,0;100,0;0,0;98,8;98,8;0,0;1800,41;1212,0;10,2;65,0;75,7;28,3;100,0;46,0;6,6;21,7;;;4,8;11;31,3;42,6;71;0,397;33,3;38,7;40;28990;8140;100;-0,4;;;;;;;;;;37,1;1,95;0,0;Plintossolo pétrico;Ribeirão Baús;Bacia do Rio Cuiabá;Bacia do Rio Cuiabá;615,9;0;Sentinel-2 de 23/08/2026, pixels de 10 m;Landsat de 13/08/2026, pixels de 30 m
510010207000002;Acorizal;Rural;;Baús;;87,767;238;2,7;82;2,9;25,6;9,2;42,4;83,6;0,0;18,3;98,8;0,0;100,0;47,6;0,0;1687,21;1212,0;13,4;;;;;;;;;;;;;;;0,468;49,7;37,4;10700;31590;13140;9310;-1,7;;;;;;;;;;71,0;1,92;1,1;Cambissolo háplico;;Bacia do Rio Cuiabá;Bacia do Rio Cuiabá;183278,1;0;Sentinel-2 de 23/08/2026, pixels de 40 m;Landsat de 13/08/2026, amostra de 120 m
510010207000003;Acorizal;Rural;;Baús;;80,103;250;3,1;97;2,6;28,0;10,8;46,0;76,4;0,0;24,7;100,0;0,0;100,0;33,0;0,0;1589,91;1212,0;10,3;;;;;;;;;;;;;;;0,488;52,9;36,1;14620;27240;16200;14550;-3,0;;;;;;;;;;58,6;2,05;5,9;Cambissolo háplico;;Bacia do Rio Cuiabá;Bacia do Rio Cuiabá;169497,9;0;Sentinel-2 de 23/08/2026, pixels de 40 m;Landsat de 13/08/2026, amostra de 120 m
510010210000001;Acorizal;Urbana;;Aldeia;;0,714;345;483,4;125;2,8;22,0;12,2;49,0;89,3;0,0;100,0;99,2;0,0;100,0;97,6;0,0;2140,59;1212,0;12,0;32,4;87,2;47,8;98,0;31,2;0,0;0,0;;;9,8;34;7,2;12,2;25;0,414;40,7;38,0;130;44330;7020;100;-1,1;;;;;;;;;;80,0;1,54;0,0;Latossolo vermelho-amarelo;Ribeirão Acorizal;Bacia do Rio Cuiabá;Bacia do Rio Cuiabá;842,3;0;Sentinel-2 de 23/08/2026, pixels de 10 m;Landsat de 04/08/2026, ajustada, pixels de 30 m
510010210000002;Acorizal;Rural;;Aldeia;;99,202;342;3,4;137;2,5;31,0;10,5;47,1;83,3;0,0;5,1;100,0;0,0;99,3;66,4;0,0;1760,38;1212,0;13,3;;;;;;;;;;;;;;;0,44;45,8;37,9;7360;46650;12330;7160;-1,2;;;;;;;;;;71,3;1,71;0,0;Latossolo vermelho-amarelo;;Bacia do Rio Cuiabá;Bacia do Rio Cuiabá;132849,5;0;Sentinel-2 de 23/08/2026, pixels de 40 m;Landsat de 04 e 13/08/2026, amostra de 120 m
510267805000001;Campo Verde;Urbana;Centro;Campo Verde;;0,116;270;2325,9;116;2,3;10,0;10,4;48,1;60,4;0,0;99,1;100,0;88,8;0,0;100,0;0,0;3204,57;2500,0;3,5;100,0;100,0;77,4;100,0;100,0;35,6;1,9;;;0,0;0;0,0;0,0;0;0,147;1,9;38,9;990;840;1160;660;-0,2;;;;;;;;;;0,0;1,86;0,0;Latossolo vermelho;Afluente s/n do Rio das Mortes;Bacia do Rio Cuiabá;Bacia do Rio São Lourenço;8,2;0;Sentinel-2 de 17/08/2026, pixels de 10 m;Landsat de 13/08/2026, pixels de 30 m
510267805000002;Campo Verde;Urbana;Centro;Campo Verde;;0,156;575;3688,9;218;2,6;17,6;9,6;50,1;46,3;0,0;100,0;100,0;78,9;9,2;100,0;0,0;4254,65;2500,0;1,9;100,0;99,5;91,8;100,0;100,0;23,8;0,0;;;0,0;0;0,0;0,0;0;0,201;2,7;38,3;610;390;1570;520;-0,8;;;;;;;;;;0,0;1,86;0,0;Latossolo vermelho;Afluente s/n do Rio das Mortes;Bacia do Rio das Mortes;Bacia do Rio das Mortes;7,3;0;Sentinel-2 de 17/08/2026, pixels de 10 m;Landsat de 13/08/2026, pixels de 30 m
510267805000003;Campo Verde;Urbana;Centro;Campo Verde;;0,122;523;4296,2;208;2,5;14,3;13,8;55,1;46,8;0,0;97,1;99,5;80,3;0,0;98,6;1,4;4946,39;3000,0;1,9;100,0;100,0;99,2;100,0;100,0;2,5;0,0;;;0,0;0;0,0;0,0;0;0,186;1,2;37,9;700;320;1840;250;-1,2;;;;;;;;;;0,0;1,86;0,0;Latossolo vermelho;Afluente s/n do Rio das Mortes;Bacia do Rio das Mortes;Bacia do Rio das Mortes;2,8;0;Sentinel-2 de 17/08/2026, pixels de 10 m;Landsat de 13/08/2026, pixels de 30 m
510267805000004;Campo Verde;Urbana;Centro;Campo Verde;;0,288;718;2491,2;291;2,5;16,0;8,6;49,6;34,7;0,0;100,0;100,0;95,5;0,0;99,3;1,0;4841,24;3000,0;2,3;100,0;97,2;88,0;100,0;100,0;28,7;0,8;;;0,0;0;0,0;0,0;0;0,19;2,9;37,8;660;330;2010;20;-1,3;;;;;;;;;;0,0;1,86;0,0;Latossolo vermelho;Afluente s/n do Rio das Mortes;Bacia do Rio das Mortes;Bacia do Rio das Mortes;11,6;0;Sentinel-2 de 17/08/2026, pixels de 10 m;Landsat de 13/08/2026, pixels de 30 m
510267805000005;Campo Verde;Urbana;Centro;Campo Verde;;0,412;1186;2875,8;427;2,8;9,9;12,1;51,0;35,3;0,0;99,5;100,0;73,1;11,2;99,8;0,0;7736,81;5000,0;1,2;97,8;98,2;80,2;100,0;98,6;3,5;2,7;;;0,0;0;0,0;0,0;0;0,188;1,1;37,7;400;1070;1940;400;-1,4;;;;;;;;;;0,0;1,86;0,0;Latossolo vermelho;Microbacia sem nome;Bacia do Rio das Mortes;Bacia do Rio das Mortes;3,8;0;Sentinel-2 de 17/08/2026, pixels de 10 m;Landsat de 13/08/2026, pixels de 30 m
510267805000006;Campo Verde;Urbana;Centro;Campo Verde;;0,458;710;1549,5;273;2,6;12,1;13,9;54,4;32,5;0,0;85,3;100,0;76,2;0,0;100,0;0,0;7409,86;5000,0;0,7;100,0;93,1;80,4;100,0;99,9;23,9;2,5;;;0,0;0;0,0;0,0;0;0,163;2,2;38,6;600;1290;1360;230;-0,5;;;;;;;;;;0,0;1,86;0,0;Latossolo vermelho;Microbacia sem nome;Bacia do Rio Cuiabá;Bacia do Rio São Lourenço;14,2;0;Sentinel-2 de 17/08/2026, pixels de 10 m;Landsat de 13/08/2026, pixels de 30 m
510267805000007;Campo Verde;Urbana;Jardim Campo Verde;Campo Verde;;0,185;958;5185,9;323;3,0;6,5;16,1;52,2;56,2;;100,0;100,0;90,7;2,2;100,0;0,0;4230,04;3000,0;1,8;100,0;96,6;3,3;100,0;100,0;95,2;0,0;;;0,0;0;0,0;0,0;0;0,184;0,3;38,8;470;2540;500;370;-0,3;;;;;;;;;;0,0;1,86;0,0;Latossolo vermelho;Microbacia sem nome;Bacia do Rio Cuiabá;Bacia do Rio São Lourenço;0,6;0;Sentinel-2 de 17/08/2026, pixels de 10 m;Landsat de 13/08/2026, pixels de 30 m
510267805000008;Campo Verde;Urbana;Jardim Campo Verde;Campo Verde;;0,242;932;3855,2;341;2,7;13,3;12,7;49,7;52,9;;100,0;100,0;50,1;0,0;100,0;0,0;2846,79;2000,0;4,1;100,0;97,3;87,1;100,0;100,0;54,6;5,0;;;0,0;0;0,0;0,0;0;0,192;1,8;38,7;280;1440;840;230;-0,4;;;;;;;;;;0,0;1,86;0,0;Latossolo vermelho;Microbacia sem nome;Bacia do Rio Cuiabá;Bacia do Rio São Lourenço;4,7;0;Sentinel-2 de 17/08/2026, pixels de 10 m;Landsat de 13/08/2026, pixels de 30 m
510267805000009;Campo Verde;Urbana;Jardim Campo Verde;Campo Verde;;0,156;705;4517,7;237;3,0;12,2;12,5;52,3;62,3;;100,0;100,0;66,7;10,1;99,6;0,0;3942,71;2900,0;3,0;100,0;97,4;35,6;100,0;100,0;79,6;3,5;;;0,0;0;0,0;0,0;0;0,211;2,5;39,3;210;1790;410;210;0,2;;;;;;;;;;0,0;1,86;0,0;Latossolo vermelho;Microbacia sem nome;Bacia do Rio Cuiabá;Bacia do Rio São Lourenço;5,5;0;Sentinel-2 de 17/08/2026, pixels de 10 m;Landsat de 13/08/2026, pixels de 30 m
510267805000010;Campo Verde;Urbana;São Lourenço;Campo Verde;;0,257;33;128,4;12;2,8;0,0;;48,5;75,8;0,0;66,7;66,7;0,0;50,0;50,0;0,0;8375,0;2250,0;;100,0;4,3;0,0;95,7;100,0;0,0;0,0;;;0,0;0;0,0;0,0;0;0,16;7,3;38,5;580;1100;1070;580;-0,6;;;;;;;;;;0,3;1,86;0,0;Latossolo vermelho;Microbacia sem nome;Bacia do Rio Cuiabá;Bacia do Rio São Lourenço;;0;Sentinel-2 de 17/08/2026, pixels de 10 m;Landsat de 13/08/2026, pixels de 30 m
510267805000011;Campo Verde;Urbana;São Lourenço;Campo Verde;;0,07;731;10507,3;251;2,9;10,3;17,5;48,2;68,8;;100,0;99,6;40,2;8,0;100,0;0,0;2555,3;1800,0;4,2;100,0;84,5;31,5;100,0;100,0;6,6;0,0;;;0,0;0;0,0;0,0;0;0,133;0,0;39,6;230;1660;530;430;0,5;;;;;;;;;;0,0;1,86;0,0;Latossolo vermelho;Microbacia sem nome;Bacia do Rio Cuiabá;Bacia do Rio São Lourenço;0,0;0;Sentinel-2 de 17/08/2026, pixels de 10 m;Landsat de 13/08/2026, pixels de 30 m
510267805000012;Campo Verde;Urbana;São Lourenço;Campo Verde;;0,071;723;10157,0;242;3,0;8,4;15,6;49,7;77,7;0,4;100,0;100,0;54,1;0,0;99,6;0,0;1680,97;1212,0;10,5;100,0;77,5;26,3;100,0;97,8;97,0;0,0;;;0,0;0;0,0;0,0;0;0,152;0,3;39,3;240;2140;600;560;0,2;;;;;;;;;;0,0;1,92;0,0;Latossolo vermelho;;Bacia do Rio Cuiabá;Bacia do Rio São Lourenço;0,3;0;Sentinel-2 de 17/08/2026, pixels de 10 m;Landsat de 13/08/2026, pixels de 30 m
510267805000013;Campo Verde;Urbana;São Lourenço;Campo Verde;;0,122;947;7755,2;345;2,7;6,5;17,3;46,7;76,6;;99,7;99,4;41,4;49,9;99,7;0,0;2355,6;2000,0;4,3;100,0;90,0;68,5;100,0;99,4;12,6;0,0;;;0,0;0;0,0;0,0;0;0,155;0,2;38,6;60;2040;770;360;-0,5;;;;;;;;;;0,0;1,92;0,0;Latossolo vermelho;;Bacia do Rio Cuiabá;Bacia do Rio São Lourenço;0,3;0;Sentinel-2 de 17/08/2026, pixels de 10 m;Landsat de 13/08/2026, pixels de 30 m
510267805000015;Campo Verde;Urbana;Jupiara;Campo Verde;;0,115;904;7885,7;303;3,0;9,2;14,8;48,2;69,9;;100,0;99,3;23,8;72,9;99,3;0,0;2624,27;2000,0;5,1;100,0;100,0;99,6;100,0;100,0;32,6;0,0;;;0,0;0;0,0;0,0;0;0,216;1,4;38,7;290;1950;440;280;-0,4;;;;;;;;;;0,0;1,92;0,0;Latossolo vermelho;;Bacia do Rio Cuiabá;Bacia do Rio São Lourenço;1,8;0;Sentinel-2 de 17/08/2026, pixels de 10 m;Landsat de 13/08/2026, pixels de 30 m
510267805000016;Campo Verde;Urbana;Jupiara;Campo Verde;;0,19;1088;5727,3;384;2,8;9,6;15,7;47,3;66,5;;99,0;99,7;18,5;77,6;99,7;0,0;2512,75;1900,0;6,8;100,0;100,0;48,2;100,0;100,0;25,9;6,9;;;0,0;0;0,0;0,0;0;0,246;7,3;38,9;460;1860;190;480;-0,2;;;;;;;;;;0,0;1,91;0,0;Latossolo vermelho;;Bacia do Rio Cuiabá;Bacia do Rio São Lourenço;12,7;0;Sentinel-2 de 17/08/2026, pixels de 10 m;Landsat de 13/08/2026, pixels de 30 m
510267805000017;Campo Verde;Urbana;Jupiara;Campo Verde;;0,077;734;9475,1;248;3,0;9,5;18,9;49,9;74,8;0,0;100,0;100,0;2,0;6,9;100,0;;1961,31;1231,0;9,1;99,7;99,0;34,6;99,7;99,7;19,8;0,0;;;0,0;0;0,0;0,0;0;0,196;2,0;39,4;250;2480;370;90;0,3;;;;;;;;;;0,0;1,98;0,0;Latossolo vermelho;;Bacia do Rio Cuiabá;Bacia do Rio São Lourenço;2,1;0;Sentinel-2 de 17/08/2026, pixels de 10 m;Landsat de 13/08/2026, pixels de 30 m
510267805000018;Campo Verde;Urbana;Jupiara;Campo Verde;;0,218;913;4191,1;338;2,7;8,5;16,8;49,8;68,6;0,0;99,7;99,7;7,7;5,9;99,7;0,0;2530,35;2000,0;3,4;100,0;98,2;78,0;100,0;99,7;27,0;3,0;;;0,0;0;0,0;0,0;0;0,175;2,6;38,2;620;2140;240;580;-0,9;;;;;;;;;;0,0;1,87;0,0;Latossolo vermelho;Microbacia sem nome;Bacia do Rio Cuiabá;Bacia do Rio São Lourenço;6,2;0;Sentinel-2 de 17/08/2026, pixels de 10 m;Landsat de 13/08/2026, pixels de 30 m
510267805000021;Campo Verde;Urbana;Vale do Sol;Campo Verde;;0,518;1485;2865,8;538;2,8;9,2;15,4;50,0;52,7;0,0;99,8;99,8;79,6;0,0;99,8;0,0;4278,28;3000,0;2,4;100,0;96,2;59,8;100,0;99,1;73,4;0,0;;;0,0;0;0,0;0,0;0;0,183;1,2;38,0;630;930;1470;770;-1,1;;;;;;;;;;0,0;1,91;0,0;Latossolo vermelho-amarelo;Afluente s/n do Rio das Mortes;Bacia do Rio das Mortes;Bacia do Rio das Mortes;4,2;0;Sentinel-2 de 17/08/2026, pixels de 10 m;Landsat de 13/08/2026, pixels de 30 m
510267805000022;Campo Verde;Rural;;Campo Verde;;51,105;72;1,4;24;3,0;8,3;16,7;43,1;56,9;0,0;;100,0;0,0;91,7;75,0;0,0;2418,75;2200,0;7,1;;;;;;;;;;;;;;;0,3;13,1;39,5;3870;4590;5940;4430;0,4;;;;;;;;;;15,0;1,91;0,0;Latossolo vermelho-amarelo;;Bacia do Rio das Mortes;Bacia do Rio das Mortes;92982,7;0;Sentinel-2 de 17 e 23/08/2026, pixels de 40 m;Landsat de 13/08/2026, amostra de 120 m
510267805000023;Campo Verde;Rural;;Campo Verde;;319,552;306;1,0;75;3,0;3,9;14,1;40,8;68,3;;;100,0;17,3;77,3;49,3;0,0;2829,41;2600,0;;;;;;;;;;;;;;;;0,313;16,0;39,5;9000;21940;17880;20540;0,4;;;;;;;;;;15,0;1,95;2,5;Latossolo vermelho;;Bacia do Rio das Mortes;Bacia do Rio das Mortes;167086,0;0;Sentinel-2 de 17/08/2026, pixels de 40 m;Landsat de 13/08/2026, amostra de 120 m
510267805000024;Campo Verde;Rural;;Campo Verde;;132,253;353;2,7;127;2,8;18,7;11,3;47,0;70,5;0,0;27,6;100,0;5,5;89,8;31,5;0,0;2541,45;2400,0;4,1;;;;;;;;;;;;;;;0,329;21,3;37,8;8890;12760;8340;8340;-1,3;;;;;;;;;;21,7;1,89;0,0;Latossolo vermelho-amarelo;;Bacia do Rio das Mortes;Bacia do Rio das Mortes;79801,4;0;Sentinel-2 de 23/08/2026, pixels de 40 m;Landsat de 13/08/2026, amostra de 120 m
510267805000025;Campo Verde;Rural;;Campo Verde;;282,466;305;1,1;105;2,9;11,5;18,0;47,5;68,5;0,0;3,8;97,1;0,0;98,1;18,1;0,0;3389,17;2600,0;2,2;;;;;;;;;;;;;;;0,345;21,5;38,5;9120;28280;28920;27820;-0,6;;;;;;;;;;26,7;2,02;18,0;Latossolo vermelho;;Bacia do Rio das Mortes;Bacia do Córrego Cupim Branco;199115,4;0;Sentinel-2 de 17 e 23/08/2026, pixels de 40 m;Landsat de 13/08/2026, amostra de 120 m
510267805000026;Campo Verde;Rural;;Campo Verde;;56,471;560;9,9;229;2,4;22,7;9,3;45,7;73,0;0,0;0,0;98,7;0,0;0,0;;0,0;1970,52;1500,0;16,9;;;;;;;;;;;;;;;0,401;33,5;38,0;21420;49080;15460;47460;-1,1;;;;;;;;;;39,9;1,87;0,4;Latossolo vermelho;;Bacia do Rio das Mortes;Bacia do Córrego Jacuba (MT);33781,8;0;Sentinel-2 de 17/08/2026, pixels de 40 m;Landsat de 13/08/2026, amostra de 120 m
510267805000027;Campo Verde;Rural;;Campo Verde;;84,94;203;2,4;69;2,9;20,2;13,8;48,8;63,5;0,0;13,0;100,0;0,0;95,7;42,0;0,0;2640,86;1500,0;9,2;;;;;;;;;;;;;;;0,349;23,3;37,7;3530;22990;3060;3080;-1,4;;;;;;;;;;18,3;1,89;0,0;Latossolo vermelho-amarelo;;Bacia do Rio Cuiabá;Bacia do Rio da Casca;97492,7;0;Sentinel-2 de 23/08/2026, pixels de 40 m;Landsat de 13/08/2026, amostra de 120 m
510267805000028;Campo Verde;Urbana;Centro;Campo Verde;;0,136;276;2024,1;104;2,7;15,6;10,1;52,5;51,8;0,0;100,0;99,0;55,8;21,2;99,0;0,0;5256,24;2750,0;2,6;100,0;99,6;83,0;100,0;100,0;33,0;16,3;;;0,0;0;0,0;0,0;0;0,165;1,5;37,3;870;730;1420;310;-1,8;;;;;;;;;;0,0;1,86;0,0;Latossolo vermelho;Afluente s/n do Rio das Mortes;Bacia do Rio Cuiabá;Bacia do Rio São Lourenço;7,4;0;Sentinel-2 de 17/08/2026, pixels de 10 m;Landsat de 13/08/2026, pixels de 30 m
510267805000029;Campo Verde;Urbana;Centro;Campo Verde;;0,182;250;1370,1;95;2,6;22,4;12,0;53,2;27,2;0,0;98,9;100,0;96,8;0,0;100,0;0,0;5387,51;4000,0;2,4;97,2;97,2;96,0;97,2;97,2;34,8;0,0;;;0,0;0;0,0;0,0;0;0,179;2,7;37,3;820;820;1420;120;-1,8;;;;;;;;;;0,0;1,86;0,0;Latossolo vermelho;Microbacia sem nome;Bacia do Rio Cuiabá;Bacia do Rio São Lourenço;19,7;0;Sentinel-2 de 17/08/2026, pixels de 10 m;Landsat de 13/08/2026, pixels de 30 m
510267805000030;Campo Verde;Urbana;Jardim Campo Verde;Campo Verde;;0,077;596;7708,8;222;2,7;9,2;15,4;49,3;68,8;;100,0;100,0;50,5;26,1;100,0;;2593,64;2000,0;3,2;100,0;89,6;25,0;100,0;100,0;96,1;0,0;;;0,0;0;0,0;0,0;0;0,19;1,8;39,0;310;2060;130;480;-0,1;;;;;;;;;;0,0;1,91;0,0;Latossolo vermelho;Microbacia sem nome;Bacia do Rio Cuiabá;Bacia do Rio São Lourenço;2,3;0;Sentinel-2 de 17/08/2026, pixels de 10 m;Landsat de 13/08/2026, pixels de 30 m
510267805000031;Campo Verde;Urbana;São Lourenço;Campo Verde;;0,092;908;9828,9;321;2,8;12,0;14,6;52,1;67,3;0,0;99,7;99,7;20,6;1,2;99,7;;2645,12;2000,0;5,6;100,0;60,5;7,5;100,0;98,8;32,5;0,0;;;0,0;0;0,0;0,0;0;0,144;0,5;39,4;280;1410;740;390;0,3;;;;;;;;;;0,0;1,86;0,0;Latossolo vermelho;Microbacia sem nome;Bacia do Rio Cuiabá;Bacia do Rio São Lourenço;0,5;0;Sentinel-2 de 17/08/2026, pixels de 10 m;Landsat de 13/08/2026, pixels de 30 m
510267805000032;Campo Verde;Urbana;São Lourenço;Campo Verde;;0,091;902;9869,2;315;2,9;9,0;17,3;47,6;77,6;0,0;100,0;100,0;12,1;0,0;100,0;0,0;2804,64;2200,0;7,7;100,0;51,4;15,9;100,0;100,0;50,8;0,0;;;0,0;0;0,0;0,0;0;0,123;0,1;39,1;100;1810;540;530;0,0;;;;;;;;;;0,0;1,88;0,0;Latossolo vermelho;Microbacia sem nome;Bacia do Rio Cuiabá;Bacia do Rio São Lourenço;0,1;0;Sentinel-2 de 17/08/2026, pixels de 10 m;Landsat de 13/08/2026, pixels de 30 m
510267805000033;Campo Verde;Urbana;São Lourenço;Campo Verde;;0,06;753;12562,8;245;3,1;6,6;18,6;47,4;75,4;0,5;100,0;99,2;28,6;0,0;100,0;;1739,63;1500,0;9,8;100,0;90,6;39,6;100,0;100,0;53,8;4,9;;;0,0;0;0,0;0,0;0;0,168;1,2;39,0;190;2120;450;660;-0,1;;;;;;;;;;0,0;1,92;0,0;Latossolo vermelho;;Bacia do Rio Cuiabá;Bacia do Rio São Lourenço;1,0;0;Sentinel-2 de 17/08/2026, pixels de 10 m;Landsat de 13/08/2026, pixels de 30 m
510267805000034;Campo Verde;Urbana;São Lourenço;Campo Verde;;0,086;1083;12644,9;367;3,0;8,2;17,5;50,5;78,0;0,0;99,5;100,0;11,7;75,7;99,5;0,0;2111,75;1311,0;6,3;100,0;97,4;73,8;100,0;100,0;41,8;0,0;;;0,0;0;0,0;0,0;0;0,157;0,1;39,1;210;2090;290;660;0,0;;;;;;;;;;0,0;1,92;0,0;Latossolo vermelho;Microbacia sem nome;Bacia do Rio Cuiabá;Bacia do Rio São Lourenço;0,1;0;Sentinel-2 de 17/08/2026, pixels de 10 m;Landsat de 13/08/2026, pixels de 30 m
510267805000035;Campo Verde;Urbana;;Campo Verde;;0,632;64;101,3;24;2,7;0,0;21,9;54,7;67,2;0,0;91,7;100,0;16,7;58,3;95,8;0,0;3079,65;2400,0;;;;;;;;;;;3,1;2;0,0;0,0;0;0,3;21,1;38,4;420;1700;730;120;-0,7;;;;;;;;;;26,4;1,88;5,4;Latossolo vermelho;;Bacia do Rio Cuiabá;Bacia do Rio São Lourenço;2083,6;0;Sentinel-2 de 17/08/2026, pixels de 10 m;Landsat de 13/08/2026, pixels de 30 m
510267805000036;Campo Verde;Urbana;Jupiara;Campo Verde;;0,186;973;5231,8;336;2,9;7,7;17,9;48,6;74,0;0,4;99,4;100,0;26,5;34,2;100,0;0,0;2228,07;2000,0;6,4;100,0;91,6;17,3;100,0;100,0;47,4;2,7;;;0,0;0;0,0;0,0;0;0,198;2,8;38,8;390;2480;240;220;-0,3;;;;;;;;;;0,9;1,96;0,0;Latossolo vermelho;Microbacia sem nome;Bacia do Rio Cuiabá;Bacia do Rio São Lourenço;5,4;0;Sentinel-2 de 17/08/2026, pixels de 10 m;Landsat de 13/08/2026, pixels de 30 m
510267805000037;Campo Verde;Urbana;Vale do Sol;Campo Verde;;0,68;1885;2772,8;710;2,7;6,8;14,7;49,6;53,4;;100,0;100,0;72,7;1,5;99,9;0,0;3925,74;3000,0;1,2;99,5;87,9;56,6;100,0;70,7;21,1;0,0;;;0,0;0;0,0;0,0;0;0,162;0,8;37,7;850;980;1070;1120;-1,4;;;;;;;;;;0,0;1,91;0,0;Latossolo vermelho-amarelo;Afluente s/n do Rio das Mortes;Bacia do Rio das Mortes;Bacia do Rio das Mortes;2,9;0;Sentinel-2 de 17/08/2026, pixels de 10 m;Landsat de 13/08/2026, pixels de 30 m
510267805000038;Campo Verde;Rural;;Campo Verde;;88,917;290;3,3;109;2,7;19,7;11,4;45,9;53,1;0,0;41,3;97,2;2,8;91,7;77,1;;2030,53;1350,0;4,2;;;;;;;;;;;;;;;0,444;49,5;37,6;7180;10400;7880;7910;-1,5;;;;;;;;;;48,9;2,04;22,0;Cambissolo háplico;;Bacia do Rio Cuiabá;Bacia do Rio São Lourenço;151772,1;0;Sentinel-2 de 17/08/2026, pixels de 40 m;Landsat de 13/08/2026, amostra de 120 m
510267805000039;Campo Verde;Rural;;Campo Verde;;244,196;121;0,5;38;3,2;5,8;25,6;47,9;74,4;0,0;0,0;100,0;0,0;100,0;0,0;0,0;2532,61;1800,0;0;;;;;;;;;;;;;;;0,324;21,6;39,1;13970;16950;15050;13920;0,0;;;;;;;;;;18,3;1,9;2,6;Latossolo vermelho;;Bacia do Rio Cuiabá;Bacia do Rio São Lourenço;435920,1;0;Sentinel-2 de 17 e 23/08/2026, pixels de 40 m;Landsat de 13/08/2026, amostra de 120 m
510267805000040;Campo Verde;Rural;;Campo Verde;;90,605;69;0,8;24;2,9;17,4;17,4;49,3;59,4;0,0;16,7;100,0;0,0;95,8;25,0;0,0;2462,35;2000,0;5,6;;;;;;;;;;;;;;;0,401;38,7;37,8;6400;16810;6880;6990;-1,3;;;;;;;;;;32,1;1,84;0,4;Latossolo vermelho-amarelo;;Bacia do Rio das Mortes;Bacia do Rio das Mortes;508175,9;0;Sentinel-2 de 23/08/2026, pixels de 40 m;Landsat de 13/08/2026, amostra de 120 m
510267805000042;Campo Verde;Rural;;Campo Verde;;27,338;331;12,1;121;2,7;16,6;11,2;49,8;70,7;0,0;0,0;95,9;0,0;97,5;5,8;0,0;1907,98;1206,0;9,6;;;;;;;;;;;;;;;0,276;12,7;40,7;23200;51550;15650;49770;1,6;;;;;;;;;;11,2;1,91;0,2;Latossolo vermelho;;Bacia do Rio das Mortes;Bacia do Rio das Mortes;10489,2;0;Sentinel-2 de 17/08/2026, pixels de 40 m;Landsat de 13/08/2026, amostra de 120 m
510267805000043;Campo Verde;Rural;;Campo Verde;;431,708;114;0,3;36;3,1;2,6;21,1;46,5;68,4;0,0;0,0;100,0;8,3;88,9;55,6;0,0;4721,21;3500,0;5,3;;;;;;;;;;;;;;;0,392;32,5;40,5;46450;74900;38250;73080;1,4;;;;;;;;;;20,5;1,93;4,8;Latossolo vermelho-amarelo;;Bacia do Rio das Mortes;Bacia do Córrego Galheiro;1230746,5;0;Sentinel-2 de 17/08/2026, pixels de 40 m;Landsat de 13 e 14/08/2026, amostra de 120 m
510267805000044;Campo Verde;Urbana;;Campo Verde;;0,075;686;9123,0;214;3,2;9,0;17,9;49,7;73,2;0,7;100,0;97,7;85,5;0,0;100,0;0,0;1899,36;1500,0;6,8;100,0;100,0;96,8;98,5;100,0;50,7;0,0;;;0,0;0;0,0;0,0;0;0,18;0,1;39,0;290;3010;500;550;-0,1;;;;;;;;;;0,0;2,21;0,0;Cambissolo háplico;Microbacia sem nome;Bacia do Rio Cuiabá;Bacia do Rio São Lourenço;0,1;0;Sentinel-2 de 17/08/2026, pixels de 10 m;Landsat de 13/08/2026, pixels de 30 m
510267805000045;Campo Verde;Urbana;;Campo Verde;;0,374;757;2025,9;261;2,9;9,1;17,2;52,8;49,5;0,0;100,0;100,0;98,1;1,1;100,0;0,0;3480,01;3000,0;2,4;100,0;96,8;45,8;100,0;98,4;97,4;0,0;;;4,4;33;0,0;0,0;0;0,289;23,1;36,4;470;2150;400;250;-2,7;;;;;;;;;;16,6;1,82;0,0;Latossolo vermelho;Microbacia sem nome;Bacia do Rio Cuiabá;Bacia do Rio São Lourenço;114,1;0;Sentinel-2 de 17/08/2026, pixels de 10 m;Landsat de 13/08/2026, pixels de 30 m
510267805000046;Campo Verde;Urbana;;Campo Verde;;0,119;930;7803,8;320;2,9;5,5;18,0;47,1;72,8;;100,0;100,0;79,4;0,9;100,0;0,0;2133,16;1850,0;4,8;100,0;97,8;89,1;100,0;100,0;11,9;0,0;;;0,0;0;0,0;0,0;0;0,178;0,3;37,8;470;3210;700;750;-1,3;;;;;;;;;;0,8;2,21;0,0;Cambissolo háplico;;Bacia do Rio Cuiabá;Bacia do Rio São Lourenço;0,4;0;Sentinel-2 de 17/08/2026, pixels de 10 m;Landsat de 13/08/2026, pixels de 30 m
510267805000047;Campo Verde;Urbana;;Campo Verde;;0,108;786;7262,7;242;3,2;5,1;20,5;49,9;76,0;0,0;100,0;100,0;79,3;0,0;99,2;0,0;2597,96;2300,0;8,5;100,0;93,0;65,1;99,5;5,5;0,0;0,0;;;0,0;0;0,0;0,0;0;0,186;0,3;38,3;840;3670;1160;1170;-0,8;;;;;;;;;;0,0;2,16;0,0;Cambissolo háplico;Microbacia sem nome;Bacia do Rio Cuiabá;Bacia do Rio São Lourenço;0,4;0;Sentinel-2 de 17/08/2026, pixels de 10 m;Landsat de 13/08/2026, pixels de 30 m
510267805000048;Campo Verde;Urbana;;Campo Verde;;0,105;904;8589,2;249;3,6;3,5;18,8;52,9;76,0;;100,0;100,0;91,6;4,0;100,0;0,0;2257,56;1800,0;4,6;100,0;95,7;86,7;100,0;100,0;99,2;0,0;;;0,0;0;0,0;0,0;0;0,191;0,4;38,7;420;5070;3250;3150;-0,4;;;;;;;;;;0,0;1,91;0,0;Latossolo vermelho;Microbacia sem nome;Bacia do Rio Cuiabá;Bacia do Rio São Lourenço;0,5;0;Sentinel-2 de 17/08/2026, pixels de 10 m;Landsat de 13/08/2026, pixels de 30 m
510267805000049;Campo Verde;Urbana;;Campo Verde;;0,251;1034;4113,0;330;3,1;5,1;20,4;48,0;66,4;0,0;100,0;100,0;99,1;0,0;100,0;0,0;3524,74;3000,0;0,5;100,0;98,0;84,9;100,0;100,0;98,5;3,6;;;0,0;0;0,0;0,0;0;0,195;0,4;40,0;160;4630;2870;2760;0,9;;;;;;;;;;0,7;1,9;0,0;Latossolo vermelho;Microbacia sem nome;Bacia do Rio Cuiabá;Bacia do Rio São Lourenço;1,0;0;Sentinel-2 de 17/08/2026, pixels de 10 m;Landsat de 13/08/2026, pixels de 30 m
510267805000050;Campo Verde;Urbana;;Campo Verde;;0,24;1309;5457,1;431;3,0;7,4;16,3;49,8;66,5;0,0;99,8;100,0;99,1;0,0;100,0;0,0;2912,54;2200,0;3,1;100,0;96,6;84,3;100,0;99,8;34,1;0,2;;;0,0;0;0,0;0,0;0;0,166;0,2;39,6;50;2880;390;380;0,5;;;;;;;;;;0,0;1,95;0,0;Latossolo vermelho;Microbacia sem nome;Bacia do Rio Cuiabá;Bacia do Rio São Lourenço;0,4;0;Sentinel-2 de 17/08/2026, pixels de 10 m;Landsat de 13/08/2026, pixels de 30 m
510267805000051;Campo Verde;Urbana;;Campo Verde;;0,105;855;8150,5;248;3,4;7,3;21,8;54,0;77,5;0,0;100,0;100,0;97,2;0,0;100,0;0,0;1944,28;1500,0;6,2;100,0;99,6;71,6;100,0;100,0;90,1;8,3;;;0,0;0;0,0;0,0;0;0,167;0,6;38,4;1230;3450;1490;1390;-0,7;;;;;;;;;;2,4;1,89;0,0;Latossolo vermelho;Microbacia sem nome;Bacia do Rio Cuiabá;Bacia do Rio São Lourenço;0,7;0;Sentinel-2 de 17/08/2026, pixels de 10 m;Landsat de 13/08/2026, pixels de 30 m
510267805000052;Campo Verde;Urbana;;Campo Verde;;0,247;1407;5702,9;468;3,0;5,0;18,3;50,1;69,2;0,4;100,0;100,0;84,8;0,0;99,8;0,0;2836,35;2400,0;3,3;100,0;98,6;92,0;100,0;97,3;36,5;4,8;;;0,0;0;0,0;0,0;0;0,179;0,8;38,3;470;2600;250;380;-0,8;;;;;;;;;;0,0;1,96;0,0;Latossolo vermelho;Microbacia sem nome;Bacia do Rio Cuiabá;Bacia do Rio São Lourenço;1,4;0;Sentinel-2 de 17/08/2026, pixels de 10 m;Landsat de 13/08/2026, pixels de 30 m
510267805000054;Campo Verde;Rural;;Campo Verde;;0,246;127;516,3;47;2,7;23,6;11,0;42,5;57,5;0,0;85,1;100,0;6,4;87,2;89,4;0,0;2312,49;2000,0;2,8;;;;;;;;;;;;;;;0,388;21,6;39,9;8870;12450;9930;9940;0,8;;;;;;;;;;20,2;2,24;56,9;Neossolo quartzarênico;;Bacia do Rio Cuiabá;Bacia do Rio São Lourenço;418,4;0;Sentinel-2 de 17/08/2026, pixels de 40 m;Landsat de 13/08/2026, amostra de 120 m
510267805000056;Campo Verde;Rural;;Campo Verde;;0,339;414;1221,0;133;3,0;11,8;17,9;47,6;76,6;0,0;23,3;98,5;3,0;6,8;98,5;0,0;2025,68;1750,0;13,2;;;;;;;;;;;;;;;0,267;5,1;39,5;1080;20190;150;110;0,4;;;;;;;;;;0,0;1,87;0,0;Latossolo vermelho-amarelo;;Bacia do Rio Cuiabá;Bacia do Rio da Casca;41,8;0;Sentinel-2 de 23/08/2026, pixels de 40 m;Landsat de 13/08/2026, amostra de 120 m
510267805000057;Campo Verde;Rural;;Campo Verde;;329,37;186;0,6;59;3,2;10,2;19,9;47,8;76,3;0,0;0,0;100,0;0,0;62,7;18,6;0,0;2938,77;2400,0;8,2;;;;;;;;;;;;;;;0,359;25,6;37,7;5820;14820;16210;14680;-1,4;;;;;;;;;;24,6;2,01;16,9;Latossolo vermelho;;Bacia do Rio das Mortes;Bacia do Rio das Mortes;453326,5;0;Sentinel-2 de 17 e 23/08/2026, pixels de 40 m;Landsat de 13/08/2026, amostra de 120 m
510267805000058;Campo Verde;Rural;;Campo Verde;;475,527;87;0,2;27;3,2;5,7;18,4;46,0;66,7;0,0;;100,0;0,0;70,4;0,0;0,0;5230,62;2900,0;4,8;;;;;;;;;;;;;;;0,397;38,6;39,5;53990;80470;47900;79130;0,4;;;;;;;;;;42,7;1,95;14,6;Latossolo vermelho-amarelo;;Bacia do Rio das Mortes;Bacia do Rio Cumbuco;2109809,4;0;Sentinel-2 de 17/08/2026, pixels de 40 m;Landsat de 13 e 14/08/2026, amostra de 120 m
510267805000059;Campo Verde;Rural;;Campo Verde;;489,623;345;0,7;120;2,9;2,3;22,6;44,3;69,0;;5,0;99,2;19,2;30,8;60,8;0,0;3357,28;3000,0;2,5;;;;;;;;;;;;;;;0,345;22,9;39,6;21820;41600;31370;40790;0,5;;;;;;;;;;21,8;1,9;1,3;Latossolo vermelho-amarelo;;Bacia do Rio das Mortes;Bacia do Córrego Cupim Branco;324996,1;0;Sentinel-2 de 17 e 23/08/2026, pixels de 40 m;Landsat de 13/08/2026, amostra de 120 m
510267805000060;Campo Verde;Rural;;Campo Verde;;154,784;189;1,2;72;2,6;16,9;14,8;45,0;69,3;0,0;68,1;97,2;0,0;97,2;0,0;0,0;2999,71;2350,0;9,0;;;;;;;;;;;;;;;0,441;38,3;38,2;27870;56400;19240;54450;-0,9;;;;;;;;;;32,8;1,93;1,5;Latossolo vermelho;;Bacia do Rio das Mortes;Bacia do Rio das Mortes;313662,8;0;Sentinel-2 de 17/08/2026, pixels de 40 m;Landsat de 13 e 14/08/2026, amostra de 120 m
510267805000062;Campo Verde;Rural;;Campo Verde;;396,847;137;0,3;47;2,9;10,2;18,2;47,4;67,2;0,0;0,0;95,7;0,0;21,3;38,3;0,0;2953,52;2850,0;5,9;;;;;;;;;;;;;;;0,393;31,6;39,3;23150;46990;21310;45830;0,2;;;;;;;;;;24,4;1,86;1,6;Latossolo vermelho-amarelo;;Bacia do Rio das Mortes;Bacia do Rio das Mortes;915355,1;0;Sentinel-2 de 17/08/2026, pixels de 40 m;Landsat de 13/08/2026, amostra de 120 m
510267805000063;Campo Verde;Urbana;;Campo Verde;;0,535;505;944,7;196;2,6;7,9;14,5;52,5;31,9;0,0;98,0;100,0;92,3;0,0;100,0;0,0;6709,24;5000,0;1,0;100,0;74,7;31,3;100,0;99,0;82,0;3,4;;;0,0;0;0,0;0,0;0;0,2;0,5;38,7;290;710;2350;470;-0,4;;;;;;;;;;0,0;1,86;0,0;Latossolo vermelho;Afluente s/n do Rio das Mortes;Bacia do Rio das Mortes;Bacia do Rio das Mortes;5,3;0;Sentinel-2 de 17/08/2026, pixels de 10 m;Landsat de 13/08/2026, pixels de 30 m
510267805000064;Campo Verde;Urbana;;Campo Verde;;0,349;445;1275,8;142;3,1;9,4;21,6;51,5;26,5;0,0;97,2;100,0;8,5;0,0;100,0;0,0;12285,92;10000,0;;74,8;2,7;0,0;74,8;3,4;0,0;0,0;;;0,0;0;0,0;0,0;0;0,261;10,2;38,2;510;760;2390;240;-0,9;;;;;;;;;;1,7;1,89;0,0;Latossolo vermelho-amarelo;Afluente s/n do Rio das Mortes;Bacia do Rio das Mortes;Bacia do Rio das Mortes;80,0;0;Sentinel-2 de 17/08/2026, pixels de 10 m;Landsat de 13/08/2026, pixels de 30 m
510267805000065;Campo Verde;Urbana;;Campo Verde;;0,037;265;7221,3;87;3,0;5,7;14,7;46,4;70,6;0,0;100,0;100,0;13,8;0,0;100,0;0,0;2524,47;2000,0;3,4;100,0;100,0;98,1;100,0;100,0;26,4;9,4;;;0,0;0;0,0;0,0;0;0,202;0,6;40,9;1610;3270;1280;970;1,8;;;;;;;;;;0,0;1,92;0,0;Latossolo vermelho;Microbacia sem nome;Bacia do Rio Cuiabá;Bacia do Rio São Lourenço;0,8;0;Sentinel-2 de 17/08/2026, pixels de 10 m;Landsat de 13/08/2026, pixels de 30 m
510267805000066;Campo Verde;Urbana;;Campo Verde;;0,18;695;3853,3;258;2,7;7,3;14,5;49,2;55,7;;99,6;100,0;69,0;0,0;100,0;0,0;4455,63;3500,0;1,8;100,0;97,6;26,3;100,0;96,0;99,3;0,0;;;0,0;0;0,0;0,0;0;0,145;0,7;38,2;320;1890;850;630;-0,9;;;;;;;;;;0,0;1,86;0,0;Latossolo vermelho;Microbacia sem nome;Bacia do Rio Cuiabá;Bacia do Rio São Lourenço;1,8;0;Sentinel-2 de 17/08/2026, pixels de 10 m;Landsat de 13/08/2026, pixels de 30 m
510267805000067;Campo Verde;Urbana;;Campo Verde;;0,106;848;8036,2;303;2,8;9,7;17,3;52,1;81,7;0,0;98,0;100,0;2,0;21,1;100,0;0,0;1945,35;1212,0;8,4;100,0;99,5;83,5;100,0;100,0;22,9;0,0;;;0,0;0;0,0;0,0;0;0,2;0,5;39,7;180;2390;530;240;0,6;;;;;;;;;;0,0;2,07;0,0;Cambissolo háplico;;Bacia do Rio Cuiabá;Bacia do Rio São Lourenço;0,6;0;Sentinel-2 de 17/08/2026, pixels de 10 m;Landsat de 13/08/2026, pixels de 30 m
510267805000068;Campo Verde;Urbana;;Campo Verde;;0,064;468;7291,4;135;3,5;6,0;15,0;51,9;76,7;0,0;97,8;100,0;93,3;5,2;100,0;0,0;2058,91;1700,0;5,3;100,0;100,0;98,9;100,0;100,0;100,0;0,0;;;0,0;0;0,0;0,0;0;0,199;0,2;38,6;590;5290;3530;3430;-0,5;;;;;;;;;;0,0;1,86;0,0;Latossolo vermelho;Microbacia sem nome;Bacia do Rio Cuiabá;Bacia do Rio São Lourenço;0,3;0;Sentinel-2 de 17/08/2026, pixels de 10 m;Landsat de 13/08/2026, pixels de 30 m
510267805000071;Campo Verde;Rural;;Campo Verde;;20,101;119;5,9;44;2,7;9,2;12,6;44,5;67,2;0,0;59,1;100,0;29,5;61,4;95,5;6,8;2126,15;1212,0;4,3;;;;;;;;;;;;;;;0,386;35,4;38,5;1640;4480;1960;1970;-0,6;;;;;;;;;;35,8;1,98;2,7;Cambissolo háplico;;Bacia do Rio Cuiabá;Bacia do Rio São Lourenço;59796,3;0;Sentinel-2 de 17/08/2026, pixels de 40 m;Landsat de 13/08/2026, amostra de 120 m
510267805000072;Campo Verde;Urbana;;Campo Verde;;0,119;561;4696,7;162;3,5;4,8;17,6;51,3;72,4;0,0;100,0;100,0;93,8;0,0;100,0;0,0;2016,29;1650,0;6,3;100,0;88,6;25,8;100,0;100,0;73,1;3,2;;;0,0;0;0,0;0,0;0;0,206;4,7;38,9;420;2920;680;580;-0,2;;;;;;;;;;7,6;1,88;0,0;Latossolo vermelho;Microbacia sem nome;Bacia do Rio Cuiabá;Bacia do Rio São Lourenço;10,0;0;Sentinel-2 de 17/08/2026, pixels de 10 m;Landsat de 13/08/2026, pixels de 30 m
510267805000073;Campo Verde;Urbana;;Campo Verde;;0,213;466;2187,4;152;3,1;0,9;19,1;49,4;67,2;;100,0;100,0;99,3;0,0;100,0;0,0;3944,0;3150,0;2,9;100,0;91,6;76,6;100,0;100,0;95,5;11,6;;;0,0;0;0,0;0,0;0;0,185;0,0;42,4;600;4160;2400;2290;3,3;;;;;;;;;;0,0;1,89;0,0;Latossolo vermelho;Microbacia sem nome;Bacia do Rio Cuiabá;Bacia do Rio São Lourenço;0,0;0;Sentinel-2 de 17/08/2026, pixels de 10 m;Landsat de 13/08/2026, pixels de 30 m
510267805000075;Campo Verde;Urbana;;Campo Verde;;0,27;149;552,2;48;3,1;10,7;13,4;50,3;63,8;;85,4;100,0;22,9;39,6;97,9;0,0;3430,04;2500,0;;88,6;79,9;73,8;71,1;88,6;31,5;0,0;;;0,0;0;0,0;0,0;0;0,181;5,4;38,5;1150;1150;780;840;-0,6;;;;;;;;;;0,0;1,86;0,0;Latossolo vermelho;Afluente s/n do Rio das Mortes;Bacia do Rio Cuiabá;Bacia do Rio São Lourenço;97,9;0;Sentinel-2 de 17/08/2026, pixels de 10 m;Landsat de 13/08/2026, pixels de 30 m
510267805000076;Campo Verde;Urbana;;Campo Verde;;0,465;866;1862,4;283;3,1;6,2;17,3;49,0;58,5;0,0;99,6;100,0;96,8;0,0;100,0;0,0;4142,41;3000,0;2,3;100,0;96,8;43,4;100,0;100,0;100,0;0,0;;;0,0;0;0,0;0,0;0;0,163;0,0;39,5;1790;2070;1340;300;0,4;;;;;;;;;;0,0;1,87;0,0;Latossolo vermelho;Afluente s/n do Rio das Mortes;Bacia do Rio das Mortes;Bacia do Rio das Mortes;0,0;0;Sentinel-2 de 17/08/2026, pixels de 10 m;Landsat de 13/08/2026, pixels de 30 m
510267805000077;Campo Verde;Urbana;;Campo Verde;;0,712;993;1393,9;353;2,8;7,2;15,6;48,5;58,5;;99,2;100,0;92,4;0,0;100,0;0,0;3594,34;2500,0;2,0;100,0;98,3;60,7;100,0;99,2;94,6;0,0;;;0,0;0;0,0;0,0;0;0,183;3,7;38,7;1170;2030;650;480;-0,4;;;;;;;;;;1,1;1,87;0,0;Latossolo vermelho;Microbacia sem nome;Bacia do Rio Cuiabá;Bacia do Rio São Lourenço;26,5;0;Sentinel-2 de 17/08/2026, pixels de 10 m;Landsat de 13/08/2026, pixels de 30 m
510267805000078;Campo Verde;Urbana;;Campo Verde;;1,726;52;30,1;17;3,1;15,4;19,2;55,8;51,9;0,0;29,4;94,1;0,0;64,7;88,2;0,0;3384,38;2450,0;;100,0;100,0;100,0;100,0;0,0;0,0;0,0;;;0,0;0;0,0;0,0;0;0,169;3,2;41,3;3290;4720;2950;1710;2,2;;;;;;;;;;1,4;1,92;0,0;Latossolo vermelho;Microbacia sem nome;Bacia do Rio Cuiabá;Bacia do Rio São Lourenço;1062,2;0;Sentinel-2 de 17/08/2026, pixels de 10 m;Landsat de 13/08/2026, pixels de 30 m
510267805000089;Campo Verde;Rural;;Campo Verde;;123,746;160;1,3;72;2,2;21,2;7,5;45,0;71,2;;18,1;100,0;0,0;100,0;11,1;0,0;2424,03;2000,0;8,5;;;;;;;;;;;;;;;0,383;30,6;37,4;10920;30970;22900;23000;-1,7;;;;;;;;;;32,4;1,84;0,0;Latossolo vermelho-amarelo;;Bacia do Rio das Mortes;Bacia do Rio das Mortes;236664,2;0;Sentinel-2 de 23/08/2026, pixels de 40 m;Landsat de 13/08/2026, amostra de 120 m
510267805000090;Campo Verde;Rural;;Campo Verde;;5,711;101;17,7;34;3,0;11,9;12,9;45,5;78,2;;0,0;100,0;0,0;64,7;11,8;0,0;2817,73;1212,0;7,1;;;;;;;;;;;;;;;0,512;56,7;34,5;9030;32770;20420;20510;-4,6;;;;;;;;;;58,0;1,74;0,0;Latossolo vermelho-amarelo;;Bacia do Rio Cuiabá;Bacia do Rio Aricá-Mirim;32060,8;0;Sentinel-2 de 23/08/2026, pixels de 40 m;Landsat de 13/08/2026, amostra de 120 m
510267805000092;Campo Verde;Urbana;;Campo Verde;;2,5;196;78,4;68;2,9;7,7;16,8;54,1;40,3;0,0;80,9;100,0;79,4;16,2;100,0;0,0;10370,78;7750,0;0;11,7;9,2;9,2;19,9;10,7;11,7;11,7;;;0,0;0;0,0;0,0;0;0,337;22,5;38,5;1940;2160;3750;1580;-0,6;;;;;;;;;;19,8;1,85;0,0;Latossolo vermelho;Afluente s/n do Rio das Mortes;Bacia do Rio das Mortes;Bacia do Rio das Mortes;2869,9;0;Sentinel-2 de 17/08/2026, pixels de 10 m;Landsat de 13/08/2026, pixels de 30 m
510267805000094;Campo Verde;Urbana;;Campo Verde;;1,006;1674;1664,3;532;3,1;4,8;18,5;47,6;75,0;0,2;99,8;100,0;99,1;0,8;100,0;0,0;3171,89;2500,0;4,9;100,0;35,8;6,2;99,6;51,6;88,4;0,1;;;0,0;0;0,0;0,0;0;0,162;0,1;39,8;2070;2890;1640;180;0,7;;;;;;;;;;0,0;1,87;0,0;Latossolo vermelho;Microbacia sem nome;Bacia do Rio Cuiabá;Bacia do Rio São Lourenço;0,6;0;Sentinel-2 de 17/08/2026, pixels de 10 m;Landsat de 13/08/2026, pixels de 30 m
510267805000095;Campo Verde;Rural;;Campo Verde;;17,383;180;10,4;69;2,6;20,0;16,7;46,1;73,9;0,0;42,0;100,0;0,0;94,2;8,7;;2079,6;1306,0;9,2;;;;;;;;;;;;;;;0,367;23,9;39,7;14160;17720;15200;15220;0,6;;;;;;;;;;26,6;2,24;70,3;Cambissolo háplico;;Bacia do Rio Cuiabá;Bacia do Rio São Lourenço;23080,8;0;Sentinel-2 de 17/08/2026, pixels de 40 m;Landsat de 13/08/2026, amostra de 120 m
510267805000096;Campo Verde;Rural;;Campo Verde;;9,93;100;10,1;42;2,4;26,0;4,0;50,0;88,0;0,0;61,9;100,0;0,0;100,0;;0,0;1857,03;1212,0;9,4;;;;;;;;;;;;;;;0,451;44,9;38,0;18110;21700;19180;19200;-1,1;;;;;;;;;;48,7;2,15;41,7;Neossolo quartzarênico;;Bacia do Rio Cuiabá;Bacia do Rio São Lourenço;44585,7;0;Sentinel-2 de 17/08/2026, pixels de 40 m;Landsat de 13/08/2026, amostra de 120 m
510267805000097;Campo Verde;Rural;;Campo Verde;;38,746;23;0,6;9;2,6;13,0;;43,5;34,8;0,0;;100,0;0,0;88,9;44,4;0,0;3456,89;2500,0;0;;;;;;;;;;;;;;;0,287;12,4;40,5;4450;6620;4360;4290;1,4;;;;;;;;;;12,7;1,9;1,1;Latossolo vermelho;;Bacia do Rio Cuiabá;Bacia do Rio São Lourenço;;0;Sentinel-2 de 17 e 23/08/2026, pixels de 40 m;Landsat de 13/08/2026, amostra de 120 m
510267805000098;Campo Verde;Urbana;;Campo Verde;;0,476;39;81,9;12;3,3;15,4;0,0;48,7;76,9;0,0;33,3;100,0;0,0;33,3;91,7;0,0;4170,83;3300,0;;;;;;;;;;;0,0;0;0,0;0,0;0;0,177;4,6;40,3;1020;2770;680;870;1,2;;;;;;;;;;0,7;1,91;0,0;Latossolo vermelho;Microbacia sem nome;Bacia do Rio Cuiabá;Bacia do Rio São Lourenço;;0;Sentinel-2 de 17/08/2026, pixels de 10 m;Landsat de 13/08/2026, pixels de 30 m
510267805000099;Campo Verde;Rural;;Campo Verde;;55,43;62;1,1;24;2,6;12,9;14,5;43,5;41,9;0,0;12,5;100,0;0,0;58,3;20,8;0,0;3453,04;3000,0;7,8;;;;;;;;;;;;;;;0,345;24,0;39,0;4530;4910;4340;2730;-0,1;;;;;;;;;;22,7;1,87;0,0;Latossolo vermelho-amarelo;;Bacia do Rio das Mortes;Bacia do Rio das Mortes;214567,7;0;Sentinel-2 de 23/08/2026, pixels de 40 m;Landsat de 13/08/2026, amostra de 120 m
510267805000100;Campo Verde;Urbana;;Campo Verde;;0,375;89;237,1;33;2,7;10,1;16,9;49,4;31,5;0,0;81,8;100,0;45,5;36,4;100,0;0,0;7903,39;5000,0;0;60,7;60,7;60,7;60,7;15,7;0,0;0,0;;;0,0;0;0,0;0,0;0;0,376;28,9;37,3;520;920;1880;430;-1,8;;;;;;;;;;16,6;1,88;0,0;Latossolo vermelho-amarelo;Afluente s/n do Rio das Mortes;Bacia do Rio das Mortes;Bacia do Rio das Mortes;1217,7;0;Sentinel-2 de 17/08/2026, pixels de 10 m;Landsat de 13/08/2026, pixels de 30 m
510267805000101;Campo Verde;Rural;;Campo Verde;;112,503;312;2,8;109;2,9;18,9;13,5;48,1;66,0;0,0;8,3;98,2;0,0;99,1;;0,0;2466,16;2000,0;6,0;;;;;;;;;;;;;;;0,432;40,1;36,8;2450;26870;13240;13340;-2,3;;;;;;;;;;44,6;1,85;3,8;Latossolo vermelho-amarelo;;Bacia do Rio Cuiabá;Bacia do Rio Aricá-Mirim;144595,2;0;Sentinel-2 de 23/08/2026, pixels de 40 m;Landsat de 13/08/2026, amostra de 120 m
510267805000102;Campo Verde;Rural;;Campo Verde;;396,187;143;0,4;50;2,9;21,0;16,1;45,5;72,7;0,0;10,0;100,0;0,0;10,0;0,0;0,0;2263,06;1212,0;10,2;;;;;;;;;;;;;;;0,417;37,9;39,1;36790;62490;31930;61220;0,0;;;;;;;;;;39,4;1,89;3,7;Latossolo vermelho-amarelo;;Bacia do Rio das Mortes;Bacia do Córrego Galheiro;1050034,1;0;Sentinel-2 de 17/08/2026, pixels de 40 m;Landsat de 13/08/2026, amostra de 120 m
510267805000103;Campo Verde;Rural;;Campo Verde;;0,197;53;269,0;25;2,1;0,0;5,7;41,5;88,7;0,0;;100,0;0,0;0,0;92,0;0,0;2147,06;2000,0;6,4;;;;;;;;;;;;;;;0,281;15,8;40,9;29780;56840;23970;55350;1,8;;;;;;;;;;0,4;1,87;0,0;Latossolo vermelho-amarelo;;Bacia do Rio das Mortes;Bacia do Rio das Mortes;587,3;0;Sentinel-2 de 17/08/2026, pixels de 40 m;Landsat de 13/08/2026, amostra de 120 m
510267810000001;Campo Verde;Urbana;;Coronel Ponce;;1,636;87;53,2;32;2,7;24,1;11,5;50,6;64,4;;9,4;100,0;0,0;68,8;75,0;0,0;3471,67;2200,0;14,1;0,0;100,0;100,0;12,6;0,0;0,0;0,0;;;0,0;0;4,4;4,4;4;0,406;35,9;38,5;12530;16890;14480;14460;-0,6;;;;;;;;;;39,2;2,21;57,5;Neossolo quartzarênico;;Bacia do Rio Cuiabá;Bacia do Rio São Lourenço;6750,9;0;Sentinel-2 de 17/08/2026, pixels de 10 m;Landsat de 13/08/2026, pixels de 30 m
510267810000003;Campo Verde;Rural;;Coronel Ponce;;191,627;128;0,7;46;2,8;11,7;18,0;50,0;55,5;0,0;0,0;95,7;0,0;95,7;50,0;0,0;2685,42;2100,0;7,1;;;;;;;;;;;;;;;0,349;22,3;38,8;4800;26230;11400;24110;-0,3;;;;;;;;;;22,7;2,05;24,1;Latossolo vermelho;;Bacia do Rio das Mortes;Bacia do Córrego Capitão Agostim;333850,2;0;Sentinel-2 de 17/08/2026, pixels de 40 m;Landsat de 13/08/2026, amostra de 120 m
510267810000004;Campo Verde;Rural;;Coronel Ponce;;124,393;104;0,8;37;2,8;2,9;21,2;47,1;74,0;0,0;0,0;100,0;0,0;94,6;0,0;0,0;2302,72;2000,0;3,8;;;;;;;;;;;;;;;0,347;20,5;38,9;13800;42280;5140;40310;-0,2;;;;;;;;;;19,0;1,94;1,2;Latossolo vermelho;;Bacia do Rio das Mortes;Bacia do Rio das Mortes;245197,7;0;Sentinel-2 de 17/08/2026, pixels de 40 m;Landsat de 13/08/2026, amostra de 120 m
510300705000001;Chapada dos Guimarães;Urbana;;Chapada dos Guimarães;;0,153;214;1394,2;83;2,6;22,9;11,7;60,7;81,8;;100,0;98,8;0,0;8,4;100,0;;2956,75;2000,0;5,2;100,0;86,4;16,8;95,3;100,0;41,1;7,0;;;13,8;30;5,3;26,6;11;0,461;51,7;33,3;360;670;410;300;-5,8;;;;0,0;0;0,0;;;;59,6;2,19;40,4;Neossolo quartzarênico;Quineira;Bacia do Rio Cuiabá;Bacia do Rio Quilombo;369,6;0;Sentinel-2 de 23/08/2026, pixels de 10 m;Landsat de 13/08/2026, pixels de 30 m
510300705000002;Chapada dos Guimarães;Urbana;;Chapada dos Guimarães;;0,199;440;2211,5;158;2,7;11,6;17,3;49,1;73,2;;100,0;100,0;0,0;50,0;100,0;0,0;3305,51;2000,0;7,6;93,5;29,3;13,6;96,3;93,5;18,2;0,0;;;0,0;0;0,0;0,0;0;0,269;14,9;35,6;770;400;180;110;-3,5;;;;0,0;0;0,0;;;;0,0;1,95;11,9;Latossolo vermelho;Quineira;Bacia do Rio Cuiabá;Bacia do Rio Quilombo;67,4;0;Sentinel-2 de 23/08/2026, pixels de 10 m;Landsat de 13/08/2026, pixels de 30 m
510300705000003;Chapada dos Guimarães;Urbana;;Chapada dos Guimarães;;1,008;622;616,9;208;3,0;20,1;11,4;50,2;65,0;;100,0;100,0;1,9;4,8;100,0;0,0;4072,85;3700,0;1,4;44,1;79,6;36,7;98,7;43,9;16,7;0,0;;;6,4;40;38,6;59,0;240;0,495;46,4;32,6;830;960;940;280;-6,5;;;;0,0;0;0,0;;;;47,8;1,82;3,9;Latossolo vermelho;Quineira;Bacia do Rio Cuiabá;Bacia do Rio Quilombo;751,9;0;Sentinel-2 de 23/08/2026, pixels de 10 m;Landsat de 13/08/2026, pixels de 30 m
510300705000004;Chapada dos Guimarães;Urbana;;Chapada dos Guimarães;;0,284;262;922,9;95;2,6;24,4;11,8;45,4;49,2;0,0;98,9;100,0;;8,4;98,9;0,0;6826,04;5000,0;1,4;72,8;77,8;17,3;100,0;72,8;30,5;0,0;;;0,0;0;6,8;33,5;18;0,255;8,8;35,4;280;1240;380;380;-3,7;;;;0,0;0;0,0;;;;0,0;1,98;19,2;Latossolo vermelho;Quineira;Bacia do Rio Cuiabá;Bacia do Rio Quilombo;95,4;0;Sentinel-2 de 23/08/2026, pixels de 10 m;Landsat de 13/08/2026, pixels de 30 m
510300705000005;Chapada dos Guimarães;Urbana;;Chapada dos Guimarães;;0,468;362;774,2;142;2,5;22,7;11,3;53,0;66,3;0,0;100,0;100,0;2,8;23,9;98,6;0,0;4391,19;2500,0;2,4;50,3;95,6;23,2;98,9;13,0;15,2;0,0;;;0,0;0;0,0;19,5;0;0,313;16,1;34,8;810;1890;770;860;-4,3;;;;0,0;0;0,0;;;;3,9;2,25;67,3;Neossolo quartzarênico;Microbacia sem nome;Bacia do Rio Cuiabá;Bacia do Rio Cuiabá;208,1;0;Sentinel-2 de 23/08/2026, pixels de 10 m;Landsat de 13/08/2026, pixels de 30 m
510300705000006;Chapada dos Guimarães;Urbana;;Chapada dos Guimarães;;0,232;100;431,0;44;2,3;29,0;3,0;57,0;49,0;0,0;100,0;100,0;9,1;9,1;100,0;0,0;4663,64;3000,0;3,3;81,0;78,0;40,0;81,0;84,0;9,0;0,0;;;0,0;0;0,0;0,0;0;0,317;19,7;34,2;590;1760;570;680;-4,9;;;;0,0;0;0,0;;;;6,3;2,41;96,9;Neossolo quartzarênico;Microbacia sem nome;Bacia do Rio Cuiabá;Bacia do Rio Cuiabá;457,0;0;Sentinel-2 de 23/08/2026, pixels de 10 m;Landsat de 13/08/2026, pixels de 30 m
510300705000007;Chapada dos Guimarães;Urbana;;Chapada dos Guimarães;;0,885;271;306,2;108;2,5;24,7;17,0;55,0;66,8;0,0;99,1;99,1;44,4;0,0;100,0;0,0;5560,08;3900,0;1,9;0,8;82,8;56,1;97,5;0,8;0,0;0,0;;;0,0;0;0,0;0,0;0;0,366;27,9;34,9;1590;2330;650;710;-4,2;;;;0,0;0;0,0;;;;33,3;2,29;76,8;Neossolo quartzarênico;Afluente s/n do Cachoeirinha;Bacia do Rio Cuiabá;Bacia do Rio Quilombo;911,1;0;Sentinel-2 de 23/08/2026, pixels de 10 m;Landsat de 13/08/2026, pixels de 30 m
510300705000008;Chapada dos Guimarães;Urbana;;Chapada dos Guimarães;;0,175;175;1001,4;67;2,6;21,7;13,1;53,1;76,6;0,0;98,5;100,0;0,0;17,9;100,0;0,0;2836,12;1500,0;3,0;97,7;93,1;32,0;100,0;97,7;71,4;0,0;;;0,0;0;0,0;0,0;0;0,415;38,0;33,9;980;1350;610;450;-5,2;;;;0,0;0;0,0;;;;35,6;2,28;71,9;Neossolo quartzarênico;Córrego Lebrinha;Bacia do Rio Cuiabá;Bacia do Rio Quilombo;380,0;0;Sentinel-2 de 23/08/2026, pixels de 10 m;Landsat de 13/08/2026, pixels de 30 m
510300705000009;Chapada dos Guimarães;Urbana;;Chapada dos Guimarães;;0,823;250;303,7;102;2,5;24,4;9,2;52,8;63,6;;98,0;99,0;0,0;14,7;99,0;;3793,95;2681,0;5,6;64,4;75,6;29,2;100,0;57,6;34,8;0,0;;;13,6;34;2,9;11,1;7;0,609;67,3;32,1;940;1230;480;430;-7,0;;;;0,0;0;0,0;;;;67,1;2,24;39,4;Neossolo quartzarênico;Quineira;Bacia do Rio Cuiabá;Bacia do Rio Quilombo;2215,5;0;Sentinel-2 de 23/08/2026, pixels de 10 m;Landsat de 13/08/2026, pixels de 30 m
510300705000010;Chapada dos Guimarães;Urbana;;Chapada dos Guimarães;;0,391;504;1288,6;179;2,8;14,9;12,7;51,0;80,8;0,0;100,0;95,5;8,4;46,9;100,0;0,0;3106,16;2000,0;8,5;41,7;70,6;18,5;100,0;36,9;1,2;0,0;;;0,0;0;0,0;0,0;0;0,283;13,4;35,4;460;350;450;130;-3,7;;;;0,0;0;0,0;;;;1,9;2,16;61,4;Neossolo quartzarênico;Quineira;Bacia do Rio Cuiabá;Bacia do Rio Quilombo;104,0;0;Sentinel-2 de 23/08/2026, pixels de 10 m;Landsat de 13/08/2026, pixels de 30 m
510300705000011;Chapada dos Guimarães;Urbana;;Chapada dos Guimarães;;0,104;710;6840,7;235;3,0;14,1;16,5;50,6;84,9;0,0;100,0;98,3;0,0;48,9;100,0;0,0;2601,9;1311,0;12,2;100,0;71,1;9,2;100,0;100,0;85,1;0,0;;;0,0;0;0,0;0,0;0;0,191;2,4;36,1;540;990;320;700;-3,0;;;;0,0;0;0,0;;;;0,0;2,3;100,0;Plintossolo pétrico;;Bacia do Rio Cuiabá;Bacia do Rio Quilombo;3,5;0;Sentinel-2 de 23/08/2026, pixels de 10 m;Landsat de 13/08/2026, pixels de 30 m
510300705000012;Chapada dos Guimarães;Rural;;Chapada dos Guimarães;;540,371;110;0,2;46;2,4;22,7;10,0;40,0;87,3;0,0;50,0;100,0;0,0;17,4;0,0;0,0;2115,78;1700,0;21,3;;;;;;;;;;;;;;;0,466;50,8;34,8;20110;61280;18540;55400;-4,3;;;;20,0;22;21,4;;;;74,2;2,13;35,5;Neossolo quartzarênico;;Bacia do Rio Cuiabá;Bacia do Rio Cuiabá;2495531,5;0;Sentinel-2 de 23/08/2026, pixels de 40 m;Landsat de 13/08/2026, amostra de 120 m
510300705000013;Chapada dos Guimarães;Rural;;Chapada dos Guimarães;;230,476;68;0,3;33;2,1;16,2;5,9;47,1;86,8;0,0;0,0;100,0;0,0;87,9;;0,0;1928,67;1650,0;8,6;;;;;;;;;;;;;;;0,491;48,4;36,6;12170;38340;18170;33510;-2,5;;;;2,2;1;4,1;;;;52,3;2,15;44,8;Neossolo quartzarênico;;Bacia do Rio Cuiabá;Bacia do Rio da Casca;1640446,8;0;Sentinel-2 de 23/08/2026, pixels de 40 m;Landsat de 13/08/2026, amostra de 120 m
510300705000014;Chapada dos Guimarães;Rural;;Chapada dos Guimarães;;508,627;92;0,2;35;2,6;8,7;15,2;42,4;71,7;0,0;0,0;100,0;0,0;100,0;0,0;0,0;2208,27;2000,0;8,0;;;;;;;;;;;;;;;0,435;45,7;37,5;5650;54890;53260;54480;-1,6;;;;0,0;0;0,4;;;;50,3;2,05;21,7;Neossolo quartzarênico;;Bacia do Rio Cuiabá;Bacia do Rio Cuiabá;2526549,3;0;Sentinel-2 de 17 e 23/08/2026, pixels de 40 m;Landsat de 13/08/2026, amostra de 120 m
510300705000015;Chapada dos Guimarães;Rural;;Chapada dos Guimarães;;294,416;115;0,4;47;2,4;41,7;9,6;41,7;65,2;0,0;;93,6;0,0;85,1;19,1;;2182,83;2000,0;10,2;;;;;;;;;;;;;;;0,532;71,1;34,7;16130;20270;18680;17050;-4,4;;;;0,1;0;1,4;;;;75,9;2,1;21,5;Neossolo quartzarênico;;Bacia do Rio Cuiabá;Bacia do Rio Quilombo;1820258,9;0;Sentinel-2 de 23/08/2026, pixels de 40 m;Landsat de 13/08/2026, amostra de 120 m
510300705000016;Chapada dos Guimarães;Rural;;Chapada dos Guimarães;;39,771;4;0,1;2;2,0;;;;;;;;;;;;;;;;;;;;;;;;;;;;;0,54;91,4;34,6;5480;18920;17310;8110;-4,5;;;;0,0;0;0,0;;;;99,5;1,78;0,0;Latossolo vermelho-amarelo;;Bacia do Rio Cuiabá;Bacia do Rio Quilombo;;0;Sentinel-2 de 23/08/2026, pixels de 40 m;Landsat de 13/08/2026, amostra de 120 m
510300705000017;Chapada dos Guimarães;Rural;;Chapada dos Guimarães;;221,095;270;1,2;104;2,6;21,5;16,7;51,1;66,3;;25,0;98,1;;5,8;35,6;;3565,67;2000,0;4,3;100,0;100,0;100,0;100,0;100,0;0,0;0,0;;;;;;;;0,511;59,4;35,3;16120;16120;15370;10910;-3,8;;;;0,0;0;0,7;;;;54,9;2,21;55,8;Neossolo quartzarênico;;Bacia do Rio Cuiabá;Bacia do Rio Quilombo;486409,0;0;Sentinel-2 de 23/08/2026, pixels de 40 m;Landsat de 13/08/2026, amostra de 120 m
510300705000018;Chapada dos Guimarães;Rural;;Chapada dos Guimarães;;198,14;376;1,9;119;3,2;16,0;12,2;47,1;91,0;0,0;;89,9;0,0;98,3;5,9;5,9;1607,27;1212,0;24,0;;;;;;;;;;;;;;;0,503;53,8;35,5;18070;36540;9770;32430;-3,6;;;;1,2;5;1,7;;;;50,6;2,15;32,5;Neossolo quartzarênico;;Bacia do Rio Cuiabá;Bacia do Rio Quilombo;283508,8;0;Sentinel-2 de 23/08/2026, pixels de 40 m;Landsat de 13/08/2026, amostra de 120 m
510300705000019;Chapada dos Guimarães;Rural;;Chapada dos Guimarães;;157,157;334;2,1;125;2,7;22,2;14,4;44,9;89,2;0,0;0,0;95,2;0,0;96,8;0,0;;1601,46;1200,0;21,2;;;;;;;;;;;;;;;0,518;63,2;32,2;10200;47860;5230;41310;-6,9;;;;33,6;112;34,2;;;;73,8;2,15;25,9;Neossolo quartzarênico;;Bacia do Rio Cuiabá;Bacia do Rio Cuiabá;297374,9;0;Sentinel-2 de 23/08/2026, pixels de 40 m;Landsat de 13/08/2026, amostra de 120 m
510300705000020;Chapada dos Guimarães;Rural;;Chapada dos Guimarães;;114,125;141;1,2;53;2,7;13,5;17,7;44,7;73,8;;0,0;90,6;83,0;11,3;15,1;;2792,69;2419,0;5,6;;;;;;;;;;;;;;;0,526;57,6;34,4;16500;17080;16140;12420;-4,7;;;;0,0;0;0,4;;;;52,2;2,14;43,9;Plintossolo pétrico;;Bacia do Rio Cuiabá;Bacia do Rio Quilombo;466212,8;0;Sentinel-2 de 23/08/2026, pixels de 40 m;Landsat de 13/08/2026, amostra de 120 m
510300705000022;Chapada dos Guimarães;Urbana;;Chapada dos Guimarães;;0,167;347;2083,9;122;2,8;17,0;13,3;51,9;83,3;0,0;100,0;95,9;;94,3;100,0;0,0;2828,38;2400,0;7,2;98,2;77,2;45,1;100,0;98,2;0,0;0,0;;;0,0;0;0,0;0,0;0;0,338;25,5;35,5;210;160;130;290;-3,6;;;;0,0;0;0,0;;;;0,0;2,27;92,1;Neossolo quartzarênico;Quineira;Bacia do Rio Cuiabá;Bacia do Rio Quilombo;122,7;0;Sentinel-2 de 23/08/2026, pixels de 10 m;Landsat de 13/08/2026, pixels de 30 m
510300705000023;Chapada dos Guimarães;Urbana;;Chapada dos Guimarães;;0,146;846;5812,5;260;3,2;13,4;19,7;52,5;77,9;0,0;100,0;98,1;3,5;89,6;99,6;0,0;2205,36;1600,0;9,6;96,7;53,2;2,9;100,0;84,7;37,9;0,0;;;0,0;0;0,0;0,0;0;0,279;15,4;35,1;760;1000;210;740;-4,0;;;;0,0;0;0,0;;;;7,5;2,28;91,3;Plintossolo pétrico;Quineira;Bacia do Rio Cuiabá;Bacia do Rio Quilombo;26,6;0;Sentinel-2 de 23/08/2026, pixels de 10 m;Landsat de 13/08/2026, pixels de 30 m
510300705000024;Chapada dos Guimarães;Urbana;;Chapada dos Guimarães;;0,685;782;1140,8;290;2,7;15,6;12,1;50,4;69,3;0,5;99,3;99,7;4,1;32,1;99,7;0,0;4506,71;2500,0;2,2;70,1;81,7;23,8;100,0;71,1;10,9;0,0;;;0,0;0;8,2;20,0;64;0,264;10,9;35,2;920;620;530;370;-3,9;;;;0,0;0;0,0;;;;13,1;1,92;9,9;Latossolo vermelho;Quineira;Bacia do Rio Cuiabá;Bacia do Rio Quilombo;95,5;0;Sentinel-2 de 23/08/2026, pixels de 10 m;Landsat de 13/08/2026, pixels de 30 m
510300705000026;Chapada dos Guimarães;Urbana;;Chapada dos Guimarães;;0,173;117;676,4;45;2,6;29,9;2,6;53,8;66,7;0,0;100,0;100,0;0,0;0,0;100,0;0,0;5478,23;3000,0;3,8;100,0;80,3;35,9;100,0;100,0;72,6;0,0;;;0,0;0;0,0;0,0;0;0,246;12,0;35,3;80;1130;130;120;-3,8;;;;0,0;0;0,0;;;;0,0;2,3;100,0;Neossolo quartzarênico;Quineira;Bacia do Rio Cuiabá;Bacia do Rio Quilombo;177,4;0;Sentinel-2 de 23/08/2026, pixels de 10 m;Landsat de 13/08/2026, pixels de 30 m
510300705000027;Chapada dos Guimarães;Urbana;;Chapada dos Guimarães;;0,327;514;1571,2;208;2,5;19,6;11,1;51,6;66,0;;99,0;99,5;3,8;78,4;100,0;0,0;3776,34;2200,0;3,0;54,1;89,7;38,9;100,0;52,7;7,4;2,9;;;0,0;0;0,0;0,3;0;0,307;15,5;34,3;930;1830;980;1030;-4,8;;;;0,0;0;0,0;;;;0,0;1,93;6,8;Latossolo vermelho;Microbacia sem nome;Bacia do Rio Cuiabá;Bacia do Rio Cuiabá;98,6;0;Sentinel-2 de 23/08/2026, pixels de 10 m;Landsat de 13/08/2026, pixels de 30 m
510300705000028;Chapada dos Guimarães;Urbana;;Chapada dos Guimarães;;0,364;289;793,8;114;2,5;25,6;12,1;55,4;53,3;;100,0;100,0;;52,6;100,0;0,0;4912,97;3500,0;1,7;56,4;84,8;42,9;100,0;56,7;1,0;0,0;;;0,0;0;0,5;22,2;1;0,283;11,9;34,6;990;1620;1090;980;-4,5;;;;0,0;0;0,0;;;;0,5;1,9;0,0;Latossolo vermelho;Quineira;Bacia do Rio Cuiabá;Bacia do Rio Quilombo;149,9;0;Sentinel-2 de 23/08/2026, pixels de 10 m;Landsat de 13/08/2026, pixels de 30 m
510300705000029;Chapada dos Guimarães;Urbana;;Chapada dos Guimarães;;0,327;204;624,3;86;2,4;28,4;9,8;56,9;63,7;0,0;100,0;100,0;5,8;72,1;98,8;0,0;3925,84;2300,0;;81,9;90,7;49,0;100,0;79,9;79,9;0,0;;;1,4;3;0,0;0,0;0;0,539;59,1;31,9;710;1330;740;400;-7,2;;;;0,0;0;0,0;;;;50,1;2,25;59,9;Neossolo quartzarênico;Córrego Lebrinha;Bacia do Rio Cuiabá;Bacia do Rio Quilombo;947,3;0;Sentinel-2 de 23/08/2026, pixels de 10 m;Landsat de 13/08/2026, pixels de 30 m
510300705000030;Chapada dos Guimarães;Urbana;;Chapada dos Guimarães;;0,199;443;2224,0;173;2,6;21,9;10,6;53,3;72,2;0,0;99,4;98,8;4,0;70,5;99,4;;4380,78;3500,0;2,8;100,0;90,9;34,2;98,4;95,7;90,9;0,5;;;0,0;0;0,0;0,0;0;0,274;11,5;35,8;1350;1670;40;130;-3,3;;;;0,0;0;0,0;;;;6,4;2,31;93,6;Neossolo quartzarênico;Afluente s/n do Cachoeirinha;Bacia do Rio Cuiabá;Bacia do Rio Quilombo;51,7;0;Sentinel-2 de 23/08/2026, pixels de 10 m;Landsat de 13/08/2026, pixels de 30 m
510300705000031;Chapada dos Guimarães;Urbana;;Chapada dos Guimarães;;0,316;1190;3768,4;382;3,1;7,2;18,7;49,1;83,7;0,9;100,0;94,2;1,6;34,8;99,7;0,0;2043,85;1500,0;7,8;40,6;59,4;8,0;96,1;3,9;14,1;0,0;;;0,0;0;0,0;11,1;0;0,206;1,3;35,0;160;1600;730;880;-4,1;;;;0,0;0;0,0;;;;4,8;2,29;95,2;Plintossolo pétrico;;Bacia do Rio Cuiabá;Bacia do Rio Quilombo;3,5;0;Sentinel-2 de 23/08/2026, pixels de 10 m;Landsat de 13/08/2026, pixels de 30 m
510300705000032;Chapada dos Guimarães;Rural;;Chapada dos Guimarães;;1,747;276;158,0;99;2,8;21,0;15,9;53,6;80,8;;93,9;82,8;93,9;3,0;89,9;;1672,76;1200,0;15,3;;;;;;;;;;;;;;;0,402;31,0;36,8;12810;42810;80;37520;-2,3;;;;0,0;0;0,0;;;;26,3;2,17;8,9;Neossolo quartzarênico;;Bacia do Rio Cuiabá;Bacia do Rio Quilombo;1962,2;0;Sentinel-2 de 23/08/2026, pixels de 40 m;Landsat de 13/08/2026, amostra de 120 m
510300705000033;Chapada dos Guimarães;Rural;;Chapada dos Guimarães;;1,51;155;102,6;55;2,8;29,7;13,5;50,3;88,4;3,9;16,4;85,5;0,0;80,0;5,5;;1939,79;1212,0;18,3;;;;;;;;;;;;;;;0,551;70,5;33,1;24370;26330;20670;21700;-6,0;;;;0,0;0;13,9;;;;81,4;2,09;15,1;Neossolo quartzarênico;;Bacia do Rio Cuiabá;Bacia do Rio Quilombo;6868,1;0;Sentinel-2 de 23/08/2026, pixels de 40 m;Landsat de 13/08/2026, amostra de 120 m
510300705000035;Chapada dos Guimarães;Rural;;Chapada dos Guimarães;;21,426;4;0,2;3;1,3;;;;;;;;;;;;;;;;;;;;;;;;;;;;;0,554;73,5;33,6;7710;11830;10640;3830;-5,5;;;;0,0;0;2,6;;;;99,0;1,85;0,5;Argissolo vermelho-amarelo;;Bacia do Rio Cuiabá;Bacia do Rio Cuiabá;;0;Sentinel-2 de 23/08/2026, pixels de 40 m;Landsat de 13/08/2026, amostra de 120 m
510300705000036;Chapada dos Guimarães;Rural;;Chapada dos Guimarães;;367,996;100;0,3;42;2,4;22,0;4,0;44,0;84,0;0,0;0,0;97,6;0,0;0,0;0,0;;2698,43;2100,0;22,1;;;;;;;;;;;;;;;0,465;48,9;36,8;22130;72610;50770;72330;-2,3;;;;0,0;0;0,6;;;;61,5;2,07;14,9;Cambissolo háplico;;Bacia do Rio Cuiabá;Bacia do Rio Cuiabá;1799500,4;0;Sentinel-2 de 23/08/2026, pixels de 40 m;Landsat de 13/08/2026, amostra de 120 m
510300705000037;Chapada dos Guimarães;Rural;;Chapada dos Guimarães;;434,112;67;0,2;28;2,4;17,9;10,4;46,3;97,0;0,0;0,0;89,3;0,0;0,0;0,0;0,0;3711,57;1900,0;38,6;;;;;;;;;;;;;;;0,528;68,6;35,9;8620;65810;30830;61050;-3,2;;;;1,5;1;2,7;;;;81,9;2,12;22,1;Neossolo quartzarênico;;Bacia do Rio Cuiabá;Bacia do Rio Cuiabá;4444788,5;0;Sentinel-2 de 23/08/2026, pixels de 40 m;Landsat de 13/08/2026, amostra de 120 m
510300705000038;Chapada dos Guimarães;Rural;;Chapada dos Guimarães;;40,326;66;1,6;22;3,0;9,1;19,7;45,5;65,2;0,0;22,7;95,5;100,0;0,0;50,0;0,0;5536,27;2400,0;6,1;;;;;;;;;;;;;;;0,717;90,2;29,7;4690;6830;5620;4930;-9,4;;;;0,0;0;2,1;;;;84,6;2,09;11,3;Plintossolo pétrico;;Bacia do Rio Cuiabá;Bacia do Rio Cuiabá;551122,0;0;Sentinel-2 de 23/08/2026, pixels de 40 m;Landsat de 13/08/2026, amostra de 120 m
510300705000041;Chapada dos Guimarães;Urbana;;Chapada dos Guimarães;;3,304;75;22,7;35;2,1;33,3;4,0;50,7;54,7;0,0;60,0;100,0;0,0;42,9;100,0;0,0;9816,91;4750,0;5,8;52,0;72,0;44,0;97,3;29,3;10,7;0,0;;;1,1;1;29,0;35,7;22;0,645;75,5;30,0;1830;2420;1920;1710;-9,1;;;;0,0;0;0,0;;;;76,8;1,99;5,5;Latossolo vermelho;Afluente s/n do Córrego das Pedras;Bacia do Rio Cuiabá;Bacia do Rio Ariçá-Açu;33260,3;0;Sentinel-2 de 23/08/2026, pixels de 10 m;Landsat de 13/08/2026, pixels de 30 m
510300705000042;Chapada dos Guimarães;Urbana;;Chapada dos Guimarães;;4,559;48;10,5;22;2,2;41,7;8,3;43,8;62,5;6,2;50,0;95,5;0,0;0,0;63,6;0,0;3103,16;2000,0;;100,0;100,0;100,0;100,0;0,0;83,3;0,0;;;7,6;4;1,7;4,0;1;0,598;70,6;32,1;1850;4660;3530;2320;-7,0;;;;0,0;0;0,0;;;;78,0;2,05;17,5;Latossolo vermelho;Microbacia sem nome;Bacia do Rio Cuiabá;Bacia do Rio Cuiabá;;0;Sentinel-2 de 23/08/2026, pixels de 10 m;Landsat de 13/08/2026, pixels de 30 m
510300705000043;Chapada dos Guimarães;Urbana;;Chapada dos Guimarães;;0,737;497;674,5;187;2,7;18,9;14,1;51,9;78,3;0,0;99,5;90,4;1,6;81,8;100,0;0,0;2731,95;1550,0;9,8;1,0;84,5;34,8;88,9;0,0;0,6;0,0;;;0,0;0;0,0;0,4;0;0,284;12,9;36,8;1830;4890;3770;2190;-2,3;;;;0,0;0;0,0;;;;4,9;2,17;15,3;Neossolo quartzarênico;Afluente s/n do Cachoeirinha;Bacia do Rio Cuiabá;Bacia do Rio Cuiabá;191,3;0;Sentinel-2 de 23/08/2026, pixels de 10 m;Landsat de 13/08/2026, pixels de 30 m
510300705000044;Chapada dos Guimarães;Urbana;;Chapada dos Guimarães;;0,988;478;483,6;184;2,6;16,9;17,2;47,1;74,9;1,7;100,0;99,5;0,0;94,6;99,5;0,0;3141,69;1656,0;7,5;45,4;87,9;36,2;100,0;31,2;3,8;0,0;;;6,9;33;8,1;29,1;39;0,514;59,4;33,7;290;3210;1950;370;-5,4;;;;0,0;0;0,0;;;;56,8;2,17;21,4;Plintossolo pétrico;Afluente s/n do Cachoeirinha;Bacia do Rio Cuiabá;Bacia do Rio Quilombo;1227,8;0;Sentinel-2 de 23/08/2026, pixels de 10 m;Landsat de 13/08/2026, pixels de 30 m
510300705000045;Chapada dos Guimarães;Urbana;;Chapada dos Guimarães;;2,508;58;23,1;25;2,3;13,8;8,6;43,1;75,9;0,0;92,0;96,0;;0,0;100,0;0,0;4363,44;2600,0;0;;;;;;;;;;11,5;7;3,1;10,3;2;0,658;78,0;31,7;1190;2650;1060;690;-7,4;;;;0,0;0;0,0;;;;74,3;2,27;35,3;Neossolo quartzarênico;Afluente s/n do Cachoeirinha;Bacia do Rio Cuiabá;Bacia do Rio Quilombo;33728,3;0;Sentinel-2 de 23/08/2026, pixels de 10 m;Landsat de 13/08/2026, pixels de 30 m
510300705000046;Chapada dos Guimarães;Urbana;;Chapada dos Guimarães;;3,719;77;20,7;26;2,5;22,1;6,5;59,7;66,2;3,9;92,3;100,0;0,0;11,5;100,0;0,0;3298,0;1950,0;4,7;;;;;;;;;;3,9;3;0,9;4,1;1;0,41;33,0;35,3;1440;1490;1300;1260;-3,8;;;;0,0;0;0,0;;;;50,8;2,27;61,8;Neossolo quartzarênico;Quineira;Bacia do Rio Cuiabá;Bacia do Rio Quilombo;15938,6;0;Sentinel-2 de 23/08/2026, pixels de 10 m;Landsat de 13/08/2026, pixels de 30 m
510300705000047;Chapada dos Guimarães;Urbana;;Chapada dos Guimarães;;0,209;1092;5221,9;330;3,3;6,6;20,7;49,7;84,4;;100,0;93,0;2,1;1,2;99,4;;1719,19;1500,0;8,3;38,2;71,3;28,4;93,6;38,2;33,0;1,9;;;0,0;0;0,0;0,0;0;0,201;2,7;35,7;1520;1510;1510;1270;-3,4;;;;0,0;0;0,0;;;;0,0;2,31;100,0;Neossolo quartzarênico;Quineira;Bacia do Rio Cuiabá;Bacia do Rio Quilombo;5,2;0;Sentinel-2 de 23/08/2026, pixels de 10 m;Landsat de 13/08/2026, pixels de 30 m
510300705000048;Chapada dos Guimarães;Urbana;;Chapada dos Guimarães;;0,239;494;2063,3;145;3,3;10,9;17,2;53,6;88,3;;100,0;97,9;9,7;84,8;100,0;0,0;1811,41;1212,0;9,5;100,0;86,7;10,8;93,4;97,7;62,7;0,0;;;0,0;0;0,0;0,0;0;0,429;34,4;33,6;430;1350;260;940;-5,5;;;;0,0;0;0,0;;;;48,3;2,21;51,7;Plintossolo pétrico;;Bacia do Rio Cuiabá;Bacia do Rio Quilombo;166,4;0;Sentinel-2 de 23/08/2026, pixels de 10 m;Landsat de 13/08/2026, pixels de 30 m
510300705000049;Chapada dos Guimarães;Urbana;;Chapada dos Guimarães;;0,134;766;5695,5;278;2,7;16,1;15,7;53,0;76,9;;100,0;99,3;0,0;98,6;100,0;0,0;2621,12;1500,0;6,5;100,0;63,3;7,2;100,0;94,3;5,8;0,0;;;0,0;0;0,0;0,0;0;0,258;7,4;35,2;570;880;300;420;-3,9;;;;0,0;0;0,0;;;;0,0;2,3;100,0;Plintossolo pétrico;;Bacia do Rio Cuiabá;Bacia do Rio Quilombo;12,9;0;Sentinel-2 de 23/08/2026, pixels de 10 m;Landsat de 13/08/2026, pixels de 30 m
510300705000050;Chapada dos Guimarães;Urbana;;Chapada dos Guimarães;;0,132;135;1021,9;48;2,8;20,0;16,3;54,1;58,5;;97,9;97,9;83,3;0,0;97,9;0,0;10351,08;7000,0;;61,5;94,1;76,3;100,0;61,5;0,0;0,0;;;0,0;0;0,0;0,7;0;0,283;10,7;34,3;370;1200;670;350;-4,8;;;;0,0;0;0,0;;;;0,0;2,3;100,0;Plintossolo pétrico;;Bacia do Rio Cuiabá;Bacia do Rio Quilombo;104,6;0;Sentinel-2 de 23/08/2026, pixels de 10 m;Landsat de 13/08/2026, pixels de 30 m
510300705000051;Chapada dos Guimarães;Rural;;Chapada dos Guimarães;;417,241;319;0,8;125;2,6;21,6;11,9;46,4;78,1;0,0;12,0;97,6;0,0;90,4;3,2;2,4;2100,59;1212,0;18,5;;;;;;;;;;;;;;;0,44;45,0;36,1;35740;81900;39040;73770;-3,0;;;;12,1;39;12,7;;;;62,8;1,98;4,9;Cambissolo háplico;;Bacia do Rio Cuiabá;Bacia do Rio Cuiabá;588584,5;0;Sentinel-2 de 23/08/2026, pixels de 40 m;Landsat de 13/08/2026, amostra de 120 m
510300705000052;Chapada dos Guimarães;Rural;;Chapada dos Guimarães;;0,59;193;327,2;68;2,8;15,0;17,6;44,6;73,6;0,0;48,5;98,5;0,0;79,4;10,3;0,0;2227,1;1212,0;15,3;;;;;;;;;;;;;;;0,293;6,8;38,2;26400;73490;32720;64490;-0,9;;;;0,0;0;0,0;;;;25,9;2,05;0,0;Cambissolo háplico;;Bacia do Rio Cuiabá;Bacia do Rio Cuiabá;207,9;0;Sentinel-2 de 23/08/2026, pixels de 40 m;Landsat de 13/08/2026, amostra de 120 m
510300705000053;Chapada dos Guimarães;Rural;;Chapada dos Guimarães;;24,243;6;0,2;3;2,0;;;;;;;;;;;;;;;;;;;;;;;;;;;;;0,5;56,5;35,2;22970;23280;22510;18140;-3,9;;;;0,0;0;3,6;;;;54,4;2,22;52,3;Neossolo quartzarênico;;Bacia do Rio Cuiabá;Bacia do Rio Quilombo;;0;Sentinel-2 de 23/08/2026, pixels de 40 m;Landsat de 13/08/2026, amostra de 120 m
510300705000054;Chapada dos Guimarães;Rural;;Chapada dos Guimarães;;0,321;57;177,5;21;2,7;15,8;21,1;40,4;94,7;0,0;0,0;81,0;0,0;61,9;0,0;19,0;1122,94;1212,0;20,9;;;;;;;;;;;;;;;0,466;45,0;34,8;23180;23250;22650;18000;-4,3;;;;0,0;0;40,6;;;;47,8;2,17;52,2;Neossolo quartzarênico;;Bacia do Rio Cuiabá;Bacia do Rio Quilombo;2534,2;0;Sentinel-2 de 23/08/2026, pixels de 40 m;Landsat de 13/08/2026, amostra de 120 m
510300705000055;Chapada dos Guimarães;Rural;;Chapada dos Guimarães;;158,426;134;0,8;51;2,6;14,9;17,2;38,1;90,3;0,0;0,0;82,4;0,0;98,0;21,6;13,7;2661,88;1500,0;19,4;;;;;;;;;;;;;;;0,514;61,6;34,1;15250;55080;27390;48790;-5,0;;;;7,6;10;9,0;;;;72,6;2,01;8,5;Cambissolo háplico;;Bacia do Rio Cuiabá;Bacia do Rio Cuiabá;728286,7;0;Sentinel-2 de 23/08/2026, pixels de 40 m;Landsat de 13/08/2026, amostra de 120 m
510300705000056;Chapada dos Guimarães;Urbana;;Chapada dos Guimarães;;2,717;3;1,1;1;3,0;;;;;;;;;;;;;;;;;;;;;;;;10,5;0;1,2;5,4;0;0,463;45,6;36,2;8980;53840;20620;45390;-2,9;;;;0,9;0;2,1;;;;22,6;2,23;53,5;Neossolo quartzarênico;;Bacia do Rio Cuiabá;Bacia do Rio Cuiabá;;0;Sentinel-2 de 23/08/2026, pixels de 10 m;Landsat de 13/08/2026, pixels de 30 m
510300705000057;Chapada dos Guimarães;Rural;;Chapada dos Guimarães;;50,828;78;1,5;40;2,0;37,2;6,4;33,3;64,1;0,0;27,5;82,5;0,0;100,0;32,5;10,0;1811,28;1212,0;;;;;;;;;;;;;;;;0,477;68,3;35,4;5660;9620;8160;2710;-3,7;;;;0,0;0;0,1;;;;74,2;1,81;1,7;Latossolo vermelho-amarelo;;Bacia do Rio Cuiabá;Bacia do Rio Cuiabá;445070,8;0;Sentinel-2 de 23/08/2026, pixels de 40 m;Landsat de 13/08/2026, amostra de 120 m
510300705000058;Chapada dos Guimarães;Rural;;Chapada dos Guimarães;;44,977;117;2,6;47;2,5;9,4;19,7;46,2;81,2;0,0;14,9;95,7;0,0;66,0;44,7;0,0;1866,27;1212,0;;;;;;;;;;;;;;;;0,474;59,6;36,8;8800;8910;7780;4490;-2,3;;;;0,0;0;1,2;;;;84,2;2,14;23,2;Neossolo quartzarênico;;Bacia do Rio Cuiabá;Bacia do Rio Quilombo;229113,6;0;Sentinel-2 de 23/08/2026, pixels de 40 m;Landsat de 13/08/2026, amostra de 120 m
510300705000059;Chapada dos Guimarães;Rural;;Chapada dos Guimarães;;37,55;121;3,2;44;2,8;16,5;16,5;47,1;71,1;0,0;;93,2;0,0;90,9;45,5;;1904,82;1212,0;0;;;;;;;;;;;;;;;0,493;77,7;35,6;6530;8790;7080;6310;-3,5;;;;0,0;0;0,0;;;;84,4;2,12;14,5;Neossolo quartzarênico;;Bacia do Rio Cuiabá;Bacia do Rio Quilombo;241126,9;0;Sentinel-2 de 23/08/2026, pixels de 40 m;Landsat de 13/08/2026, amostra de 120 m
510300705000060;Chapada dos Guimarães;Urbana;;Chapada dos Guimarães;;0,208;100;481,9;30;3,3;8,0;25,0;50,0;71,0;0,0;93,3;96,7;0,0;96,7;90,0;0,0;1878,33;1256,0;;;;;;;;;;;0,0;0;0,0;0,0;0;0,378;32,0;35,0;2480;3220;1580;1720;-4,1;;;;0,0;0;0,0;;;;41,2;2,25;59,9;Plintossolo pétrico;Afluente s/n do Cachoeirinha;Bacia do Rio Cuiabá;Bacia do Rio Quilombo;665,6;0;Sentinel-2 de 23/08/2026, pixels de 10 m;Landsat de 13/08/2026, pixels de 30 m
510300710000001;Chapada dos Guimarães;Urbana;;Água Fria;;2,312;365;157,9;145;2,5;25,2;12,1;50,7;86,0;;12,4;98,6;4,1;4,1;93,8;;2127,66;1212,0;16,2;;;;;;;;;;7,2;26;6,3;17,5;23;0,544;60,4;33,9;17780;31180;14960;22660;-5,2;;;;0,0;0;11,3;;;;58,3;2,16;41,5;Neossolo quartzarênico;Córrego Água Fria;Bacia do Rio Cuiabá;Bacia do Rio Quilombo;3825,9;0;Sentinel-2 de 23/08/2026, pixels de 10 m;Landsat de 13/08/2026, pixels de 30 m
510300710000002;Chapada dos Guimarães;Rural;;Água Fria;;144,813;212;1,5;87;2,4;27,8;12,3;44,3;90,6;0,0;0,0;95,4;0,0;98,9;9,2;;1706,94;1212,0;16,1;;;;;;;;;;;;;;;0,54;67,9;35,3;17130;28680;19480;18250;-3,8;;;;0,6;1;1,8;;;;63,8;2,14;32,4;Neossolo quartzarênico;;Bacia do Rio Cuiabá;Bacia do Rio Quilombo;463811,4;0;Sentinel-2 de 23/08/2026, pixels de 40 m;Landsat de 13/08/2026, amostra de 120 m
510300710000003;Chapada dos Guimarães;Rural;;Água Fria;;65,29;6;0,1;1;6,0;;;;;;;;;;;;;;;;;;;;;;;;;;;;;0,563;89,8;34,5;12770;20650;24190;9550;-4,6;;;;0,0;0;0,0;;;;95,6;1,91;3,0;Neossolo quartzarênico;;Bacia do Rio Cuiabá;Bacia do Rio Quilombo;;0;Sentinel-2 de 23/08/2026, pixels de 40 m;Landsat de 13/08/2026, amostra de 120 m
510300710000004;Chapada dos Guimarães;Rural;;Água Fria;;138,061;289;2,1;126;2,3;29,1;9,7;42,6;89,6;0,0;0,0;92,1;0,0;100,0;5,6;5,6;1472,84;1212,0;23,0;;;;;;;;;;;;;;;0,546;67,8;35,1;17560;31610;21570;21260;-4,0;;;;0,0;0;1,6;;;;66,1;2,12;30,0;Neossolo quartzarênico;;Bacia do Rio Cuiabá;Bacia do Rio Quilombo;323894,0;0;Sentinel-2 de 23/08/2026, pixels de 40 m;Landsat de 13/08/2026, amostra de 120 m
510300710000005;Chapada dos Guimarães;Rural;;Água Fria;;89,002;255;2,9;94;2,7;24,3;12,9;42,4;94,5;0,0;0,0;93,6;0,0;97,9;5,3;4,3;1695,85;1212,0;22,4;;;;;;;;;;;;;;;0,542;65,5;33,9;11100;38200;8740;29820;-5,2;;;;8,7;22;9,6;;;;71,6;2,13;28,5;Neossolo quartzarênico;;Bacia do Rio Cuiabá;Bacia do Rio Quilombo;228613,0;0;Sentinel-2 de 23/08/2026, pixels de 40 m;Landsat de 13/08/2026, amostra de 120 m
510300710000006;Chapada dos Guimarães;Rural;;Água Fria;;395,394;421;1,1;151;2,8;17,6;12,6;43,0;90,5;0,7;0,0;92,7;9,9;88,1;13,9;5,3;1694,07;1246,0;22,3;;;;;;;;;;;;;;;0,519;68,1;35,3;13340;45060;25820;39550;-3,8;;;;8,3;35;8,9;;;;76,3;2,06;16,3;Neossolo quartzarênico;;Bacia do Rio Cuiabá;Bacia do Rio Cuiabá;639580,3;0;Sentinel-2 de 23/08/2026, pixels de 40 m;Landsat de 13/08/2026, amostra de 120 m
510300710000008;Chapada dos Guimarães;Rural;;Água Fria;;94,04;165;1,8;67;2,5;29,7;8,5;41,8;80,0;0,0;0,0;94,0;0,0;97,0;0,0;;1796,45;1212,0;19,7;;;;;;;;;;;;;;;0,553;71,6;35,1;26870;33150;27500;27330;-4,0;;;;0,0;0;0,5;;;;61,4;2,04;19,3;Cambissolo háplico;;Bacia do Rio Cuiabá;Bacia do Rio Cuiabá;408076,6;0;Sentinel-2 de 23/08/2026, pixels de 40 m;Landsat de 13/08/2026, amostra de 120 m
510300710000009;Chapada dos Guimarães;Rural;;Água Fria;;161,294;48;0,3;19;2,5;27,1;;33,3;89,6;0,0;0,0;94,7;0,0;94,7;0,0;;1485,78;1212,0;34,1;;;;;;;;;;;;;;;0,524;58,7;34,5;20640;35700;26370;25160;-4,6;;;;0,0;0;0,0;;;;73,6;1,99;1,4;Cambissolo háplico;;Bacia do Rio Cuiabá;Bacia do Rio Cuiabá;;0;Sentinel-2 de 23/08/2026, pixels de 40 m;Landsat de 13/08/2026, amostra de 120 m
510300710000010;Chapada dos Guimarães;Rural;;Água Fria;;93,481;168;1,8;61;2,8;21,4;8,3;42,9;92,9;0,0;0,0;96,7;0,0;98,4;4,9;;1652,39;1212,0;13,7;;;;;;;;;;;;;;;0,529;66,1;34,4;7570;41380;14830;30820;-4,7;;;;11,8;20;13,5;;;;69,6;2,13;30,1;Neossolo quartzarênico;;Bacia do Rio Cuiabá;Bacia do Rio Quilombo;367803,2;0;Sentinel-2 de 23/08/2026, pixels de 40 m;Landsat de 13/08/2026, amostra de 120 m
510300710000011;Chapada dos Guimarães;Urbana;;Água Fria;;2,374;38;16,0;13;2,9;;13,2;52,6;73,7;0,0;0,0;92,3;0,0;100,0;0,0;0,0;1520,0;1300,0;17,2;;;;;;;;;;9,3;4;79,2;80,7;30;0,401;45,8;28,6;1870;48040;10880;37970;-10,5;;;;78,7;30;78,9;;;;70,3;2,17;29,2;Corpo d'água continental;;Bacia do Rio Cuiabá;Bacia do Rio Quilombo;;0;Sentinel-2 de 23/08/2026, pixels de 10 m;Landsat de 13/08/2026, pixels de 30 m
510300720000001;Chapada dos Guimarães;Urbana;;Rio da Casca;;2,237;131;58,6;52;2,5;29,8;12,2;48,1;84,0;;26,9;100,0;7,7;84,6;11,5;0,0;2079,84;1500,0;24,1;;;;;;;;;;2,0;3;3,4;5,7;4;0,471;43,7;35,8;25350;32490;25240;25240;-3,3;;;;0,0;0;0,9;;;;39,7;2,24;59,4;Neossolo quartzarênico;;Bacia do Rio Cuiabá;Bacia do Rio da Casca;7462,4;0;Sentinel-2 de 23/08/2026, pixels de 10 m;Landsat de 13/08/2026, pixels de 30 m
510300720000002;Chapada dos Guimarães;Rural;;Rio da Casca;;237,2;202;0,9;76;2,7;16,8;13,4;48,0;78,7;0,0;0,0;98,7;0,0;97,4;10,5;0,0;2787,99;2050,0;16,1;;;;;;;;;;;;;;;0,402;34,1;37,7;17700;28710;16980;17000;-1,4;;;;0,0;0;1,0;;;;33,0;2,06;24,9;Latossolo vermelho;;Bacia do Rio Cuiabá;Bacia do Rio da Casca;400421,8;0;Sentinel-2 de 23/08/2026, pixels de 40 m;Landsat de 13/08/2026, amostra de 120 m
510300720000004;Chapada dos Guimarães;Rural;;Rio da Casca;;250,633;230;0,9;79;2,9;23,5;14,3;46,1;80,0;0,0;0,0;98,7;0,0;98,7;0,0;;1980,59;1212,0;15,1;;;;;;;;;;;;;;;0,473;53,0;36,7;6550;43690;44830;43540;-2,4;;;;0,0;0;1,3;;;;72,4;2,15;21,4;Neossolo quartzarênico;;Bacia do Rio Cuiabá;Bacia do Rio Cuiabá;577545,6;0;Sentinel-2 de 23/08/2026, pixels de 40 m;Landsat de 13/08/2026, amostra de 120 m
510300720000005;Chapada dos Guimarães;Rural;;Rio da Casca;;138,093;43;0,3;16;2,7;27,9;0,0;44,2;72,1;0,0;0,0;100,0;0,0;100,0;;0,0;2180,8;1500,0;15,4;;;;;;;;;;;;;;;0,449;44,0;36,1;15410;27600;15280;15310;-3,0;;;;0,0;0;0,3;;;;47,2;1,85;3,6;Latossolo vermelho;;Bacia do Rio Cuiabá;Bacia do Rio Ariçá-Açu;;0;Sentinel-2 de 23/08/2026, pixels de 40 m;Landsat de 13/08/2026, amostra de 120 m
510300720000006;Chapada dos Guimarães;Rural;;Rio da Casca;;186,333;115;0,6;45;2,6;21,7;13,9;42,6;92,2;0,0;0,0;97,8;0,0;97,8;;;2340,8;1600,0;23,3;;;;;;;;;;;;;;;0,54;57,6;35,8;6700;46020;24740;40960;-3,3;;;;0,8;1;3,3;;;;57,6;2,18;41,1;Neossolo quartzarênico;;Bacia do Rio Cuiabá;Bacia do Rio da Casca;933285,3;0;Sentinel-2 de 23/08/2026, pixels de 40 m;Landsat de 13/08/2026, amostra de 120 m
510300720000007;Chapada dos Guimarães;Rural;;Rio da Casca;;145,623;237;1,6;89;2,7;22,4;10,1;43,5;86,1;0,0;0,0;97,8;0,0;98,9;0,0;3,4;1664,0;1212,0;18,4;;;;;;;;;;;;;;;0,569;72,7;35,0;8360;42580;35490;41700;-4,1;;;;0,0;0;3,8;;;;79,1;2,14;23,4;Neossolo quartzarênico;;Bacia do Rio Cuiabá;Bacia do Rio Jangada (MT) 1;446700,1;0;Sentinel-2 de 23/08/2026, pixels de 40 m;Landsat de 13/08/2026, amostra de 120 m
510300720000008;Chapada dos Guimarães;Rural;;Rio da Casca;;282,847;101;0,4;37;2,7;17,8;17,8;43,6;66,3;0,0;0,0;97,3;0,0;94,6;8,1;;1992,24;1500,0;7,7;;;;;;;;;;;;;;;0,5;60,2;36,3;14260;36150;31970;31950;-2,8;;;;0,0;0;1,2;;;;63,4;2,11;21,2;Neossolo quartzarênico;;Bacia do Rio Cuiabá;Bacia do Rio da Casca;1685880,1;0;Sentinel-2 de 23/08/2026, pixels de 40 m;Landsat de 13/08/2026, amostra de 120 m
510300720000011;Chapada dos Guimarães;Rural;;Rio da Casca;;100,492;65;0,6;27;2,4;30,8;4,6;44,6;87,7;0,0;0,0;100,0;0,0;96,3;0,0;;1840,77;1306,0;15,5;;;;;;;;;;;;;;;0,458;44,4;37,2;20030;27720;20490;20480;-1,9;;;;0,0;0;2,5;;;;43,5;2,22;55,9;Neossolo quartzarênico;;Bacia do Rio Cuiabá;Bacia do Rio da Casca;686437,7;0;Sentinel-2 de 23/08/2026, pixels de 40 m;Landsat de 13/08/2026, amostra de 120 m
510300720000012;Chapada dos Guimarães;Rural;;Rio da Casca;;141,233;171;1,2;64;2,7;22,8;9,9;44,4;66,7;0,0;0,0;100,0;0,0;100,0;18,8;0,0;3988,45;2360,0;11,0;;;;;;;;;;;;;;;0,442;42,5;36,5;16170;20880;15220;15200;-2,6;;;;0,0;0;0,1;;;;39,7;2,12;37,4;Latossolo vermelho-amarelo;;Bacia do Rio Cuiabá;Bacia do Rio da Casca;351017,7;0;Sentinel-2 de 23/08/2026, pixels de 40 m;Landsat de 13/08/2026, amostra de 120 m
510300720000013;Chapada dos Guimarães;Rural;;Rio da Casca;;0,148;60;404,2;23;2,6;21,7;;46,7;85,0;0,0;39,1;95,7;0,0;100,0;87,0;0,0;2024,35;1212,0;26,4;;;;;;;;;;;;;;;0,512;62,1;36,1;18500;26220;17540;17520;-3,0;;;;0,0;0;0,0;;;;51,3;2,28;48,7;Neossolo quartzarênico;;Bacia do Rio Cuiabá;Bacia do Rio da Casca;1531,8;0;Sentinel-2 de 23/08/2026, pixels de 40 m;Landsat de 13/08/2026, amostra de 120 m
510610905000001;Nossa Senhora do Livramento;Urbana;;Nossa Senhora do Livramento;;0,689;872;1266,4;284;3,1;14,3;15,6;52,6;89,9;0,0;100,0;97,2;;1,8;100,0;0,0;2030,09;1212,0;10,9;77,8;64,9;10,9;94,3;76,8;17,9;1,6;;;1,2;10;0,0;0,0;0;0,419;42,8;37,5;620;740;340;550;-1,6;;;;;;;;;;65,8;2,03;1,8;Plintossolo pétrico;Afluente s/n do Córrego Ribeirão dos Cocais;Bacia do Rio Cuiabá;Bacia do Rio Cuiabá;338,2;0;Sentinel-2 de 23/08/2026, pixels de 10 m;Landsat de 13/08/2026, pixels de 30 m
510610905000002;Nossa Senhora do Livramento;Urbana;;Nossa Senhora do Livramento;;0,257;634;2466,0;222;2,9;13,2;13,4;52,8;83,3;;99,5;99,5;19,4;6,3;100,0;0,0;2214,43;1212,0;4,3;99,3;43,5;5,8;96,6;93,2;0,7;1,2;;;0,0;0;0,0;0,0;0;0,343;28,4;38,2;810;1080;1400;170;-0,9;;;;;;;;;;28,0;2,11;0,0;Plintossolo pétrico;Corrego Ribeirão dos Cocais;Bacia do Rio Cuiabá;Bacia do Rio Cuiabá;115,1;0;Sentinel-2 de 23/08/2026, pixels de 10 m;Landsat de 13/08/2026, pixels de 30 m
510610905000003;Nossa Senhora do Livramento;Urbana;;Nossa Senhora do Livramento;;0,224;618;2762,8;215;2,9;13,8;14,2;50,0;81,9;0,5;98,6;99,1;0,0;18,1;99,5;;2293,0;1250,0;9,3;97,9;44,8;1,9;77,8;75,6;18,9;0,0;;;0,0;0;0,0;0,0;0;0,293;15,9;39,4;490;400;1390;860;0,3;;;;;;;;;;22,9;2,13;2,2;Plintossolo pétrico;Afluente s/n do Córrego Ribeirão dos Cocais;Bacia do Rio Cuiabá;Bacia do Rio Cuiabá;57,6;0;Sentinel-2 de 23/08/2026, pixels de 10 m;Landsat de 13/08/2026, pixels de 30 m
510610905000004;Nossa Senhora do Livramento;Urbana;;Nossa Senhora do Livramento;;0,189;371;1962,9;133;2,8;22,9;14,0;52,8;86,3;0,0;99,2;97,7;0,0;0,0;97,7;0,0;2036,09;1212,0;8,8;89,2;71,4;29,2;80,0;90,0;58,6;0,8;;;0,0;0;0,0;0,0;0;0,361;30,9;38,2;280;190;870;620;-0,9;;;;;;;;;;23,7;2,12;0,0;Plintossolo pétrico;Córrego Ribeirão dos Cocais;Bacia do Rio Cuiabá;Bacia do Rio Cuiabá;157,4;0;Sentinel-2 de 23/08/2026, pixels de 10 m;Landsat de 13/08/2026, pixels de 30 m
510610905000005;Nossa Senhora do Livramento;Rural;;Nossa Senhora do Livramento;;85,781;211;2,5;84;2,5;22,7;13,7;43,6;89,1;0,0;0,0;88,1;0,0;54,8;7,1;;1663,35;1300,0;11,8;;;;;;;;;;;;;;;0,439;38,9;38,3;17090;17370;10020;16360;-0,8;;;;;;;;;;57,9;1,72;3,3;Latossolo vermelho-amarelo;;Bacia do Rio Paraguaizinho;Bacia do Rio Bento Gomes;158146,0;0;Sentinel-2 de 23/08/2026, pixels de 40 m;Landsat de 13/08/2026, amostra de 120 m
510610905000006;Nossa Senhora do Livramento;Rural;;Nossa Senhora do Livramento;;79,913;137;1,7;55;2,5;33,6;11,7;45,3;87,6;0,0;0,0;87,3;0,0;49,1;;;2344,44;1550,0;13,2;;;;;;;;;;;;;;;0,439;43,3;37,2;5730;5860;6580;5150;-1,9;;;;;;;;;;69,3;2,03;8,0;Plintossolo pétrico;;Bacia do Rio Cuiabá;Bacia do Rio Cuiabá;252571,7;0;Sentinel-2 de 23/08/2026, pixels de 40 m;Landsat de 13/08/2026, amostra de 120 m
510610905000008;Nossa Senhora do Livramento;Rural;;Nossa Senhora do Livramento;;174,036;179;1,0;62;2,9;30,7;8,4;43,6;75,4;;0,0;93,5;0,0;91,9;17,7;6,5;1981,9;1212,0;12,0;;;;;;;;;;;;;;;0,398;29,8;38,4;15660;15680;16700;15340;-0,7;;;;;;;;;;67,4;1,9;0,2;Plintossolo pétrico;;Bacia do Rio Cuiabá;Bacia do Rio Cuiabá;289735,9;0;Sentinel-2 de 23/08/2026, pixels de 40 m;Landsat de 13/08/2026, amostra de 120 m
510610905000009;Nossa Senhora do Livramento;Rural;;Nossa Senhora do Livramento;;38,196;174;4,6;48;3,6;10,9;18,4;48,9;97,1;0,0;14,6;89,6;0,0;100,0;58,3;;2675,78;1212,0;8,6;;;;;;;;;;;;;;;0,34;27,1;37,4;10100;10060;11050;9970;-1,7;;;;;;;;;;41,6;1,7;0,0;Latossolo vermelho-amarelo;;Bacia do Rio Cuiabá;Bacia do Rio Cuiabá;59489,2;0;Sentinel-2 de 23/08/2026, pixels de 40 m;Landsat de 13/08/2026, amostra de 120 m
510610905000010;Nossa Senhora do Livramento;Rural;;Nossa Senhora do Livramento;;215,646;364;1,7;127;2,9;27,5;12,6;42,9;80,8;0,0;;84,3;0,0;0,0;53,5;2,4;1969,61;1212,0;12,1;;;;;;;;;;;;;;;0,421;38,4;38,7;8660;8840;6630;8110;-0,4;;;;;;;;;;49,3;2,07;3,2;Plintossolo pétrico;;Bacia do Rio Paraguaizinho;Bacia do Rio Bento Gomes;227494,7;0;Sentinel-2 de 23/08/2026, pixels de 40 m;Landsat de 13/08/2026, amostra de 120 m
510610905000011;Nossa Senhora do Livramento;Rural;;Nossa Senhora do Livramento;;104,689;240;2,3;87;2,8;22,9;14,2;42,9;88,3;0,0;0,0;94,3;0,0;65,5;8,0;;2408,28;1212,0;14,8;;;;;;;;;;;;;;;0,442;42,7;38,1;24880;25150;12520;24090;-1,0;;;;;;;;;;52,9;1,81;3,7;Latossolo vermelho-amarelo;;Bacia do Rio Paraguaizinho;Bacia do Rio Bento Gomes;186259,2;0;Sentinel-2 de 23/08/2026, pixels de 40 m;Landsat de 13/08/2026, amostra de 120 m
510610905000012;Nossa Senhora do Livramento;Urbana;;Nossa Senhora do Livramento;;0,326;431;1323,9;176;2,4;25,3;9,3;48,0;75,6;;90,9;97,7;1,7;0,0;100,0;0,0;2483,56;1400,0;5,2;100,0;84,7;49,9;86,3;100,0;15,8;8,6;;;0,0;0;0,0;0,0;0;0,267;14,4;39,2;390;630;1230;240;0,1;;;;;;;;;;2,7;2,16;1,6;Plintossolo pétrico;Afluente s/n do Córrego Ribeirão dos Cocais;Bacia do Rio Cuiabá;Bacia do Rio Cuiabá;108,9;0;Sentinel-2 de 23/08/2026, pixels de 10 m;Landsat de 13/08/2026, pixels de 30 m
510610905000013;Nossa Senhora do Livramento;Urbana;;Nossa Senhora do Livramento;;0,226;596;2636,4;198;3,0;20,5;15,8;51,3;77,9;0,5;100,0;100,0;16,7;39,4;99,5;;2350,48;1600,0;7,0;100,0;50,2;2,2;80,0;92,4;17,4;0,7;;;0,0;0;0,0;0,0;0;0,272;12,8;39,5;230;80;1070;650;0,4;;;;;;;;;;7,6;2,15;0,0;Plintossolo pétrico;Córrego Ribeirão dos Cocais;Bacia do Rio Cuiabá;Bacia do Rio Cuiabá;48,5;0;Sentinel-2 de 23/08/2026, pixels de 10 m;Landsat de 13/08/2026, pixels de 30 m
510610905000014;Nossa Senhora do Livramento;Rural;;Nossa Senhora do Livramento;;20,588;66;3,2;18;2,9;18,2;12,1;56,1;69,7;0,0;;100,0;0,0;66,7;44,4;0,0;1485,78;1300,0;6,1;0,0;100,0;100,0;100,0;100,0;0,0;0,0;;;;;;;;0,405;35,9;37,8;3300;3530;3880;2670;-1,3;;;;;;;;;;55,2;2,09;5,2;Plintossolo pétrico;;Bacia do Rio Cuiabá;Bacia do Rio Cuiabá;111986,2;0;Sentinel-2 de 23/08/2026, pixels de 40 m;Landsat de 13/08/2026, amostra de 120 m
510610905000015;Nossa Senhora do Livramento;Urbana;;Nossa Senhora do Livramento;;0,052;322;6214,2;100;3,2;6,5;23,3;50,0;86,0;;100,0;100,0;7,0;11,0;99,0;0,0;1645,31;1212,0;5,1;92,9;92,9;36,6;96,9;92,9;92,9;0,0;;;0,0;0;0,0;0,0;0;0,258;19,8;38,7;870;720;1250;1250;-0,4;;;;;;;;;;31,1;2,12;2,2;Plintossolo pétrico;Córrego Ribeirão dos Cocais;Bacia do Rio Cuiabá;Bacia do Rio Cuiabá;32,0;0;Sentinel-2 de 23/08/2026, pixels de 10 m;Landsat de 13/08/2026, pixels de 30 m
510610905000016;Nossa Senhora do Livramento;Rural;;Nossa Senhora do Livramento;;12,883;94;7,3;32;2,9;26,6;20,2;46,8;86,2;0,0;31,2;93,8;0,0;0,0;40,6;0,0;2259,4;1212,0;12,5;76,9;23,1;0,0;76,9;0,0;76,9;0,0;;;;;;;;0,389;29,9;38,7;1190;1060;1210;1500;-0,4;;;;;;;;;;44,9;2,03;1,1;Plintossolo pétrico;;Bacia do Rio Cuiabá;Bacia do Rio Cuiabá;40978,9;0;Sentinel-2 de 23/08/2026, pixels de 40 m;Landsat de 13/08/2026, amostra de 120 m
510610905000018;Nossa Senhora do Livramento;Rural;;Nossa Senhora do Livramento;;71,308;122;1,7;43;2,8;17,2;19,7;48,4;85,2;0,0;0,0;90,7;0,0;97,7;18,6;;2254,24;1212,0;17,8;;;;;;;;;;;;;;;0,386;28,3;38,4;9730;13900;9310;9020;-0,7;;;;;;;;;;57,1;1,89;1,0;Plintossolo pétrico;;Bacia do Rio Cuiabá;Bacia do Rio Cuiabá;165411,2;0;Sentinel-2 de 23/08/2026, pixels de 40 m;Landsat de 13/08/2026, amostra de 120 m
510610905000019;Nossa Senhora do Livramento;Rural;;Nossa Senhora do Livramento;;76,647;420;5,5;147;2,9;26,2;13,8;47,6;89,0;0,0;0,0;74,1;0,0;0,0;0,0;;1492,02;1212,0;12,7;;;;;;;;;;;;;;;0,407;32,1;38,9;10360;10640;3300;9580;-0,2;;;;;;;;;;63,5;2,07;5,6;Plintossolo pétrico;;Bacia do Rio Paraguaizinho;Bacia do Rio Bento Gomes;58580,2;0;Sentinel-2 de 23/08/2026, pixels de 40 m;Landsat de 13/08/2026, amostra de 120 m
510610905000020;Nossa Senhora do Livramento;Rural;;Nossa Senhora do Livramento;;71,192;468;6,6;167;2,8;24,8;13,2;48,3;89,7;;;79,0;0,0;0,0;1,8;2,4;1612,26;1300,0;12,1;;;;;;;;;;;;;;;0,399;27,9;39,0;16670;16930;4090;15890;-0,1;;;;;;;;;;62,7;2,06;1,8;Plintossolo pétrico;;Bacia do Rio Paraguaizinho;Bacia do Rio Bento Gomes;42441,4;0;Sentinel-2 de 23/08/2026, pixels de 40 m;Landsat de 13/08/2026, amostra de 120 m
510610905000021;Nossa Senhora do Livramento;Rural;;Nossa Senhora do Livramento;;116,514;312;2,7;131;2,4;24,7;11,2;46,5;81,1;0,0;4,6;86,3;2,3;14,5;7,6;3,8;2444,31;1212,0;17,5;;;;;;;;;;;;;;;0,429;37,0;37,6;20220;20410;20310;19610;-1,5;;;;;;;;;;63,7;1,97;2,5;Plintossolo pétrico;;Bacia do Rio Cuiabá;Bacia do Rio Cuiabá;138173,7;0;Sentinel-2 de 23/08/2026, pixels de 40 m;Landsat de 12 e 13/08/2026, amostra de 120 m
510610910000001;Nossa Senhora do Livramento;Urbana;;Pirizal;;0,732;264;360,8;92;2,9;17,4;12,1;48,1;86,4;0,0;;93,5;0,0;53,3;67,4;;1822,52;1212,0;16,0;;;;;;;;;;0,0;0;;;;0,42;40,2;38,8;51550;51710;40920;50990;-0,3;;;;;;;;;;11,6;2,32;88,4;Plintossolo argilúvico;;Bacia do Rio Paraguaizinho;Bacia do Rio Bento Gomes;1114,6;0;Sentinel-2 de 23/08/2026, pixels de 10 m;Landsat de 13/08/2026, pixels de 30 m
510610910000002;Nossa Senhora do Livramento;Rural;;Pirizal;;611,019;177;0,3;64;2,8;23,7;11,9;42,9;86,4;;17,2;98,4;0,0;82,8;20,3;0,0;2094,29;2000,0;21,4;;;;;;;;;;;;;;;0,406;29,6;38,6;36930;37500;32120;36750;-0,5;;;;;;;;;;59,7;2,2;29,3;Plintossolo argilúvico;;Bacia do Rio Paraguaizinho;Bacia do Rio Bento Gomes;1021817,1;0;Sentinel-2 de 23/08/2026, pixels de 40 m;Landsat de 13/08/2026, amostra de 120 m
510610910000003;Nossa Senhora do Livramento;Rural;;Pirizal;;574,885;72;0,1;22;2,6;11,1;9,7;30,6;81,9;;0,0;100,0;0,0;95,5;0,0;0,0;2613,91;1900,0;15,6;;;;;;;;;;;;;;;0,48;48,2;36,2;38020;43670;42410;42480;-2,9;;;;;;;;;;83,6;2,21;15,1;Plintossolo argilúvico;;Bacia do Rio Cuiabá;Bacia do Rio Piraim;3848535,7;0;Sentinel-2 de 23/08/2026, pixels de 40 m;Landsat de 13/08/2026, amostra de 120 m
510610910000004;Nossa Senhora do Livramento;Rural;;Pirizal;;245,937;29;0,1;15;1,9;24,1;13,8;41,4;89,7;0,0;0,0;93,3;0,0;100,0;0,0;0,0;2304,8;2000,0;;;;;;;;;;;;;;;;0,409;33,6;37,4;19760;21110;19710;19780;-1,7;;;;;;;;;;67,4;2,21;24,7;Plintossolo argilúvico;;Bacia do Rio Cuiabá;Bacia do Rio Piraim;;0;Sentinel-2 de 23/08/2026, pixels de 40 m;Landsat de 13/08/2026, amostra de 120 m
510610913000001;Nossa Senhora do Livramento;Urbana;;Ribeirão dos Cocais;;3,593;222;61,8;73;3,0;18,5;11,7;50,0;81,1;0,0;82,2;97,3;0,0;100,0;86,3;;2051,08;1212,0;13,2;;;;;;;;;;0,0;0;5,4;18,9;12;0,431;47,0;37,8;220;12660;7960;10190;-1,3;;;;;;;;;;58,6;2,09;0,8;Plintossolo pétrico;Ribeirão dos Cocais;Bacia do Rio Cuiabá;Bacia do Rio Cuiabá;7606,8;0;Sentinel-2 de 23/08/2026, pixels de 10 m;Landsat de 13/08/2026, pixels de 30 m
510610913000002;Nossa Senhora do Livramento;Rural;;Ribeirão dos Cocais;;144,93;242;1,7;84;2,9;19,8;12,8;46,7;64,5;;19,0;98,8;0,0;96,4;44,0;;1807,59;1212,0;5,7;;;;;;;;;;;;;;;0,372;25,7;38,8;9030;9680;8830;9710;-0,3;;;;;;;;;;48,6;1,98;2,0;Plintossolo pétrico;;Bacia do Rio Cuiabá;Bacia do Rio Cuiabá;153913,3;0;Sentinel-2 de 23/08/2026, pixels de 40 m;Landsat de 13/08/2026, amostra de 120 m
510610913000003;Nossa Senhora do Livramento;Rural;;Ribeirão dos Cocais;;151,108;562;3,7;173;3,2;16,4;18,9;45,4;88,1;0,0;23,1;89,0;0,0;75,7;24,3;;1469,04;1210,0;12,2;;;;;;;;;;;;;;;0,344;20,8;38,3;9130;13990;12740;12470;-0,8;;;;;;;;;;42,1;2,14;21,4;Plintossolo pétrico;;Bacia do Rio Cuiabá;Bacia do Rio Cuiabá;55926,1;0;Sentinel-2 de 23/08/2026, pixels de 40 m;Landsat de 13/08/2026, amostra de 120 m
510610913000004;Nossa Senhora do Livramento;Rural;;Ribeirão dos Cocais;;287,863;282;1,0;102;2,8;21,3;13,8;48,9;89,7;1,4;;82,4;0,0;69,6;15,7;6,9;1538,06;1212,0;25,6;;;;;;;;;;;;;;;0,412;36,0;38,7;27030;27160;18780;26570;-0,4;;;;;;;;;;50,7;2,11;18,1;Plintossolo pétrico;;Bacia do Rio Paraguaizinho;Bacia do Rio Bento Gomes;367484,7;0;Sentinel-2 de 23/08/2026, pixels de 40 m;Landsat de 13/08/2026, amostra de 120 m
510610913000005;Nossa Senhora do Livramento;Rural;;Ribeirão dos Cocais;;103,235;215;2,1;80;2,7;18,1;13,0;45,6;88,8;0,0;6,2;87,5;0,0;62,5;10,0;;1703,09;1212,0;18,0;;;;;;;;;;;;;;;0,436;43,9;37,0;18320;18430;17680;18070;-2,1;;;;;;;;;;52,2;2,11;6,8;Plintossolo pétrico;;Bacia do Rio Cuiabá;Bacia do Rio Cuiabá;210791,5;0;Sentinel-2 de 23/08/2026, pixels de 40 m;Landsat de 13/08/2026, amostra de 120 m
510610913000006;Nossa Senhora do Livramento;Rural;;Ribeirão dos Cocais;;59,208;485;8,2;154;3,1;12,8;17,7;45,2;88,2;;16,9;89,0;0,0;92,2;14,3;0,0;1381,58;1212,0;17,2;;;;;;;;;;;;;;;0,359;24,4;38,4;6620;6670;6300;6100;-0,7;;;;;;;;;;31,8;2,23;38,4;Plintossolo pétrico;;Bacia do Rio Cuiabá;Bacia do Rio Cuiabá;29787,1;0;Sentinel-2 de 23/08/2026, pixels de 40 m;Landsat de 13/08/2026, amostra de 120 m
510610913000007;Nossa Senhora do Livramento;Rural;;Ribeirão dos Cocais;;7,81;191;24,5;70;2,7;24,1;10,5;48,7;84,8;0,0;17,1;94,3;0,0;97,1;95,7;0,0;2025,76;1212,0;7,0;;;;;;;;;;;;;;;0,369;25,1;37,9;4290;9390;3800;3570;-1,2;;;;;;;;;;59,5;2,15;25,4;Plintossolo pétrico;;Bacia do Rio Cuiabá;Bacia do Rio Cuiabá;10263,4;0;Sentinel-2 de 23/08/2026, pixels de 10 m;Landsat de 13/08/2026, pixels de 30 m
510610913000008;Nossa Senhora do Livramento;Rural;;Ribeirão dos Cocais;;9,671;153;15,8;49;3,1;21,6;16,3;47,7;84,3;0,0;16,3;98,0;0,0;95,9;77,6;0,0;3130,57;1500,0;6,9;;;;;;;;;;;;;;;0,334;18,8;38,4;1060;6190;1000;960;-0,7;;;;;;;;;;44,0;2,18;40,0;Plintossolo pétrico;;Bacia do Rio Cuiabá;Bacia do Rio Cuiabá;11883,3;0;Sentinel-2 de 23/08/2026, pixels de 40 m;Landsat de 13/08/2026, amostra de 120 m
510610913000009;Nossa Senhora do Livramento;Urbana;;Ribeirão dos Cocais;;0,644;369;573,1;125;3,0;18,4;12,7;49,1;83,5;;58,4;84,0;0,0;2,4;96,8;0,0;2921,63;1600,0;2,7;42,5;31,7;4,6;73,2;41,7;11,9;0,0;;;0,0;0;0,0;0,0;0;0,375;28,7;38,0;110;5180;20;40;-1,1;;;;;;;;;;41,1;2,2;39,4;Plintossolo pétrico;Afluente s/n do Rio Cuiabá;Bacia do Rio Cuiabá;Bacia do Rio Cuiabá;500,9;0;Sentinel-2 de 23/08/2026, pixels de 10 m;Landsat de 13/08/2026, pixels de 30 m
510610913000010;Nossa Senhora do Livramento;Urbana;;Ribeirão dos Cocais;;0,65;244;375,2;86;2,8;23,0;13,9;50,4;84,8;0,0;74,4;98,8;0,0;96,5;93,0;0,0;2868,44;2000,0;6,4;16,2;77,6;63,1;82,2;32,0;0,0;1,2;;;0,0;0;0,0;0,1;0;0,391;31,5;37,9;1000;4350;910;600;-1,2;;;;;;;;;;58,1;2,18;39,3;Plintossolo pétrico;Microbacia sem nome;Bacia do Rio Cuiabá;Bacia do Rio Cuiabá;839,1;0;Sentinel-2 de 23/08/2026, pixels de 10 m;Landsat de 13/08/2026, pixels de 30 m
510610913000011;Nossa Senhora do Livramento;Urbana;;Ribeirão dos Cocais;;6,277;262;41,7;107;2,4;28,6;11,8;50,0;77,9;0,0;10,3;99,1;0,0;99,1;68,2;;3395,24;2000,0;2,8;;;;;;;;;;0,5;1;6,6;31,6;17;0,383;31,1;37,1;3670;2440;2470;1800;-2,0;;;;;;;;;;49,4;2,22;50,6;Neossolo flúvico;Microbacia sem nome;Bacia do Rio Cuiabá;Bacia do Rio Cuiabá;7450,9;0;Sentinel-2 de 23/08/2026, pixels de 10 m;Landsat de 13/08/2026, pixels de 30 m
510610915000001;Nossa Senhora do Livramento;Urbana;;Faval;;0,261;123;472,0;45;2,7;27,6;13,0;43,9;92,7;0,0;;97,8;0,0;53,3;86,7;;1664,84;1212,0;28,3;;;;;;;;;;0,0;0;;;;0,469;53,0;37,3;8790;41490;35320;40590;-1,8;;;;;;;;;;22,0;1,99;0,0;Cambissolo háplico;;Bacia do Rio Paraguaizinho;Bacia do Rio Paraguaizinho;1124,6;0;Sentinel-2 de 23/08/2026, pixels de 10 m;Landsat de 12/08/2026, ajustada, pixels de 30 m
510610915000002;Nossa Senhora do Livramento;Rural;;Faval;;390,649;404;1,0;144;2,8;28,2;12,4;44,3;75,0;;0,0;97,2;0,0;98,6;6,9;2,8;1980,71;1212,0;6,2;;;;;;;;;;;;;;;0,48;54,0;36,1;4960;48600;44380;47750;-3,0;;;;;;;;;;61,9;1,96;2,0;Cambissolo háplico;;Bacia do Rio Paraguaizinho;Bacia do Rio Paraguaizinho;522154,6;0;Sentinel-2 de 23/08/2026, pixels de 40 m;Landsat de 12/08/2026, ajustada, amostra de 120 m
510610915000003;Nossa Senhora do Livramento;Rural;;Faval;;382,09;383;1,0;148;2,6;22,2;12,8;42,0;85,6;0,0;;84,5;0,0;89,2;0,0;6,1;1678,36;1212,0;28,8;;;;;;;;;;;;;;;0,451;42,4;37,6;16780;60220;56770;59400;-1,5;;;;;;;;;;49,0;1,83;0,6;Latossolo vermelho-amarelo;;Bacia do Rio Paraguaizinho;Bacia do Rio Paraguaizinho;422992,6;0;Sentinel-2 de 23/08/2026, pixels de 40 m;Landsat de 12/08/2026, ajustada, amostra de 120 m
510610915000004;Nossa Senhora do Livramento;Rural;;Faval;;605,627;346;0,6;132;2,6;21,7;11,8;45,7;91,3;;6,8;88,6;0,0;78,8;2,3;;1676,0;1212,0;23,0;;;;;;;;;;;;;;;0,52;62,3;35,9;32010;75750;71440;74910;-3,2;;;;;;;;;;72,7;2,06;20,3;Cambissolo háplico;;Bacia do Rio Paraguaizinho;Bacia do Rio Paraguaizinho;1090478,7;0;Sentinel-2 de 23/08/2026, pixels de 40 m;Landsat de 12/08/2026, ajustada, amostra de 120 m
510610915000005;Nossa Senhora do Livramento;Rural;;Faval;;344,517;417;1,2;148;2,8;23,5;11,0;43,6;91,6;0,0;0,0;75,0;0,0;51,4;6,1;;1260,39;1212,0;27,3;;;;;;;;;;;;;;;0,447;43,5;36,6;17430;40720;41400;40000;-2,5;;;;;;;;;;65,1;1,99;0,0;Cambissolo háplico;;Bacia do Rio Cuiabá;Bacia do Rio Jangada (MT) 2;359388,2;0;Sentinel-2 de 23/08/2026, pixels de 40 m;Landsat de 12/08/2026, ajustada, amostra de 120 m
510610915000006;Nossa Senhora do Livramento;Rural;;Faval;;205,303;207;1,0;95;2,2;33,3;5,8;43,5;87,0;0,0;22,1;93,7;0,0;85,3;0,0;0,0;1412,02;1212,0;18,2;;;;;;;;;;;;;;;0,374;20,3;39,1;24180;24260;25180;23700;0,0;;;;;;;;;;62,0;1,89;0,3;Plintossolo pétrico;;Bacia do Rio Cuiabá;Bacia do Rio Cuiabá;201335,8;0;Sentinel-2 de 23/08/2026, pixels de 40 m;Landsat de 12 e 13/08/2026, amostra de 120 m
510610915000007;Nossa Senhora do Livramento;Rural;;Faval;;178,536;259;1,5;106;2,4;35,1;6,2;44,0;92,3;0,0;0,0;89,6;0,0;60,4;4,7;;1173,64;1212,0;16,1;;;;;;;;;;;;;;;0,414;32,6;37,8;16030;28560;27790;27780;-1,3;;;;;;;;;;61,2;2,01;0,0;Cambissolo háplico;;Bacia do Rio Cuiabá;Bacia do Rio Cuiabá;224721,0;0;Sentinel-2 de 23/08/2026, pixels de 40 m;Landsat de 12 e 13/08/2026, amostra de 120 m
510610915000008;Nossa Senhora do Livramento;Rural;;Faval;;153,028;305;2,0;122;2,5;31,1;7,9;42,0;83,9;2,0;4,1;92,6;0,0;97,5;4,9;2,5;1506,42;1212,0;22,6;;;;;;;;;;;;;;;0,37;21,8;39,0;31330;31400;31820;30880;-0,1;;;;;;;;;;62,6;1,89;3,0;Plintossolo pétrico;;Bacia do Rio Cuiabá;Bacia do Rio Cuiabá;109377,4;0;Sentinel-2 de 23/08/2026, pixels de 40 m;Landsat de 12 e 13/08/2026, amostra de 120 m
510610915000009;Nossa Senhora do Livramento;Rural;;Faval;;0,484;96;198,2;39;2,5;15,6;16,7;49,0;87,5;0,0;35,9;94,9;0,0;84,6;12,8;;2011,19;1356,0;22,2;;;;;;;;;;;;;;;0,333;11,4;40,2;33420;33480;30040;29810;1,1;;;;;;;;;;74,6;1,96;4,4;Plintossolo pétrico;;Bacia do Rio Cuiabá;Bacia do Rio Cuiabá;574,8;0;Sentinel-2 de 23/08/2026, pixels de 40 m;Landsat de 13/08/2026, amostra de 120 m
510780005000001;Santo Antônio de Leverger;Urbana;;Santo Antônio de Leverger;;0,146;256;1757,7;93;2,8;22,3;11,7;52,7;63,7;0,0;98,9;100,0;0,0;90,3;100,0;0,0;4375,49;3000,0;1,4;100,0;94,1;44,1;100,0;100,0;38,3;0,0;;;0,0;0;0,0;30,5;0;0,337;27,5;36,6;920;1030;230;390;-2,5;;;;;;;;;;8,4;2,29;91,6;Neossolo flúvico;Afluente s/n do Rio Cuiabá;Bacia do Rio Cuiabá;Bacia do Rio Cuiabá;156,8;0;Sentinel-2 de 23/08/2026, pixels de 10 m;Landsat de 13/08/2026, pixels de 30 m
510780005000002;Santo Antônio de Leverger;Urbana;;Santo Antônio de Leverger;;0,297;899;3026,0;271;3,3;14,1;15,5;50,9;81,6;;88,2;97,0;3,7;87,8;100,0;0,0;2998,94;2000,0;5,5;71,6;87,9;24,3;100,0;69,4;14,8;5,5;;;0,0;0;100,0;100,0;899;0,231;8,1;39,2;2880;1490;2150;60;0,1;;;;;;;;;;4,9;2,23;2,9;Plintossolo pétrico;Afluente s/n do Rio Cuiabá;Bacia do Rio Cuiabá;Bacia do Rio Cuiabá;26,8;0;Sentinel-2 de 23/08/2026, pixels de 10 m;Landsat de 13/08/2026, pixels de 30 m
510780005000003;Santo Antônio de Leverger;Urbana;;Santo Antônio de Leverger;;0,422;386;915,6;132;2,9;11,7;16,8;51,3;80,6;0,0;97,7;100,0;0,0;76,5;100,0;0,0;2815,73;2000,0;2,4;3,9;92,0;32,9;98,2;6,0;3,9;3,9;;;0,0;0;0,0;26,4;0;0,344;27,2;38,4;1530;290;1010;760;-0,7;;;;;;;;;;26,0;2,22;39,3;Plintossolo pétrico;Afluente s/n do Rio Cuiabá;Bacia do Rio Cuiabá;Bacia do Rio Cuiabá;297,4;0;Sentinel-2 de 23/08/2026, pixels de 10 m;Landsat de 13/08/2026, pixels de 30 m
510780005000004;Santo Antônio de Leverger;Urbana;;Santo Antônio de Leverger;;0,119;498;4199,5;166;3,0;15,7;14,7;52,0;84,7;0,0;100,0;98,8;;82,5;99,4;0,0;2903,06;1800,0;5,6;100,0;72,1;58,6;100,0;100,0;57,0;4,6;;;0,0;0;0,0;8,6;0;0,315;18,7;38,0;500;980;210;220;-1,1;;;;;;;;;;0,0;2,29;93,9;Neossolo flúvico;Afluente s/n do Rio Cuiabá;Bacia do Rio Cuiabá;Bacia do Rio Cuiabá;44,7;0;Sentinel-2 de 23/08/2026, pixels de 10 m;Landsat de 13/08/2026, pixels de 30 m
510780005000005;Santo Antônio de Leverger;Rural;;Santo Antônio de Leverger;;25,325;170;6,7;70;2,4;28,8;10,0;42,4;79,4;;31,4;94,3;;80,0;77,1;0,0;1634,8;1200,0;12,7;;;;;;;;;;;;;;;0,489;57,3;34,8;11120;12610;11110;11280;-4,3;;;;;;;;;;58,0;2,22;44,1;Neossolo flúvico;;Bacia do Rio Cuiabá;Bacia do Rio Cuiabá;85360,1;0;Sentinel-2 de 23/08/2026, pixels de 40 m;Landsat de 13/08/2026, amostra de 120 m
510780005000006;Santo Antônio de Leverger;Rural;;Santo Antônio de Leverger;;334,112;128;0,4;53;2,4;25,0;12,5;45,3;58,6;0,0;7,5;11,3;0,0;0,0;50,9;0,0;2846,07;2500,0;12,5;;;;;;;;;;;;;;;0,516;58,2;34,9;16360;27660;26540;26770;-4,2;;;;;;;;;;64,1;2,16;32,2;Plintossolo argilúvico;;Bacia do Rio Cuiabá;Bacia do Rio Cuiabá;1519165,5;0;Sentinel-2 de 23/08/2026, pixels de 40 m;Landsat de 13/08/2026, amostra de 120 m
510780005000007;Santo Antônio de Leverger;Rural;;Santo Antônio de Leverger;;172,404;495;2,9;170;2,9;15,2;16,8;49,1;73,1;0,0;48,8;98,2;0,0;82,4;57,6;0,0;2136,15;1500,0;13,4;;;;;;;;;;;;;;;0,478;52,5;36,9;20880;25110;18390;17880;-2,2;;;;;;;;;;49,6;1,98;3,1;Plintossolo pétrico;;Bacia do Rio Cuiabá;Bacia do Rio Aricá-Mirim;182852,7;0;Sentinel-2 de 23/08/2026, pixels de 40 m;Landsat de 13/08/2026, amostra de 120 m
510780005000008;Santo Antônio de Leverger;Rural;;Santo Antônio de Leverger;;0,382;370;967,5;128;2,9;13,0;16,2;48,9;84,6;0,0;7,8;95,3;0,0;89,8;92,2;0,0;2024,69;1335,0;23,3;;;;;;;;;;;;;;;0,372;29,6;39,7;22540;26290;17480;14390;0,6;;;;;;;;;;37,2;2,07;4,6;Plintossolo pétrico;;Bacia do Rio Cuiabá;Bacia do Rio Ariçá-Açu;305,6;0;Sentinel-2 de 23/08/2026, pixels de 40 m;Landsat de 13/08/2026, amostra de 120 m
510780005000009;Santo Antônio de Leverger;Rural;;Santo Antônio de Leverger;;35,391;118;3,3;54;2,2;39,0;4,2;41,5;79,7;0,0;0,0;98,1;0,0;98,1;0,0;0,0;1521,74;1212,0;29,0;;;;;;;;;;;;;;;0,438;41,9;36,2;7870;9290;7820;7920;-2,9;;;;;;;;;;63,4;2,23;38,7;Neossolo flúvico;;Bacia do Rio Cuiabá;Bacia do Rio Cuiabá;125668,0;0;Sentinel-2 de 23/08/2026, pixels de 40 m;Landsat de 13/08/2026, amostra de 120 m
510780005000010;Santo Antônio de Leverger;Urbana;;Santo Antônio de Leverger;;0,357;814;2278,2;248;3,3;11,5;18,3;51,7;78,4;0,0;98,0;98,8;4,0;83,5;98,4;0,0;2412,94;1500,0;6,5;56,3;74,8;47,5;97,5;75,2;65,7;0,5;;;0,0;0;0,0;44,5;0;0,377;33,4;37,2;1430;740;150;420;-1,9;;;;;;;;;;8,5;2,27;57,5;Neossolo flúvico;Afluente s/n do Rio Cuiabá;Bacia do Rio Cuiabá;Bacia do Rio Cuiabá;146,5;0;Sentinel-2 de 23/08/2026, pixels de 10 m;Landsat de 13/08/2026, pixels de 30 m
510780005000011;Santo Antônio de Leverger;Urbana;;Santo Antônio de Leverger;;0,389;911;2340,8;265;3,4;13,6;13,9;49,2;86,9;;99,6;99,6;2,3;87,2;100,0;0,0;2865,63;1800,0;7,2;67,6;85,7;43,5;100,0;69,4;14,7;3,8;;;0,0;0;0,0;49,2;0;0,377;32,5;37,5;370;1380;460;560;-1,6;;;;;;;;;;13,1;2,27;80,2;Neossolo flúvico;Afluente s/n do Rio Cuiabá;Bacia do Rio Cuiabá;Bacia do Rio Cuiabá;138,8;0;Sentinel-2 de 23/08/2026, pixels de 10 m;Landsat de 13/08/2026, pixels de 30 m
510780005000012;Santo Antônio de Leverger;Rural;;Santo Antônio de Leverger;;77,621;153;2,0;54;2,8;23,5;14,4;51,0;73,9;0,0;;83,3;0,0;100,0;44,4;0,0;1847,88;1212,0;20,0;;;;;;;;;;;;;;;0,437;38,1;37,5;7550;8020;7630;7810;-1,6;;;;;;;;;;51,5;2,27;64,8;Plintossolo pétrico;;Bacia do Rio Cuiabá;Bacia do Rio Ariçá-Açu;193291,5;0;Sentinel-2 de 23/08/2026, pixels de 40 m;Landsat de 13/08/2026, amostra de 120 m
510780005000014;Santo Antônio de Leverger;Rural;;Santo Antônio de Leverger;;21,546;3;0,1;2;1,5;;;;;;;;;;;;;;;;;;;;;;;;;;;;;0,407;29,4;37,4;2800;4030;2730;2750;-1,7;;;;;;;;;;55,3;2,23;46,3;Plintossolo argilúvico;;Bacia do Rio Cuiabá;Bacia do Rio Cuiabá;;0;Sentinel-2 de 23/08/2026, pixels de 40 m;Landsat de 13/08/2026, amostra de 120 m
510780005000016;Santo Antônio de Leverger;Urbana;;Santo Antônio de Leverger;;0,396;511;1289,2;152;3,4;11,0;20,2;48,1;80,8;1,2;99,3;99,3;0,0;13,2;96,1;0,0;2319,75;1800,0;3,0;6,3;95,9;61,1;99,4;0,0;4,7;0,0;;;1,0;5;50,8;50,8;260;0,288;11,6;39,4;2340;890;1520;600;0,3;;;;;;;;;;6,3;2,25;33,4;Plintossolo pétrico;Afluente s/n do Rio Cuiabá;Bacia do Rio Cuiabá;Bacia do Rio Cuiabá;89,9;0;Sentinel-2 de 23/08/2026, pixels de 10 m;Landsat de 13/08/2026, pixels de 30 m
510780005000017;Santo Antônio de Leverger;Urbana;;Santo Antônio de Leverger;;4,265;68;15,9;23;3,0;13,2;17,6;47,1;70,6;0,0;39,1;95,7;0,0;69,6;69,6;0,0;4463,0;2500,0;;58,8;100,0;82,4;66,2;0,0;0,0;41,2;;;0,0;0;48,2;65,1;33;0,351;20,9;38,8;2400;1640;2230;1410;-0,3;;;;;;;;;;24,7;2,24;72,9;Plintossolo pétrico;Afluente s/n do Rio Cuiabá;Bacia do Rio Cuiabá;Bacia do Rio Cuiabá;13108,6;0;Sentinel-2 de 23/08/2026, pixels de 10 m;Landsat de 13/08/2026, pixels de 30 m
510780005000018;Santo Antônio de Leverger;Urbana;;Santo Antônio de Leverger;;3,281;47;14,3;14;3,4;14,9;21,3;46,8;46,8;0,0;71,4;71,4;0,0;0,0;78,6;0,0;3077,31;3000,0;0;8,5;78,7;78,7;87,2;8,5;0,0;0,0;;;1,2;1;8,5;28,6;4;0,335;30,6;37,7;2170;1170;880;730;-1,4;;;;;;;;;;42,5;2,22;38,4;Neossolo flúvico;Microbacia sem nome;Bacia do Rio Cuiabá;Bacia do Rio Cuiabá;;0;Sentinel-2 de 23/08/2026, pixels de 10 m;Landsat de 13/08/2026, pixels de 30 m
510780005000019;Santo Antônio de Leverger;Urbana;;Santo Antônio de Leverger;;0,426;387;907,8;132;2,9;14,5;15,0;50,4;75,2;0,0;96,2;93,2;9,8;64,4;97,7;;4113,24;2800,0;8,3;41,6;87,1;33,9;97,7;38,8;6,7;10,1;;;0,8;3;0,0;0,0;0;0,319;19,4;38,8;1740;360;710;290;-0,3;;;;;;;;;;17,6;2,23;35,0;Plintossolo pétrico;Afluente s/n do Rio Cuiabá;Bacia do Rio Cuiabá;Bacia do Rio Cuiabá;213,6;0;Sentinel-2 de 23/08/2026, pixels de 10 m;Landsat de 13/08/2026, pixels de 30 m
510780005000020;Santo Antônio de Leverger;Rural;;Santo Antônio de Leverger;;4,22;56;13,3;19;2,9;14,3;17,9;44,6;55,4;0,0;100,0;100,0;0,0;0,0;78,9;0,0;3822,22;3000,0;0;;;;;;;;;;;;;;;0,416;37,4;37,0;1050;2210;1120;1340;-2,1;;;;;;;;;;41,3;2,26;63,4;Neossolo flúvico;;Bacia do Rio Cuiabá;Bacia do Rio Cuiabá;28183,6;0;Sentinel-2 de 23/08/2026, pixels de 10 m;Landsat de 13/08/2026, pixels de 30 m
510780005000021;Santo Antônio de Leverger;Urbana;;Santo Antônio de Leverger;;0,711;557;783,4;167;3,3;8,1;19,2;49,7;77,7;0,0;98,2;99,4;2,4;85,6;98,8;0,0;2764,46;2000,0;5,4;70,7;81,1;25,7;98,7;39,7;9,4;2,7;;;0,0;0;0,0;92,7;0;0,305;12,8;39,7;880;660;540;570;0,6;;;;;;;;;;18,9;2,25;62,6;Plintossolo pétrico;Afluente s/n do Rio Cuiabá;Bacia do Rio Cuiabá;Bacia do Rio Cuiabá;163,4;0;Sentinel-2 de 23/08/2026, pixels de 10 m;Landsat de 13/08/2026, pixels de 30 m
510780005000022;Santo Antônio de Leverger;Urbana;;Santo Antônio de Leverger;;1,177;244;207,2;94;2,6;23,4;15,6;46,7;75,4;;31,9;84,0;0,0;93,6;64,9;5,3;2862,77;2000,0;5,1;34,4;86,5;54,1;100,0;32,8;0,0;0,0;;;0,0;0;83,0;83,1;203;0,337;16,1;38,8;3320;1880;2450;540;-0,3;;;;;;;;;;36,9;2,21;52,2;Plintossolo pétrico;Microbacia sem nome;Bacia do Rio Cuiabá;Bacia do Rio Cuiabá;776,6;0;Sentinel-2 de 23/08/2026, pixels de 10 m;Landsat de 13/08/2026, pixels de 30 m
510780005000023;Santo Antônio de Leverger;Urbana;;Santo Antônio de Leverger;;0,149;289;1941,7;91;3,2;23,2;14,2;53,6;73,0;0,0;98,9;100,0;0,0;24,2;100,0;0,0;4215,98;3000,0;1,3;100,0;68,2;47,4;100,0;97,2;65,7;3,1;;;0,0;0;0,0;50,3;0;0,346;30,1;37,1;660;1180;250;200;-2,0;;;;;;;;;;0,0;2,31;100,0;Neossolo flúvico;Afluente s/n do Rio Cuiabá;Bacia do Rio Cuiabá;Bacia do Rio Cuiabá;155,2;0;Sentinel-2 de 23/08/2026, pixels de 10 m;Landsat de 13/08/2026, pixels de 30 m
510780005000024;Santo Antônio de Leverger;Urbana;;Santo Antônio de Leverger;;0,233;417;1786,9;120;3,5;16,3;14,9;52,0;73,4;0,0;100,0;99,2;0,0;23,3;100,0;0,0;3264,96;2800,0;2,1;99,5;98,8;98,8;100,0;99,5;82,3;7,2;;;0,0;0;0,0;57,1;0;0,391;34,0;36,8;370;1340;310;80;-2,3;;;;;;;;;;13,4;2,29;86,6;Neossolo flúvico;Afluente s/n do Rio Cuiabá;Bacia do Rio Cuiabá;Bacia do Rio Cuiabá;190,0;0;Sentinel-2 de 23/08/2026, pixels de 10 m;Landsat de 13/08/2026, pixels de 30 m
510780005000025;Santo Antônio de Leverger;Urbana;;Santo Antônio de Leverger;;0,109;487;4451,3;144;3,4;5,5;20,9;50,9;83,2;;97,2;97,9;13,2;14,6;98,6;;1512,57;1212,0;8,1;76,6;37,6;10,9;99,6;75,4;0,0;9,9;;;0,0;0;17,6;70,6;86;0,261;7,9;39,6;2960;2040;2740;1340;0,5;;;;;;;;;;8,3;2,25;34,0;Plintossolo pétrico;Afluente s/n do Rio Cuiabá;Bacia do Rio Cuiabá;Bacia do Rio Cuiabá;17,7;0;Sentinel-2 de 23/08/2026, pixels de 10 m;Landsat de 13/08/2026, pixels de 30 m
510780005000026;Santo Antônio de Leverger;Rural;;Santo Antônio de Leverger;;230,161;100;0,4;55;1,8;42,0;8,0;36,0;82,0;;0,0;49,1;0,0;89,1;9,1;7,3;1497,85;1212,0;13,0;;;;;;;;;;;;;;;0,473;51,1;35,7;15440;25020;23510;23670;-3,4;;;;;;;;;;76,1;2,19;23,1;Plintossolo argilúvico;;Bacia do Rio Cuiabá;Bacia do Rio Cuiabá;1176122,7;0;Sentinel-2 de 23/08/2026, pixels de 40 m;Landsat de 13/08/2026, amostra de 120 m
510780005000027;Santo Antônio de Leverger;Rural;;Santo Antônio de Leverger;;294,474;52;0,2;22;2,4;21,2;5,8;38,5;30,8;0,0;0,0;0,0;0,0;0,0;22,7;0,0;2750,0;2750,0;6,7;;;;;;;;;;;;;;;0,427;34,1;37,3;16300;16840;16380;16580;-1,8;;;;;;;;;;54,1;2,18;31,5;Plintossolo argilúvico;;Bacia do Rio Cuiabá;Bacia do Rio Aricá-Mirim;1931069,9;0;Sentinel-2 de 23/08/2026, pixels de 40 m;Landsat de 13/08/2026, amostra de 120 m
510780005000028;Santo Antônio de Leverger;Rural;;Santo Antônio de Leverger;;39,279;37;0,9;17;2,2;24,3;;45,9;78,4;;0,0;100,0;0,0;94,1;17,6;0,0;2574,12;1600,0;20,7;;;;;;;;;;;;;;;0,529;62,9;35,3;24600;35430;4220;24690;-3,8;;;;;;;;;;73,9;1,82;3,2;Argissolo vermelho-amarelo;;Bacia do Rio Cuiabá;Bacia do Rio Aricá-Mirim;;0;Sentinel-2 de 23/08/2026, pixels de 40 m;Landsat de 13/08/2026, amostra de 120 m
510780005000029;Santo Antônio de Leverger;Rural;;Santo Antônio de Leverger;;100,84;390;3,9;146;2,7;25,1;13,6;46,9;87,7;0,0;19,2;100,0;0,0;86,3;2,7;3,4;1848,13;1212,0;28,3;;;;;;;;;;;;;;;0,528;56,3;35,0;24150;28830;17780;25110;-4,1;;;;;;;;;;49,7;2,16;46,6;Plintossolo pétrico;;Bacia do Rio Cuiabá;Bacia do Rio Aricá-Mirim;145571,6;0;Sentinel-2 de 23/08/2026, pixels de 40 m;Landsat de 13/08/2026, amostra de 120 m
510780005000030;Santo Antônio de Leverger;Urbana;;Santo Antônio de Leverger;;0,231;636;2749,0;203;3,1;6,4;22,3;50,8;81,6;0,0;36,5;99,5;2,0;67,0;99,5;0,0;2110,81;1800,0;7,3;100,0;72,5;28,9;100,0;100,0;69,7;6,6;;;27,7;176;82,7;96,5;526;0,321;24,3;36,4;2980;1750;2480;620;-2,7;;;;;;;;;;57,9;2,17;8,7;Plintossolo pétrico;Afluente s/n do Rio Cuiabá;Bacia do Rio Cuiabá;Bacia do Rio Cuiabá;88,3;0;Sentinel-2 de 23/08/2026, pixels de 10 m;Landsat de 13/08/2026, pixels de 30 m
510780005000031;Santo Antônio de Leverger;Rural;;Santo Antônio de Leverger;;13,64;130;9,5;51;2,5;30,8;3,1;44,6;74,6;;27,5;82,4;5,9;62,7;94,1;;2196,78;1200,0;4,2;;;;;;;;;;;;;;;0,525;68,2;34,3;7870;9300;7870;8080;-4,8;;;;;;;;;;65,9;2,23;38,6;Neossolo flúvico;;Bacia do Rio Cuiabá;Bacia do Rio Cuiabá;71557,5;0;Sentinel-2 de 23/08/2026, pixels de 40 m;Landsat de 13/08/2026, amostra de 120 m
510780005000032;Santo Antônio de Leverger;Rural;;Santo Antônio de Leverger;;100,99;208;2,1;93;2,2;37,5;9,1;46,2;84,6;0,0;;96,8;93,5;6,5;49,5;0,0;1813,89;1212,0;21,1;;;;;;;;;;;;;;;0,543;75,6;32,8;4490;42160;33730;33630;-6,3;;;;;;;;;;90,2;2,2;12,7;Plintossolo argilúvico;;Bacia do Rio Cuiabá;Bacia do Ribeirão da Estiva;367059,8;0;Sentinel-2 de 23/08/2026, pixels de 40 m;Landsat de 13/08/2026, amostra de 120 m
510780005000033;Santo Antônio de Leverger;Rural;;Santo Antônio de Leverger;;13,515;45;3,3;13;3,5;20,0;20,0;51,1;86,7;0,0;0,0;100,0;0,0;0,0;38,5;0,0;2863,64;1800,0;9,4;;;;;;;;;;;;;;;0,401;27,5;38,2;2910;3820;2970;3190;-0,9;;;;;;;;;;41,1;2,3;76,8;Plintossolo pétrico;;Bacia do Rio Cuiabá;Bacia do Rio Cuiabá;;0;Sentinel-2 de 23/08/2026, pixels de 40 m;Landsat de 13/08/2026, amostra de 120 m
510780005000034;Santo Antônio de Leverger;Urbana;;Santo Antônio de Leverger;;0,902;389;431,1;123;3,2;9,8;19,8;50,9;82,0;0,0;74,0;99,2;;0,0;100,0;0,0;1916,92;1400,0;10,4;0,0;100,0;100,0;100,0;0,0;0,0;100,0;;;0,0;0;0,0;90,2;0;0,356;19,0;38,6;2730;3690;2800;3020;-0,5;;;;;;;;;;15,0;2,37;100,0;Plintossolo pétrico;Microbacia sem nome;Bacia do Rio Cuiabá;Bacia do Rio Cuiabá;440,6;0;Sentinel-2 de 23/08/2026, pixels de 10 m;Landsat de 13/08/2026, pixels de 30 m
510780010000001;Santo Antônio de Leverger;Urbana;;Engenho Velho;;14,557;283;19,4;107;2,6;23,3;9,9;48,1;64,0;0,0;5,6;88,8;0,0;95,3;87,9;;3366,85;1600,0;11,7;;;;;;;;;;0,0;0;3,9;12,7;11;0,367;23,3;38,7;4490;9050;2200;1070;-0,4;;;;;;;;;;49,9;2,04;3,4;Plintossolo pétrico;Microbacia sem nome;Bacia do Rio Cuiabá;Bacia do Rio Cuiabá;11985,1;0;Sentinel-2 de 23/08/2026, pixels de 10 m;Landsat de 13/08/2026, pixels de 30 m
510780010000003;Santo Antônio de Leverger;Rural;;Engenho Velho;;22,469;90;4,0;29;3,1;23,3;12,2;47,8;83,3;0,0;0,0;79,3;0,0;0,0;41,4;0,0;2876,55;2000,0;4,2;;;;;;;;;;;;;;;0,314;13,3;40,7;9450;11850;7430;6640;1,6;;;;;;;;;;23,6;2,22;63,5;Plintossolo pétrico;;Bacia do Rio Cuiabá;Bacia do Rio Ariçá-Açu;33204,2;0;Sentinel-2 de 23/08/2026, pixels de 10 m;Landsat de 13/08/2026, pixels de 30 m
510780015000001;Santo Antônio de Leverger;Rural;;Mimoso;;36,234;42;1,2;17;2,5;31,0;;52,4;85,7;0,0;29,4;35,3;0,0;0,0;82,4;0,0;2853,5;2000,0;;;;;;;;;;;;;;;;0,644;84,4;31,3;12010;49680;34030;33940;-7,8;;;;;;;;;;90,2;2,11;9,8;Gleissolo melânico;;Bacia do Rio Cuiabá;Bacia do Ribeirão da Estiva;;0;Sentinel-2 de 23/08/2026, pixels de 40 m;Landsat de 13/08/2026, amostra de 120 m
510780015000003;Santo Antônio de Leverger;Rural;;Mimoso;;89,708;145;1,6;57;2,5;26,2;9,0;50,3;77,9;;38,6;98,2;0,0;98,2;84,2;0,0;1522,39;1200,0;18,3;;;;;;;;;;;;;;;0,526;69,8;34,2;2620;36030;32640;32550;-4,9;;;;;;;;;;81,9;2,18;26,8;Plintossolo argilúvico;;Bacia do Rio Cuiabá;Bacia do Rio Cuiabá;431835,8;0;Sentinel-2 de 23/08/2026, pixels de 40 m;Landsat de 13/08/2026, amostra de 120 m
510780015000004;Santo Antônio de Leverger;Rural;;Mimoso;;415,779;124;0,3;44;2,8;25,0;12,9;53,2;78,2;0,0;0,0;100,0;0,0;97,7;9,1;6,8;3484,73;1212,0;12,1;;;;;;;;;;;;;;;0,506;51,5;36,4;32210;70240;32230;32140;-2,7;;;;;;;;;;72,0;2,2;34,7;Plintossolo argilúvico;;Bacia do Rio Cuiabá;Bacia do Ribeirão Mutum (MT);1726824,1;0;Sentinel-2 de 23/08/2026, pixels de 40 m;Landsat de 13/08/2026, amostra de 120 m
510780015000005;Santo Antônio de Leverger;Rural;;Mimoso;;524,317;153;0,3;53;2,9;15,0;15,7;49,0;79,1;0,0;0,0;88,7;20,8;17,0;24,5;;1149,7;1200,0;18,0;;;;;;;;;;;;;;;0,467;49,2;37,5;74410;112000;75000;74930;-1,6;;;;;;;;;;76,2;2,22;32,0;Plintossolo argilúvico;;Bacia do Rio Cuiabá;Bacia do Rio Cuiabá-Mirim;1686039,0;0;Sentinel-2 de 17 e 23/08/2026, pixels de 40 m;Landsat de 13/08/2026, amostra de 120 m
510780015000006;Santo Antônio de Leverger;Rural;;Mimoso;;1,392;62;44,5;13;4,8;;22,6;48,4;0,0;100,0;;0,0;0,0;0,0;0,0;0,0;875,0;800,0;21,1;;;;;;;;;;;;;;;0,441;38,2;38,0;90880;117840;90800;90780;-1,1;;;;;;;;;;84,4;2,24;23,5;Plintossolo argilúvico;;Bacia do Rio Cuiabá;Bacia do Rio São Lourenço;8576,5;0;Sentinel-2 de 17/08/2026, pixels de 40 m;Landsat de 13/08/2026, amostra de 120 m
510780015000007;Santo Antônio de Leverger;Rural;;Mimoso;;0,588;255;433,9;48;5,3;3,9;20,4;47,5;0,0;100,0;10,4;;0,0;95,8;8,3;62,5;1164,87;1200,0;6,9;;;;;;;;;;;;;;;0,516;60,5;36,3;78210;116690;78150;78110;-2,8;;;;;;;;;;58,3;2,26;42,8;Plintossolo argilúvico;;Bacia do Rio Cuiabá;Bacia do Rio São Lourenço;1395,1;0;Sentinel-2 de 17/08/2026, pixels de 40 m;Landsat de 13/08/2026, amostra de 120 m
510780015000008;Santo Antônio de Leverger;Rural;;Mimoso;;69,036;0;0,0;0;0,0;;;;;;;;;;;;;;;;;;;;;;;;;;;;;0,671;81,2;32,4;85640;111140;85560;85540;-6,7;;;;;;;;;;86,0;2,1;11,0;Neossolo quartzarênico;;Bacia do Rio Cuiabá;Bacia do Rio São Lourenço;;0;Sentinel-2 de 17/08/2026, pixels de 40 m;Landsat de 13/08/2026, amostra de 120 m
510780015000009;Santo Antônio de Leverger;Rural;;Mimoso;;449,28;102;0,2;39;2,6;0,0;17,6;43,1;84,3;;0,0;100,0;0,0;100,0;25,6;0,0;1413,36;1212,0;5,1;;;;;;;;;;;;;;;0,476;56,3;37,8;123130;160580;123090;123030;-1,3;;;;;;;;;;60,6;2,16;16,8;Plintossolo argilúvico;;Bacia do Rio Cuiabá;Bacia Piquiri-Itiquira;2479849,4;0;Sentinel-2 de 17/08/2026, pixels de 40 m;Landsat de 13 e 14/08/2026, amostra de 120 m
510780015000010;Santo Antônio de Leverger;Rural;;Mimoso;;436,65;185;0,4;56;3,3;2,2;21,6;47,0;80,0;0,0;0,0;100,0;0,0;82,1;48,2;;3294,02;2400,0;13,3;;;;;;;;;;;;;;;0,447;40,4;39,2;126530;160570;126470;126430;0,1;;;;;;;;;;36,3;2,12;13,5;Planossolo háplico;;Bacia do Rio Cuiabá;Bacia Piquiri-Itiquira;953549,2;0;Sentinel-2 de 17/08/2026, pixels de 40 m;Landsat de 13 e 14/08/2026, amostra de 120 m
510780015000011;Santo Antônio de Leverger;Rural;;Mimoso;;159,267;188;1,2;71;2,6;21,8;14,9;43,1;84,6;0,0;0,0;98,6;0,0;98,6;0,0;;1421,21;1200,0;19,5;;;;;;;;;;;;;;;0,565;71,0;34,4;11420;48750;26990;26890;-4,7;;;;;;;;;;75,9;2,11;19,9;Gleissolo melânico;;Bacia do Rio Cuiabá;Bacia do Córrego Cupum;601487,1;0;Sentinel-2 de 23/08/2026, pixels de 40 m;Landsat de 13/08/2026, amostra de 120 m
510780015000012;Santo Antônio de Leverger;Rural;;Mimoso;;65,72;38;0,6;14;2,7;23,7;;50,0;73,7;0,0;0,0;;0,0;0,0;0,0;0,0;1950,0;1750,0;19,4;;;;;;;;;;;;;;;0,443;45,1;37,5;21800;59590;35500;35400;-1,6;;;;;;;;;;60,9;2,01;4,8;Argissolo vermelho-amarelo;;Bacia do Rio Cuiabá;Bacia do Rio Cuiabá-Mirim;;0;Sentinel-2 de 23/08/2026, pixels de 40 m;Landsat de 13/08/2026, amostra de 120 m
510780015000018;Santo Antônio de Leverger;Rural;;Mimoso;;485,877;35;0,1;13;2,7;11,4;14,3;40,0;88,6;0,0;0,0;100,0;0,0;46,2;;0,0;3551,17;1800,0;25,9;;;;;;;;;;;;;;;0,459;47,8;37,3;100720;135700;108910;108840;-1,8;;;;;;;;;;64,4;2,22;32,9;Plintossolo argilúvico;;Bacia do Rio Cuiabá;Bacia Piquiri-Itiquira;;0;Sentinel-2 de 17 e 23/08/2026, pixels de 40 m;Landsat de 13/08/2026, amostra de 120 m
510780015000019;Santo Antônio de Leverger;Rural;;Mimoso;;508,915;43;0,1;18;2,4;7,0;11,6;48,8;81,4;0,0;;100,0;0,0;33,3;38,9;0,0;1552,83;1600,0;14,7;;;;;;;;;;;;;;;0,504;64,0;36,8;92310;129660;92800;92740;-2,3;;;;;;;;;;74,2;2,15;16,7;Plintossolo argilúvico;;Bacia do Rio Cuiabá;Bacia Piquiri-Itiquira;;0;Sentinel-2 de 17/08/2026, pixels de 40 m;Landsat de 13/08/2026, amostra de 120 m
510780015000020;Santo Antônio de Leverger;Rural;;Mimoso;;535,429;56;0,1;18;3,1;0,0;17,9;37,5;80,4;7,1;0,0;100,0;0,0;66,7;0,0;0,0;1557,56;1406,0;10,0;;;;;;;;;;;;;;;0,412;37,9;39,0;95210;131610;95160;95110;-0,1;;;;;;;;;;58,9;2,25;41,1;Plintossolo argilúvico;;Bacia do Rio Cuiabá;Bacia Piquiri-Itiquira;3623707,0;0;Sentinel-2 de 17/08/2026, pixels de 40 m;Landsat de 13/08/2026, amostra de 120 m
510780015000021;Santo Antônio de Leverger;Rural;;Mimoso;;484,635;17;0,0;5;3,4;0,0;17,6;58,8;88,2;0,0;0,0;100,0;0,0;100,0;60,0;0,0;2025,0;1950,0;;;;;;;;;;;;;;;;0,493;66,1;36,2;113990;150150;118100;118040;-2,9;;;;;;;;;;77,8;2,21;22,4;Plintossolo argilúvico;;Bacia do Rio Cuiabá;Bacia Piquiri-Itiquira;;0;Sentinel-2 de 17/08/2026, pixels de 40 m;Landsat de 13/08/2026, amostra de 120 m
510780015000022;Santo Antônio de Leverger;Rural;;Mimoso;;530,506;36;0,1;15;2,4;44,4;0,0;47,2;72,2;0,0;0,0;100,0;0,0;100,0;33,3;0,0;2152,27;1212,0;9,4;;;;;;;;;;;;;;;0,549;79,0;35,0;131220;165130;140190;140120;-4,1;;;;;;;;;;70,5;2,2;29,8;Plintossolo argilúvico;;Bacia do Rio Cuiabá;Bacia Piquiri-Itiquira;;0;Sentinel-2 de 17 e 23/08/2026, pixels de 40 m;Landsat de 13/08/2026, amostra de 120 m
510780015000023;Santo Antônio de Leverger;Rural;;Mimoso;;501,113;83;0,2;25;3,3;0,0;25,3;47,0;86,7;0,0;0,0;100,0;0,0;84,0;44,0;0,0;2332,36;2400,0;15,4;;;;;;;;;;;;;;;0,456;47,0;38,7;111020;145360;110960;110920;-0,4;;;;;;;;;;53,3;2,22;47,1;Plintossolo argilúvico;;Bacia do Rio Cuiabá;Bacia Piquiri-Itiquira;2837627,8;0;Sentinel-2 de 17/08/2026, pixels de 40 m;Landsat de 13 e 14/08/2026, amostra de 120 m
510780015000024;Santo Antônio de Leverger;Rural;;Mimoso;;494,659;73;0,1;23;3,2;0,0;26,0;47,9;74,0;0,0;;100,0;0,0;82,6;52,2;0,0;2560,87;2400,0;14,0;;;;;;;;;;;;;;;0,43;36,0;37,6;138500;174390;142340;142270;-1,5;;;;;;;;;;54,9;2,09;8,5;Planossolo háplico;;Bacia do Rio Cuiabá;Bacia Piquiri-Itiquira;2439414,2;0;Sentinel-2 de 17/08/2026, pixels de 40 m;Landsat de 13/08/2026, amostra de 120 m
510780015000026;Santo Antônio de Leverger;Rural;;Mimoso;;54,698;15;0,3;4;3,8;;;;;;;;;;;;;;;;;;;;;;;;;;;;;0,516;59,9;36,9;73050;102680;72970;72950;-2,2;;;;;;;;;;61,9;2,15;29,6;Neossolo quartzarênico;;Bacia do Rio Cuiabá;Bacia do Rio São Lourenço;;0;Sentinel-2 de 17/08/2026, pixels de 40 m;Landsat de 13/08/2026, amostra de 120 m
510780015000027;Santo Antônio de Leverger;Rural;;Mimoso;;498,004;73;0,1;27;2,7;20,5;13,7;46,6;83,6;0,0;0,0;92,6;0,0;92,6;0,0;0,0;2674,37;2000,0;18,6;;;;;;;;;;;;;;;0,552;66,7;36,3;56860;99470;56830;56770;-2,8;;;;;;;;;;74,4;2,2;37,4;Plintossolo argilúvico;;Bacia do Rio Cuiabá;Bacia do Ribeirão Mutum (MT);4550255,7;0;Sentinel-2 de 17 e 23/08/2026, pixels de 40 m;Landsat de 13/08/2026, amostra de 120 m
510780015000028;Santo Antônio de Leverger;Rural;;Mimoso;;0,39;37;94,9;7;5,3;0,0;21,6;59,5;0,0;97,3;;0,0;0,0;42,9;0,0;85,7;1846,29;1400,0;;;;;;;;;;;;;;;;0,432;29,1;38,1;91050;119780;90970;90950;-1,0;;;;;;;;;;53,7;2,32;51,4;Plintossolo argilúvico;;Bacia do Rio Cuiabá;Bacia do Rio São Lourenço;;0;Sentinel-2 de 17/08/2026, pixels de 40 m;Landsat de 13/08/2026, amostra de 120 m
510780015000029;Santo Antônio de Leverger;Rural;;Mimoso;;302,989;55;0,2;11;5,0;7,3;9,1;47,3;0,0;100,0;0,0;0,0;0,0;81,8;0,0;63,6;713,45;400,0;10,0;;;;;;;;;;;;;;;0,564;72,7;35,1;82010;113540;81940;81910;-4,0;;;;;;;;;;92,2;2,11;9,0;Neossolo quartzarênico;;Bacia do Rio Cuiabá;Bacia do Rio São Lourenço;4004963,7;0;Sentinel-2 de 17/08/2026, pixels de 40 m;Landsat de 13/08/2026, amostra de 120 m
510780017000001;Santo Antônio de Leverger;Urbana;;Caité;;0,457;788;1724,3;276;2,9;18,5;15,6;50,0;83,2;0,0;77,5;73,9;1,8;15,2;98,9;0,0;1467,43;1212,0;13,6;9,0;55,8;20,8;98,9;5,5;1,1;0,0;;;0,0;0;;;;0,361;27,9;38,6;290;59140;250;190;-0,5;;;;;;;;;;2,5;1,97;0,0;Plintossolo pétrico;;Bacia do Rio Cuiabá;Bacia do Córrego Cupum;161,8;0;Sentinel-2 de 23/08/2026, pixels de 10 m;Landsat de 13/08/2026, pixels de 30 m
510780017000002;Santo Antônio de Leverger;Rural;;Caité;;13,348;20;1,5;7;2,9;15,0;;35,0;20,0;0,0;0,0;0,0;0,0;0,0;0,0;0,0;3028,57;3000,0;;;;;;;;;;;;;;;;0,556;57,8;35,5;8370;55350;8240;8310;-3,6;;;;;;;;;;55,4;2,0;13,2;Argissolo vermelho-amarelo;;Bacia do Rio Cuiabá;Bacia do Rio Cuiabá-Mirim;;0;Sentinel-2 de 23/08/2026, pixels de 40 m;Landsat de 13/08/2026, amostra de 120 m
510780017000003;Santo Antônio de Leverger;Rural;;Caité;;51,002;26;0,5;11;2,4;11,5;11,5;34,6;46,2;0,0;0,0;0,0;0,0;0,0;0,0;;2720,0;2750,0;0;;;;;;;;;;;;;;;0,592;77,7;35,4;13350;56380;13230;13270;-3,7;;;;;;;;;;78,4;1,98;13,5;Argissolo vermelho-amarelo;;Bacia do Rio Cuiabá;Bacia do Rio Cuiabá-Mirim;;0;Sentinel-2 de 23/08/2026, pixels de 40 m;Landsat de 13/08/2026, amostra de 120 m
510780017000004;Santo Antônio de Leverger;Rural;;Caité;;161,955;268;1,7;111;2,4;33,6;10,8;48,5;80,6;;;99,1;0,0;99,1;4,5;0,0;2980,93;1200,0;20,3;;;;;;;;;;;;;;;0,512;59,0;36,1;12020;48470;12150;12070;-3,0;;;;;;;;;;59,1;2,19;36,5;Plintossolo pétrico;;Bacia do Rio Cuiabá;Bacia do Ribeirão da Estiva;356542,7;0;Sentinel-2 de 23/08/2026, pixels de 40 m;Landsat de 13/08/2026, amostra de 120 m
510780017000005;Santo Antônio de Leverger;Rural;;Caité;;314,372;64;0,2;22;2,9;14,1;12,5;40,6;62,5;0,0;;;0,0;0,0;50,0;0,0;2276,19;2000,0;16,4;;;;;;;;;;;;;;;0,45;43,4;37,2;18320;41500;13600;18420;-1,9;;;;;;;;;;44,5;2,03;24,4;Plintossolo pétrico;;Bacia do Rio Cuiabá;Bacia do Rio Aricá-Mirim;2131835,1;0;Sentinel-2 de 23/08/2026, pixels de 40 m;Landsat de 13/08/2026, amostra de 120 m
510780017000006;Santo Antônio de Leverger;Rural;;Caité;;25,987;52;2,0;21;2,5;17,3;11,5;44,2;80,8;0,0;0,0;100,0;0,0;95,2;0,0;0,0;3901,05;2100,0;9,3;;;;;;;;;;;;;;;0,509;59,7;35,8;21440;38460;1760;21530;-3,3;;;;;;;;;;64,6;1,83;1,8;Argissolo vermelho-amarelo;;Bacia do Rio Cuiabá;Bacia do Rio Aricá-Mirim;298350,7;0;Sentinel-2 de 23/08/2026, pixels de 40 m;Landsat de 13/08/2026, amostra de 120 m
510780017000007;Santo Antônio de Leverger;Rural;;Caité;;12,567;32;2,5;12;2,7;9,4;;43,8;78,1;0,0;0,0;100,0;0,0;100,0;0,0;0,0;1563,33;1212,0;19,2;;;;;;;;;;;;;;;0,508;59,8;35,4;22030;38360;3760;22120;-3,7;;;;;;;;;;79,5;1,68;0,1;Argissolo vermelho-amarelo;;Bacia do Rio Cuiabá;Bacia do Rio Aricá-Mirim;;0;Sentinel-2 de 23/08/2026, pixels de 40 m;Landsat de 13/08/2026, amostra de 120 m
510780017000008;Santo Antônio de Leverger;Rural;;Caité;;75,113;299;4,0;106;2,8;20,7;15,1;49,8;76,9;0,0;;87,7;0,0;99,1;0,0;0,0;1622,55;1200,0;9,6;;;;;;;;;;;;;;;0,536;57,7;36,6;10230;63130;10150;10130;-2,5;;;;;;;;;;53,6;2,15;38,9;Plintossolo argilúvico;;Bacia do Rio Cuiabá;Bacia do Rio Cuiabá-Mirim;144950,5;0;Sentinel-2 de 23/08/2026, pixels de 40 m;Landsat de 13/08/2026, amostra de 120 m
510780017000010;Santo Antônio de Leverger;Rural;;Caité;;129,916;198;1,5;80;2,5;24,7;7,1;43,9;76,8;;0,0;100,0;0,0;100,0;0,0;0,0;1532,63;1200,0;13,1;;;;;;;;;;;;;;;0,566;70,4;35,1;18340;66790;18260;18240;-4,0;;;;;;;;;;72,6;2,1;15,0;Plintossolo argilúvico;;Bacia do Rio Cuiabá;Bacia do Rio Cuiabá-Mirim;461923,6;0;Sentinel-2 de 23/08/2026, pixels de 40 m;Landsat de 13/08/2026, amostra de 120 m
510780017000011;Santo Antônio de Leverger;Rural;;Caité;;317,879;179;0,6;64;2,8;24,0;13,4;44,7;82,7;0,0;;100,0;0,0;100,0;4,7;;1573,64;1200,0;13,7;;;;;;;;;;;;;;;0,525;66,2;35,8;13620;58870;13670;13570;-3,3;;;;;;;;;;78,6;2,13;19,8;Plintossolo argilúvico;;Bacia do Rio Cuiabá;Bacia do Rio Cuiabá-Mirim;1175619,5;0;Sentinel-2 de 23/08/2026, pixels de 40 m;Landsat de 13/08/2026, amostra de 120 m
510780017000013;Santo Antônio de Leverger;Rural;;Caité;;2,587;4;1,5;3;1,3;;;;;;;;;;;;;;;;;;;;;;;;;;;;;0,568;71,3;33,7;8270;52830;8220;8320;-5,4;;;;;;;;;;90,8;1,64;0,0;Argissolo vermelho-amarelo;;Bacia do Rio Cuiabá;Bacia do Córrego Cupum;;0;Sentinel-2 de 23/08/2026, pixels de 40 m;Landsat de 13/08/2026, amostra de 120 m
510780017000014;Santo Antônio de Leverger;Rural;;Caité;;88,061;80;0,9;32;2,5;26,2;15,0;47,5;75,0;;0,0;;0,0;0,0;12,5;0,0;1244,96;1200,0;15,2;;;;;;;;;;;;;;;0,46;46,4;36,8;9930;49900;9980;10030;-2,3;;;;;;;;;;57,5;1,78;0,7;Argissolo vermelho-amarelo;;Bacia do Rio Cuiabá;Bacia do Ribeirão da Estiva;510753,8;0;Sentinel-2 de 23/08/2026, pixels de 40 m;Landsat de 13/08/2026, amostra de 120 m
510780017000015;Santo Antônio de Leverger;Rural;;Caité;;37,865;202;5,3;91;2,2;29,2;7,9;41,6;83,2;0,0;;94,5;0,0;97,8;13,2;;1788,81;1212,0;13,9;;;;;;;;;;;;;;;0,569;67,4;35,1;5190;55540;5100;5200;-4,0;;;;;;;;;;65,9;1,84;3,1;Argissolo vermelho-amarelo;;Bacia do Rio Cuiabá;Bacia do Córrego Cupum;126341,6;0;Sentinel-2 de 23/08/2026, pixels de 40 m;Landsat de 13/08/2026, amostra de 120 m
510780025000001;Santo Antônio de Leverger;Rural;;Varginha;;29,186;42;1,4;19;2,2;35,7;0,0;45,2;73,8;0,0;0,0;94,7;0,0;100,0;31,6;0,0;3794,53;1500,0;10,8;;;;;;;;;;;;;;;0,432;35,0;38,4;7940;11800;9950;9080;-0,7;;;;;;;;;;46,5;2,18;53,3;Plintossolo argilúvico;;Bacia do Rio Cuiabá;Bacia do Rio Ariçá-Açu;;0;Sentinel-2 de 23/08/2026, pixels de 10 m;Landsat de 13/08/2026, pixels de 30 m
510780025000002;Santo Antônio de Leverger;Rural;;Varginha;;33,653;280;8,3;101;2,8;22,1;10,4;45,0;76,8;0,0;25,7;96,0;0,0;96,0;29,7;;2717,28;2000,0;9,8;;;;;;;;;;;;;;;0,332;12,7;40,1;6450;7650;6160;6510;1,0;;;;;;;;;;26,7;2,23;70,4;Plintossolo pétrico;;Bacia do Rio Cuiabá;Bacia do Rio Ariçá-Açu;15264,0;0;Sentinel-2 de 23/08/2026, pixels de 40 m;Landsat de 13/08/2026, amostra de 120 m
510780025000004;Santo Antônio de Leverger;Rural;;Varginha;;9,903;84;8,5;37;2,3;23,8;3,6;46,4;56,0;0,0;0,0;91,9;0,0;97,3;48,6;;2391,14;1650,0;12,7;;;;;;;;;;;;;;;0,331;10,4;40,0;2260;5750;2330;2410;0,9;;;;;;;;;;33,6;2,17;40,1;Plintossolo pétrico;;Bacia do Rio Cuiabá;Bacia do Rio Cuiabá;12260,9;0;Sentinel-2 de 23/08/2026, pixels de 40 m;Landsat de 13/08/2026, amostra de 120 m
510780025000008;Santo Antônio de Leverger;Rural;;Varginha;;4,448;40;9,0;11;3,6;27,5;7,5;50,0;82,5;0,0;0,0;90,9;0,0;81,8;0,0;0,0;2186,0;1506,0;;;;;;;;;;;;;;;;0,373;28,7;38,9;3780;3110;3760;1900;-0,2;;;;;;;;;;45,8;2,17;47,4;Plintossolo pétrico;;Bacia do Rio Cuiabá;Bacia do Rio Cuiabá;;0;Sentinel-2 de 23/08/2026, pixels de 10 m;Landsat de 13/08/2026, pixels de 30 m
510780025000009;Santo Antônio de Leverger;Urbana;;Varginha;;1,116;147;131,7;42;3,5;18,4;21,1;52,4;75,5;0,0;;88,1;0,0;64,3;23,8;0,0;2656,31;2500,0;4,8;0,0;91,9;91,9;50,0;0,0;0,0;0,0;;;0,0;0;84,0;85,8;123;0,342;18,7;39,4;2630;2640;2560;1210;0,3;;;;;;;;;;41,0;2,21;58,5;Plintossolo pétrico;Microbacia sem nome;Bacia do Rio Cuiabá;Bacia do Rio Cuiabá;1419,7;0;Sentinel-2 de 23/08/2026, pixels de 10 m;Landsat de 13/08/2026, pixels de 30 m
