{"type": "FeatureCollection", "features": [{"type": "Feature", "properties": {"cod": "668952", "nivel": 6, "nome": "Bacia do Ribeirão Chimbica", "rio": "Ribeirão Chimbica", "area": 257, "area_rm": 74, "lx": -54.4992, "ly": -15.1921}, "geometry": {"type": "MultiPolygon", "coordinates": [[[[-54.4919, -15.1468], [-54.4903, -15.1492], [-54.4903, -15.1517], [-54.4871, -15.1606], [-54.483, -15.1646], [-54.4758, -15.167], [-54.4701, -15.1727], [-54.462, -15.1905], [-54.4596, -15.201], [-54.4564, -15.2058], [-54.4645, -15.2107], [-54.4693, -15.2123], [-54.4717, -15.2147], [-54.4742, -15.2147], [-54.4806, -15.2188], [-54.4879, -15.2212], [-54.4944, -15.2268], [-54.5025, -15.2285], [-54.517, -15.2374], [-54.5235, -15.2382], [-54.5307, -15.243], [-54.5364, -15.2454], [-54.5251, -15.2487], [-54.5146, -15.2503], [-54.5146, -15.2511], [-54.5219, -15.2519], [-54.5227, -15.2503], [-54.5251, -15.2519], [-54.5291, -15.2503], [-54.5324, -15.2511], [-54.534, -15.2495], [-54.538, -15.2503], [-54.5404, -15.2535], [-54.5437, -15.2551], [-54.5469, -15.2543], [-54.5477, -15.2511], [-54.551, -15.2519], [-54.5526, -15.2535], [-54.5542, -15.2519], [-54.5558, -15.2535], [-54.5582, -15.2519], [-54.5599, -15.2535], [-54.5631, -15.2543], [-54.5639, -15.2535], [-54.5671, -15.2568], [-54.5704, -15.2543], [-54.572, -15.2543], [-54.5736, -15.2511], [-54.576, -15.2503], [-54.5768, -15.2463], [-54.576, -15.2454], [-54.5793, -15.2414], [-54.5825, -15.2406], [-54.5809, -15.239], [-54.5809, -15.2349], [-54.5793, -15.2309], [-54.5768, -15.2301], [-54.5736, -15.226], [-54.5679, -15.2236], [-54.5639, -15.226], [-54.5631, -15.2285], [-54.5607, -15.226], [-54.5582, -15.2268], [-54.5574, -15.226], [-54.5582, -15.2252], [-54.5566, -15.2236], [-54.5534, -15.2236], [-54.5469, -15.2196], [-54.5461, -15.2163], [-54.5469, -15.2155], [-54.5437, -15.2131], [-54.5413, -15.2139], [-54.5396, -15.2115], [-54.5372, -15.2115], [-54.5364, -15.2083], [-54.5324, -15.2058], [-54.5332, -15.201], [-54.5324, -15.2002], [-54.5348, -15.1929], [-54.5316, -15.188], [-54.5316, -15.184], [-54.5307, -15.1832], [-54.5324, -15.1808], [-54.5316, -15.18], [-54.5316, -15.1759], [-54.5259, -15.1735], [-54.5194, -15.1686], [-54.5178, -15.1614], [-54.5186, -15.1573], [-54.5154, -15.1573], [-54.513, -15.1533], [-54.5073, -15.1525], [-54.5049, -15.1492], [-54.5008, -15.1492], [-54.4976, -15.146], [-54.4968, -15.1468], [-54.4919, -15.1468]]]]}}, {"type": "Feature", "properties": {"cod": "668964", "nivel": 6, "nome": "Bacia do Córrego Barro Preto", "rio": "Córrego Barro Preto", "area": 105, "area_rm": 107, "lx": -54.7127, "ly": -15.2091}, "geometry": {"type": "MultiPolygon", "coordinates": [[[[-54.7911, -15.1314], [-54.7846, -15.1339], [-54.7814, -15.1371], [-54.7822, -15.1387], [-54.779, -15.1411], [-54.7765, -15.1452], [-54.7741, -15.146], [-54.7725, -15.1484], [-54.7692, -15.1492], [-54.7717, -15.1509], [-54.7692, -15.1541], [-54.7668, -15.1549], [-54.7684, -15.1565], [-54.7652, -15.1573], [-54.7644, -15.1597], [-54.7612, -15.1614], [-54.7604, -15.1606], [-54.7579, -15.1654], [-54.7539, -15.1638], [-54.7482, -15.1654], [-54.7466, -15.1638], [-54.745, -15.1654], [-54.741, -15.1646], [-54.7401, -15.1654], [-54.7345, -15.163], [-54.728, -15.1662], [-54.7248, -15.1703], [-54.7224, -15.1694], [-54.7199, -15.1735], [-54.7167, -15.1751], [-54.7143, -15.1743], [-54.711, -15.1751], [-54.7078, -15.1735], [-54.7046, -15.1743], [-54.7013, -15.1711], [-54.6989, -15.1711], [-54.7005, -15.1735], [-54.6965, -15.1751], [-54.6957, -15.1775], [-54.69, -15.1832], [-54.6852, -15.1848], [-54.6844, -15.1824], [-54.6811, -15.1832], [-54.6787, -15.1824], [-54.6787, -15.184], [-54.6714, -15.1905], [-54.6682, -15.1905], [-54.6682, -15.1921], [-54.6666, -15.1937], [-54.6674, -15.1945], [-54.665, -15.1969], [-54.6633, -15.1969], [-54.6617, -15.1994], [-54.6625, -15.201], [-54.6609, -15.2026], [-54.6601, -15.2123], [-54.6593, -15.2131], [-54.6601, -15.2147], [-54.6585, -15.2163], [-54.6585, -15.2228], [-54.6601, -15.2228], [-54.6617, -15.2244], [-54.6625, -15.2268], [-54.6666, -15.2268], [-54.6682, -15.2285], [-54.6706, -15.2277], [-54.6722, -15.2293], [-54.6771, -15.2301], [-54.6787, -15.2325], [-54.6836, -15.2301], [-54.6852, -15.2325], [-54.6868, -15.2317], [-54.69, -15.2357], [-54.69, -15.2374], [-54.6933, -15.2398], [-54.6957, -15.2398], [-54.6997, -15.2438], [-54.7038, -15.2414], [-54.7102, -15.2479], [-54.7127, -15.2479], [-54.7135, -15.2454], [-54.7159, -15.2438], [-54.7215, -15.243], [-54.7232, -15.2406], [-54.7256, -15.243], [-54.7256, -15.2446], [-54.7321, -15.2463], [-54.7353, -15.2503], [-54.7361, -15.2503], [-54.7369, -15.2479], [-54.7434, -15.2438], [-54.7418, -15.2422], [-54.741, -15.239], [-54.7426, -15.2382], [-54.7434, -15.2349], [-54.7466, -15.2357], [-54.7498, -15.2325], [-54.7523, -15.2317], [-54.7531, -15.2325], [-54.7547, -15.2309], [-54.7563, -15.2317], [-54.7579, -15.2293], [-54.7595, -15.2293], [-54.7628, -15.226], [-54.7676, -15.2268], [-54.7692, -15.2293], [-54.7725, -15.2252], [-54.7725, -15.2204], [-54.7749, -15.2188], [-54.7757, -15.2163], [-54.7773, -15.2171], [-54.7773, -15.2139], [-54.779, -15.2123], [-54.7798, -15.2091], [-54.783, -15.2107], [-54.7887, -15.2099], [-54.7903, -15.2074], [-54.7943, -15.2066], [-54.7967, -15.205], [-54.7975, -15.2058], [-54.7992, -15.2034], [-54.8016, -15.2034], [-54.8024, -15.2018], [-54.8, -15.201], [-54.7992, -15.1961], [-54.8, -15.1953], [-54.7967, -15.1897], [-54.7967, -15.1872], [-54.7984, -15.1856], [-54.7943, -15.1824], [-54.7951, -15.18], [-54.7919, -15.1743], [-54.7935, -15.1727], [-54.7935, -15.1703], [-54.7919, -15.1686], [-54.7975, -15.1638], [-54.7975, -15.1606], [-54.7992, -15.1589], [-54.7975, -15.1549], [-54.7959, -15.1541], [-54.7951, -15.1476], [-54.7935, -15.1468], [-54.7943, -15.146], [-54.7935, -15.1452], [-54.7935, -15.1395], [-54.7919, -15.1379], [-54.7911, -15.1314]]]]}}, {"type": "Feature", "properties": {"cod": "668966", "nivel": 6, "nome": "Bacia do Córrego Gariroba", "rio": "Córrego Gariroba", "area": 214, "area_rm": 212, "lx": -54.5784, "ly": -15.1484}, "geometry": {"type": "MultiPolygon", "coordinates": [[[[-54.6585, -15.0522], [-54.6561, -15.053], [-54.6544, -15.0506], [-54.6512, -15.0506], [-54.6472, -15.0522], [-54.6447, -15.0498], [-54.6415, -15.0506], [-54.6334, -15.0449], [-54.6318, -15.0457], [-54.6278, -15.0441], [-54.627, -15.0449], [-54.6253, -15.0425], [-54.6229, -15.0417], [-54.6197, -15.0441], [-54.6148, -15.0433], [-54.614, -15.0417], [-54.6108, -15.0449], [-54.6092, -15.0449], [-54.6035, -15.049], [-54.5979, -15.0474], [-54.5962, -15.0449], [-54.5938, -15.0441], [-54.5914, -15.0417], [-54.5914, -15.0393], [-54.5833, -15.0385], [-54.5825, -15.0377], [-54.5809, -15.0393], [-54.5776, -15.0385], [-54.576, -15.0393], [-54.576, -15.0417], [-54.5728, -15.0457], [-54.572, -15.0498], [-54.5696, -15.0522], [-54.5679, -15.0522], [-54.5615, -15.0595], [-54.5566, -15.0603], [-54.555, -15.0635], [-54.5518, -15.0652], [-54.5518, -15.0668], [-54.5502, -15.0684], [-54.551, -15.0732], [-54.5502, -15.0765], [-54.5477, -15.0789], [-54.5477, -15.0813], [-54.5461, -15.0821], [-54.5437, -15.0862], [-54.5445, -15.091], [-54.5421, -15.0934], [-54.5437, -15.0967], [-54.5477, -15.0999], [-54.5485, -15.1032], [-54.5445, -15.1048], [-54.5413, -15.108], [-54.5332, -15.1088], [-54.5291, -15.1129], [-54.5251, -15.1129], [-54.5227, -15.1161], [-54.5202, -15.1169], [-54.5194, -15.1226], [-54.517, -15.1258], [-54.5186, -15.1331], [-54.521, -15.1355], [-54.5219, -15.1387], [-54.521, -15.1395], [-54.5227, -15.1411], [-54.5219, -15.142], [-54.5243, -15.1436], [-54.5235, -15.1468], [-54.5243, -15.1476], [-54.5243, -15.1517], [-54.5227, -15.1525], [-54.5219, -15.1517], [-54.521, -15.1541], [-54.5186, -15.1557], [-54.5194, -15.1565], [-54.5186, -15.1589], [-54.5194, -15.1606], [-54.5186, -15.1614], [-54.5202, -15.1686], [-54.5324, -15.1759], [-54.5324, -15.18], [-54.5332, -15.1808], [-54.5316, -15.1832], [-54.5324, -15.184], [-54.5324, -15.188], [-54.5356, -15.1929], [-54.5332, -15.2002], [-54.534, -15.2034], [-54.5332, -15.2058], [-54.5364, -15.2074], [-54.5372, -15.2107], [-54.5396, -15.2107], [-54.5413, -15.2131], [-54.5437, -15.2123], [-54.5477, -15.2155], [-54.5469, -15.2171], [-54.5477, -15.2196], [-54.5534, -15.2228], [-54.5566, -15.2228], [-54.559, -15.2252], [-54.5582, -15.226], [-54.5607, -15.2252], [-54.5631, -15.2277], [-54.5631, -15.226], [-54.5647, -15.2244], [-54.5663, -15.2244], [-54.5671, -15.2228], [-54.5704, -15.2236], [-54.5801, -15.2309], [-54.5817, -15.2366], [-54.5825, -15.2366], [-54.5849, -15.2244], [-54.5898, -15.218], [-54.5914, -15.218], [-54.593, -15.2155], [-54.5954, -15.2155], [-54.5946, -15.2131], [-54.6003, -15.2083], [-54.6003, -15.2066], [-54.6019, -15.205], [-54.6059, -15.2042], [-54.6116, -15.2066], [-54.614, -15.2066], [-54.6181, -15.2042], [-54.6221, -15.2034], [-54.6229, -15.2018], [-54.6294, -15.2018], [-54.6286, -15.1994], [-54.6302, -15.1977], [-54.6383, -15.1994], [-54.6367, -15.1913], [-54.6375, -15.1888], [-54.6358, -15.1888], [-54.6326, -15.1856], [-54.631, -15.1824], [-54.631, -15.18], [-54.6334, -15.1759], [-54.635, -15.1767], [-54.6342, -15.1743], [-54.6358, -15.1727], [-54.635, -15.1694], [-54.6358, -15.1678], [-54.6342, -15.1638], [-54.6367, -15.1589], [-54.6383, -15.1581], [-54.631, -15.1533], [-54.6318, -15.1509], [-54.6342, -15.1509], [-54.6334, -15.1476], [-54.6342, -15.1468], [-54.6326, -15.142], [-54.6294, -15.1387], [-54.6318, -15.1371], [-54.6334, -15.1331], [-54.6358, -15.1314], [-54.6367, -15.125], [-54.6358, -15.1242], [-54.6391, -15.1209], [-54.6391, -15.1193], [-54.6423, -15.1153], [-54.6415, -15.1137], [-54.6423, -15.112], [-54.6447, -15.1112], [-54.6464, -15.1056], [-54.6496, -15.1032], [-54.6488, -15.1023], [-54.6496, -15.1007], [-54.648, -15.0983], [-54.6456, -15.0975], [-54.6447, -15.0951], [-54.6399, -15.091], [-54.6407, -15.0886], [-54.6391, -15.087], [-54.6415, -15.0854], [-54.6407, -15.0797], [-54.6415, -15.0773], [-54.6447, -15.074], [-54.6456, -15.0684], [-54.6504, -15.066], [-54.6528, -15.0619], [-54.6569, -15.0619], [-54.6617, -15.0563], [-54.6617, -15.0546], [-54.6585, -15.0522]]]]}}, {"type": "Feature", "properties": {"cod": "668972", "nivel": 6, "nome": "Bacia do Córrego Cupim", "rio": "Córrego Cupim", "area": 144, "area_rm": 59, "lx": -54.7717, "ly": -15.4193}, "geometry": {"type": "MultiPolygon", "coordinates": [[[[-54.7062, -15.3942], [-54.711, -15.395], [-54.7143, -15.3974], [-54.7199, -15.3991], [-54.724, -15.4015], [-54.7296, -15.4071], [-54.7353, -15.4096], [-54.7385, -15.4144], [-54.7458, -15.4201], [-54.7523, -15.4282], [-54.7547, -15.4298], [-54.7571, -15.4298], [-54.7741, -15.4371], [-54.7887, -15.4387], [-54.8008, -15.4451], [-54.8048, -15.4484], [-54.817, -15.4532], [-54.8234, -15.4573], [-54.8275, -15.4573], [-54.8347, -15.4613], [-54.8412, -15.4629], [-54.8533, -15.4686], [-54.8582, -15.4742], [-54.8647, -15.4767], [-54.8687, -15.4799], [-54.8768, -15.4815], [-54.8978, -15.4953], [-54.9026, -15.4969], [-54.9075, -15.4969], [-54.9091, -15.4945], [-54.9083, -15.4904], [-54.9091, -15.4888], [-54.9059, -15.4839], [-54.9067, -15.4823], [-54.9043, -15.4799], [-54.9043, -15.4775], [-54.9059, -15.4751], [-54.9091, -15.4742], [-54.9091, -15.4726], [-54.9043, -15.4718], [-54.9018, -15.4726], [-54.9002, -15.471], [-54.9002, -15.4694], [-54.8986, -15.4686], [-54.8938, -15.4702], [-54.8889, -15.4637], [-54.8849, -15.4629], [-54.8832, -15.4637], [-54.8816, -15.4605], [-54.8792, -15.4597], [-54.8776, -15.4605], [-54.8744, -15.4548], [-54.8752, -15.4524], [-54.8687, -15.4484], [-54.8655, -15.4492], [-54.863, -15.4451], [-54.8606, -15.4451], [-54.8574, -15.4419], [-54.8582, -15.4411], [-54.8541, -15.4379], [-54.8549, -15.4354], [-54.8541, -15.4338], [-54.8525, -15.4338], [-54.8509, -15.4314], [-54.8469, -15.429], [-54.8444, -15.4298], [-54.842, -15.429], [-54.8412, -15.4298], [-54.8388, -15.429], [-54.838, -15.4298], [-54.8355, -15.429], [-54.8331, -15.4322], [-54.8299, -15.4314], [-54.8283, -15.433], [-54.8258, -15.4322], [-54.8226, -15.4338], [-54.821, -15.4314], [-54.8194, -15.4314], [-54.8153, -15.4282], [-54.8113, -15.4274], [-54.8113, -15.4257], [-54.8072, -15.4217], [-54.8081, -15.4193], [-54.8032, -15.4168], [-54.804, -15.4136], [-54.8032, -15.4128], [-54.8008, -15.4144], [-54.7975, -15.4128], [-54.7943, -15.4088], [-54.7919, -15.4088], [-54.7919, -15.4104], [-54.7903, -15.412], [-54.7862, -15.4104], [-54.7878, -15.4096], [-54.7878, -15.4063], [-54.787, -15.4055], [-54.7846, -15.4071], [-54.7838, -15.4047], [-54.7814, -15.4047], [-54.7798, -15.4031], [-54.7749, -15.4047], [-54.7709, -15.4015], [-54.7692, -15.4015], [-54.7676, -15.4031], [-54.7668, -15.4023], [-54.7652, -15.4039], [-54.7636, -15.4015], [-54.7579, -15.4015], [-54.7539, -15.4031], [-54.7515, -15.4023], [-54.7515, -15.4047], [-54.7498, -15.4055], [-54.7482, -15.4031], [-54.7442, -15.4007], [-54.7401, -15.4007], [-54.7329, -15.4079], [-54.7296, -15.4063], [-54.7256, -15.4015], [-54.7224, -15.4007], [-54.7199, -15.3982], [-54.7175, -15.3974], [-54.7167, -15.395], [-54.7175, -15.3942], [-54.7159, -15.3918], [-54.7135, -15.3918], [-54.7118, -15.3934], [-54.7127, -15.3942], [-54.7118, -15.395], [-54.7062, -15.3942]]]]}}, {"type": "Feature", "properties": {"cod": "668974", "nivel": 6, "nome": "Bacia do Córrego Jacuba (MT)", "rio": "Córrego Jacuba", "area": 240, "area_rm": 241, "lx": -54.8485, "ly": -15.1662}, "geometry": {"type": "MultiPolygon", "coordinates": [[[[-54.8574, -15.1056], [-54.8541, -15.1064], [-54.8525, -15.108], [-54.8509, -15.108], [-54.8493, -15.1056], [-54.8477, -15.1056], [-54.8469, -15.1072], [-54.8436, -15.1056], [-54.8412, -15.1064], [-54.8396, -15.1088], [-54.838, -15.108], [-54.8347, -15.1112], [-54.8339, -15.1145], [-54.8307, -15.1161], [-54.8323, -15.1177], [-54.8307, -15.1193], [-54.8275, -15.1201], [-54.8258, -15.1193], [-54.8194, -15.1234], [-54.8161, -15.1274], [-54.8113, -15.1266], [-54.8097, -15.1274], [-54.8064, -15.1258], [-54.8048, -15.1266], [-54.8032, -15.125], [-54.8, -15.1266], [-54.7984, -15.125], [-54.7967, -15.125], [-54.7943, -15.1274], [-54.7919, -15.1282], [-54.7911, -15.1306], [-54.7927, -15.1339], [-54.7927, -15.1379], [-54.7943, -15.1395], [-54.7943, -15.1452], [-54.7951, -15.146], [-54.7943, -15.1468], [-54.7959, -15.1476], [-54.7967, -15.1541], [-54.7984, -15.1549], [-54.8, -15.1589], [-54.7984, -15.1606], [-54.7984, -15.1638], [-54.7927, -15.1686], [-54.7943, -15.1703], [-54.7943, -15.1727], [-54.7927, -15.1743], [-54.7959, -15.18], [-54.7951, -15.1824], [-54.7992, -15.1856], [-54.7975, -15.1872], [-54.7975, -15.1897], [-54.8008, -15.1953], [-54.8, -15.1977], [-54.8008, -15.201], [-54.8032, -15.2018], [-54.8016, -15.2042], [-54.7992, -15.2042], [-54.7975, -15.2066], [-54.7967, -15.2058], [-54.7943, -15.2074], [-54.7903, -15.2083], [-54.7887, -15.2107], [-54.783, -15.2115], [-54.7798, -15.2099], [-54.7798, -15.2123], [-54.7781, -15.2139], [-54.7781, -15.2171], [-54.7773, -15.218], [-54.7757, -15.2171], [-54.7757, -15.2188], [-54.7733, -15.2204], [-54.7733, -15.2252], [-54.7692, -15.2301], [-54.7701, -15.2317], [-54.7676, -15.2333], [-54.7701, -15.2374], [-54.7676, -15.2414], [-54.7676, -15.2454], [-54.7701, -15.2479], [-54.7725, -15.2463], [-54.7765, -15.2495], [-54.779, -15.2495], [-54.7798, -15.2527], [-54.7822, -15.2519], [-54.7838, -15.2535], [-54.7854, -15.2527], [-54.787, -15.2543], [-54.787, -15.256], [-54.7846, -15.2592], [-54.7846, -15.2616], [-54.787, -15.2648], [-54.7878, -15.2681], [-54.7854, -15.2705], [-54.7862, -15.2729], [-54.783, -15.2762], [-54.7806, -15.277], [-54.7814, -15.2826], [-54.7838, -15.2859], [-54.7814, -15.2883], [-54.7806, -15.2915], [-54.7765, -15.2931], [-54.7749, -15.2956], [-54.7765, -15.298], [-54.7749, -15.2996], [-54.7757, -15.3012], [-54.7773, -15.3004], [-54.7798, -15.3037], [-54.783, -15.3045], [-54.787, -15.3085], [-54.7895, -15.3077], [-54.7903, -15.3085], [-54.7895, -15.3117], [-54.7911, -15.3134], [-54.7911, -15.315], [-54.7887, -15.3182], [-54.7903, -15.3206], [-54.7895, -15.3214], [-54.7911, -15.3231], [-54.7895, -15.3311], [-54.7919, -15.3352], [-54.7943, -15.3368], [-54.7992, -15.3352], [-54.8024, -15.3352], [-54.8048, -15.3368], [-54.8072, -15.336], [-54.8113, -15.3425], [-54.8202, -15.3457], [-54.8226, -15.3449], [-54.8234, -15.3465], [-54.8275, -15.3449], [-54.8267, -15.3425], [-54.8291, -15.3417], [-54.8315, -15.3384], [-54.8339, -15.3376], [-54.8339, -15.3352], [-54.8364, -15.3336], [-54.8364, -15.3311], [-54.8388, -15.3287], [-54.8388, -15.3263], [-54.8372, -15.3239], [-54.8396, -15.3214], [-54.8396, -15.319], [-54.8412, -15.3182], [-54.8428, -15.315], [-54.8404, -15.3142], [-54.8388, -15.315], [-54.838, -15.3142], [-54.8372, -15.3085], [-54.8388, -15.3028], [-54.8412, -15.3012], [-54.8396, -15.2988], [-54.8477, -15.2972], [-54.8477, -15.2948], [-54.8501, -15.2923], [-54.8477, -15.2875], [-54.8493, -15.2851], [-54.8469, -15.2834], [-54.8485, -15.2818], [-54.8493, -15.2721], [-54.8509, -15.2705], [-54.8541, -15.2697], [-54.8558, -15.2713], [-54.863, -15.2705], [-54.8647, -15.2689], [-54.8647, -15.2665], [-54.8711, -15.26], [-54.8687, -15.2568], [-54.8727, -15.2535], [-54.8752, -15.2495], [-54.8768, -15.2495], [-54.8792, -15.2471], [-54.8784, -15.2414], [-54.88, -15.2406], [-54.8816, -15.2414], [-54.8857, -15.2333], [-54.8857, -15.2285], [-54.8897, -15.2244], [-54.8889, -15.2236], [-54.8929, -15.2204], [-54.8929, -15.2188], [-54.8905, -15.2163], [-54.8913, -15.2139], [-54.8905, -15.2074], [-54.8913, -15.2066], [-54.8913, -15.2026], [-54.8889, -15.2018], [-54.8865, -15.1986], [-54.8897, -15.1953], [-54.8954, -15.1921], [-54.8962, -15.1888], [-54.9002, -15.1897], [-54.9035, -15.1864], [-54.9026, -15.1848], [-54.9067, -15.18], [-54.9067, -15.1783], [-54.9107, -15.1759], [-54.9115, -15.1743], [-54.9107, -15.1727], [-54.9115, -15.1719], [-54.9132, -15.1727], [-54.914, -15.1662], [-54.9115, -15.1606], [-54.9172, -15.1517], [-54.9196, -15.15], [-54.9188, -15.1444], [-54.9164, -15.1444], [-54.9156, -15.142], [-54.914, -15.142], [-54.9107, -15.1387], [-54.9051, -15.1355], [-54.9002, -15.1347], [-54.8962, -15.1314], [-54.8929, -15.1323], [-54.8913, -15.1314], [-54.8905, -15.1323], [-54.8881, -15.1306], [-54.8865, -15.1314], [-54.8849, -15.1306], [-54.88, -15.1242], [-54.88, -15.1201], [-54.8776, -15.1177], [-54.8768, -15.1153], [-54.8744, -15.1153], [-54.8695, -15.1112], [-54.8679, -15.112], [-54.8647, -15.1112], [-54.8622, -15.108], [-54.8614, -15.1088], [-54.859, -15.108], [-54.8574, -15.1056]]]]}}, {"type": "Feature", "properties": {"cod": "668976", "nivel": 6, "nome": "Bacia do Córrego Capitão Agostim", "rio": "Córrego Capitão Agostim", "area": 180, "area_rm": 180, "lx": -54.901, "ly": -15.4152}, "geometry": {"type": "MultiPolygon", "coordinates": [[[[-54.88, -15.3522], [-54.8832, -15.3554], [-54.876, -15.3619], [-54.8752, -15.3659], [-54.8735, -15.3683], [-54.8735, -15.3716], [-54.8703, -15.3748], [-54.8671, -15.3732], [-54.8638, -15.3764], [-54.8655, -15.3805], [-54.8638, -15.3829], [-54.8671, -15.3861], [-54.8663, -15.3885], [-54.8647, -15.3902], [-54.8614, -15.391], [-54.8614, -15.3934], [-54.859, -15.3966], [-54.8541, -15.3974], [-54.8549, -15.4007], [-54.8509, -15.4071], [-54.8541, -15.4088], [-54.8533, -15.4128], [-54.8541, -15.4136], [-54.8525, -15.4152], [-54.8517, -15.4193], [-54.8525, -15.4201], [-54.8501, -15.4217], [-54.8509, -15.4241], [-54.8477, -15.4257], [-54.8461, -15.4282], [-54.8549, -15.4338], [-54.8558, -15.4354], [-54.8549, -15.4379], [-54.859, -15.4411], [-54.8582, -15.4419], [-54.8606, -15.4443], [-54.863, -15.4443], [-54.8655, -15.4484], [-54.8687, -15.4476], [-54.8727, -15.4508], [-54.8744, -15.4508], [-54.876, -15.4524], [-54.8752, -15.4548], [-54.8768, -15.4565], [-54.8776, -15.4597], [-54.88, -15.4589], [-54.8816, -15.4597], [-54.8832, -15.4629], [-54.8873, -15.4621], [-54.8889, -15.4629], [-54.8938, -15.4694], [-54.8986, -15.4678], [-54.901, -15.4694], [-54.9018, -15.4718], [-54.9067, -15.471], [-54.9091, -15.4718], [-54.9099, -15.4742], [-54.9091, -15.4751], [-54.9164, -15.4742], [-54.9196, -15.4726], [-54.9221, -15.4734], [-54.9237, -15.4759], [-54.9253, -15.4734], [-54.9293, -15.4742], [-54.9309, -15.4726], [-54.9366, -15.4734], [-54.9382, -15.4718], [-54.9398, -15.4734], [-54.9447, -15.4734], [-54.9455, -15.4742], [-54.9495, -15.4726], [-54.9528, -15.4742], [-54.9584, -15.4751], [-54.9609, -15.4775], [-54.9633, -15.4783], [-54.9625, -15.4807], [-54.9633, -15.4839], [-54.9665, -15.4848], [-54.9673, -15.4872], [-54.9738, -15.4864], [-54.9778, -15.4888], [-54.9795, -15.4928], [-54.9835, -15.4936], [-54.9883, -15.4969], [-54.9908, -15.4961], [-54.9916, -15.4993], [-54.9924, -15.4985], [-54.9948, -15.5009], [-54.9948, -15.5025], [-54.9964, -15.5025], [-54.9981, -15.505], [-55.0061, -15.5058], [-55.0102, -15.5082], [-55.0118, -15.5106], [-55.0158, -15.5131], [-55.0175, -15.5163], [-55.0166, -15.5195], [-55.0175, -15.5203], [-55.0191, -15.5203], [-55.0231, -15.5236], [-55.0272, -15.5236], [-55.028, -15.5252], [-55.032, -15.5252], [-55.0328, -15.526], [-55.0377, -15.5252], [-55.0417, -15.5228], [-55.0417, -15.5187], [-55.0425, -15.5179], [-55.0417, -15.5155], [-55.0433, -15.5139], [-55.0425, -15.5106], [-55.0449, -15.5082], [-55.0474, -15.5082], [-55.0482, -15.5025], [-55.0466, -15.5009], [-55.0466, -15.4969], [-55.049, -15.4953], [-55.0498, -15.492], [-55.0538, -15.4888], [-55.0619, -15.488], [-55.0603, -15.4759], [-55.0571, -15.4726], [-55.0563, -15.4686], [-55.0538, -15.4686], [-55.0522, -15.467], [-55.0482, -15.4678], [-55.0458, -15.4654], [-55.0433, -15.4662], [-55.0377, -15.4637], [-55.0352, -15.4613], [-55.0312, -15.4621], [-55.0296, -15.4605], [-55.0272, -15.4613], [-55.0255, -15.4605], [-55.0207, -15.454], [-55.0215, -15.4516], [-55.0183, -15.4476], [-55.015, -15.4468], [-55.0126, -15.4435], [-55.0102, -15.4435], [-55.0086, -15.4419], [-55.0069, -15.4427], [-55.0045, -15.4419], [-55.0037, -15.4427], [-54.9989, -15.4403], [-54.99, -15.4435], [-54.9786, -15.4387], [-54.9762, -15.4403], [-54.9746, -15.4387], [-54.9738, -15.4403], [-54.9722, -15.4387], [-54.9673, -15.4379], [-54.9665, -15.4346], [-54.9641, -15.4314], [-54.9576, -15.4257], [-54.9576, -15.4225], [-54.9552, -15.4193], [-54.9544, -15.416], [-54.952, -15.4136], [-54.9536, -15.412], [-54.9536, -15.4096], [-54.9512, -15.4063], [-54.952, -15.4055], [-54.9512, -15.4023], [-54.9487, -15.4015], [-54.9463, -15.3991], [-54.9431, -15.3999], [-54.9415, -15.3982], [-54.9439, -15.395], [-54.9447, -15.3918], [-54.9415, -15.3902], [-54.9406, -15.3869], [-54.9374, -15.3845], [-54.935, -15.3797], [-54.9374, -15.3772], [-54.935, -15.3764], [-54.9334, -15.3724], [-54.9301, -15.3716], [-54.9293, -15.3675], [-54.9301, -15.3667], [-54.9221, -15.3619], [-54.918, -15.3611], [-54.9164, -15.3627], [-54.914, -15.3627], [-54.9099, -15.3602], [-54.9051, -15.3602], [-54.9026, -15.3578], [-54.9002, -15.3602], [-54.8954, -15.3594], [-54.8921, -15.3627], [-54.8897, -15.3611], [-54.8881, -15.357], [-54.8865, -15.357], [-54.8849, -15.3554], [-54.8841, -15.353], [-54.88, -15.3522]]]]}}, {"type": "Feature", "properties": {"cod": "668992", "nivel": 6, "nome": "Bacia do Córrego Lajes", "rio": "Córrego Lajes", "area": 100, "area_rm": 101, "lx": -55.1137, "ly": -15.4565}, "geometry": {"type": "MultiPolygon", "coordinates": [[[[-55.0749, -15.3611], [-55.0732, -15.3627], [-55.0732, -15.3675], [-55.0708, -15.3683], [-55.07, -15.3675], [-55.0692, -15.3716], [-55.07, -15.3724], [-55.0684, -15.374], [-55.0676, -15.3732], [-55.0668, -15.3772], [-55.0652, -15.3788], [-55.0652, -15.3805], [-55.0676, -15.3813], [-55.0676, -15.3829], [-55.0635, -15.3894], [-55.0603, -15.3902], [-55.0595, -15.3942], [-55.0627, -15.395], [-55.0652, -15.3974], [-55.0643, -15.3991], [-55.0619, -15.3999], [-55.0652, -15.4023], [-55.0643, -15.4031], [-55.0652, -15.4063], [-55.0684, -15.4079], [-55.07, -15.4063], [-55.0716, -15.4079], [-55.0724, -15.4136], [-55.0757, -15.4128], [-55.0797, -15.4144], [-55.0805, -15.416], [-55.0789, -15.4185], [-55.0829, -15.4209], [-55.0813, -15.4225], [-55.0829, -15.4249], [-55.0821, -15.429], [-55.0797, -15.4298], [-55.0789, -15.4338], [-55.0821, -15.4371], [-55.0813, -15.4419], [-55.0829, -15.4443], [-55.0829, -15.4484], [-55.0805, -15.4508], [-55.0829, -15.4565], [-55.0757, -15.4605], [-55.0732, -15.4645], [-55.0724, -15.4637], [-55.0684, -15.4645], [-55.0619, -15.4678], [-55.0635, -15.471], [-55.0619, -15.4726], [-55.0619, -15.4742], [-55.0603, -15.4751], [-55.0619, -15.4799], [-55.0619, -15.4864], [-55.0635, -15.4888], [-55.0668, -15.4904], [-55.0708, -15.4904], [-55.0724, -15.492], [-55.0724, -15.4945], [-55.0765, -15.4945], [-55.0781, -15.4961], [-55.0797, -15.4953], [-55.0805, -15.4928], [-55.0829, -15.4936], [-55.0846, -15.4912], [-55.0862, -15.4912], [-55.0902, -15.4945], [-55.0935, -15.4936], [-55.0951, -15.4969], [-55.0967, -15.4977], [-55.0951, -15.5042], [-55.0967, -15.509], [-55.0991, -15.5098], [-55.0999, -15.5122], [-55.1032, -15.5155], [-55.1056, -15.5163], [-55.1088, -15.5155], [-55.1104, -15.5171], [-55.1096, -15.5187], [-55.1169, -15.5219], [-55.1193, -15.5244], [-55.1209, -15.5244], [-55.1226, -15.526], [-55.1226, -15.5276], [-55.1282, -15.5292], [-55.1323, -15.5341], [-55.1355, -15.5349], [-55.1371, -15.5365], [-55.1403, -15.5325], [-55.1452, -15.5325], [-55.1468, -15.5308], [-55.15, -15.5325], [-55.1509, -15.5292], [-55.15, -15.5276], [-55.1517, -15.526], [-55.1517, -15.5244], [-55.1476, -15.5171], [-55.1484, -15.5139], [-55.1476, -15.5114], [-55.1436, -15.5058], [-55.1363, -15.5001], [-55.1371, -15.4969], [-55.1306, -15.4904], [-55.1306, -15.4864], [-55.1298, -15.4856], [-55.1363, -15.4799], [-55.1379, -15.4807], [-55.1403, -15.4791], [-55.142, -15.4767], [-55.1403, -15.4734], [-55.1452, -15.4686], [-55.1444, -15.4645], [-55.1468, -15.4629], [-55.146, -15.4597], [-55.1476, -15.4589], [-55.1476, -15.4556], [-55.1452, -15.4476], [-55.1468, -15.4443], [-55.146, -15.4427], [-55.1476, -15.4411], [-55.1452, -15.4387], [-55.146, -15.4379], [-55.1452, -15.4346], [-55.146, -15.433], [-55.1444, -15.4306], [-55.1452, -15.4298], [-55.1428, -15.429], [-55.1403, -15.4314], [-55.1355, -15.4298], [-55.1315, -15.4306], [-55.129, -15.429], [-55.129, -15.4257], [-55.1217, -15.4265], [-55.1201, -15.4241], [-55.1209, -15.4225], [-55.1177, -15.4193], [-55.1185, -15.4168], [-55.1153, -15.4144], [-55.1153, -15.4112], [-55.1177, -15.4096], [-55.1177, -15.4063], [-55.1161, -15.4023], [-55.1185, -15.4007], [-55.1161, -15.3991], [-55.1088, -15.3991], [-55.1072, -15.3966], [-55.1072, -15.3918], [-55.1032, -15.3902], [-55.1007, -15.3877], [-55.0999, -15.3885], [-55.0983, -15.3869], [-55.0983, -15.3853], [-55.0959, -15.3845], [-55.0959, -15.3821], [-55.091, -15.3756], [-55.091, -15.3732], [-55.0886, -15.3724], [-55.0862, -15.3691], [-55.087, -15.3667], [-55.0821, -15.3619], [-55.0765, -15.3627], [-55.0749, -15.3611]]]]}}, {"type": "Feature", "properties": {"cod": "689654", "nivel": 6, "nome": "Bacia do Rio Piraim", "rio": "Rio Piraim", "area": 1275, "area_rm": 1045, "lx": -56.0976, "ly": -16.1283}, "geometry": {"type": "MultiPolygon", "coordinates": [[[[-56.1412, -15.9375], [-56.1396, -15.9407], [-56.1356, -15.9424], [-56.1364, -15.944], [-56.1332, -15.9456], [-56.1299, -15.9488], [-56.1251, -15.9488], [-56.1243, -15.948], [-56.1218, -15.9488], [-56.1218, -15.9521], [-56.1235, -15.9545], [-56.1218, -15.9577], [-56.1186, -15.9545], [-56.117, -15.9545], [-56.1154, -15.9626], [-56.1113, -15.9666], [-56.1065, -15.9674], [-56.1057, -15.969], [-56.0976, -15.969], [-56.0968, -15.9682], [-56.096, -15.9723], [-56.0927, -15.9763], [-56.0935, -15.9804], [-56.0919, -15.9844], [-56.0903, -15.986], [-56.0879, -15.9868], [-56.0855, -15.986], [-56.083, -15.9876], [-56.0847, -15.9949], [-56.0871, -15.999], [-56.0871, -16.0014], [-56.0855, -16.003], [-56.083, -16.0014], [-56.0822, -16.0022], [-56.083, -16.0062], [-56.0822, -16.0078], [-56.083, -16.0087], [-56.0798, -16.0119], [-56.0774, -16.0111], [-56.0766, -16.0135], [-56.0741, -16.0127], [-56.0717, -16.0159], [-56.0685, -16.0143], [-56.0669, -16.0111], [-56.0644, -16.0103], [-56.0652, -16.007], [-56.0644, -16.0062], [-56.0685, -16.003], [-56.0693, -15.9981], [-56.0733, -15.9957], [-56.0709, -15.9901], [-56.0652, -15.9949], [-56.0644, -15.9941], [-56.0604, -15.9941], [-56.0572, -15.9981], [-56.0523, -15.9973], [-56.0507, -15.9998], [-56.0515, -16.0022], [-56.0483, -16.007], [-56.0507, -16.0103], [-56.0491, -16.0135], [-56.0475, -16.0135], [-56.0475, -16.0184], [-56.0491, -16.0192], [-56.0483, -16.0208], [-56.0467, -16.0208], [-56.0434, -16.0184], [-56.0402, -16.0208], [-56.0394, -16.0232], [-56.037, -16.024], [-56.0378, -16.0281], [-56.0361, -16.0297], [-56.0345, -16.0297], [-56.0329, -16.0321], [-56.0248, -16.0337], [-56.0232, -16.0321], [-56.0192, -16.0361], [-56.0192, -16.0394], [-56.0159, -16.0418], [-56.0143, -16.041], [-56.0095, -16.0442], [-56.0078, -16.0467], [-56.0087, -16.0515], [-56.0078, -16.0523], [-55.9957, -16.0499], [-55.9893, -16.0507], [-55.9876, -16.0555], [-55.9901, -16.0588], [-55.9893, -16.0596], [-55.9747, -16.0628], [-55.9747, -16.0669], [-55.9698, -16.0685], [-55.9682, -16.0749], [-55.9658, -16.0758], [-55.9642, -16.0749], [-55.9634, -16.0782], [-55.961, -16.0782], [-55.9593, -16.0798], [-55.9593, -16.0814], [-55.961, -16.0822], [-55.9585, -16.0879], [-55.9521, -16.0879], [-55.9521, -16.0903], [-55.9553, -16.0935], [-55.9537, -16.096], [-55.9601, -16.1032], [-55.9601, -16.1065], [-55.9577, -16.1089], [-55.9553, -16.1081], [-55.9488, -16.1138], [-55.948, -16.1162], [-55.9456, -16.1178], [-55.9448, -16.121], [-55.9464, -16.1251], [-55.9432, -16.1259], [-55.944, -16.1364], [-55.9416, -16.1421], [-55.9416, -16.1453], [-55.9448, -16.1469], [-55.9448, -16.1534], [-55.9464, -16.1566], [-55.9488, -16.1582], [-55.948, -16.1631], [-55.9496, -16.1647], [-55.9545, -16.1639], [-55.9553, -16.1663], [-55.9545, -16.1687], [-55.9577, -16.1687], [-55.9593, -16.1712], [-55.9601, -16.1703], [-55.9642, -16.1712], [-55.965, -16.1703], [-55.9698, -16.1752], [-55.9698, -16.1776], [-55.9723, -16.1792], [-55.9723, -16.1809], [-55.9747, -16.1825], [-55.9755, -16.1849], [-55.9779, -16.1865], [-55.9771, -16.1881], [-55.9747, -16.1881], [-55.9755, -16.1914], [-55.9771, -16.193], [-55.9747, -16.1946], [-55.9731, -16.1938], [-55.9723, -16.1946], [-55.9723, -16.1962], [-55.9747, -16.1995], [-55.9787, -16.2019], [-55.9868, -16.2027], [-55.9925, -16.2011], [-55.9981, -16.1978], [-55.9957, -16.1954], [-55.9981, -16.193], [-56.0038, -16.1954], [-56.0046, -16.1995], [-56.0022, -16.2043], [-56.0078, -16.2051], [-56.0103, -16.2075], [-56.0135, -16.2156], [-56.0135, -16.2302], [-56.0184, -16.2286], [-56.0159, -16.2156], [-56.0192, -16.2148], [-56.0216, -16.2172], [-56.024, -16.2221], [-56.024, -16.2269], [-56.0256, -16.231], [-56.024, -16.2334], [-56.0151, -16.2375], [-56.0135, -16.2407], [-56.0151, -16.2431], [-56.0143, -16.2496], [-56.0127, -16.252], [-56.0135, -16.2544], [-56.0151, -16.2552], [-56.0167, -16.2528], [-56.0232, -16.2528], [-56.0248, -16.2544], [-56.0224, -16.2577], [-56.02, -16.256], [-56.0175, -16.2585], [-56.0175, -16.2609], [-56.0184, -16.2625], [-56.0216, -16.2633], [-56.0232, -16.2674], [-56.0248, -16.2666], [-56.0256, -16.269], [-56.0297, -16.2722], [-56.0289, -16.2746], [-56.0297, -16.2755], [-56.0353, -16.2706], [-56.0426, -16.2738], [-56.0491, -16.2738], [-56.0515, -16.2698], [-56.0539, -16.2706], [-56.0547, -16.2746], [-56.0531, -16.2787], [-56.0499, -16.2819], [-56.0434, -16.2819], [-56.0442, -16.2835], [-56.0499, -16.2852], [-56.0491, -16.2892], [-56.0475, -16.2884], [-56.0475, -16.2868], [-56.0458, -16.2868], [-56.0458, -16.29], [-56.0499, -16.294], [-56.0507, -16.2981], [-56.058, -16.2973], [-56.0612, -16.2981], [-56.0636, -16.2973], [-56.0661, -16.2949], [-56.0669, -16.2908], [-56.0685, -16.2892], [-56.0725, -16.2932], [-56.0725, -16.2973], [-56.0693, -16.3021], [-56.0644, -16.3029], [-56.0644, -16.307], [-56.0628, -16.311], [-56.0669, -16.3151], [-56.0725, -16.3143], [-56.0758, -16.3102], [-56.0774, -16.3102], [-56.0806, -16.3135], [-56.0814, -16.3159], [-56.0806, -16.3167], [-56.0806, -16.3215], [-56.0822, -16.3248], [-56.0798, -16.3256], [-56.0774, -16.3248], [-56.0758, -16.328], [-56.0766, -16.3288], [-56.0782, -16.328], [-56.0814, -16.3312], [-56.0838, -16.3312], [-56.0871, -16.3296], [-56.0911, -16.3256], [-56.0927, -16.3223], [-56.0927, -16.3159], [-56.0935, -16.3151], [-56.1, -16.3151], [-56.1024, -16.3175], [-56.1016, -16.3248], [-56.1032, -16.3264], [-56.1065, -16.3256], [-56.1081, -16.3207], [-56.1097, -16.3191], [-56.1105, -16.3215], [-56.1089, -16.3264], [-56.1105, -16.328], [-56.1105, -16.3296], [-56.1121, -16.3312], [-56.1186, -16.332], [-56.1202, -16.328], [-56.1194, -16.3135], [-56.1218, -16.3126], [-56.1235, -16.3143], [-56.1227, -16.328], [-56.1235, -16.3296], [-56.1275, -16.332], [-56.1267, -16.3345], [-56.121, -16.3361], [-56.1227, -16.3377], [-56.1307, -16.3385], [-56.1315, -16.3353], [-56.1332, -16.3337], [-56.1348, -16.3337], [-56.138, -16.3369], [-56.1332, -16.3426], [-56.1332, -16.3442], [-56.1388, -16.3409], [-56.1421, -16.3417], [-56.1437, -16.3361], [-56.1461, -16.3361], [-56.1493, -16.3385], [-56.1518, -16.3385], [-56.155, -16.3426], [-56.155, -16.3458], [-56.1453, -16.3563], [-56.1453, -16.3587], [-56.1421, -16.3628], [-56.1421, -16.3644], [-56.1469, -16.366], [-56.1477, -16.3652], [-56.1518, -16.3652], [-56.1526, -16.366], [-56.1566, -16.366], [-56.1607, -16.3628], [-56.1671, -16.3547], [-56.1695, -16.3531], [-56.1728, -16.3531], [-56.1768, -16.3563], [-56.1784, -16.3595], [-56.1776, -16.362], [-56.1736, -16.366], [-56.1736, -16.3676], [-56.1792, -16.3733], [-56.1809, -16.3733], [-56.1833, -16.3717], [-56.1833, -16.3684], [-56.1801, -16.3628], [-56.1809, -16.3587], [-56.1833, -16.3571], [-56.1865, -16.3595], [-56.1906, -16.3587], [-56.1922, -16.3539], [-56.1946, -16.3514], [-56.1986, -16.3547], [-56.2003, -16.3579], [-56.2003, -16.3612], [-56.2035, -16.366], [-56.2051, -16.3668], [-56.2067, -16.3644], [-56.2075, -16.3676], [-56.2108, -16.3692], [-56.21, -16.3709], [-56.2067, -16.3717], [-56.2075, -16.3749], [-56.2067, -16.3757], [-56.21, -16.3797], [-56.2124, -16.3781], [-56.214, -16.3822], [-56.2092, -16.3862], [-56.2051, -16.3846], [-56.2043, -16.3822], [-56.2035, -16.3822], [-56.2051, -16.3862], [-56.2084, -16.3878], [-56.2108, -16.3878], [-56.2132, -16.3911], [-56.2116, -16.3927], [-56.21, -16.3927], [-56.2108, -16.3959], [-56.214, -16.3967], [-56.2148, -16.3991], [-56.2172, -16.4], [-56.2213, -16.3983], [-56.2253, -16.3943], [-56.2278, -16.3943], [-56.2294, -16.3959], [-56.2326, -16.3959], [-56.2318, -16.3903], [-56.2342, -16.3894], [-56.2407, -16.3927], [-56.2463, -16.3975], [-56.2488, -16.3983], [-56.252, -16.3967], [-56.2536, -16.3983], [-56.2544, -16.4024], [-56.2536, -16.4048], [-56.2544, -16.4056], [-56.2577, -16.4048], [-56.2585, -16.4016], [-56.2649, -16.3943], [-56.2666, -16.3951], [-56.2674, -16.3991], [-56.2649, -16.4032], [-56.2649, -16.4113], [-56.2674, -16.4089], [-56.273, -16.4089], [-56.2779, -16.4016], [-56.2803, -16.404], [-56.2843, -16.4048], [-56.2852, -16.4089], [-56.2876, -16.4089], [-56.2884, -16.408], [-56.2827, -16.4016], [-56.2827, -16.3991], [-56.2852, -16.3967], [-56.2884, -16.3991], [-56.2892, -16.4032], [-56.2908, -16.4056], [-56.2957, -16.4008], [-56.2981, -16.4008], [-56.3005, -16.3991], [-56.2997, -16.3935], [-56.2973, -16.3894], [-56.2965, -16.3741], [-56.2868, -16.3636], [-56.2852, -16.3603], [-56.2787, -16.3547], [-56.2746, -16.3539], [-56.269, -16.3498], [-56.2682, -16.3458], [-56.2658, -16.3426], [-56.2658, -16.3393], [-56.2633, -16.3377], [-56.2625, -16.3345], [-56.2593, -16.3329], [-56.2585, -16.3296], [-56.2544, -16.3288], [-56.252, -16.3264], [-56.2496, -16.3199], [-56.2472, -16.3167], [-56.2472, -16.3094], [-56.2463, -16.3078], [-56.2472, -16.3054], [-56.2463, -16.3037], [-56.2472, -16.3029], [-56.2472, -16.2965], [-56.2455, -16.2932], [-56.2455, -16.2908], [-56.248, -16.2876], [-56.2488, -16.2843], [-56.2472, -16.2779], [-56.2447, -16.273], [-56.2423, -16.2601], [-56.2391, -16.2544], [-56.231, -16.2463], [-56.2261, -16.2439], [-56.2221, -16.2399], [-56.2189, -16.2334], [-56.2172, -16.2269], [-56.2181, -16.2245], [-56.2172, -16.2035], [-56.2181, -16.2003], [-56.2164, -16.197], [-56.2156, -16.1889], [-56.2164, -16.1881], [-56.2714, -16.193], [-56.269, -16.1922], [-56.2682, -16.193], [-56.2633, -16.1898], [-56.2649, -16.1881], [-56.2633, -16.1849], [-56.2641, -16.1825], [-56.2617, -16.1792], [-56.2569, -16.1768], [-56.252, -16.1728], [-56.2528, -16.1712], [-56.2544, -16.1712], [-56.2544, -16.1695], [-56.252, -16.1671], [-56.2528, -16.1631], [-56.2561, -16.1615], [-56.2577, -16.1639], [-56.2617, -16.1631], [-56.2625, -16.1615], [-56.2609, -16.1598], [-56.2617, -16.155], [-56.2641, -16.1534], [-56.2649, -16.1509], [-56.2682, -16.1518], [-56.2698, -16.1509], [-56.269, -16.1485], [-56.2698, -16.1445], [-56.2674, -16.1429], [-56.2666, -16.1412], [-56.2674, -16.1388], [-56.2633, -16.1324], [-56.2649, -16.1307], [-56.2649, -16.1283], [-56.2544, -16.1275], [-56.2536, -16.1267], [-56.252, -16.1283], [-56.2488, -16.1275], [-56.2504, -16.1243], [-56.2496, -16.1218], [-56.2455, -16.1178], [-56.2431, -16.117], [-56.2366, -16.1089], [-56.2366, -16.1049], [-56.2358, -16.1041], [-56.235, -16.1049], [-56.231, -16.1049], [-56.2294, -16.1032], [-56.2286, -16.1], [-56.2302, -16.0984], [-56.2302, -16.0968], [-56.2245, -16.0911], [-56.2245, -16.0887], [-56.2205, -16.0846], [-56.2205, -16.0814], [-56.2116, -16.0709], [-56.2116, -16.0693], [-56.2059, -16.0652], [-56.2059, -16.0636], [-56.2027, -16.0612], [-56.1995, -16.0564], [-56.197, -16.0564], [-56.1922, -16.0612], [-56.1906, -16.0604], [-56.1889, -16.0572], [-56.1889, -16.0539], [-56.1906, -16.0531], [-56.1914, -16.0483], [-56.1954, -16.0458], [-56.1922, -16.0434], [-56.193, -16.0418], [-56.1906, -16.0426], [-56.1873, -16.0394], [-56.1873, -16.0353], [-56.1849, -16.0345], [-56.1849, -16.0297], [-56.1817, -16.024], [-56.1801, -16.0232], [-56.1809, -16.0224], [-56.1801, -16.0216], [-56.1817, -16.02], [-56.1833, -16.02], [-56.1849, -16.0184], [-56.1841, -16.0119], [-56.1857, -16.0103], [-56.1881, -16.0103], [-56.1906, -16.0087], [-56.1906, -16.007], [-56.1922, -16.0054], [-56.193, -16.0062], [-56.1946, -16.0046], [-56.1938, -15.9998], [-56.1946, -15.999], [-56.2011, -15.9981], [-56.2084, -15.9933], [-56.21, -15.9901], [-56.2116, -15.9901], [-56.2132, -15.9917], [-56.2156, -15.9917], [-56.2189, -15.9876], [-56.2172, -15.9836], [-56.2189, -15.9787], [-56.2172, -15.9771], [-56.2181, -15.9739], [-56.2156, -15.9658], [-56.2189, -15.9642], [-56.2181, -15.9634], [-56.2189, -15.9618], [-56.2148, -15.961], [-56.2132, -15.9634], [-56.2092, -15.9593], [-56.2043, -15.9577], [-56.2011, -15.9537], [-56.1978, -15.9529], [-56.1962, -15.9545], [-56.1946, -15.9537], [-56.193, -15.9553], [-56.193, -15.9569], [-56.1849, -15.965], [-56.1833, -15.965], [-56.1792, -15.9601], [-56.1784, -15.961], [-56.176, -15.9601], [-56.1736, -15.961], [-56.172, -15.9626], [-56.1655, -15.9585], [-56.1631, -15.961], [-56.159, -15.9569], [-56.1566, -15.9569], [-56.1526, -15.9537], [-56.1518, -15.9496], [-56.1501, -15.948], [-56.1501, -15.9456], [-56.1453, -15.9424], [-56.1429, -15.9391], [-56.1429, -15.9375], [-56.1412, -15.9375]]]]}}, {"type": "Feature", "properties": {"cod": "689658", "nivel": 6, "nome": "Bacia do Córrego Baia do Félix, Rio Cuiabá, Córrego Baía do Félix", "rio": "Córrego Baia do Félix, Rio Cuiabá, Córrego Baía do Félix", "area": 1898, "area_rm": 15, "lx": -55.5147, "ly": -16.6942}, "geometry": {"type": "MultiPolygon", "coordinates": [[[[-55.5106, -16.6724], [-55.5074, -16.6748], [-55.5082, -16.6781], [-55.5042, -16.6829], [-55.5017, -16.6821], [-55.5025, -16.6862], [-55.5009, -16.6878], [-55.5017, -16.6926], [-55.4993, -16.6951], [-55.4985, -16.6983], [-55.4993, -16.6975], [-55.5034, -16.7031], [-55.505, -16.7031], [-55.5082, -16.7064], [-55.5122, -16.708], [-55.5139, -16.7104], [-55.5179, -16.712], [-55.5211, -16.712], [-55.5228, -16.7136], [-55.5219, -16.7161], [-55.5236, -16.7193], [-55.5219, -16.7274], [-55.5236, -16.7314], [-55.5219, -16.7331], [-55.5219, -16.7347], [-55.5244, -16.7363], [-55.5252, -16.7387], [-55.5236, -16.7403], [-55.5228, -16.7444], [-55.5236, -16.746], [-55.5308, -16.7484], [-55.5333, -16.7452], [-55.5333, -16.7428], [-55.5325, -16.7419], [-55.5325, -16.7355], [-55.5316, -16.7347], [-55.5316, -16.7282], [-55.5308, -16.7274], [-55.5308, -16.7209], [-55.53, -16.7201], [-55.5292, -16.7072], [-55.5284, -16.7064], [-55.5252, -16.6724], [-55.5244, -16.6716], [-55.5179, -16.6724], [-55.5163, -16.6716], [-55.5147, -16.6732], [-55.5122, -16.6732], [-55.5106, -16.6724]]]]}}, {"type": "Feature", "properties": {"cod": "689662", "nivel": 6, "nome": "Bacia do Ribeirão da Estiva", "rio": "Ribeirão da Estiva", "area": 725, "area_rm": 443, "lx": -55.623, "ly": -15.9286}, "geometry": {"type": "MultiPolygon", "coordinates": [[[[-55.5616, -15.8478], [-55.5575, -15.8534], [-55.5511, -15.8542], [-55.5454, -15.8575], [-55.5454, -15.8591], [-55.5438, -15.8607], [-55.5414, -15.8607], [-55.5381, -15.8623], [-55.5389, -15.8656], [-55.5341, -15.8704], [-55.5333, -15.8736], [-55.5381, -15.8769], [-55.5405, -15.8769], [-55.5446, -15.8809], [-55.5454, -15.8866], [-55.5478, -15.8882], [-55.547, -15.8906], [-55.5486, -15.8914], [-55.5486, -15.893], [-55.5535, -15.8979], [-55.5535, -15.8995], [-55.5559, -15.9019], [-55.5567, -15.9092], [-55.5559, -15.9108], [-55.5599, -15.9141], [-55.5599, -15.9157], [-55.5688, -15.9213], [-55.5672, -15.9262], [-55.5705, -15.931], [-55.5737, -15.9327], [-55.5729, -15.9351], [-55.5753, -15.9375], [-55.5737, -15.9424], [-55.5721, -15.944], [-55.5737, -15.9456], [-55.5729, -15.948], [-55.5745, -15.948], [-55.5794, -15.9512], [-55.5818, -15.9512], [-55.585, -15.9545], [-55.5858, -15.9585], [-55.5931, -15.9658], [-55.5931, -15.9682], [-55.5963, -15.9715], [-55.6012, -15.9812], [-55.6068, -15.9812], [-55.6076, -15.9804], [-55.6109, -15.9836], [-55.6117, -15.9884], [-55.6109, -15.9892], [-55.6254, -15.9957], [-55.6287, -15.999], [-55.6311, -15.9998], [-55.6384, -16.007], [-55.644, -16.0159], [-55.6489, -16.0208], [-55.6513, -16.0256], [-55.661, -16.0337], [-55.6634, -16.0378], [-55.6699, -16.0426], [-55.6723, -16.0491], [-55.6748, -16.0515], [-55.6748, -16.0531], [-55.682, -16.0588], [-55.6836, -16.0636], [-55.6861, -16.0661], [-55.6885, -16.0661], [-55.6909, -16.0677], [-55.6933, -16.0669], [-55.6974, -16.0677], [-55.699, -16.0693], [-55.7039, -16.0677], [-55.7079, -16.0709], [-55.7111, -16.0717], [-55.7119, -16.0774], [-55.7103, -16.0782], [-55.7136, -16.0814], [-55.7176, -16.0798], [-55.72, -16.0838], [-55.7241, -16.0871], [-55.7241, -16.0903], [-55.7225, -16.0919], [-55.7233, -16.0935], [-55.7216, -16.0952], [-55.7216, -16.0968], [-55.7249, -16.1], [-55.7257, -16.1032], [-55.7297, -16.1032], [-55.7313, -16.1057], [-55.733, -16.1057], [-55.7338, -16.1073], [-55.7362, -16.1081], [-55.7451, -16.1081], [-55.7467, -16.1089], [-55.7491, -16.1073], [-55.7516, -16.1097], [-55.7532, -16.1089], [-55.754, -16.1113], [-55.7556, -16.1121], [-55.7556, -16.1138], [-55.758, -16.1162], [-55.7629, -16.1154], [-55.7637, -16.1129], [-55.7645, -16.1154], [-55.7685, -16.1154], [-55.7693, -16.1146], [-55.7734, -16.117], [-55.775, -16.1202], [-55.775, -16.1251], [-55.7734, -16.1259], [-55.7734, -16.1275], [-55.771, -16.1299], [-55.7669, -16.1315], [-55.7669, -16.1356], [-55.7685, -16.1364], [-55.7661, -16.138], [-55.7645, -16.1372], [-55.7637, -16.1404], [-55.7621, -16.1421], [-55.7629, -16.1437], [-55.7621, -16.1445], [-55.7588, -16.1445], [-55.7572, -16.1421], [-55.754, -16.1445], [-55.7507, -16.1437], [-55.7491, -16.1421], [-55.7467, -16.1437], [-55.7475, -16.1493], [-55.7467, -16.1501], [-55.7435, -16.1501], [-55.7419, -16.1518], [-55.741, -16.1493], [-55.7386, -16.1485], [-55.737, -16.1461], [-55.7346, -16.1461], [-55.7313, -16.1493], [-55.7297, -16.1477], [-55.7257, -16.1518], [-55.7273, -16.1558], [-55.7273, -16.1623], [-55.7289, -16.1639], [-55.7297, -16.1671], [-55.7289, -16.1679], [-55.7313, -16.1712], [-55.7362, -16.1703], [-55.7402, -16.1744], [-55.7419, -16.1809], [-55.7386, -16.1833], [-55.7386, -16.1889], [-55.7394, -16.1898], [-55.733, -16.193], [-55.7346, -16.197], [-55.7346, -16.1995], [-55.733, -16.2011], [-55.7338, -16.2059], [-55.7354, -16.2075], [-55.7386, -16.2075], [-55.7419, -16.2108], [-55.7467, -16.2189], [-55.754, -16.2189], [-55.7564, -16.2164], [-55.7605, -16.2164], [-55.7637, -16.218], [-55.7677, -16.231], [-55.7669, -16.2326], [-55.8623, -16.1469], [-55.8672, -16.1412], [-55.8567, -16.1283], [-55.8453, -16.1194], [-55.8437, -16.1162], [-55.847, -16.1129], [-55.847, -16.1113], [-55.8405, -16.1049], [-55.8389, -16.1049], [-55.834, -16.0992], [-55.8324, -16.0992], [-55.83, -16.096], [-55.8243, -16.0919], [-55.8219, -16.0887], [-55.817, -16.0879], [-55.8146, -16.0855], [-55.8122, -16.0846], [-55.8073, -16.079], [-55.8033, -16.0766], [-55.7993, -16.079], [-55.7952, -16.0798], [-55.7944, -16.079], [-55.7928, -16.0725], [-55.7855, -16.0612], [-55.775, -16.0491], [-55.7718, -16.0434], [-55.7645, -16.0361], [-55.7588, -16.0281], [-55.7507, -16.0208], [-55.7427, -16.0046], [-55.7297, -15.9868], [-55.7184, -15.9747], [-55.7144, -15.9682], [-55.7111, -15.9658], [-55.7103, -15.9634], [-55.7119, -15.9626], [-55.7119, -15.9601], [-55.7152, -15.9561], [-55.7087, -15.9496], [-55.7071, -15.9464], [-55.7022, -15.9472], [-55.7006, -15.9464], [-55.6998, -15.9472], [-55.6966, -15.9456], [-55.6942, -15.9456], [-55.6885, -15.9415], [-55.6845, -15.9407], [-55.6812, -15.9375], [-55.6804, -15.9351], [-55.678, -15.9327], [-55.6788, -15.9294], [-55.6739, -15.9254], [-55.6731, -15.9213], [-55.6683, -15.9173], [-55.6683, -15.9141], [-55.665, -15.9108], [-55.6659, -15.9011], [-55.6626, -15.8963], [-55.665, -15.8947], [-55.665, -15.8914], [-55.6634, -15.889], [-55.6642, -15.8866], [-55.6626, -15.8833], [-55.661, -15.8833], [-55.6578, -15.8801], [-55.6562, -15.8817], [-55.6521, -15.8817], [-55.6505, -15.8833], [-55.6497, -15.8809], [-55.6513, -15.8777], [-55.6489, -15.8769], [-55.6473, -15.8785], [-55.6424, -15.8793], [-55.6408, -15.8825], [-55.6376, -15.8833], [-55.6368, -15.8858], [-55.6303, -15.8793], [-55.6303, -15.8744], [-55.6279, -15.872], [-55.6295, -15.8696], [-55.6287, -15.8672], [-55.6206, -15.8656], [-55.6198, -15.868], [-55.6165, -15.868], [-55.6109, -15.8704], [-55.6085, -15.868], [-55.6085, -15.8639], [-55.6068, -15.8599], [-55.6052, -15.8591], [-55.606, -15.8575], [-55.6052, -15.855], [-55.6028, -15.8526], [-55.6012, -15.8478], [-55.5988, -15.8478], [-55.5963, -15.8445], [-55.5939, -15.8445], [-55.5858, -15.8413], [-55.5842, -15.8397], [-55.5842, -15.8381], [-55.5753, -15.8429], [-55.5705, -15.8437], [-55.568, -15.8461], [-55.5616, -15.8478]]]]}}, {"type": "Feature", "properties": {"cod": "689666", "nivel": 6, "nome": "Bacia do Ribeirão Mutum (MT)", "rio": "Ribeirão Mutum", "area": 1264, "area_rm": 996, "lx": -55.3417, "ly": -16.4299}, "geometry": {"type": "MultiPolygon", "coordinates": [[[[-55.6448, -16.2229], [-55.6408, -16.2237], [-55.6368, -16.2205], [-55.6279, -16.2213], [-55.6246, -16.2261], [-55.6238, -16.2253], [-55.6198, -16.2253], [-55.6165, -16.2269], [-55.6149, -16.2261], [-55.6141, -16.2286], [-55.6117, -16.2294], [-55.6117, -16.2334], [-55.6109, -16.2342], [-55.6117, -16.2375], [-55.6109, -16.2383], [-55.6036, -16.2383], [-55.602, -16.2375], [-55.5988, -16.2383], [-55.5971, -16.2399], [-55.5931, -16.2399], [-55.5874, -16.2439], [-55.5882, -16.2463], [-55.5874, -16.2472], [-55.5874, -16.2544], [-55.5882, -16.2552], [-55.5866, -16.2569], [-55.5874, -16.2593], [-55.5842, -16.2649], [-55.585, -16.2722], [-55.5826, -16.2746], [-55.5802, -16.273], [-55.5785, -16.2746], [-55.5745, -16.2746], [-55.5688, -16.2698], [-55.5632, -16.2682], [-55.5624, -16.269], [-55.5575, -16.269], [-55.5551, -16.2722], [-55.547, -16.2714], [-55.5438, -16.2755], [-55.5381, -16.2779], [-55.5414, -16.2803], [-55.5405, -16.2811], [-55.5405, -16.286], [-55.5389, -16.2876], [-55.5365, -16.2876], [-55.5333, -16.2843], [-55.5325, -16.2803], [-55.5187, -16.2738], [-55.5179, -16.2746], [-55.5187, -16.2755], [-55.5203, -16.2957], [-55.5187, -16.2981], [-55.5195, -16.2989], [-55.5195, -16.3062], [-55.5203, -16.307], [-55.5187, -16.3094], [-55.5114, -16.3078], [-55.5058, -16.3078], [-55.5042, -16.3062], [-55.5034, -16.3013], [-55.5009, -16.2989], [-55.4961, -16.2981], [-55.4945, -16.2965], [-55.4912, -16.2973], [-55.4888, -16.2957], [-55.4856, -16.2965], [-55.4815, -16.2932], [-55.4815, -16.2916], [-55.4831, -16.29], [-55.4831, -16.2876], [-55.4759, -16.2819], [-55.4734, -16.2819], [-55.4726, -16.2803], [-55.471, -16.2803], [-55.4702, -16.2819], [-55.4718, -16.2843], [-55.4694, -16.2868], [-55.4702, -16.29], [-55.4694, -16.2908], [-55.4718, -16.2932], [-55.4702, -16.2973], [-55.4734, -16.3037], [-55.4791, -16.3086], [-55.4791, -16.311], [-55.4775, -16.3135], [-55.4726, -16.3126], [-55.4605, -16.3062], [-55.4532, -16.3046], [-55.446, -16.3102], [-55.4427, -16.3102], [-55.4387, -16.307], [-55.4346, -16.307], [-55.4338, -16.3078], [-55.4298, -16.3054], [-55.4274, -16.3062], [-55.4241, -16.3054], [-55.4201, -16.307], [-55.416, -16.307], [-55.4168, -16.311], [-55.4217, -16.3151], [-55.4225, -16.3191], [-55.4249, -16.3215], [-55.4217, -16.3232], [-55.412, -16.3175], [-55.408, -16.3167], [-55.4063, -16.3175], [-55.4039, -16.3159], [-55.3958, -16.3159], [-55.3934, -16.3143], [-55.3918, -16.3159], [-55.391, -16.3151], [-55.3902, -16.3159], [-55.3902, -16.3175], [-55.3845, -16.3232], [-55.3845, -16.3248], [-55.3877, -16.328], [-55.3853, -16.3329], [-55.3797, -16.332], [-55.3748, -16.3296], [-55.37, -16.3248], [-55.3691, -16.3183], [-55.37, -16.3167], [-55.3675, -16.311], [-55.3643, -16.3135], [-55.3586, -16.3126], [-55.3554, -16.3143], [-55.3538, -16.3135], [-55.3514, -16.3175], [-55.3497, -16.3175], [-55.3481, -16.3143], [-55.3344, -16.3005], [-55.3295, -16.2989], [-55.3255, -16.3013], [-55.3198, -16.2989], [-55.3158, -16.2932], [-55.315, -16.286], [-55.3085, -16.2795], [-55.3069, -16.2746], [-55.3012, -16.2682], [-55.2915, -16.2625], [-55.2907, -16.2569], [-55.2891, -16.256], [-55.2843, -16.2609], [-55.2851, -16.2657], [-55.2883, -16.269], [-55.2843, -16.2763], [-55.2883, -16.2819], [-55.2859, -16.2868], [-55.2867, -16.2884], [-55.2859, -16.29], [-55.2867, -16.2908], [-55.2867, -16.2965], [-55.2802, -16.3005], [-55.281, -16.3013], [-55.2778, -16.3062], [-55.2754, -16.3078], [-55.2754, -16.3102], [-55.2737, -16.3118], [-55.2705, -16.3126], [-55.2697, -16.3118], [-55.2681, -16.3135], [-55.2689, -16.3159], [-55.2681, -16.3167], [-55.2649, -16.3167], [-55.2632, -16.3191], [-55.26, -16.3199], [-55.2535, -16.3264], [-55.2527, -16.3337], [-55.2535, -16.3345], [-55.2503, -16.3369], [-55.2511, -16.3401], [-55.2487, -16.3434], [-55.2422, -16.3474], [-55.239, -16.3458], [-55.2366, -16.3458], [-55.2341, -16.3474], [-55.2309, -16.345], [-55.2269, -16.3458], [-55.2252, -16.3474], [-55.2212, -16.3466], [-55.2147, -16.3765], [-55.2155, -16.3773], [-55.2139, -16.3814], [-55.201, -16.4485], [-55.205, -16.4509], [-55.2066, -16.4533], [-55.2058, -16.459], [-55.2074, -16.4606], [-55.2074, -16.4622], [-55.2115, -16.4614], [-55.2131, -16.463], [-55.2163, -16.4638], [-55.218, -16.463], [-55.2228, -16.4663], [-55.2252, -16.4663], [-55.2317, -16.4719], [-55.2309, -16.4776], [-55.2325, -16.4792], [-55.2333, -16.4824], [-55.2357, -16.4832], [-55.2398, -16.4873], [-55.2398, -16.4905], [-55.2414, -16.4921], [-55.2422, -16.497], [-55.2438, -16.4978], [-55.2446, -16.497], [-55.2487, -16.501], [-55.2503, -16.5002], [-55.2543, -16.5018], [-55.26, -16.5075], [-55.2608, -16.5067], [-55.2673, -16.5067], [-55.2697, -16.5075], [-55.2721, -16.5099], [-55.2746, -16.5107], [-55.2754, -16.5131], [-55.2794, -16.5156], [-55.281, -16.518], [-55.2875, -16.5212], [-55.2883, -16.5237], [-55.2875, -16.5253], [-55.2843, -16.5277], [-55.2834, -16.5309], [-55.2794, -16.535], [-55.2818, -16.539], [-55.281, -16.5398], [-55.2818, -16.5431], [-55.2802, -16.5447], [-55.281, -16.5495], [-55.2875, -16.5536], [-55.2891, -16.5576], [-55.2915, -16.56], [-55.2923, -16.5673], [-55.294, -16.5681], [-55.2931, -16.5714], [-55.2907, -16.5746], [-55.2915, -16.5875], [-55.2923, -16.5867], [-55.2964, -16.59], [-55.3004, -16.59], [-55.3045, -16.5867], [-55.3085, -16.5891], [-55.3109, -16.5891], [-55.3142, -16.5916], [-55.3198, -16.59], [-55.3311, -16.5908], [-55.3336, -16.5916], [-55.3392, -16.598], [-55.3425, -16.5972], [-55.3449, -16.598], [-55.3465, -16.5956], [-55.3497, -16.5956], [-55.3538, -16.5997], [-55.3578, -16.5988], [-55.3611, -16.6013], [-55.3611, -16.6029], [-55.3651, -16.6069], [-55.3691, -16.6069], [-55.3724, -16.6102], [-55.378, -16.6094], [-55.3837, -16.611], [-55.3861, -16.6142], [-55.3861, -16.6158], [-55.3885, -16.6174], [-55.3885, -16.6199], [-55.3918, -16.6223], [-55.3966, -16.6231], [-55.3983, -16.6215], [-55.4015, -16.6215], [-55.4039, -16.6231], [-55.4088, -16.6239], [-55.4112, -16.6271], [-55.4112, -16.6312], [-55.4128, -16.6344], [-55.4177, -16.6304], [-55.4193, -16.6271], [-55.4225, -16.6255], [-55.4249, -16.6271], [-55.4298, -16.6182], [-55.433, -16.6166], [-55.4354, -16.6134], [-55.4346, -16.6085], [-55.4354, -16.6061], [-55.433, -16.6029], [-55.4346, -16.6005], [-55.433, -16.5988], [-55.4346, -16.598], [-55.4387, -16.5988], [-55.4419, -16.5948], [-55.446, -16.598], [-55.45, -16.594], [-55.4468, -16.5908], [-55.4484, -16.5851], [-55.4508, -16.5827], [-55.454, -16.5835], [-55.4548, -16.5811], [-55.4532, -16.577], [-55.4557, -16.5754], [-55.4557, -16.5722], [-55.4565, -16.5714], [-55.4581, -16.5722], [-55.4605, -16.5697], [-55.4654, -16.5705], [-55.4662, -16.5689], [-55.4629, -16.5665], [-55.4637, -16.5641], [-55.4629, -16.5633], [-55.4654, -16.5592], [-55.4613, -16.5592], [-55.4581, -16.5568], [-55.4589, -16.556], [-55.4581, -16.5536], [-55.4621, -16.5511], [-55.4589, -16.5471], [-55.4605, -16.5423], [-55.4589, -16.5406], [-55.4589, -16.539], [-55.4637, -16.5325], [-55.4589, -16.5277], [-55.4589, -16.5245], [-55.4548, -16.5196], [-55.454, -16.5172], [-55.4516, -16.5164], [-55.4516, -16.5148], [-55.4476, -16.5115], [-55.446, -16.5123], [-55.4443, -16.5099], [-55.4419, -16.5107], [-55.4371, -16.5059], [-55.4387, -16.501], [-55.4379, -16.4978], [-55.4395, -16.4937], [-55.433, -16.4881], [-55.4338, -16.4873], [-55.4338, -16.4824], [-55.4371, -16.48], [-55.4379, -16.4768], [-55.4395, -16.4751], [-55.4411, -16.476], [-55.4451, -16.4695], [-55.4476, -16.4679], [-55.45, -16.463], [-55.45, -16.4598], [-55.4508, -16.459], [-55.4516, -16.4606], [-55.4532, -16.4606], [-55.4597, -16.4541], [-55.4589, -16.4517], [-55.4597, -16.4509], [-55.4637, -16.4509], [-55.4645, -16.4485], [-55.4662, -16.4477], [-55.4662, -16.446], [-55.4645, -16.4444], [-55.4678, -16.4412], [-55.4686, -16.4388], [-55.4678, -16.4347], [-55.471, -16.4339], [-55.4702, -16.4283], [-55.471, -16.4274], [-55.4759, -16.4274], [-55.4775, -16.4258], [-55.4888, -16.4266], [-55.4904, -16.4291], [-55.488, -16.4315], [-55.4888, -16.4347], [-55.4864, -16.4404], [-55.488, -16.442], [-55.488, -16.4452], [-55.4896, -16.4493], [-55.4937, -16.4509], [-55.4985, -16.4452], [-55.4961, -16.4404], [-55.4969, -16.4363], [-55.4985, -16.4347], [-55.4969, -16.4266], [-55.4969, -16.4202], [-55.4961, -16.4194], [-55.4961, -16.4129], [-55.4953, -16.4121], [-55.4953, -16.4056], [-55.4945, -16.4048], [-55.4945, -16.3983], [-55.4937, -16.3975], [-55.4937, -16.3911], [-55.4928, -16.3903], [-55.4961, -16.3878], [-55.4961, -16.3862], [-55.5001, -16.3814], [-55.5017, -16.3814], [-55.5025, -16.3789], [-55.5074, -16.3749], [-55.509, -16.3765], [-55.5114, -16.3749], [-55.5219, -16.3757], [-55.5252, -16.3725], [-55.5292, -16.3741], [-55.53, -16.3717], [-55.5325, -16.3692], [-55.5357, -16.3676], [-55.5389, -16.3684], [-55.5454, -16.366], [-55.547, -16.3636], [-55.5494, -16.3636], [-55.5502, -16.362], [-55.5527, -16.3636], [-55.5535, -16.366], [-55.5551, -16.366], [-55.5583, -16.3644], [-55.5608, -16.3579], [-55.5656, -16.3579], [-55.568, -16.3563], [-55.5688, -16.3531], [-55.568, -16.3514], [-55.5688, -16.3506], [-55.5729, -16.3514], [-55.5737, -16.3498], [-55.5794, -16.349], [-55.5802, -16.3506], [-55.5842, -16.3523], [-55.5858, -16.3547], [-55.5915, -16.3523], [-55.5939, -16.3563], [-55.5971, -16.3579], [-55.5996, -16.3563], [-55.6012, -16.3523], [-55.6036, -16.3498], [-55.606, -16.349], [-55.6085, -16.3498], [-55.6109, -16.3466], [-55.6133, -16.3466], [-55.6149, -16.3417], [-55.6198, -16.3377], [-55.6254, -16.3385], [-55.6271, -16.3377], [-55.6287, -16.3345], [-55.6279, -16.3312], [-55.6303, -16.3296], [-55.6319, -16.3312], [-55.6343, -16.328], [-55.6335, -16.3264], [-55.6351, -16.3248], [-55.6376, -16.3272], [-55.64, -16.3256], [-55.644, -16.3288], [-55.6456, -16.3264], [-55.6448, -16.3232], [-55.6456, -16.3223], [-55.6489, -16.324], [-55.6505, -16.3215], [-55.6529, -16.3207], [-55.6537, -16.3183], [-55.6521, -16.3159], [-55.6618, -16.3029], [-55.6659, -16.3005], [-55.6699, -16.2997], [-55.6731, -16.2973], [-55.6756, -16.2981], [-55.678, -16.2965], [-55.6804, -16.2981], [-55.6853, -16.2981], [-55.6877, -16.3013], [-55.6909, -16.2997], [-55.6933, -16.2997], [-55.6933, -16.2981], [-55.6885, -16.294], [-55.6853, -16.2965], [-55.6756, -16.2892], [-55.6691, -16.2884], [-55.665, -16.286], [-55.6642, -16.2843], [-55.665, -16.2811], [-55.6634, -16.2779], [-55.6602, -16.2755], [-55.6594, -16.273], [-55.657, -16.2706], [-55.6586, -16.2682], [-55.6578, -16.2657], [-55.6594, -16.2641], [-55.6586, -16.2617], [-55.6594, -16.2609], [-55.6586, -16.2601], [-55.6586, -16.256], [-55.6562, -16.2528], [-55.6562, -16.2496], [-55.6537, -16.2472], [-55.6529, -16.2423], [-55.6537, -16.2399], [-55.6529, -16.2375], [-55.6505, -16.2358], [-55.6489, -16.2269], [-55.6448, -16.2229]]]]}}, {"type": "Feature", "properties": {"cod": "689668", "nivel": 6, "nome": "Bacia do Córrego Cupum", "rio": "Córrego Cupum", "area": 433, "area_rm": 435, "lx": -55.6748, "ly": -16.1404}, "geometry": {"type": "MultiPolygon", "coordinates": [[[[-55.4298, -15.8397], [-55.4274, -15.8445], [-55.4338, -15.8494], [-55.4346, -15.8534], [-55.4443, -15.8631], [-55.4443, -15.8664], [-55.4427, -15.868], [-55.4322, -15.8736], [-55.4346, -15.8761], [-55.4354, -15.8753], [-55.4387, -15.8801], [-55.4387, -15.8833], [-55.4435, -15.889], [-55.446, -15.8898], [-55.446, -15.8922], [-55.4476, -15.8938], [-55.4476, -15.8955], [-55.45, -15.8963], [-55.4524, -15.8987], [-55.4548, -15.9035], [-55.4581, -15.906], [-55.4589, -15.9092], [-55.467, -15.9238], [-55.467, -15.9262], [-55.4654, -15.927], [-55.4654, -15.9327], [-55.4694, -15.9375], [-55.4702, -15.9399], [-55.4767, -15.9464], [-55.4767, -15.9488], [-55.4783, -15.9496], [-55.4791, -15.9529], [-55.4856, -15.9593], [-55.4872, -15.9593], [-55.4953, -15.9666], [-55.4953, -15.9682], [-55.4985, -15.9723], [-55.5001, -15.9723], [-55.5042, -15.9755], [-55.5034, -15.9771], [-55.5058, -15.9852], [-55.509, -15.9876], [-55.5098, -15.9909], [-55.5114, -15.9925], [-55.5195, -15.9949], [-55.5211, -15.9965], [-55.5228, -15.9925], [-55.53, -15.9901], [-55.5316, -15.9884], [-55.5349, -15.9884], [-55.5365, -15.9901], [-55.5357, -15.9949], [-55.5365, -15.9957], [-55.5365, -15.9998], [-55.5341, -16.0022], [-55.5373, -16.0022], [-55.5397, -16.0062], [-55.5389, -16.0087], [-55.5341, -16.0135], [-55.5357, -16.0151], [-55.543, -16.0159], [-55.5446, -16.0143], [-55.5462, -16.0143], [-55.5478, -16.0167], [-55.5511, -16.0167], [-55.5527, -16.0151], [-55.5567, -16.0216], [-55.5591, -16.0216], [-55.5608, -16.02], [-55.5616, -16.0224], [-55.5664, -16.0264], [-55.5688, -16.0264], [-55.5737, -16.0297], [-55.5769, -16.0297], [-55.5785, -16.0313], [-55.5826, -16.0289], [-55.5842, -16.0297], [-55.5899, -16.0264], [-55.5907, -16.0248], [-55.5923, -16.0248], [-55.602, -16.0329], [-55.606, -16.0394], [-55.6068, -16.0434], [-55.6141, -16.0491], [-55.619, -16.0596], [-55.623, -16.0644], [-55.6262, -16.0733], [-55.6287, -16.0766], [-55.6287, -16.079], [-55.6327, -16.0895], [-55.6351, -16.0919], [-55.6368, -16.0968], [-55.6327, -16.1016], [-55.6327, -16.1041], [-55.6279, -16.1089], [-55.6271, -16.1162], [-55.6254, -16.1178], [-55.6254, -16.1202], [-55.6222, -16.121], [-55.6214, -16.1243], [-55.6246, -16.1291], [-55.623, -16.1315], [-55.623, -16.1356], [-55.6198, -16.1404], [-55.6214, -16.1421], [-55.6214, -16.1437], [-55.6198, -16.1453], [-55.6198, -16.1469], [-55.6182, -16.1477], [-55.6182, -16.1509], [-55.6214, -16.1542], [-55.6222, -16.1534], [-55.6238, -16.155], [-55.623, -16.1574], [-55.6246, -16.1639], [-55.6279, -16.1663], [-55.6271, -16.1679], [-55.6319, -16.1736], [-55.6319, -16.1768], [-55.6343, -16.1784], [-55.6335, -16.1792], [-55.6368, -16.1801], [-55.64, -16.1833], [-55.6376, -16.1906], [-55.6392, -16.1914], [-55.64, -16.1906], [-55.6424, -16.193], [-55.6416, -16.197], [-55.6448, -16.2027], [-55.6456, -16.2108], [-55.6537, -16.2229], [-55.6513, -16.2253], [-55.6521, -16.2261], [-55.6513, -16.2286], [-55.6521, -16.2302], [-55.6513, -16.231], [-55.6545, -16.2358], [-55.6545, -16.2391], [-55.6553, -16.2399], [-55.657, -16.2391], [-55.6594, -16.2358], [-55.665, -16.2334], [-55.6683, -16.2358], [-55.6707, -16.2334], [-55.6731, -16.2334], [-55.6748, -16.2358], [-55.6756, -16.2342], [-55.6828, -16.2326], [-55.6836, -16.231], [-55.6861, -16.2318], [-55.6877, -16.2302], [-55.6909, -16.2302], [-55.6933, -16.2245], [-55.6942, -16.2253], [-55.6974, -16.2245], [-55.699, -16.2253], [-55.6998, -16.2245], [-55.7055, -16.2278], [-55.7071, -16.2245], [-55.7111, -16.2253], [-55.7119, -16.2237], [-55.7103, -16.2237], [-55.7047, -16.2189], [-55.7047, -16.2156], [-55.7087, -16.2124], [-55.7111, -16.2132], [-55.7136, -16.2108], [-55.7216, -16.21], [-55.7225, -16.2075], [-55.7176, -16.1978], [-55.7208, -16.197], [-55.7249, -16.1938], [-55.7281, -16.1954], [-55.7313, -16.1954], [-55.7338, -16.1914], [-55.7386, -16.1898], [-55.7378, -16.1889], [-55.7378, -16.1833], [-55.741, -16.1809], [-55.7394, -16.1744], [-55.7362, -16.1712], [-55.7313, -16.172], [-55.7281, -16.1679], [-55.7289, -16.1671], [-55.7281, -16.1639], [-55.7265, -16.1623], [-55.7265, -16.1558], [-55.7249, -16.1518], [-55.7297, -16.1469], [-55.7313, -16.1485], [-55.7346, -16.1453], [-55.737, -16.1453], [-55.7386, -16.1477], [-55.7419, -16.1493], [-55.7419, -16.1509], [-55.7435, -16.1493], [-55.7467, -16.1493], [-55.7459, -16.1437], [-55.7491, -16.1412], [-55.7507, -16.1429], [-55.754, -16.1437], [-55.7572, -16.1412], [-55.7588, -16.1437], [-55.7621, -16.1437], [-55.7613, -16.1421], [-55.7629, -16.1404], [-55.7637, -16.1372], [-55.7677, -16.1364], [-55.7661, -16.1356], [-55.7661, -16.1315], [-55.7693, -16.1291], [-55.771, -16.1291], [-55.7726, -16.1275], [-55.7726, -16.1259], [-55.7742, -16.1251], [-55.7742, -16.1202], [-55.7726, -16.117], [-55.771, -16.117], [-55.7693, -16.1154], [-55.7685, -16.1162], [-55.7645, -16.1162], [-55.7637, -16.1138], [-55.7629, -16.1162], [-55.758, -16.117], [-55.7548, -16.1138], [-55.7548, -16.1121], [-55.7532, -16.1113], [-55.7532, -16.1097], [-55.7516, -16.1105], [-55.7491, -16.1081], [-55.7467, -16.1097], [-55.7451, -16.1089], [-55.7362, -16.1089], [-55.7338, -16.1081], [-55.733, -16.1065], [-55.7313, -16.1065], [-55.7297, -16.1041], [-55.7257, -16.1041], [-55.7241, -16.1024], [-55.7241, -16.1], [-55.7208, -16.0968], [-55.7208, -16.0952], [-55.7225, -16.0935], [-55.7216, -16.0919], [-55.7233, -16.0903], [-55.7233, -16.0871], [-55.7192, -16.0838], [-55.7176, -16.0806], [-55.7136, -16.0822], [-55.7095, -16.0782], [-55.7111, -16.0774], [-55.7103, -16.0717], [-55.7079, -16.0717], [-55.7039, -16.0685], [-55.699, -16.0701], [-55.6974, -16.0685], [-55.6917, -16.0677], [-55.6909, -16.0685], [-55.6885, -16.0669], [-55.6861, -16.0669], [-55.6828, -16.0636], [-55.6812, -16.0588], [-55.6739, -16.0531], [-55.6739, -16.0515], [-55.6715, -16.0491], [-55.6691, -16.0426], [-55.6634, -16.0386], [-55.6602, -16.0337], [-55.6505, -16.0256], [-55.6481, -16.0208], [-55.6432, -16.0159], [-55.6376, -16.007], [-55.6311, -16.0006], [-55.6206, -15.9941], [-55.6117, -15.9909], [-55.6101, -15.9892], [-55.6109, -15.9876], [-55.6101, -15.9836], [-55.6076, -15.9812], [-55.6068, -15.982], [-55.6012, -15.982], [-55.5996, -15.9804], [-55.5955, -15.9715], [-55.5923, -15.9682], [-55.5923, -15.9658], [-55.585, -15.9585], [-55.5842, -15.9545], [-55.5818, -15.9521], [-55.5794, -15.9521], [-55.5721, -15.948], [-55.5729, -15.9456], [-55.5713, -15.944], [-55.5745, -15.9391], [-55.5745, -15.9375], [-55.5721, -15.9351], [-55.5729, -15.9327], [-55.5688, -15.9302], [-55.5664, -15.9262], [-55.568, -15.9213], [-55.5599, -15.9165], [-55.5591, -15.9141], [-55.5551, -15.9108], [-55.5559, -15.906], [-55.5551, -15.9019], [-55.5527, -15.8995], [-55.5527, -15.8979], [-55.5478, -15.893], [-55.5478, -15.8914], [-55.5462, -15.8906], [-55.547, -15.8882], [-55.5446, -15.8866], [-55.5438, -15.8809], [-55.5405, -15.8777], [-55.5381, -15.8777], [-55.5365, -15.8761], [-55.5349, -15.8761], [-55.5325, -15.8736], [-55.5333, -15.8704], [-55.5316, -15.8688], [-55.53, -15.8688], [-55.5284, -15.8664], [-55.5203, -15.8656], [-55.5179, -15.8631], [-55.5098, -15.8639], [-55.509, -15.8631], [-55.5098, -15.8583], [-55.509, -15.8542], [-55.5074, -15.8518], [-55.5001, -15.8534], [-55.4977, -15.8502], [-55.4945, -15.8486], [-55.4945, -15.8445], [-55.4928, -15.8445], [-55.4912, -15.8429], [-55.4856, -15.8421], [-55.4839, -15.8397], [-55.4799, -15.8397], [-55.4742, -15.8413], [-55.4694, -15.8364], [-55.467, -15.8364], [-55.4629, -15.8389], [-55.4613, -15.8381], [-55.4565, -15.8445], [-55.4516, -15.8478], [-55.45, -15.847], [-55.4468, -15.8478], [-55.4427, -15.8453], [-55.4379, -15.8405], [-55.4354, -15.8405], [-55.433, -15.8389], [-55.4298, -15.8397]]]]}}, {"type": "Feature", "properties": {"cod": "689672", "nivel": 6, "nome": "Bacia do Rio Aricá-Mirim", "rio": "Rio Aricá-Mirim", "area": 1276, "area_rm": 1282, "lx": -55.4783, "ly": -15.7467}, "geometry": {"type": "MultiPolygon", "coordinates": [[[[-55.3473, -15.5939], [-55.3473, -15.5971], [-55.3449, -15.6028], [-55.3457, -15.6068], [-55.3441, -15.6101], [-55.3425, -15.6109], [-55.3408, -15.6173], [-55.3384, -15.6198], [-55.3384, -15.6222], [-55.3344, -15.6303], [-55.332, -15.6335], [-55.3295, -15.6335], [-55.3295, -15.6351], [-55.3311, -15.6367], [-55.3303, -15.6376], [-55.3311, -15.64], [-55.336, -15.6408], [-55.3368, -15.644], [-55.3384, -15.644], [-55.3425, -15.6481], [-55.3441, -15.6513], [-55.3497, -15.6505], [-55.3522, -15.6521], [-55.3514, -15.6618], [-55.3522, -15.6634], [-55.3514, -15.6659], [-55.3489, -15.6683], [-55.3481, -15.6707], [-55.3433, -15.6747], [-55.3441, -15.6804], [-55.3465, -15.682], [-55.3457, -15.6885], [-55.3481, -15.6917], [-55.3481, -15.6933], [-55.3505, -15.6942], [-55.3514, -15.6966], [-55.3538, -15.699], [-55.353, -15.7014], [-55.3578, -15.7047], [-55.3578, -15.7071], [-55.3611, -15.7103], [-55.3603, -15.7136], [-55.3627, -15.716], [-55.3635, -15.7184], [-55.3627, -15.7208], [-55.3659, -15.7233], [-55.3659, -15.7257], [-55.3708, -15.7305], [-55.3675, -15.7394], [-55.3691, -15.741], [-55.3667, -15.7435], [-55.3651, -15.7475], [-55.3619, -15.7491], [-55.3611, -15.7524], [-55.3619, -15.7556], [-55.3611, -15.7564], [-55.3643, -15.7596], [-55.3651, -15.7645], [-55.37, -15.771], [-55.3716, -15.771], [-55.3756, -15.7742], [-55.378, -15.7742], [-55.3845, -15.7799], [-55.3894, -15.7823], [-55.391, -15.7839], [-55.3918, -15.7871], [-55.3991, -15.792], [-55.4015, -15.796], [-55.4023, -15.8025], [-55.4015, -15.8033], [-55.4047, -15.8065], [-55.4047, -15.8081], [-55.408, -15.8122], [-55.4233, -15.8211], [-55.4241, -15.8259], [-55.4282, -15.8276], [-55.4282, -15.83], [-55.4306, -15.834], [-55.4298, -15.8356], [-55.4338, -15.8389], [-55.4379, -15.8397], [-55.4427, -15.8445], [-55.4468, -15.847], [-55.4508, -15.8461], [-55.4516, -15.847], [-55.4573, -15.8429], [-55.4581, -15.8405], [-55.4613, -15.8373], [-55.4629, -15.8381], [-55.467, -15.8356], [-55.4694, -15.8356], [-55.4742, -15.8405], [-55.4799, -15.8389], [-55.4839, -15.8389], [-55.4856, -15.8413], [-55.4912, -15.8421], [-55.4928, -15.8437], [-55.4945, -15.8437], [-55.4953, -15.8445], [-55.4953, -15.8486], [-55.4977, -15.8494], [-55.5001, -15.8526], [-55.5074, -15.851], [-55.5098, -15.8542], [-55.5106, -15.8583], [-55.5098, -15.8631], [-55.5179, -15.8623], [-55.5203, -15.8647], [-55.5284, -15.8656], [-55.53, -15.868], [-55.5349, -15.8696], [-55.5381, -15.8656], [-55.5373, -15.8623], [-55.5414, -15.8599], [-55.5438, -15.8599], [-55.5454, -15.8567], [-55.5511, -15.8534], [-55.5575, -15.8526], [-55.5616, -15.847], [-55.568, -15.8453], [-55.5721, -15.8421], [-55.5753, -15.8421], [-55.5842, -15.8373], [-55.5858, -15.8405], [-55.5939, -15.8437], [-55.5963, -15.8437], [-55.5988, -15.847], [-55.602, -15.8478], [-55.6036, -15.8526], [-55.606, -15.855], [-55.6068, -15.8583], [-55.606, -15.8591], [-55.6076, -15.8599], [-55.6093, -15.8639], [-55.6093, -15.868], [-55.6109, -15.8696], [-55.6165, -15.8672], [-55.6198, -15.8672], [-55.6206, -15.8647], [-55.6287, -15.8664], [-55.6303, -15.868], [-55.6287, -15.872], [-55.6311, -15.8744], [-55.6311, -15.8793], [-55.6368, -15.885], [-55.6368, -15.8833], [-55.6384, -15.8817], [-55.6408, -15.8817], [-55.6408, -15.8801], [-55.6424, -15.8785], [-55.6473, -15.8777], [-55.6489, -15.8761], [-55.6521, -15.8777], [-55.6505, -15.8825], [-55.6521, -15.8809], [-55.6562, -15.8809], [-55.6586, -15.8793], [-55.661, -15.8825], [-55.6626, -15.8825], [-55.6642, -15.8841], [-55.665, -15.8866], [-55.6642, -15.889], [-55.6659, -15.8914], [-55.6659, -15.8947], [-55.6642, -15.8955], [-55.6731, -15.8963], [-55.6739, -15.8979], [-55.6764, -15.8971], [-55.6796, -15.893], [-55.6812, -15.893], [-55.6812, -15.8906], [-55.6853, -15.8874], [-55.6893, -15.8874], [-55.6901, -15.8882], [-55.6909, -15.8874], [-55.6958, -15.8874], [-55.7014, -15.8833], [-55.703, -15.8841], [-55.7047, -15.8825], [-55.7079, -15.8825], [-55.7103, -15.8801], [-55.7176, -15.8801], [-55.7192, -15.8793], [-55.7208, -15.8817], [-55.7249, -15.8809], [-55.7265, -15.8817], [-55.7273, -15.8809], [-55.7289, -15.8817], [-55.7313, -15.8777], [-55.7338, -15.8785], [-55.737, -15.8825], [-55.7419, -15.885], [-55.7435, -15.8874], [-55.7475, -15.8866], [-55.7532, -15.8906], [-55.7556, -15.8882], [-55.7572, -15.889], [-55.7588, -15.8858], [-55.7621, -15.8874], [-55.7645, -15.8841], [-55.7637, -15.8809], [-55.7653, -15.8801], [-55.7669, -15.8769], [-55.771, -15.8777], [-55.7742, -15.8801], [-55.7766, -15.8769], [-55.7782, -15.8769], [-55.7823, -15.8728], [-55.7855, -15.8761], [-55.7831, -15.8793], [-55.7847, -15.8833], [-55.7887, -15.8866], [-55.792, -15.885], [-55.7936, -15.8858], [-55.8001, -15.8938], [-55.7993, -15.8963], [-55.8009, -15.8979], [-55.8057, -15.8987], [-55.8065, -15.8979], [-55.8073, -15.8987], [-55.8082, -15.8979], [-55.809, -15.8995], [-55.8114, -15.8995], [-55.8154, -15.8963], [-55.817, -15.8963], [-55.8179, -15.8979], [-55.8251, -15.9019], [-55.8227, -15.9044], [-55.8227, -15.906], [-55.8276, -15.9092], [-55.8316, -15.9149], [-55.8308, -15.9189], [-55.8324, -15.9189], [-55.834, -15.9205], [-55.8332, -15.923], [-55.8348, -15.9254], [-55.8324, -15.9278], [-55.8373, -15.9335], [-55.8389, -15.9335], [-55.8413, -15.9359], [-55.8437, -15.9327], [-55.8462, -15.9327], [-55.8494, -15.9302], [-55.8518, -15.9318], [-55.8542, -15.9294], [-55.8567, -15.9294], [-55.8583, -15.9278], [-55.8615, -15.9278], [-55.8639, -15.9294], [-55.8664, -15.927], [-55.8647, -15.9246], [-55.8664, -15.9189], [-55.868, -15.9189], [-55.8696, -15.9205], [-55.8696, -15.923], [-55.8712, -15.9238], [-55.872, -15.9213], [-55.8712, -15.9197], [-55.8744, -15.9165], [-55.8761, -15.9165], [-55.8753, -15.9116], [-55.8728, -15.9108], [-55.872, -15.9076], [-55.8761, -15.9019], [-55.8833, -15.8987], [-55.885, -15.9019], [-55.8841, -15.906], [-55.885, -15.9068], [-55.8882, -15.906], [-55.8922, -15.91], [-55.8947, -15.91], [-55.8955, -15.9141], [-55.8979, -15.9141], [-55.9003, -15.9165], [-55.9011, -15.9189], [-55.9003, -15.9205], [-55.9068, -15.9238], [-55.9108, -15.9286], [-55.9084, -15.9351], [-55.9108, -15.9391], [-55.9116, -15.9432], [-55.9133, -15.9448], [-55.9133, -15.9472], [-55.9108, -15.9504], [-55.9149, -15.9545], [-55.9165, -15.9545], [-55.9181, -15.9561], [-55.9173, -15.9601], [-55.9197, -15.9618], [-55.9213, -15.9698], [-55.9173, -15.9723], [-55.9181, -15.9739], [-55.9141, -15.9812], [-55.9108, -15.982], [-55.9092, -15.9836], [-55.91, -15.9868], [-55.9116, -15.9852], [-55.9141, -15.9868], [-55.9157, -15.9852], [-55.9165, -15.986], [-55.9173, -15.9852], [-55.9205, -15.9868], [-55.9197, -15.9876], [-55.9238, -15.9909], [-55.9294, -15.9852], [-55.9343, -15.9844], [-55.9343, -15.9812], [-55.9327, -15.9771], [-55.9335, -15.9731], [-55.9375, -15.9707], [-55.9383, -15.9682], [-55.9359, -15.9674], [-55.9367, -15.9658], [-55.931, -15.961], [-55.9302, -15.9569], [-55.9278, -15.9561], [-55.9262, -15.9569], [-55.9254, -15.9561], [-55.9238, -15.9569], [-55.9213, -15.9512], [-55.9221, -15.9456], [-55.9246, -15.944], [-55.9246, -15.9415], [-55.927, -15.9399], [-55.9286, -15.9359], [-55.927, -15.9335], [-55.9238, -15.9351], [-55.923, -15.9318], [-55.9181, -15.9302], [-55.9173, -15.9246], [-55.9133, -15.9213], [-55.9141, -15.9189], [-55.9133, -15.9181], [-55.9149, -15.9165], [-55.9165, -15.9181], [-55.9181, -15.9165], [-55.9213, -15.9157], [-55.9221, -15.9133], [-55.9197, -15.9133], [-55.9189, -15.9116], [-55.9221, -15.9084], [-55.9238, -15.9035], [-55.9254, -15.9019], [-55.9246, -15.8971], [-55.927, -15.893], [-55.9262, -15.8922], [-55.9278, -15.8906], [-55.9294, -15.8914], [-55.9327, -15.889], [-55.9335, -15.8898], [-55.9375, -15.8874], [-55.9391, -15.885], [-55.9399, -15.8793], [-55.9432, -15.8769], [-55.944, -15.8736], [-55.9456, -15.8728], [-55.9456, -15.8712], [-55.9432, -15.8704], [-55.9416, -15.8688], [-55.9416, -15.8672], [-55.9367, -15.8631], [-55.9367, -15.8615], [-55.9407, -15.8591], [-55.9407, -15.8567], [-55.9432, -15.8558], [-55.944, -15.8542], [-55.9432, -15.8534], [-55.9448, -15.851], [-55.948, -15.851], [-55.9488, -15.8494], [-55.9496, -15.851], [-55.9529, -15.8518], [-55.9537, -15.8502], [-55.9545, -15.851], [-55.9569, -15.8502], [-55.9593, -15.851], [-55.9601, -15.8502], [-55.9593, -15.8461], [-55.9561, -15.8445], [-55.9569, -15.8397], [-55.9561, -15.8389], [-55.9561, -15.834], [-55.9569, -15.8332], [-55.9585, -15.8356], [-55.9626, -15.8348], [-55.9658, -15.8324], [-55.9634, -15.8292], [-55.9642, -15.8276], [-55.9666, -15.8267], [-55.9666, -15.8251], [-55.9634, -15.8219], [-55.9666, -15.809], [-55.9658, -15.8033], [-55.9626, -15.8009], [-55.9618, -15.7984], [-55.9577, -15.7976], [-55.9585, -15.796], [-55.9569, -15.796], [-55.9553, -15.7944], [-55.9545, -15.7887], [-55.9496, -15.7871], [-55.9448, -15.7823], [-55.9424, -15.7831], [-55.9407, -15.7815], [-55.9407, -15.779], [-55.9367, -15.7766], [-55.9416, -15.7701], [-55.9416, -15.7685], [-55.9391, -15.7669], [-55.9335, -15.771], [-55.9302, -15.771], [-55.9286, -15.7677], [-55.9262, -15.7669], [-55.9262, -15.7621], [-55.9213, -15.7604], [-55.9173, -15.7604], [-55.9133, -15.758], [-55.91, -15.758], [-55.9092, -15.7621], [-55.9052, -15.7645], [-55.9027, -15.7629], [-55.8995, -15.7629], [-55.8979, -15.7604], [-55.8979, -15.758], [-55.8955, -15.7564], [-55.8955, -15.7548], [-55.8874, -15.7516], [-55.8841, -15.7516], [-55.8809, -15.7483], [-55.8809, -15.7459], [-55.8793, -15.7443], [-55.8728, -15.7467], [-55.8712, -15.7451], [-55.872, -15.7435], [-55.868, -15.7419], [-55.8664, -15.7402], [-55.8599, -15.7419], [-55.8559, -15.741], [-55.8542, -15.7427], [-55.847, -15.741], [-55.8421, -15.7451], [-55.8405, -15.7435], [-55.8356, -15.7427], [-55.8316, -15.7386], [-55.8316, -15.7362], [-55.83, -15.7346], [-55.8284, -15.7346], [-55.8235, -15.7297], [-55.8227, -15.7313], [-55.8195, -15.733], [-55.8187, -15.7362], [-55.8162, -15.7386], [-55.8146, -15.737], [-55.8154, -15.7354], [-55.8114, -15.7338], [-55.809, -15.7297], [-55.8041, -15.7265], [-55.8041, -15.7241], [-55.8025, -15.7224], [-55.8025, -15.7208], [-55.8001, -15.7192], [-55.8001, -15.7168], [-55.7952, -15.7103], [-55.796, -15.7095], [-55.7952, -15.7079], [-55.792, -15.7055], [-55.7912, -15.7063], [-55.7863, -15.7055], [-55.7839, -15.7063], [-55.7823, -15.7055], [-55.7774, -15.7103], [-55.7758, -15.7103], [-55.775, -15.7087], [-55.7718, -15.7087], [-55.7693, -15.7103], [-55.7669, -15.7144], [-55.7637, -15.7144], [-55.7605, -15.7168], [-55.7524, -15.7111], [-55.7516, -15.7079], [-55.7435, -15.7095], [-55.7394, -15.7119], [-55.7378, -15.7111], [-55.737, -15.7119], [-55.7338, -15.7095], [-55.7305, -15.7103], [-55.7297, -15.7095], [-55.7305, -15.7071], [-55.7257, -15.703], [-55.7241, -15.703], [-55.7233, -15.7055], [-55.7208, -15.7055], [-55.7192, -15.7039], [-55.7176, -15.7055], [-55.7152, -15.7055], [-55.7136, -15.7087], [-55.7095, -15.7103], [-55.7063, -15.7063], [-55.703, -15.7063], [-55.699, -15.7079], [-55.6966, -15.7103], [-55.695, -15.7103], [-55.6933, -15.7119], [-55.6933, -15.7136], [-55.6885, -15.7176], [-55.6812, -15.7184], [-55.6804, -15.7192], [-55.6812, -15.72], [-55.6772, -15.7233], [-55.6756, -15.7216], [-55.6723, -15.7241], [-55.6683, -15.7224], [-55.6642, -15.7224], [-55.6626, -15.7249], [-55.6602, -15.7208], [-55.6578, -15.72], [-55.6553, -15.7208], [-55.6497, -15.7144], [-55.6489, -15.7111], [-55.6473, -15.7103], [-55.6465, -15.7119], [-55.6481, -15.7136], [-55.6481, -15.7152], [-55.6465, -15.7168], [-55.6432, -15.716], [-55.64, -15.7168], [-55.6359, -15.7208], [-55.6335, -15.7208], [-55.6319, -15.7224], [-55.6311, -15.7216], [-55.6279, -15.7249], [-55.6238, -15.7265], [-55.623, -15.7281], [-55.6214, -15.7281], [-55.6206, -15.7289], [-55.6214, -15.7313], [-55.6206, -15.7346], [-55.6173, -15.7362], [-55.6157, -15.7313], [-55.6125, -15.7305], [-55.6093, -15.7273], [-55.6076, -15.7224], [-55.6012, -15.7233], [-55.5996, -15.7224], [-55.5979, -15.7233], [-55.5915, -15.7184], [-55.5826, -15.716], [-55.5818, -15.7144], [-55.5745, -15.7095], [-55.5705, -15.7047], [-55.5648, -15.7022], [-55.5575, -15.6942], [-55.5543, -15.6925], [-55.5511, -15.6877], [-55.5454, -15.6828], [-55.5454, -15.6812], [-55.5405, -15.6756], [-55.5357, -15.6764], [-55.5316, -15.6731], [-55.5316, -15.6715], [-55.5284, -15.6659], [-55.5292, -15.665], [-55.5292, -15.6602], [-55.5203, -15.6529], [-55.5195, -15.6537], [-55.5131, -15.6473], [-55.5098, -15.6424], [-55.5098, -15.64], [-55.5074, -15.64], [-55.5042, -15.6367], [-55.5001, -15.6359], [-55.4985, -15.6335], [-55.4969, -15.6335], [-55.4945, -15.6311], [-55.4953, -15.6279], [-55.4977, -15.627], [-55.5001, -15.623], [-55.5017, -15.623], [-55.5034, -15.6214], [-55.5074, -15.6222], [-55.509, -15.619], [-55.5082, -15.6173], [-55.509, -15.6141], [-55.5034, -15.6117], [-55.4969, -15.6036], [-55.4937, -15.6036], [-55.4904, -15.6012], [-55.4856, -15.602], [-55.4807, -15.5996], [-55.4791, -15.5996], [-55.4775, -15.6012], [-55.4694, -15.6004], [-55.467, -15.602], [-55.4613, -15.6012], [-55.4597, -15.602], [-55.4589, -15.6012], [-55.4557, -15.602], [-55.4548, -15.6044], [-55.4492, -15.6101], [-55.4451, -15.6093], [-55.4419, -15.6109], [-55.4411, -15.6133], [-55.4395, -15.6141], [-55.4371, -15.6109], [-55.4257, -15.6117], [-55.4168, -15.6052], [-55.4152, -15.5979], [-55.4088, -15.5931], [-55.408, -15.5939], [-55.4047, -15.5931], [-55.4039, -15.5939], [-55.3999, -15.5939], [-55.3966, -15.5955], [-55.3942, -15.5947], [-55.3934, -15.5955], [-55.3918, -15.5939], [-55.3894, -15.5947], [-55.3869, -15.5923], [-55.3837, -15.5915], [-55.3788, -15.5866], [-55.3748, -15.585], [-55.37, -15.5858], [-55.3683, -15.5874], [-55.3619, -15.5874], [-55.3586, -15.5899], [-55.357, -15.589], [-55.3538, -15.5915], [-55.3514, -15.5915], [-55.3473, -15.5939]]]]}}, {"type": "Feature", "properties": {"cod": "689696", "nivel": 6, "nome": "Bacia do Rio da Casca", "rio": "Rio da Casca", "area": 1216, "area_rm": 1220, "lx": -55.3821, "ly": -15.4322}, "geometry": {"type": "MultiPolygon", "coordinates": [[[[-55.5074, -15.0627], [-55.5001, -15.0619], [-55.4945, -15.0676], [-55.4888, -15.0684], [-55.4912, -15.0724], [-55.492, -15.0773], [-55.4888, -15.0813], [-55.4807, -15.0805], [-55.4791, -15.0821], [-55.4791, -15.0846], [-55.4759, -15.0878], [-55.4759, -15.0934], [-55.4734, -15.0951], [-55.4742, -15.1007], [-55.4726, -15.1072], [-55.4734, -15.1088], [-55.4686, -15.112], [-55.4662, -15.1112], [-55.4629, -15.112], [-55.4573, -15.1161], [-55.4548, -15.1193], [-55.4524, -15.1193], [-55.4516, -15.1201], [-55.4524, -15.1209], [-55.4524, -15.125], [-55.45, -15.129], [-55.446, -15.129], [-55.4411, -15.1266], [-55.4371, -15.1274], [-55.4395, -15.1331], [-55.4395, -15.1347], [-55.4379, -15.1355], [-55.4387, -15.1379], [-55.4371, -15.1411], [-55.4379, -15.1444], [-55.4395, -15.1452], [-55.4387, -15.1492], [-55.4451, -15.1533], [-55.4451, -15.1565], [-55.4435, -15.1581], [-55.4427, -15.1614], [-55.4435, -15.1678], [-55.4403, -15.1743], [-55.4354, -15.1783], [-55.4338, -15.1783], [-55.4298, -15.1832], [-55.4314, -15.1897], [-55.429, -15.1937], [-55.4274, -15.1937], [-55.4274, -15.1961], [-55.4314, -15.2026], [-55.4282, -15.205], [-55.4241, -15.205], [-55.4233, -15.2058], [-55.4241, -15.2099], [-55.4201, -15.2171], [-55.4217, -15.2188], [-55.4217, -15.2236], [-55.4177, -15.2252], [-55.4168, -15.2301], [-55.4177, -15.2309], [-55.4144, -15.2317], [-55.412, -15.2349], [-55.4112, -15.2479], [-55.4128, -15.2495], [-55.4128, -15.2511], [-55.4112, -15.2527], [-55.412, -15.256], [-55.4112, -15.2568], [-55.4136, -15.26], [-55.4136, -15.2616], [-55.4104, -15.2665], [-55.4088, -15.2729], [-55.4055, -15.2762], [-55.4007, -15.277], [-55.3983, -15.2762], [-55.3958, -15.2802], [-55.3926, -15.2826], [-55.3861, -15.281], [-55.3821, -15.2834], [-55.378, -15.2834], [-55.3756, -15.281], [-55.3716, -15.2826], [-55.3683, -15.2802], [-55.3659, -15.281], [-55.3651, -15.2802], [-55.3611, -15.2802], [-55.3594, -15.2826], [-55.3514, -15.2834], [-55.3481, -15.2826], [-55.3449, -15.2843], [-55.3449, -15.2891], [-55.3417, -15.2915], [-55.3408, -15.2956], [-55.3384, -15.298], [-55.3384, -15.302], [-55.3433, -15.3077], [-55.3336, -15.3174], [-55.3336, -15.3206], [-55.3303, -15.3247], [-55.3255, -15.3247], [-55.3223, -15.3271], [-55.3174, -15.3231], [-55.3158, -15.3239], [-55.3134, -15.3231], [-55.3101, -15.3182], [-55.3085, -15.3182], [-55.3045, -15.3134], [-55.3028, -15.3125], [-55.3012, -15.3134], [-55.2972, -15.3109], [-55.2915, -15.315], [-55.2891, -15.315], [-55.2875, -15.3198], [-55.2843, -15.3206], [-55.2834, -15.3198], [-55.2802, -15.3222], [-55.2754, -15.3198], [-55.2721, -15.3198], [-55.2705, -15.3174], [-55.2689, -15.3174], [-55.2632, -15.3125], [-55.264, -15.3117], [-55.2632, -15.3101], [-55.2576, -15.3109], [-55.2543, -15.3101], [-55.2503, -15.3125], [-55.2446, -15.3182], [-55.2406, -15.319], [-55.2382, -15.3182], [-55.2341, -15.3214], [-55.2333, -15.3239], [-55.2301, -15.3263], [-55.2285, -15.3303], [-55.226, -15.3287], [-55.2244, -15.332], [-55.2252, -15.3336], [-55.222, -15.3376], [-55.2236, -15.3417], [-55.2252, -15.3425], [-55.226, -15.3417], [-55.2293, -15.3449], [-55.2301, -15.3505], [-55.2285, -15.3514], [-55.2269, -15.3505], [-55.2244, -15.353], [-55.2228, -15.3586], [-55.2244, -15.3602], [-55.2236, -15.3627], [-55.2244, -15.3643], [-55.2212, -15.3659], [-55.2212, -15.3675], [-55.2236, -15.3699], [-55.2236, -15.3732], [-55.2188, -15.3772], [-55.2155, -15.3861], [-55.2123, -15.3869], [-55.2115, -15.3861], [-55.2107, -15.3869], [-55.2091, -15.3942], [-55.2115, -15.3966], [-55.2115, -15.4015], [-55.2123, -15.4023], [-55.2107, -15.4055], [-55.2147, -15.4047], [-55.222, -15.4104], [-55.2212, -15.412], [-55.2228, -15.4144], [-55.2228, -15.4185], [-55.2244, -15.4177], [-55.2269, -15.4217], [-55.2277, -15.4298], [-55.2309, -15.4306], [-55.2325, -15.4298], [-55.2341, -15.4314], [-55.2349, -15.4379], [-55.239, -15.4403], [-55.2382, -15.4451], [-55.239, -15.4484], [-55.2382, -15.4492], [-55.2398, -15.454], [-55.239, -15.4573], [-55.2422, -15.4573], [-55.2438, -15.4605], [-55.2463, -15.4621], [-55.2463, -15.4645], [-55.2495, -15.4686], [-55.2511, -15.4759], [-55.2527, -15.4775], [-55.2584, -15.4783], [-55.26, -15.4775], [-55.2624, -15.4791], [-55.2697, -15.4872], [-55.2713, -15.4912], [-55.2713, -15.4945], [-55.2754, -15.4993], [-55.2794, -15.4985], [-55.2818, -15.5017], [-55.2818, -15.5033], [-55.2859, -15.5074], [-55.2875, -15.5066], [-55.2923, -15.5139], [-55.2915, -15.5147], [-55.2948, -15.5155], [-55.2996, -15.5203], [-55.3053, -15.5211], [-55.3069, -15.5228], [-55.3069, -15.5244], [-55.3134, -15.5308], [-55.3109, -15.5333], [-55.3134, -15.5365], [-55.3117, -15.5389], [-55.3117, -15.543], [-55.3109, -15.5438], [-55.3126, -15.5502], [-55.3101, -15.5527], [-55.3069, -15.5535], [-55.3037, -15.5559], [-55.302, -15.5583], [-55.2996, -15.5575], [-55.298, -15.5583], [-55.298, -15.5608], [-55.294, -15.5656], [-55.2915, -15.5664], [-55.2899, -15.5688], [-55.2923, -15.5721], [-55.2907, -15.5737], [-55.2915, -15.5769], [-55.2907, -15.5777], [-55.2923, -15.581], [-55.2907, -15.5826], [-55.2907, -15.585], [-55.2923, -15.5858], [-55.2931, -15.5923], [-55.2948, -15.5939], [-55.294, -15.5963], [-55.2948, -15.5971], [-55.2931, -15.5996], [-55.2931, -15.6036], [-55.2964, -15.6093], [-55.2956, -15.6117], [-55.298, -15.6133], [-55.3004, -15.6173], [-55.2996, -15.6182], [-55.3004, -15.6214], [-55.3093, -15.6238], [-55.3182, -15.6327], [-55.3206, -15.6319], [-55.3247, -15.6327], [-55.3255, -15.6343], [-55.3279, -15.6351], [-55.3295, -15.6327], [-55.332, -15.6327], [-55.3376, -15.6222], [-55.3376, -15.6198], [-55.34, -15.6173], [-55.3417, -15.6109], [-55.3433, -15.6101], [-55.3449, -15.6068], [-55.3441, -15.6028], [-55.3465, -15.5971], [-55.3465, -15.5939], [-55.3481, -15.5923], [-55.3497, -15.5923], [-55.3514, -15.5907], [-55.3538, -15.5907], [-55.357, -15.5882], [-55.3586, -15.589], [-55.3619, -15.5866], [-55.3683, -15.5866], [-55.3724, -15.5842], [-55.3788, -15.5858], [-55.3837, -15.5907], [-55.3869, -15.5915], [-55.3894, -15.5939], [-55.3918, -15.5931], [-55.3934, -15.5947], [-55.3942, -15.5939], [-55.3966, -15.5947], [-55.3999, -15.5931], [-55.4063, -15.5923], [-55.408, -15.5931], [-55.4088, -15.5923], [-55.412, -15.5939], [-55.416, -15.5979], [-55.4185, -15.606], [-55.4257, -15.6109], [-55.4371, -15.6101], [-55.4395, -15.6133], [-55.4419, -15.6101], [-55.4451, -15.6085], [-55.4492, -15.6093], [-55.454, -15.6044], [-55.454, -15.6028], [-55.4557, -15.6012], [-55.4645, -15.6004], [-55.467, -15.6012], [-55.4694, -15.5996], [-55.4734, -15.5996], [-55.4751, -15.5971], [-55.4751, -15.5939], [-55.4718, -15.5923], [-55.471, -15.589], [-55.4694, -15.5874], [-55.467, -15.5866], [-55.4637, -15.5818], [-55.4637, -15.5793], [-55.4645, -15.5785], [-55.4694, -15.5785], [-55.471, -15.5761], [-55.4742, -15.5777], [-55.4775, -15.5769], [-55.4815, -15.5785], [-55.4848, -15.5777], [-55.4839, -15.5737], [-55.4848, -15.5721], [-55.4839, -15.5713], [-55.4848, -15.5672], [-55.4831, -15.5656], [-55.4864, -15.5608], [-55.4864, -15.5591], [-55.4831, -15.5551], [-55.4839, -15.5511], [-55.4856, -15.5494], [-55.4856, -15.547], [-55.4888, -15.5438], [-55.4928, -15.5462], [-55.4961, -15.5454], [-55.4961, -15.5413], [-55.5009, -15.5373], [-55.5025, -15.5341], [-55.5082, -15.5308], [-55.509, -15.5284], [-55.5082, -15.5276], [-55.509, -15.5252], [-55.5074, -15.5236], [-55.5082, -15.5203], [-55.5074, -15.5187], [-55.5147, -15.509], [-55.5139, -15.5058], [-55.5122, -15.505], [-55.5139, -15.4993], [-55.5131, -15.4961], [-55.5106, -15.4936], [-55.509, -15.4936], [-55.5066, -15.4904], [-55.5025, -15.4888], [-55.5034, -15.4872], [-55.5009, -15.4848], [-55.5025, -15.4783], [-55.5009, -15.4759], [-55.5025, -15.4742], [-55.4993, -15.471], [-55.5034, -15.4686], [-55.5009, -15.4654], [-55.5009, -15.4597], [-55.5001, -15.4589], [-55.5017, -15.4581], [-55.5009, -15.4548], [-55.5017, -15.4532], [-55.5001, -15.4516], [-55.5001, -15.45], [-55.5017, -15.4484], [-55.5009, -15.4476], [-55.5025, -15.4451], [-55.5009, -15.4387], [-55.505, -15.4362], [-55.5066, -15.433], [-55.5058, -15.4298], [-55.509, -15.4282], [-55.509, -15.4249], [-55.5001, -15.4201], [-55.5009, -15.4168], [-55.4993, -15.4152], [-55.4993, -15.4136], [-55.4945, -15.4096], [-55.4961, -15.4047], [-55.4985, -15.4023], [-55.4985, -15.3999], [-55.5025, -15.3942], [-55.5025, -15.3926], [-55.5009, -15.3918], [-55.5017, -15.3877], [-55.4977, -15.3845], [-55.4985, -15.3821], [-55.4953, -15.3797], [-55.4993, -15.3772], [-55.5009, -15.3748], [-55.5017, -15.3699], [-55.5034, -15.3675], [-55.5034, -15.3627], [-55.4993, -15.3619], [-55.4977, -15.3602], [-55.4977, -15.3546], [-55.492, -15.3489], [-55.4961, -15.3449], [-55.4985, -15.3449], [-55.505, -15.3376], [-55.5139, -15.3344], [-55.5195, -15.3344], [-55.5219, -15.3328], [-55.5276, -15.3352], [-55.5308, -15.3352], [-55.5325, -15.3368], [-55.5308, -15.3408], [-55.5316, -15.3425], [-55.5397, -15.3433], [-55.543, -15.3425], [-55.5446, -15.34], [-55.5502, -15.34], [-55.5543, -15.3425], [-55.5567, -15.3417], [-55.5567, -15.34], [-55.5551, -15.3384], [-55.5551, -15.3311], [-55.5559, -15.3303], [-55.5478, -15.3198], [-55.5486, -15.319], [-55.547, -15.3174], [-55.547, -15.3158], [-55.5446, -15.3134], [-55.5438, -15.3045], [-55.5389, -15.298], [-55.5389, -15.2964], [-55.5365, -15.2948], [-55.5373, -15.2907], [-55.5357, -15.2891], [-55.5357, -15.2875], [-55.543, -15.2851], [-55.5462, -15.2778], [-55.5454, -15.2762], [-55.5462, -15.2689], [-55.5454, -15.2648], [-55.5494, -15.26], [-55.5494, -15.2568], [-55.5462, -15.2543], [-55.5454, -15.2551], [-55.5446, -15.2543], [-55.547, -15.2495], [-55.547, -15.2471], [-55.5454, -15.2446], [-55.5422, -15.2438], [-55.5422, -15.2414], [-55.547, -15.2382], [-55.5462, -15.2341], [-55.5511, -15.2325], [-55.5567, -15.2285], [-55.5591, -15.2309], [-55.5632, -15.2317], [-55.5664, -15.2374], [-55.5672, -15.2341], [-55.5729, -15.2309], [-55.5753, -15.2268], [-55.5745, -15.2244], [-55.5721, -15.222], [-55.5721, -15.2204], [-55.5688, -15.218], [-55.5705, -15.2155], [-55.5696, -15.2107], [-55.5729, -15.2058], [-55.5713, -15.1969], [-55.5656, -15.1913], [-55.5648, -15.188], [-55.5656, -15.1856], [-55.5632, -15.1824], [-55.5591, -15.18], [-55.5591, -15.1775], [-55.5624, -15.1743], [-55.5664, -15.1735], [-55.5656, -15.1678], [-55.5672, -15.1662], [-55.568, -15.167], [-55.5688, -15.1662], [-55.5696, -15.1614], [-55.5761, -15.1589], [-55.5802, -15.1533], [-55.5705, -15.1452], [-55.5713, -15.1379], [-55.5688, -15.1355], [-55.568, -15.1331], [-55.5575, -15.1258], [-55.5543, -15.1258], [-55.5511, -15.1234], [-55.5486, -15.1201], [-55.5486, -15.1153], [-55.5494, -15.1145], [-55.5486, -15.1129], [-55.5414, -15.1104], [-55.5381, -15.108], [-55.5389, -15.1023], [-55.5365, -15.1007], [-55.5389, -15.0975], [-55.5316, -15.0918], [-55.53, -15.0886], [-55.5308, -15.0854], [-55.5292, -15.0829], [-55.5268, -15.0821], [-55.5268, -15.0781], [-55.5252, -15.0773], [-55.5252, -15.0732], [-55.5244, -15.0724], [-55.5252, -15.0708], [-55.5163, -15.07], [-55.5114, -15.0676], [-55.5098, -15.066], [-55.5106, -15.0652], [-55.5074, -15.0627]]]]}}, {"type": "Feature", "properties": {"cod": "689698", "nivel": 6, "nome": "Bacia do Rio Jangada (MT) 1", "rio": "Rio Jangada", "area": 499, "area_rm": 498, "lx": -55.2859, "ly": -15.2382}, "geometry": {"type": "MultiPolygon", "coordinates": [[[[-55.4516, -15.1185], [-55.4484, -15.1177], [-55.4451, -15.1145], [-55.4411, -15.1129], [-55.4354, -15.1064], [-55.433, -15.1072], [-55.4298, -15.1056], [-55.429, -15.1015], [-55.4257, -15.0991], [-55.4257, -15.0975], [-55.4217, -15.0991], [-55.4209, -15.1007], [-55.4177, -15.0999], [-55.412, -15.1032], [-55.4071, -15.1032], [-55.4023, -15.1015], [-55.3974, -15.1032], [-55.3934, -15.0991], [-55.3902, -15.1032], [-55.3861, -15.1023], [-55.3845, -15.104], [-55.3805, -15.104], [-55.3788, -15.108], [-55.3797, -15.1129], [-55.3772, -15.1137], [-55.3708, -15.1209], [-55.3683, -15.1217], [-55.3683, -15.1266], [-55.3667, -15.1282], [-55.3683, -15.1339], [-55.3627, -15.1379], [-55.3586, -15.1379], [-55.3578, -15.1387], [-55.3594, -15.1428], [-55.3627, -15.1444], [-55.3635, -15.1468], [-55.3546, -15.1541], [-55.3522, -15.1549], [-55.3514, -15.1565], [-55.3481, -15.1557], [-55.3425, -15.1597], [-55.34, -15.1606], [-55.3384, -15.1597], [-55.3328, -15.163], [-55.3295, -15.163], [-55.3263, -15.1597], [-55.3214, -15.1606], [-55.3206, -15.1573], [-55.319, -15.1557], [-55.319, -15.1533], [-55.3166, -15.1549], [-55.315, -15.1541], [-55.3117, -15.1549], [-55.3109, -15.1541], [-55.3069, -15.1541], [-55.3061, -15.1525], [-55.3037, -15.1525], [-55.3004, -15.15], [-55.2964, -15.15], [-55.2956, -15.1492], [-55.2923, -15.1525], [-55.2867, -15.1525], [-55.2826, -15.1476], [-55.2802, -15.1476], [-55.2786, -15.146], [-55.2721, -15.1476], [-55.2665, -15.1452], [-55.2624, -15.1509], [-55.2632, -15.1517], [-55.2624, -15.1533], [-55.2584, -15.1541], [-55.2551, -15.163], [-55.2519, -15.1654], [-55.2495, -15.1711], [-55.2454, -15.1751], [-55.2422, -15.1743], [-55.2374, -15.1816], [-55.2317, -15.1832], [-55.2285, -15.1905], [-55.226, -15.1888], [-55.2212, -15.1888], [-55.2204, -15.1913], [-55.218, -15.1929], [-55.2155, -15.1913], [-55.2107, -15.1913], [-55.2107, -15.1929], [-55.2074, -15.1953], [-55.2066, -15.1977], [-55.2074, -15.1994], [-55.2058, -15.2018], [-55.1994, -15.2066], [-55.1961, -15.2066], [-55.1897, -15.2107], [-55.188, -15.2091], [-55.1816, -15.2083], [-55.1783, -15.2066], [-55.1743, -15.2091], [-55.1735, -15.2107], [-55.167, -15.2091], [-55.1638, -15.2058], [-55.1646, -15.2042], [-55.1606, -15.2018], [-55.1589, -15.1994], [-55.1581, -15.2026], [-55.1606, -15.205], [-55.1606, -15.2066], [-55.1565, -15.2091], [-55.1573, -15.2123], [-55.1565, -15.2131], [-55.1565, -15.218], [-55.1541, -15.226], [-55.1517, -15.2277], [-55.1476, -15.2252], [-55.1444, -15.2301], [-55.1428, -15.2301], [-55.1395, -15.2341], [-55.1395, -15.2374], [-55.142, -15.2422], [-55.142, -15.2446], [-55.1444, -15.2454], [-55.1436, -15.2479], [-55.146, -15.2503], [-55.1444, -15.2592], [-55.1525, -15.2657], [-55.1581, -15.2681], [-55.1557, -15.2713], [-55.1541, -15.2705], [-55.15, -15.2745], [-55.15, -15.2786], [-55.1549, -15.2843], [-55.1557, -15.2875], [-55.1541, -15.2891], [-55.1533, -15.294], [-55.15, -15.2964], [-55.1492, -15.2988], [-55.15, -15.3012], [-55.1492, -15.3028], [-55.1517, -15.3093], [-55.1541, -15.3109], [-55.1565, -15.3109], [-55.1581, -15.3125], [-55.1581, -15.3142], [-55.1654, -15.315], [-55.1662, -15.3142], [-55.1678, -15.3158], [-55.1694, -15.315], [-55.1703, -15.3125], [-55.1735, -15.3125], [-55.1727, -15.3117], [-55.1735, -15.3109], [-55.1751, -15.3109], [-55.18, -15.3158], [-55.1792, -15.3206], [-55.1816, -15.3231], [-55.1808, -15.3239], [-55.1816, -15.3247], [-55.1864, -15.3255], [-55.1897, -15.3287], [-55.1961, -15.332], [-55.1986, -15.336], [-55.2018, -15.3352], [-55.205, -15.34], [-55.2042, -15.3417], [-55.205, -15.3433], [-55.2074, -15.3449], [-55.2123, -15.3457], [-55.2147, -15.3449], [-55.2163, -15.3457], [-55.2188, -15.3449], [-55.2212, -15.3473], [-55.2212, -15.3505], [-55.2236, -15.3522], [-55.2269, -15.3497], [-55.2293, -15.3505], [-55.2285, -15.3449], [-55.226, -15.3425], [-55.2252, -15.3433], [-55.222, -15.3408], [-55.2228, -15.34], [-55.2212, -15.3376], [-55.2244, -15.3336], [-55.2236, -15.332], [-55.2244, -15.3295], [-55.226, -15.3279], [-55.2285, -15.3295], [-55.2293, -15.3263], [-55.2325, -15.3239], [-55.2325, -15.3222], [-55.2382, -15.3174], [-55.2414, -15.3182], [-55.2446, -15.3174], [-55.2503, -15.3117], [-55.2543, -15.3093], [-55.26, -15.3101], [-55.2632, -15.3093], [-55.2649, -15.3117], [-55.264, -15.3125], [-55.2689, -15.3166], [-55.2705, -15.3166], [-55.2721, -15.319], [-55.2754, -15.319], [-55.2802, -15.3214], [-55.2834, -15.319], [-55.2843, -15.3198], [-55.2875, -15.319], [-55.2875, -15.3158], [-55.2891, -15.3142], [-55.2915, -15.3142], [-55.2972, -15.3101], [-55.3012, -15.3125], [-55.3028, -15.3117], [-55.3045, -15.3125], [-55.3085, -15.3174], [-55.3101, -15.3174], [-55.3126, -15.3198], [-55.3134, -15.3222], [-55.3166, -15.3231], [-55.3174, -15.3222], [-55.3223, -15.3263], [-55.3255, -15.3239], [-55.3303, -15.3239], [-55.3328, -15.3206], [-55.3328, -15.3174], [-55.3425, -15.3077], [-55.3376, -15.302], [-55.3376, -15.298], [-55.3408, -15.294], [-55.3408, -15.2915], [-55.3441, -15.2891], [-55.3441, -15.2843], [-55.3457, -15.2826], [-55.3481, -15.2818], [-55.3554, -15.2826], [-55.3594, -15.2818], [-55.3611, -15.2794], [-55.3675, -15.2802], [-55.3683, -15.2794], [-55.3716, -15.2818], [-55.3756, -15.2802], [-55.378, -15.2826], [-55.3821, -15.2826], [-55.3861, -15.2802], [-55.3926, -15.2818], [-55.395, -15.2802], [-55.3958, -15.2778], [-55.3983, -15.2754], [-55.4023, -15.2762], [-55.4031, -15.2754], [-55.4039, -15.2762], [-55.408, -15.2729], [-55.4096, -15.2665], [-55.4128, -15.2616], [-55.4128, -15.26], [-55.4104, -15.2568], [-55.4112, -15.2543], [-55.4104, -15.2527], [-55.412, -15.2511], [-55.412, -15.2495], [-55.4104, -15.2479], [-55.4112, -15.2349], [-55.4144, -15.2309], [-55.4168, -15.2309], [-55.416, -15.2285], [-55.4168, -15.2252], [-55.4209, -15.2236], [-55.4209, -15.2188], [-55.4193, -15.2171], [-55.4233, -15.2099], [-55.4225, -15.2058], [-55.4241, -15.2042], [-55.4282, -15.2042], [-55.4306, -15.2026], [-55.4265, -15.1961], [-55.4265, -15.1937], [-55.429, -15.1929], [-55.4306, -15.1897], [-55.429, -15.1832], [-55.4338, -15.1775], [-55.4354, -15.1775], [-55.4395, -15.1743], [-55.4427, -15.1678], [-55.4419, -15.1614], [-55.4427, -15.1581], [-55.4443, -15.1565], [-55.4443, -15.1533], [-55.4379, -15.1492], [-55.4387, -15.1452], [-55.4371, -15.1444], [-55.4362, -15.1411], [-55.4379, -15.1379], [-55.4371, -15.1355], [-55.4387, -15.1347], [-55.4387, -15.1331], [-55.4362, -15.1274], [-55.4379, -15.1258], [-55.4411, -15.1258], [-55.446, -15.1282], [-55.45, -15.1282], [-55.4516, -15.125], [-55.4516, -15.1209], [-55.4508, -15.1201], [-55.4516, -15.1185]]]]}}, {"type": "Feature", "properties": {"cod": "689922", "nivel": 6, "nome": "Bacia do Rio Bento Gomes", "rio": "Rio Bento Gomes", "area": 4440, "area_rm": 1247, "lx": -56.4396, "ly": -15.889}, "geometry": {"type": "MultiPolygon", "coordinates": [[[[-56.438, -15.6958], [-56.4339, -15.6974], [-56.4331, -15.7014], [-56.4307, -15.7047], [-56.4315, -15.7144], [-56.4307, -15.7168], [-56.4274, -15.7192], [-56.4283, -15.7216], [-56.4274, -15.7224], [-56.4291, -15.7249], [-56.4266, -15.7265], [-56.4242, -15.7257], [-56.4234, -15.7281], [-56.4218, -15.7273], [-56.4202, -15.7322], [-56.4177, -15.7346], [-56.4145, -15.7362], [-56.4121, -15.7394], [-56.4072, -15.7402], [-56.4072, -15.7427], [-56.4056, -15.7451], [-56.408, -15.7491], [-56.4064, -15.7532], [-56.4072, -15.754], [-56.4064, -15.7548], [-56.4024, -15.7548], [-56.3983, -15.7604], [-56.3992, -15.7613], [-56.3983, -15.7629], [-56.3903, -15.7685], [-56.3886, -15.771], [-56.3862, -15.771], [-56.3862, -15.7742], [-56.3733, -15.7871], [-56.3692, -15.7871], [-56.3676, -15.7887], [-56.3644, -15.7896], [-56.3628, -15.7928], [-56.3603, -15.7936], [-56.3612, -15.7968], [-56.3587, -15.7993], [-56.3571, -15.7984], [-56.3555, -15.8001], [-56.3539, -15.7984], [-56.3515, -15.7984], [-56.3515, -15.8009], [-56.3466, -15.8065], [-56.3466, -15.8114], [-56.3458, -15.8122], [-56.3466, -15.8138], [-56.3442, -15.8162], [-56.3458, -15.8243], [-56.3442, -15.8251], [-56.3401, -15.8235], [-56.3385, -15.8243], [-56.3385, -15.8259], [-56.3337, -15.8308], [-56.3377, -15.8332], [-56.3377, -15.8381], [-56.3393, -15.8421], [-56.3385, -15.8429], [-56.3401, -15.851], [-56.3385, -15.8534], [-56.3369, -15.8534], [-56.3361, -15.8567], [-56.3337, -15.8567], [-56.3312, -15.8599], [-56.3296, -15.8599], [-56.328, -15.8656], [-56.3329, -15.8688], [-56.3337, -15.872], [-56.3353, -15.8736], [-56.3337, -15.8769], [-56.3345, -15.8801], [-56.3337, -15.8809], [-56.3296, -15.8809], [-56.3288, -15.8833], [-56.3264, -15.8825], [-56.3199, -15.8841], [-56.3191, -15.8874], [-56.3167, -15.8898], [-56.3135, -15.889], [-56.3094, -15.8955], [-56.3054, -15.8955], [-56.3038, -15.8938], [-56.3005, -15.8938], [-56.2981, -15.8914], [-56.2949, -15.8947], [-56.2932, -15.8947], [-56.2916, -15.893], [-56.2892, -15.893], [-56.2892, -15.8955], [-56.2876, -15.8971], [-56.2868, -15.9035], [-56.2852, -15.9052], [-56.2803, -15.9044], [-56.2787, -15.91], [-56.273, -15.9133], [-56.2738, -15.9157], [-56.273, -15.9173], [-56.2746, -15.9189], [-56.2722, -15.9197], [-56.2722, -15.9221], [-56.2649, -15.9286], [-56.2658, -15.931], [-56.2649, -15.9343], [-56.2666, -15.9383], [-56.2649, -15.9407], [-56.2658, -15.9432], [-56.2633, -15.9456], [-56.2617, -15.9456], [-56.2601, -15.944], [-56.2577, -15.9448], [-56.2561, -15.9464], [-56.2552, -15.9504], [-56.2536, -15.9504], [-56.2528, -15.9521], [-56.248, -15.9512], [-56.2415, -15.9577], [-56.2383, -15.9545], [-56.2342, -15.9529], [-56.2269, -15.9537], [-56.2278, -15.9553], [-56.2237, -15.9601], [-56.2237, -15.9634], [-56.2221, -15.965], [-56.2164, -15.9658], [-56.2189, -15.9739], [-56.2181, -15.9771], [-56.2197, -15.9787], [-56.2181, -15.9844], [-56.2197, -15.9876], [-56.2156, -15.9925], [-56.2132, -15.9925], [-56.2116, -15.9909], [-56.21, -15.9909], [-56.21, -15.9925], [-56.2011, -15.999], [-56.1946, -15.9998], [-56.1954, -16.0046], [-56.193, -16.007], [-56.1922, -16.0062], [-56.1906, -16.0095], [-56.1849, -16.0119], [-56.1857, -16.0184], [-56.1833, -16.0208], [-56.1809, -16.0216], [-56.1817, -16.0224], [-56.1809, -16.0232], [-56.1825, -16.024], [-56.1857, -16.0297], [-56.1857, -16.0345], [-56.1865, -16.0337], [-56.1881, -16.0353], [-56.1881, -16.0394], [-56.1906, -16.0418], [-56.193, -16.041], [-56.1938, -16.0426], [-56.193, -16.0434], [-56.1962, -16.0458], [-56.1922, -16.0483], [-56.1914, -16.0531], [-56.1898, -16.0539], [-56.1898, -16.0572], [-56.1914, -16.0604], [-56.1946, -16.0588], [-56.197, -16.0555], [-56.1995, -16.0555], [-56.2035, -16.0612], [-56.2067, -16.0636], [-56.2067, -16.0652], [-56.2124, -16.0693], [-56.2124, -16.0709], [-56.2213, -16.0814], [-56.2213, -16.0846], [-56.2253, -16.0887], [-56.2253, -16.0911], [-56.231, -16.0968], [-56.231, -16.0984], [-56.2294, -16.1], [-56.231, -16.1041], [-56.235, -16.1041], [-56.2358, -16.1032], [-56.2375, -16.1049], [-56.2375, -16.1089], [-56.2431, -16.1162], [-56.2455, -16.117], [-56.2504, -16.1218], [-56.2512, -16.1243], [-56.2496, -16.1275], [-56.252, -16.1275], [-56.2536, -16.1259], [-56.2544, -16.1267], [-56.2617, -16.1267], [-56.2658, -16.1283], [-56.2658, -16.1307], [-56.2641, -16.1324], [-56.2682, -16.1388], [-56.2674, -16.1412], [-56.2682, -16.1429], [-56.2706, -16.1445], [-56.2698, -16.1501], [-56.2706, -16.1509], [-56.2682, -16.1526], [-56.2649, -16.1518], [-56.2649, -16.1534], [-56.2625, -16.155], [-56.2617, -16.1598], [-56.2633, -16.1615], [-56.2617, -16.1639], [-56.2577, -16.1647], [-56.2561, -16.1623], [-56.2536, -16.1631], [-56.2528, -16.1647], [-56.2528, -16.1671], [-56.2552, -16.1695], [-56.2552, -16.1712], [-56.2528, -16.172], [-56.2528, -16.1728], [-56.2617, -16.1784], [-56.2649, -16.1825], [-56.2641, -16.1849], [-56.2658, -16.1881], [-56.2641, -16.1898], [-56.2682, -16.1922], [-56.2706, -16.1914], [-56.2763, -16.1946], [-56.2835, -16.1946], [-56.2843, -16.1954], [-56.2892, -16.1954], [-56.2949, -16.193], [-56.2989, -16.193], [-56.3046, -16.1962], [-56.3086, -16.2019], [-56.3151, -16.2059], [-56.3207, -16.2035], [-56.3248, -16.2035], [-56.3288, -16.2059], [-56.3312, -16.2092], [-56.332, -16.2124], [-56.332, -16.2189], [-56.3312, -16.2213], [-56.3288, -16.2237], [-56.3248, -16.2237], [-56.3223, -16.2269], [-56.3223, -16.231], [-56.328, -16.2399], [-56.3329, -16.2399], [-56.3385, -16.2455], [-56.3442, -16.2455], [-56.3466, -16.2439], [-56.3482, -16.2472], [-56.3506, -16.248], [-56.3595, -16.2472], [-56.3628, -16.2496], [-56.3644, -16.2496], [-56.3692, -16.2544], [-56.37, -16.2609], [-56.3749, -16.2601], [-56.3773, -16.2609], [-56.3797, -16.2593], [-56.3838, -16.2601], [-56.3911, -16.2552], [-56.3983, -16.256], [-56.4032, -16.2585], [-56.4145, -16.2601], [-56.4202, -16.2585], [-56.4242, -16.2552], [-56.4274, -16.2552], [-56.4299, -16.2569], [-56.4307, -16.2617], [-56.4355, -16.2682], [-56.4436, -16.273], [-56.4509, -16.2755], [-56.4549, -16.2803], [-56.4582, -16.2795], [-56.4598, -16.2811], [-56.4663, -16.2803], [-56.4679, -16.2811], [-56.4703, -16.2755], [-56.4752, -16.273], [-56.4816, -16.2714], [-56.4849, -16.2755], [-56.4913, -16.2763], [-56.4954, -16.2787], [-56.4962, -16.2827], [-56.4946, -16.286], [-56.4978, -16.29], [-56.4978, -16.2932], [-56.4994, -16.2949], [-56.5075, -16.2957], [-56.5115, -16.2981], [-56.518, -16.2973], [-56.5229, -16.2997], [-56.5261, -16.2997], [-56.5326, -16.3029], [-56.5342, -16.3046], [-56.5342, -16.307], [-56.5358, -16.3078], [-56.5382, -16.3054], [-56.539, -16.3029], [-56.5374, -16.3021], [-56.5358, -16.2973], [-56.5366, -16.2957], [-56.5334, -16.2916], [-56.5342, -16.2892], [-56.5309, -16.2852], [-56.5317, -16.2827], [-56.5285, -16.2803], [-56.5269, -16.2771], [-56.5245, -16.2771], [-56.5212, -16.2755], [-56.5196, -16.2722], [-56.5172, -16.2706], [-56.5172, -16.2682], [-56.5188, -16.2666], [-56.5148, -16.2617], [-56.518, -16.2585], [-56.5164, -16.2577], [-56.5164, -16.256], [-56.5196, -16.2544], [-56.5204, -16.2528], [-56.5188, -16.2512], [-56.518, -16.248], [-56.5188, -16.2472], [-56.5156, -16.2415], [-56.5164, -16.2407], [-56.514, -16.2375], [-56.5123, -16.2366], [-56.5115, -16.2375], [-56.5075, -16.235], [-56.5051, -16.2318], [-56.5018, -16.231], [-56.4986, -16.2286], [-56.4913, -16.2294], [-56.4881, -16.2342], [-56.4857, -16.2342], [-56.4824, -16.231], [-56.48, -16.231], [-56.4776, -16.2286], [-56.4743, -16.231], [-56.4695, -16.2269], [-56.4646, -16.2253], [-56.4638, -16.2229], [-56.4557, -16.2197], [-56.4557, -16.2172], [-56.4582, -16.2148], [-56.4557, -16.2116], [-56.4557, -16.2092], [-56.4533, -16.2075], [-56.4525, -16.2108], [-56.4493, -16.2083], [-56.4501, -16.2075], [-56.4493, -16.2067], [-56.4477, -16.2075], [-56.4469, -16.2067], [-56.4493, -16.2043], [-56.446, -16.2035], [-56.4477, -16.2019], [-56.446, -16.2011], [-56.4477, -16.1938], [-56.446, -16.1922], [-56.4436, -16.193], [-56.4412, -16.1889], [-56.4428, -16.1873], [-56.4444, -16.1873], [-56.4436, -16.1833], [-56.4444, -16.1825], [-56.4477, -16.1857], [-56.4477, -16.1841], [-56.446, -16.1825], [-56.446, -16.1801], [-56.4436, -16.1776], [-56.4388, -16.1792], [-56.4355, -16.176], [-56.4315, -16.1695], [-56.4323, -16.1679], [-56.4347, -16.1695], [-56.4355, -16.1687], [-56.4347, -16.1639], [-56.425, -16.1558], [-56.4258, -16.1526], [-56.4226, -16.1534], [-56.421, -16.1493], [-56.4153, -16.1477], [-56.4113, -16.1453], [-56.4105, -16.1421], [-56.4113, -16.138], [-56.4032, -16.1356], [-56.4, -16.1283], [-56.3943, -16.1275], [-56.3919, -16.1235], [-56.3895, -16.1235], [-56.3878, -16.1202], [-56.3862, -16.1202], [-56.3838, -16.1178], [-56.383, -16.1154], [-56.3838, -16.1121], [-56.3814, -16.1097], [-56.3822, -16.1065], [-56.3781, -16.1], [-56.3806, -16.0976], [-56.3797, -16.0952], [-56.3806, -16.0935], [-56.3797, -16.0927], [-56.3822, -16.0846], [-56.3806, -16.0814], [-56.3814, -16.0798], [-56.3806, -16.079], [-56.3806, -16.0749], [-56.3846, -16.0733], [-56.387, -16.0693], [-56.3895, -16.0693], [-56.3919, -16.0644], [-56.3886, -16.0604], [-56.3903, -16.0564], [-56.3886, -16.0523], [-56.3903, -16.0499], [-56.3886, -16.0475], [-56.3911, -16.045], [-56.3943, -16.045], [-56.3919, -16.041], [-56.3927, -16.0402], [-56.3975, -16.0394], [-56.3992, -16.0369], [-56.4008, -16.0378], [-56.4032, -16.0369], [-56.4089, -16.0329], [-56.4194, -16.0313], [-56.421, -16.0248], [-56.425, -16.0224], [-56.4291, -16.0224], [-56.4331, -16.02], [-56.4396, -16.02], [-56.442, -16.0184], [-56.4469, -16.0184], [-56.4533, -16.0151], [-56.4614, -16.0095], [-56.463, -16.0054], [-56.4646, -16.0046], [-56.4663, -16.0062], [-56.4679, -16.0062], [-56.4711, -16.003], [-56.4703, -16.0022], [-56.4768, -15.999], [-56.4792, -15.9957], [-56.4832, -15.9957], [-56.484, -15.9925], [-56.4865, -15.9949], [-56.4937, -15.9941], [-56.4946, -15.9949], [-56.4986, -15.986], [-56.4986, -15.9828], [-56.5026, -15.9787], [-56.5059, -15.9787], [-56.5075, -15.9771], [-56.5091, -15.9715], [-56.5115, -15.9707], [-56.5156, -15.9715], [-56.5204, -15.969], [-56.5261, -15.9634], [-56.5285, -15.9626], [-56.5309, -15.9593], [-56.5358, -15.9585], [-56.539, -15.9561], [-56.5463, -15.9569], [-56.5495, -15.9529], [-56.5495, -15.9496], [-56.5536, -15.9456], [-56.5552, -15.9456], [-56.5584, -15.9432], [-56.5608, -15.9391], [-56.5608, -15.9367], [-56.5576, -15.931], [-56.5584, -15.9278], [-56.5576, -15.927], [-56.5576, -15.923], [-56.5552, -15.9205], [-56.5568, -15.9141], [-56.5552, -15.9124], [-56.5552, -15.906], [-56.5568, -15.8979], [-56.5584, -15.8947], [-56.5633, -15.8906], [-56.5633, -15.8858], [-56.5649, -15.8833], [-56.5625, -15.8801], [-56.5617, -15.8769], [-56.5592, -15.8744], [-56.556, -15.8736], [-56.5528, -15.8704], [-56.552, -15.8672], [-56.5487, -15.8639], [-56.5479, -15.8599], [-56.5423, -15.8526], [-56.5431, -15.8453], [-56.5423, -15.8437], [-56.535, -15.8373], [-56.535, -15.8316], [-56.518, -15.813], [-56.5172, -15.8033], [-56.514, -15.7968], [-56.514, -15.7944], [-56.5083, -15.7912], [-56.5059, -15.7912], [-56.5026, -15.7896], [-56.497, -15.7912], [-56.4905, -15.7847], [-56.4913, -15.7823], [-56.4905, -15.7807], [-56.4921, -15.779], [-56.4913, -15.7774], [-56.4849, -15.7734], [-56.4816, -15.7693], [-56.4824, -15.7604], [-56.4784, -15.754], [-56.4784, -15.7491], [-56.4792, -15.7483], [-56.4768, -15.7459], [-56.4768, -15.7427], [-56.4711, -15.737], [-56.4703, -15.7305], [-56.4663, -15.7281], [-56.463, -15.7192], [-56.4582, -15.7144], [-56.4541, -15.7047], [-56.4517, -15.7022], [-56.4493, -15.7014], [-56.4477, -15.699], [-56.4493, -15.6982], [-56.4663, -15.7047], [-56.4598, -15.699], [-56.4493, -15.6974], [-56.4485, -15.6958], [-56.4452, -15.6974], [-56.4428, -15.6974], [-56.4412, -15.6958], [-56.438, -15.6958]]]]}}, {"type": "Feature", "properties": {"cod": "668958", "nivel": 6, "nome": "Bacia sem nome (IBGE)", "rio": "Nome não identificado", "area": 107, "area_rm": 53, "lx": -54.5615, "ly": -15.3134}, "geometry": {"type": "MultiPolygon", "coordinates": [[[[-54.4863, -15.2568], [-54.4895, -15.2624], [-54.4903, -15.2665], [-54.4952, -15.2721], [-54.5105, -15.2786], [-54.5138, -15.2818], [-54.521, -15.2851], [-54.521, -15.2875], [-54.5243, -15.294], [-54.5307, -15.3004], [-54.5307, -15.3093], [-54.5453, -15.3231], [-54.5502, -15.332], [-54.5518, -15.3368], [-54.5518, -15.3408], [-54.5534, -15.3441], [-54.555, -15.3619], [-54.5526, -15.3651], [-54.555, -15.3659], [-54.555, -15.3635], [-54.5566, -15.3602], [-54.555, -15.357], [-54.5566, -15.3554], [-54.5599, -15.3554], [-54.5615, -15.353], [-54.5647, -15.3522], [-54.5663, -15.3505], [-54.572, -15.3505], [-54.5712, -15.3481], [-54.5752, -15.3457], [-54.576, -15.3441], [-54.5801, -15.3433], [-54.5833, -15.3392], [-54.5849, -15.34], [-54.5873, -15.3344], [-54.589, -15.3344], [-54.5898, -15.3328], [-54.5938, -15.3328], [-54.5954, -15.3311], [-54.593, -15.3279], [-54.593, -15.3247], [-54.5946, -15.3222], [-54.589, -15.319], [-54.5898, -15.3174], [-54.589, -15.3166], [-54.5857, -15.3166], [-54.5801, -15.3142], [-54.5809, -15.3101], [-54.5793, -15.3085], [-54.5809, -15.3069], [-54.5809, -15.3053], [-54.5776, -15.3028], [-54.5776, -15.3012], [-54.5736, -15.2988], [-54.5728, -15.2964], [-54.572, -15.2972], [-54.5696, -15.2964], [-54.5663, -15.2931], [-54.5623, -15.2923], [-54.5599, -15.2883], [-54.5607, -15.2859], [-54.5558, -15.2826], [-54.5493, -15.2729], [-54.5461, -15.2721], [-54.5445, -15.2705], [-54.5461, -15.2665], [-54.5453, -15.2648], [-54.5461, -15.2584], [-54.5453, -15.256], [-54.5404, -15.2543], [-54.538, -15.2511], [-54.534, -15.2503], [-54.5324, -15.2519], [-54.5291, -15.2511], [-54.5251, -15.2527], [-54.5227, -15.2511], [-54.5219, -15.2527], [-54.5178, -15.2527], [-54.5138, -15.2511], [-54.5105, -15.2511], [-54.5065, -15.2527], [-54.4863, -15.2568]]]]}}, {"type": "Feature", "properties": {"cod": "689674", "nivel": 6, "nome": "Bacia do Rio Ariçá-Açu", "rio": "Rio Ariçá-Açu", "area": 1677, "area_rm": 1675, "lx": -55.6513, "ly": -15.5907}, "geometry": {"type": "MultiPolygon", "coordinates": [[[[-55.5551, -15.4751], [-55.5567, -15.4775], [-55.5551, -15.4783], [-55.5559, -15.4799], [-55.5551, -15.4839], [-55.5511, -15.488], [-55.5502, -15.4904], [-55.5527, -15.4928], [-55.5511, -15.4945], [-55.5478, -15.492], [-55.543, -15.4969], [-55.5454, -15.4993], [-55.5446, -15.5017], [-55.547, -15.505], [-55.547, -15.5074], [-55.5454, -15.509], [-55.5405, -15.5098], [-55.5373, -15.5122], [-55.5381, -15.5155], [-55.5373, -15.5163], [-55.5381, -15.5171], [-55.5357, -15.5187], [-55.5333, -15.5187], [-55.5308, -15.5211], [-55.5292, -15.5252], [-55.53, -15.5268], [-55.5268, -15.5292], [-55.5211, -15.526], [-55.5139, -15.5268], [-55.5106, -15.5292], [-55.509, -15.5292], [-55.509, -15.5308], [-55.5074, -15.5325], [-55.5025, -15.5349], [-55.5017, -15.5373], [-55.4969, -15.5413], [-55.4969, -15.5454], [-55.4928, -15.547], [-55.4888, -15.5446], [-55.4864, -15.547], [-55.4864, -15.5494], [-55.4848, -15.5511], [-55.4839, -15.5551], [-55.4872, -15.5591], [-55.4872, -15.5608], [-55.4839, -15.5656], [-55.4856, -15.5672], [-55.4848, -15.5761], [-55.4856, -15.5777], [-55.4815, -15.5793], [-55.4759, -15.5777], [-55.4742, -15.5785], [-55.471, -15.5769], [-55.4694, -15.5793], [-55.4645, -15.5793], [-55.4645, -15.5818], [-55.4678, -15.5866], [-55.4694, -15.5866], [-55.4718, -15.589], [-55.4726, -15.5923], [-55.4759, -15.5939], [-55.4759, -15.5971], [-55.4734, -15.6004], [-55.4775, -15.6004], [-55.4791, -15.5988], [-55.4807, -15.5988], [-55.4856, -15.6012], [-55.4904, -15.6004], [-55.4937, -15.6028], [-55.4969, -15.6028], [-55.5034, -15.6109], [-55.5066, -15.6117], [-55.5098, -15.6141], [-55.509, -15.6214], [-55.5074, -15.623], [-55.5034, -15.6222], [-55.5017, -15.6238], [-55.5001, -15.6238], [-55.4977, -15.6279], [-55.4961, -15.6279], [-55.4953, -15.6311], [-55.4969, -15.6327], [-55.4985, -15.6327], [-55.5001, -15.6351], [-55.5042, -15.6359], [-55.5058, -15.6384], [-55.5106, -15.64], [-55.5106, -15.6424], [-55.5139, -15.6473], [-55.5195, -15.6529], [-55.5203, -15.6521], [-55.53, -15.6602], [-55.53, -15.665], [-55.5292, -15.6659], [-55.5325, -15.6715], [-55.5325, -15.6731], [-55.5357, -15.6756], [-55.5405, -15.6747], [-55.5462, -15.6812], [-55.5462, -15.6828], [-55.5519, -15.6877], [-55.5535, -15.6909], [-55.5575, -15.6933], [-55.5648, -15.7014], [-55.5705, -15.7039], [-55.5745, -15.7087], [-55.5842, -15.716], [-55.5915, -15.7176], [-55.5979, -15.7224], [-55.5996, -15.7216], [-55.6052, -15.7224], [-55.6076, -15.7216], [-55.6101, -15.7273], [-55.6125, -15.7297], [-55.6149, -15.7297], [-55.6165, -15.7313], [-55.6173, -15.7354], [-55.6198, -15.7346], [-55.6206, -15.7297], [-55.6198, -15.7289], [-55.6214, -15.7273], [-55.623, -15.7273], [-55.6238, -15.7257], [-55.6279, -15.7241], [-55.6311, -15.7208], [-55.6319, -15.7216], [-55.6335, -15.72], [-55.6359, -15.72], [-55.64, -15.716], [-55.644, -15.7152], [-55.6465, -15.716], [-55.6473, -15.7136], [-55.6456, -15.7119], [-55.6473, -15.7095], [-55.6497, -15.7111], [-55.6505, -15.7144], [-55.6553, -15.72], [-55.6578, -15.7192], [-55.6602, -15.72], [-55.6626, -15.7241], [-55.6642, -15.7216], [-55.6683, -15.7216], [-55.6723, -15.7233], [-55.6756, -15.7208], [-55.6772, -15.7224], [-55.6804, -15.72], [-55.6796, -15.7192], [-55.6812, -15.7176], [-55.6885, -15.7168], [-55.6925, -15.7136], [-55.6925, -15.7119], [-55.695, -15.7095], [-55.6966, -15.7095], [-55.699, -15.7071], [-55.703, -15.7055], [-55.7063, -15.7055], [-55.7095, -15.7095], [-55.7136, -15.7079], [-55.7152, -15.7047], [-55.7176, -15.7047], [-55.7192, -15.703], [-55.7208, -15.7047], [-55.7233, -15.7047], [-55.7241, -15.7022], [-55.7257, -15.7022], [-55.7313, -15.7071], [-55.7305, -15.7095], [-55.7338, -15.7087], [-55.737, -15.7111], [-55.7386, -15.7103], [-55.7394, -15.7111], [-55.7435, -15.7087], [-55.7467, -15.7087], [-55.7491, -15.7071], [-55.7516, -15.7071], [-55.7532, -15.7087], [-55.754, -15.7119], [-55.758, -15.7136], [-55.7605, -15.716], [-55.7637, -15.7136], [-55.7669, -15.7136], [-55.7685, -15.7103], [-55.7718, -15.7079], [-55.775, -15.7079], [-55.7758, -15.7095], [-55.7774, -15.7095], [-55.7823, -15.7047], [-55.7855, -15.7055], [-55.7896, -15.7047], [-55.7912, -15.7055], [-55.792, -15.7047], [-55.796, -15.7079], [-55.7968, -15.7095], [-55.796, -15.7103], [-55.8009, -15.7168], [-55.8009, -15.7192], [-55.8033, -15.7208], [-55.8033, -15.7224], [-55.8049, -15.7241], [-55.8049, -15.7265], [-55.8114, -15.7313], [-55.8114, -15.733], [-55.8146, -15.7338], [-55.8162, -15.7354], [-55.8154, -15.737], [-55.8162, -15.7378], [-55.8187, -15.7346], [-55.8187, -15.733], [-55.8227, -15.7305], [-55.8235, -15.7289], [-55.8284, -15.7338], [-55.83, -15.7338], [-55.8324, -15.7362], [-55.8324, -15.7386], [-55.8356, -15.7419], [-55.8405, -15.7427], [-55.8421, -15.7443], [-55.847, -15.7402], [-55.8542, -15.7419], [-55.8559, -15.7402], [-55.8599, -15.741], [-55.8664, -15.7394], [-55.8728, -15.7435], [-55.872, -15.7451], [-55.8728, -15.7459], [-55.8793, -15.7435], [-55.8817, -15.7459], [-55.8817, -15.7483], [-55.8841, -15.7507], [-55.8874, -15.7507], [-55.8955, -15.754], [-55.8963, -15.7564], [-55.8987, -15.758], [-55.8995, -15.7621], [-55.9027, -15.7621], [-55.9052, -15.7637], [-55.9068, -15.7621], [-55.9084, -15.7621], [-55.91, -15.7572], [-55.9133, -15.7572], [-55.9173, -15.7596], [-55.9213, -15.7596], [-55.927, -15.7621], [-55.927, -15.7669], [-55.9286, -15.7669], [-55.9302, -15.7685], [-55.9302, -15.7701], [-55.9335, -15.7701], [-55.9351, -15.7685], [-55.9367, -15.7685], [-55.9383, -15.7661], [-55.9416, -15.7677], [-55.9424, -15.7701], [-55.9375, -15.7766], [-55.9416, -15.779], [-55.9424, -15.7823], [-55.9448, -15.7815], [-55.9496, -15.7863], [-55.9545, -15.7879], [-55.9561, -15.7944], [-55.9593, -15.796], [-55.9585, -15.7976], [-55.9618, -15.7976], [-55.9634, -15.8009], [-55.9666, -15.8033], [-55.9674, -15.809], [-55.9642, -15.8219], [-55.9674, -15.8251], [-55.9674, -15.8267], [-55.965, -15.8276], [-55.9642, -15.8292], [-55.9666, -15.8324], [-55.9626, -15.8356], [-55.9585, -15.8364], [-55.9569, -15.834], [-55.9577, -15.8405], [-55.9569, -15.8445], [-55.9585, -15.8445], [-55.961, -15.8478], [-55.961, -15.8502], [-55.9593, -15.8518], [-55.9569, -15.851], [-55.9545, -15.8518], [-55.9537, -15.851], [-55.9529, -15.8526], [-55.9496, -15.8518], [-55.9488, -15.8502], [-55.948, -15.8518], [-55.9448, -15.8518], [-55.944, -15.8558], [-55.9416, -15.8567], [-55.9416, -15.8591], [-55.9391, -15.8615], [-55.9375, -15.8615], [-55.9375, -15.8631], [-55.9424, -15.8672], [-55.9424, -15.8688], [-55.9464, -15.8712], [-55.9464, -15.8728], [-55.9448, -15.8736], [-55.944, -15.8769], [-55.9407, -15.8793], [-55.9399, -15.885], [-55.9367, -15.889], [-55.9351, -15.889], [-55.9335, -15.8906], [-55.9327, -15.8898], [-55.9294, -15.8922], [-55.9278, -15.8914], [-55.927, -15.8922], [-55.9278, -15.893], [-55.9254, -15.8971], [-55.9262, -15.9019], [-55.923, -15.9068], [-55.923, -15.9084], [-55.9197, -15.9116], [-55.9197, -15.9124], [-55.9221, -15.9124], [-55.923, -15.9141], [-55.9205, -15.9173], [-55.9181, -15.9173], [-55.9165, -15.9189], [-55.9149, -15.9173], [-55.9141, -15.9213], [-55.9181, -15.9246], [-55.9189, -15.9302], [-55.923, -15.931], [-55.9238, -15.9343], [-55.927, -15.9327], [-55.9294, -15.9359], [-55.9278, -15.9399], [-55.9254, -15.9415], [-55.9254, -15.944], [-55.923, -15.9456], [-55.9221, -15.9512], [-55.9238, -15.9561], [-55.9278, -15.9553], [-55.931, -15.9569], [-55.9318, -15.961], [-55.9375, -15.9658], [-55.9367, -15.9674], [-55.9407, -15.9674], [-55.9456, -15.9658], [-55.9496, -15.961], [-55.9513, -15.9569], [-55.9553, -15.9569], [-55.9569, -15.9585], [-55.9569, -15.9618], [-55.9593, -15.965], [-55.961, -15.965], [-55.9642, -15.9618], [-55.9658, -15.9642], [-55.9723, -15.9577], [-55.9747, -15.9569], [-55.9787, -15.9577], [-55.9804, -15.9618], [-55.982, -15.9626], [-55.9828, -15.9618], [-55.982, -15.9601], [-55.9836, -15.9585], [-55.9836, -15.9569], [-55.986, -15.9553], [-55.9852, -15.9529], [-55.9876, -15.9512], [-55.9884, -15.944], [-55.9844, -15.9399], [-55.9844, -15.9335], [-55.986, -15.9318], [-55.9836, -15.9294], [-55.9844, -15.9278], [-55.982, -15.9262], [-55.9836, -15.9221], [-55.9909, -15.9197], [-55.9973, -15.9246], [-56.0038, -15.9181], [-56.0062, -15.9181], [-56.0078, -15.9157], [-56.0135, -15.9133], [-56.0143, -15.9116], [-56.0184, -15.9116], [-56.0216, -15.9092], [-56.0232, -15.9092], [-56.024, -15.9084], [-56.0232, -15.9076], [-56.0248, -15.9068], [-56.0281, -15.9019], [-56.0297, -15.9019], [-56.0313, -15.9035], [-56.0313, -15.906], [-56.0329, -15.9076], [-56.0353, -15.9052], [-56.0345, -15.9035], [-56.0353, -15.9003], [-56.0345, -15.8995], [-56.0353, -15.8987], [-56.0402, -15.8987], [-56.0426, -15.8971], [-56.0434, -15.8947], [-56.0467, -15.8938], [-56.0483, -15.8874], [-56.045, -15.8858], [-56.045, -15.8817], [-56.0434, -15.8825], [-56.0418, -15.8809], [-56.0418, -15.8785], [-56.0402, -15.8761], [-56.0378, -15.8769], [-56.0361, -15.8728], [-56.0345, -15.8712], [-56.0345, -15.868], [-56.037, -15.8664], [-56.0378, -15.8631], [-56.037, -15.8615], [-56.0345, -15.8615], [-56.0337, -15.8599], [-56.0305, -15.8583], [-56.0313, -15.8558], [-56.0353, -15.8558], [-56.037, -15.8542], [-56.037, -15.851], [-56.0337, -15.8478], [-56.0329, -15.8453], [-56.0361, -15.8421], [-56.0386, -15.8413], [-56.0378, -15.8389], [-56.0442, -15.834], [-56.0434, -15.8308], [-56.0467, -15.8292], [-56.0491, -15.8243], [-56.0515, -15.8219], [-56.0539, -15.8243], [-56.0555, -15.8227], [-56.0539, -15.8211], [-56.0547, -15.817], [-56.0539, -15.8146], [-56.0588, -15.8106], [-56.0612, -15.8098], [-56.0612, -15.8073], [-56.0628, -15.8057], [-56.0709, -15.8049], [-56.0758, -15.8033], [-56.0766, -15.7968], [-56.075, -15.7944], [-56.0766, -15.7904], [-56.0717, -15.7847], [-56.0733, -15.7774], [-56.0701, -15.7742], [-56.0709, -15.7701], [-56.0685, -15.7685], [-56.0685, -15.7669], [-56.0644, -15.7645], [-56.0644, -15.7613], [-56.0628, -15.7596], [-56.062, -15.7556], [-56.0588, -15.7524], [-56.0604, -15.7507], [-56.0588, -15.7499], [-56.0564, -15.7443], [-56.0531, -15.7419], [-56.0531, -15.7394], [-56.0499, -15.7378], [-56.0475, -15.7305], [-56.0442, -15.7273], [-56.0402, -15.7265], [-56.0386, -15.7233], [-56.0361, -15.7224], [-56.0313, -15.7176], [-56.0281, -15.7184], [-56.0256, -15.7152], [-56.0248, -15.7119], [-56.0224, -15.7095], [-56.0232, -15.7087], [-56.0232, -15.7022], [-56.0224, -15.7014], [-56.0224, -15.6958], [-56.024, -15.6917], [-56.0216, -15.6901], [-56.0216, -15.6845], [-56.02, -15.6828], [-56.0208, -15.6812], [-56.0192, -15.6796], [-56.0192, -15.6772], [-56.0175, -15.678], [-56.0159, -15.6764], [-56.0151, -15.6707], [-56.0119, -15.6675], [-56.0151, -15.6594], [-56.0159, -15.6513], [-56.0143, -15.6505], [-56.0135, -15.6513], [-56.0111, -15.6481], [-56.0119, -15.6465], [-56.0095, -15.6481], [-56.007, -15.6481], [-56.0038, -15.6448], [-55.9981, -15.6473], [-55.9973, -15.6448], [-55.9965, -15.6448], [-55.9957, -15.6473], [-55.9933, -15.6497], [-55.9884, -15.6497], [-55.9836, -15.6481], [-55.9787, -15.6489], [-55.9779, -15.6465], [-55.9755, -15.6465], [-55.9747, -15.6448], [-55.9755, -15.644], [-55.9723, -15.6416], [-55.9682, -15.6424], [-55.9658, -15.6376], [-55.9634, -15.6367], [-55.961, -15.6384], [-55.9585, -15.6384], [-55.9569, -15.6367], [-55.9577, -15.6359], [-55.9561, -15.6319], [-55.9569, -15.6303], [-55.9561, -15.6287], [-55.9569, -15.6262], [-55.9553, -15.6238], [-55.9569, -15.6222], [-55.9553, -15.6222], [-55.9537, -15.6206], [-55.9545, -15.619], [-55.9513, -15.6149], [-55.9488, -15.6093], [-55.9496, -15.6076], [-55.9472, -15.606], [-55.9464, -15.6044], [-55.9472, -15.6028], [-55.9432, -15.5963], [-55.9448, -15.5923], [-55.944, -15.5899], [-55.9464, -15.5874], [-55.9456, -15.585], [-55.9464, -15.5842], [-55.9472, -15.585], [-55.948, -15.5802], [-55.9521, -15.5777], [-55.9521, -15.5753], [-55.9537, -15.5729], [-55.9504, -15.5705], [-55.9521, -15.5664], [-55.9504, -15.5656], [-55.9513, -15.5624], [-55.9496, -15.5583], [-55.9504, -15.5567], [-55.9496, -15.5543], [-55.9504, -15.5535], [-55.9504, -15.5486], [-55.948, -15.5478], [-55.9472, -15.5454], [-55.948, -15.5446], [-55.9472, -15.543], [-55.948, -15.5405], [-55.9472, -15.5389], [-55.9432, -15.5381], [-55.9399, -15.5357], [-55.9399, -15.5373], [-55.9383, -15.5381], [-55.9375, -15.5349], [-55.9351, -15.5349], [-55.9335, -15.5333], [-55.9335, -15.5316], [-55.9367, -15.5276], [-55.9367, -15.5252], [-55.9383, -15.5228], [-55.9375, -15.5171], [-55.9391, -15.5155], [-55.9391, -15.5139], [-55.9416, -15.5122], [-55.9416, -15.5098], [-55.9391, -15.5082], [-55.9391, -15.5066], [-55.9375, -15.505], [-55.9383, -15.5025], [-55.9367, -15.4985], [-55.9399, -15.4928], [-55.9416, -15.492], [-55.9416, -15.4888], [-55.944, -15.4864], [-55.944, -15.4831], [-55.9424, -15.4799], [-55.9448, -15.4775], [-55.9432, -15.4759], [-55.9432, -15.4742], [-55.9391, -15.4742], [-55.9359, -15.4775], [-55.9318, -15.4767], [-55.9302, -15.4751], [-55.931, -15.4694], [-55.927, -15.4702], [-55.9262, -15.4678], [-55.9238, -15.4662], [-55.9246, -15.4589], [-55.923, -15.4573], [-55.9221, -15.454], [-55.9246, -15.45], [-55.9246, -15.4468], [-55.9205, -15.4403], [-55.9221, -15.4371], [-55.9205, -15.4354], [-55.9213, -15.4314], [-55.9197, -15.4306], [-55.9205, -15.4225], [-55.9189, -15.4209], [-55.923, -15.4136], [-55.923, -15.4104], [-55.9189, -15.4104], [-55.9141, -15.4071], [-55.906, -15.4079], [-55.9052, -15.4071], [-55.9027, -15.4088], [-55.8995, -15.4079], [-55.8963, -15.4104], [-55.893, -15.4104], [-55.8882, -15.4136], [-55.885, -15.4128], [-55.8825, -15.4144], [-55.8793, -15.4201], [-55.8769, -15.4201], [-55.8728, -15.4225], [-55.8672, -15.4201], [-55.8623, -15.4209], [-55.8599, -15.4193], [-55.8526, -15.4241], [-55.851, -15.4265], [-55.8518, -15.4346], [-55.8494, -15.4362], [-55.8494, -15.4403], [-55.8526, -15.4443], [-55.8486, -15.4468], [-55.847, -15.4459], [-55.8437, -15.4492], [-55.8397, -15.4468], [-55.8373, -15.4476], [-55.8381, -15.4565], [-55.8364, -15.4581], [-55.834, -15.4573], [-55.8316, -15.4589], [-55.8316, -15.4613], [-55.8292, -15.4637], [-55.83, -15.4702], [-55.8267, -15.4726], [-55.8219, -15.4726], [-55.8195, -15.4742], [-55.8146, -15.4742], [-55.8138, -15.4734], [-55.8122, -15.4742], [-55.8114, -15.4734], [-55.8098, -15.4751], [-55.8073, -15.4751], [-55.8057, -15.4734], [-55.8017, -15.4751], [-55.8009, -15.4742], [-55.7968, -15.4742], [-55.792, -15.4775], [-55.7879, -15.4767], [-55.7855, -15.4791], [-55.7831, -15.4783], [-55.7758, -15.4799], [-55.775, -15.4775], [-55.7726, -15.4775], [-55.7685, -15.4734], [-55.7661, -15.4734], [-55.7637, -15.4718], [-55.7605, -15.4734], [-55.7548, -15.4702], [-55.7548, -15.4718], [-55.7532, -15.4734], [-55.7524, -15.4726], [-55.7507, -15.4751], [-55.7483, -15.4734], [-55.7459, -15.4734], [-55.741, -15.4767], [-55.7394, -15.4742], [-55.7378, -15.4751], [-55.737, -15.4742], [-55.7362, -15.4775], [-55.7322, -15.4799], [-55.7249, -15.4815], [-55.7233, -15.4807], [-55.7225, -15.4815], [-55.7184, -15.4799], [-55.716, -15.4823], [-55.7144, -15.4807], [-55.7087, -15.4807], [-55.7079, -15.4791], [-55.7047, -15.4783], [-55.7039, -15.4767], [-55.695, -15.4783], [-55.6933, -15.4759], [-55.6893, -15.4759], [-55.6877, -15.4775], [-55.6845, -15.4775], [-55.682, -15.4759], [-55.6788, -15.4759], [-55.6731, -15.4726], [-55.6715, -15.4734], [-55.6683, -15.4718], [-55.6659, -15.4734], [-55.6618, -15.4718], [-55.661, -15.4726], [-55.657, -15.4694], [-55.6562, -15.4702], [-55.6521, -15.4702], [-55.6505, -15.4694], [-55.6473, -15.4654], [-55.644, -15.4662], [-55.6424, -15.4654], [-55.6384, -15.4694], [-55.6359, -15.4702], [-55.6327, -15.4686], [-55.6271, -15.4678], [-55.623, -15.4751], [-55.6206, -15.4726], [-55.6165, -15.4751], [-55.6149, -15.4742], [-55.6133, -15.4759], [-55.606, -15.4702], [-55.6028, -15.4694], [-55.602, -15.4702], [-55.5931, -15.471], [-55.5891, -15.4694], [-55.5858, -15.4726], [-55.5866, -15.4759], [-55.585, -15.4775], [-55.5834, -15.4831], [-55.5802, -15.4823], [-55.5753, -15.4775], [-55.5745, -15.4799], [-55.5705, -15.4815], [-55.5688, -15.4799], [-55.5672, -15.4807], [-55.5656, -15.4799], [-55.564, -15.4775], [-55.5599, -15.4775], [-55.5583, -15.4751], [-55.5551, -15.4751]]]]}}, {"type": "Feature", "properties": {"cod": "689676", "nivel": 6, "nome": "Bacia do Rio Jangada (MT) 2", "rio": "Rio Jangada", "area": 1695, "area_rm": 724, "lx": -56.7508, "ly": -15.6076}, "geometry": {"type": "MultiPolygon", "coordinates": [[[[-56.9295, -15.5316], [-56.9255, -15.5292], [-56.9214, -15.5292], [-56.9174, -15.5333], [-56.9125, -15.5316], [-56.9109, -15.5268], [-56.9061, -15.5219], [-56.9036, -15.5171], [-56.8333, -15.4775], [-56.8285, -15.4726], [-56.8252, -15.471], [-56.8212, -15.4718], [-56.8179, -15.4742], [-56.8163, -15.4775], [-56.8163, -15.4807], [-56.8139, -15.4831], [-56.8131, -15.4856], [-56.8107, -15.4872], [-56.8107, -15.4928], [-56.8123, -15.4961], [-56.8099, -15.5001], [-56.8034, -15.5009], [-56.7945, -15.5082], [-56.7864, -15.5122], [-56.7816, -15.5171], [-56.7791, -15.5171], [-56.7751, -15.5147], [-56.7702, -15.5147], [-56.7646, -15.5131], [-56.7622, -15.5155], [-56.7622, -15.5195], [-56.7581, -15.5228], [-56.7525, -15.5219], [-56.75, -15.5203], [-56.7428, -15.5195], [-56.7403, -15.5163], [-56.7411, -15.5131], [-56.7379, -15.5106], [-56.7331, -15.5114], [-56.7298, -15.509], [-56.7282, -15.509], [-56.7242, -15.505], [-56.7217, -15.5009], [-56.7161, -15.4961], [-56.7145, -15.492], [-56.7153, -15.4896], [-56.7145, -15.4888], [-56.7169, -15.4848], [-56.7169, -15.4823], [-56.7145, -15.4783], [-56.7112, -15.4791], [-56.7104, -15.4783], [-56.7096, -15.4791], [-56.7072, -15.4775], [-56.7031, -15.4783], [-56.6983, -15.4767], [-56.6967, -15.4775], [-56.6918, -15.4767], [-56.6886, -15.4775], [-56.6878, -15.4767], [-56.6829, -15.4799], [-56.5673, -15.4815], [-56.5714, -15.4839], [-56.5722, -15.4864], [-56.5714, -15.4872], [-56.573, -15.4904], [-56.5754, -15.4904], [-56.5786, -15.4945], [-56.5835, -15.4977], [-56.5843, -15.5017], [-56.5867, -15.505], [-56.5956, -15.509], [-56.5988, -15.5074], [-56.6029, -15.5074], [-56.6045, -15.509], [-56.6053, -15.5122], [-56.6045, -15.5131], [-56.6045, -15.5171], [-56.6102, -15.5228], [-56.611, -15.5292], [-56.6158, -15.5341], [-56.6158, -15.5357], [-56.6223, -15.5438], [-56.6263, -15.543], [-56.628, -15.5446], [-56.628, -15.547], [-56.6263, -15.5494], [-56.6296, -15.5543], [-56.632, -15.5535], [-56.6328, -15.5543], [-56.6328, -15.5583], [-56.6377, -15.564], [-56.6385, -15.5672], [-56.636, -15.5713], [-56.6352, -15.5777], [-56.6385, -15.5802], [-56.6385, -15.5818], [-56.6514, -15.5963], [-56.6522, -15.6028], [-56.6506, -15.6044], [-56.6506, -15.606], [-56.6522, -15.6093], [-56.6522, -15.6117], [-56.6546, -15.6141], [-56.6538, -15.6165], [-56.6554, -15.6214], [-56.6506, -15.6254], [-56.6546, -15.6327], [-56.6587, -15.6319], [-56.6603, -15.6343], [-56.6635, -15.6351], [-56.666, -15.6408], [-56.6692, -15.6432], [-56.6692, -15.6448], [-56.6732, -15.6489], [-56.6732, -15.6562], [-56.6708, -15.6578], [-56.6708, -15.6634], [-56.6732, -15.6667], [-56.6724, -15.6715], [-56.6732, -15.6739], [-56.6724, -15.6747], [-56.6684, -15.6747], [-56.6676, -15.6739], [-56.666, -15.6747], [-56.6651, -15.6739], [-56.6643, -15.678], [-56.6676, -15.682], [-56.6643, -15.6845], [-56.666, -15.6901], [-56.6619, -15.6925], [-56.6643, -15.6958], [-56.6635, -15.6974], [-56.666, -15.6982], [-56.6684, -15.7006], [-56.6684, -15.7039], [-56.6643, -15.7071], [-56.6635, -15.7095], [-56.6692, -15.7152], [-56.6724, -15.7208], [-56.6765, -15.72], [-56.6805, -15.7241], [-56.6829, -15.7305], [-56.6821, -15.7322], [-56.6854, -15.7362], [-56.6854, -15.7394], [-56.691, -15.7443], [-56.691, -15.7459], [-56.6926, -15.7475], [-56.6894, -15.7507], [-56.6886, -15.7532], [-56.6926, -15.7588], [-56.6967, -15.7621], [-56.7023, -15.7621], [-56.7048, -15.7645], [-56.704, -15.7677], [-56.7104, -15.7685], [-56.7128, -15.771], [-56.7161, -15.7669], [-56.7185, -15.7677], [-56.7217, -15.7637], [-56.7217, -15.7621], [-56.7185, -15.7596], [-56.7193, -15.7548], [-56.7177, -15.754], [-56.7169, -15.7507], [-56.7145, -15.7483], [-56.7145, -15.7467], [-56.7177, -15.7435], [-56.7234, -15.7443], [-56.725, -15.7459], [-56.7314, -15.7459], [-56.7322, -15.7451], [-56.7339, -15.7467], [-56.7411, -15.7475], [-56.742, -15.7419], [-56.7436, -15.741], [-56.7444, -15.7378], [-56.7484, -15.7394], [-56.7517, -15.737], [-56.7557, -15.7394], [-56.7597, -15.737], [-56.7662, -15.7362], [-56.7694, -15.733], [-56.7759, -15.7378], [-56.7759, -15.7354], [-56.7791, -15.733], [-56.7808, -15.7289], [-56.7808, -15.7224], [-56.7832, -15.7208], [-56.7848, -15.7208], [-56.7864, -15.7224], [-56.7897, -15.7216], [-56.7905, -15.7192], [-56.7937, -15.716], [-56.7977, -15.7144], [-56.8002, -15.7119], [-56.8002, -15.7071], [-56.8018, -15.7047], [-56.801, -15.7006], [-56.8026, -15.6966], [-56.8066, -15.6917], [-56.8074, -15.6893], [-56.8066, -15.6885], [-56.8082, -15.6869], [-56.8074, -15.6845], [-56.8091, -15.6828], [-56.8091, -15.6804], [-56.8074, -15.6788], [-56.8091, -15.6723], [-56.8163, -15.6715], [-56.8204, -15.6683], [-56.8212, -15.6659], [-56.822, -15.6667], [-56.8252, -15.6659], [-56.8268, -15.6634], [-56.8293, -15.6634], [-56.8333, -15.6659], [-56.8357, -15.665], [-56.8365, -15.6667], [-56.8398, -15.6659], [-56.8406, -15.6675], [-56.843, -15.6683], [-56.8471, -15.6675], [-56.8503, -15.6699], [-56.8665, -15.6756], [-56.8689, -15.6747], [-56.8681, -15.6723], [-56.8689, -15.6715], [-56.8729, -15.6707], [-56.8737, -15.6691], [-56.8729, -15.6675], [-56.8753, -15.665], [-56.8745, -15.6626], [-56.8762, -15.6602], [-56.8745, -15.6594], [-56.8753, -15.6562], [-56.8778, -15.6537], [-56.8859, -15.6521], [-56.8851, -15.6489], [-56.8875, -15.6473], [-56.8891, -15.644], [-56.8891, -15.6424], [-56.8867, -15.64], [-56.8891, -15.6392], [-56.8915, -15.6408], [-56.8939, -15.6384], [-56.8939, -15.6367], [-56.8972, -15.6343], [-56.8972, -15.6295], [-56.9004, -15.6279], [-56.9045, -15.6238], [-56.9045, -15.6222], [-56.8996, -15.6173], [-56.8996, -15.6125], [-56.9028, -15.6109], [-56.9036, -15.6085], [-56.902, -15.606], [-56.9036, -15.6036], [-56.9012, -15.6012], [-56.9045, -15.5947], [-56.9069, -15.5955], [-56.9093, -15.5939], [-56.9101, -15.5915], [-56.9093, -15.5899], [-56.9061, -15.589], [-56.9045, -15.5842], [-56.9077, -15.581], [-56.9109, -15.5818], [-56.9109, -15.5793], [-56.9174, -15.5737], [-56.9182, -15.5705], [-56.9214, -15.568], [-56.9214, -15.5664], [-56.919, -15.5632], [-56.9158, -15.5608], [-56.915, -15.5575], [-56.9061, -15.5486], [-56.9053, -15.5446], [-56.9028, -15.5422], [-56.9061, -15.5389], [-56.9101, -15.5397], [-56.9109, -15.5413], [-56.9133, -15.5422], [-56.9166, -15.5389], [-56.9214, -15.5389], [-56.9247, -15.5405], [-56.9311, -15.5397], [-56.9368, -15.5438], [-56.94, -15.5422], [-56.936, -15.5405], [-56.9328, -15.5349], [-56.9295, -15.5316]]], [[[-56.3822, -15.2042], [-56.3814, -15.2058], [-56.383, -15.2074], [-56.3822, -15.2091], [-56.3838, -15.2115], [-56.3822, -15.2123], [-56.3822, -15.2139], [-56.3846, -15.2155], [-56.3846, -15.2196], [-56.3854, -15.2204], [-56.3854, -15.2244], [-56.383, -15.2277], [-56.3838, -15.2293], [-56.383, -15.2301], [-56.387, -15.2341], [-56.387, -15.2357], [-56.3886, -15.2374], [-56.3886, -15.2398], [-56.3862, -15.2422], [-56.387, -15.2446], [-56.383, -15.2503], [-56.3838, -15.2535], [-56.3878, -15.2568], [-56.387, -15.2584], [-56.3903, -15.26], [-56.3911, -15.2632], [-56.3951, -15.2657], [-56.3959, -15.2689], [-56.3983, -15.2721], [-56.4024, -15.2721], [-56.4048, -15.2762], [-56.4097, -15.2794], [-56.4105, -15.281], [-56.408, -15.2843], [-56.408, -15.2875], [-56.4161, -15.298], [-56.4202, -15.2972], [-56.4234, -15.3012], [-56.4234, -15.3037], [-56.4299, -15.3061], [-56.4315, -15.3053], [-56.4331, -15.3069], [-56.4331, -15.3093], [-56.4339, -15.3093], [-56.4355, -15.3045], [-56.4355, -15.2996], [-56.4339, -15.2948], [-56.4339, -15.2899], [-56.4404, -15.2794], [-56.4509, -15.2681], [-56.4501, -15.2648], [-56.4452, -15.2584], [-56.4444, -15.2511], [-56.442, -15.2471], [-56.4428, -15.2398], [-56.4412, -15.239], [-56.4396, -15.2341], [-56.4347, -15.2301], [-56.4347, -15.2285], [-56.4331, -15.2268], [-56.4291, -15.226], [-56.4258, -15.2228], [-56.4258, -15.2212], [-56.4283, -15.218], [-56.4266, -15.218], [-56.4234, -15.2147], [-56.4202, -15.2155], [-56.4186, -15.2131], [-56.4169, -15.2131], [-56.4137, -15.2188], [-56.4105, -15.222], [-56.4064, -15.2228], [-56.4024, -15.218], [-56.3983, -15.2155], [-56.3992, -15.2139], [-56.4008, -15.2147], [-56.4016, -15.2131], [-56.4, -15.2115], [-56.3935, -15.2115], [-56.3903, -15.2107], [-56.3886, -15.2091], [-56.3862, -15.2091], [-56.3838, -15.2074], [-56.3838, -15.205], [-56.3822, -15.2042]]]]}}, {"type": "Feature", "properties": {"cod": "689684", "nivel": 6, "nome": "Bacia do Ribeirão Marzagão", "rio": "Ribeirão Marzagão", "area": 512, "area_rm": 4, "lx": -55.6343, "ly": -14.7159}, "geometry": {"type": "MultiPolygon", "coordinates": [[[[-55.6214, -14.7038], [-55.6238, -14.7046], [-55.6262, -14.7078], [-55.6279, -14.7078], [-55.6295, -14.7094], [-55.6303, -14.7086], [-55.6319, -14.7102], [-55.6303, -14.7183], [-55.6319, -14.7199], [-55.6424, -14.7207], [-55.6465, -14.7224], [-55.6537, -14.7232], [-55.6545, -14.7264], [-55.6586, -14.7272], [-55.661, -14.7321], [-55.6642, -14.7304], [-55.6642, -14.7288], [-55.6214, -14.7038]]], [[[-55.585, -14.6819], [-55.5866, -14.686], [-55.5907, -14.6892], [-55.5971, -14.69], [-55.6012, -14.6932], [-55.6044, -14.6932], [-55.585, -14.6819]]], [[[-55.5551, -14.6633], [-55.547, -14.6593], [-55.547, -14.6617], [-55.5422, -14.6641], [-55.5405, -14.6682], [-55.5438, -14.6706], [-55.5454, -14.6706], [-55.5502, -14.6658], [-55.5551, -14.6633]]]]}}, {"type": "Feature", "properties": {"cod": "689694", "nivel": 6, "nome": "Bacia do Rio Quilombo", "rio": "Rio Quilombo", "area": 1677, "area_rm": 1672, "lx": -55.7669, "ly": -15.1783}, "geometry": {"type": "MultiPolygon", "coordinates": [[[[-55.8825, -14.9892], [-55.8769, -14.99], [-55.8753, -14.9916], [-55.8664, -14.9924], [-55.8647, -14.9916], [-55.8607, -14.9964], [-55.8591, -15.0005], [-55.855, -15.0021], [-55.8534, -15.0005], [-55.851, -15.0029], [-55.8478, -15.0037], [-55.8462, -15.0061], [-55.8413, -15.0069], [-55.8381, -15.0102], [-55.83, -15.0118], [-55.8267, -15.0175], [-55.8235, -15.0191], [-55.8219, -15.0175], [-55.8235, -15.011], [-55.8187, -15.0053], [-55.813, -15.0021], [-55.8122, -15.0029], [-55.8098, -15.0005], [-55.8106, -14.9989], [-55.809, -14.9972], [-55.8049, -14.998], [-55.8017, -14.9972], [-55.7968, -14.9932], [-55.7912, -14.9932], [-55.7887, -14.9956], [-55.7855, -14.9956], [-55.7815, -14.9972], [-55.7758, -14.9875], [-55.7718, -14.9867], [-55.771, -14.9859], [-55.7718, -14.9851], [-55.7677, -14.9819], [-55.7645, -14.9746], [-55.7621, -14.9722], [-55.7613, -14.973], [-55.7548, -14.9681], [-55.7516, -14.9706], [-55.7499, -14.9706], [-55.7394, -14.9641], [-55.7354, -14.9649], [-55.7338, -14.9641], [-55.733, -14.9649], [-55.7265, -14.9617], [-55.7225, -14.9609], [-55.72, -14.9584], [-55.7176, -14.9584], [-55.7144, -14.9568], [-55.7128, -14.9609], [-55.7152, -14.9633], [-55.7152, -14.9657], [-55.7111, -14.9673], [-55.7095, -14.9698], [-55.7095, -14.9754], [-55.7071, -14.9786], [-55.7079, -14.9795], [-55.7055, -14.9827], [-55.7055, -14.9843], [-55.7006, -14.9908], [-55.7014, -14.994], [-55.699, -14.9964], [-55.7006, -15.0005], [-55.7006, -15.0053], [-55.7039, -15.0086], [-55.7039, -15.0118], [-55.6982, -15.0166], [-55.6998, -15.0231], [-55.699, -15.0239], [-55.6982, -15.032], [-55.6958, -15.0344], [-55.6958, -15.0377], [-55.6942, -15.0385], [-55.6925, -15.0563], [-55.6893, -15.0595], [-55.6885, -15.0652], [-55.6861, -15.0676], [-55.682, -15.0676], [-55.6788, -15.0692], [-55.6659, -15.07], [-55.6642, -15.0716], [-55.6626, -15.0716], [-55.661, -15.07], [-55.6578, -15.0716], [-55.6553, -15.074], [-55.6562, -15.0749], [-55.6553, -15.0797], [-55.657, -15.0821], [-55.6562, -15.0854], [-55.657, -15.0878], [-55.6489, -15.0951], [-55.6432, -15.0943], [-55.64, -15.0967], [-55.64, -15.1007], [-55.6392, -15.1015], [-55.64, -15.1072], [-55.6335, -15.1112], [-55.6327, -15.1129], [-55.6303, -15.1129], [-55.6254, -15.1185], [-55.6238, -15.1185], [-55.6222, -15.1201], [-55.6214, -15.1193], [-55.6149, -15.1201], [-55.6133, -15.1193], [-55.6125, -15.1201], [-55.6085, -15.1161], [-55.6036, -15.1153], [-55.602, -15.1169], [-55.5947, -15.1177], [-55.5915, -15.1193], [-55.5882, -15.1234], [-55.5842, -15.1242], [-55.5826, -15.1282], [-55.5842, -15.1347], [-55.5826, -15.1371], [-55.5842, -15.1395], [-55.581, -15.1452], [-55.5818, -15.1517], [-55.5794, -15.1565], [-55.5761, -15.1597], [-55.5729, -15.1614], [-55.5705, -15.1614], [-55.5696, -15.1662], [-55.568, -15.1678], [-55.5672, -15.167], [-55.5664, -15.1678], [-55.5672, -15.1735], [-55.5656, -15.1751], [-55.5624, -15.1751], [-55.5599, -15.1775], [-55.5599, -15.18], [-55.5632, -15.1816], [-55.5664, -15.1856], [-55.5656, -15.1897], [-55.5664, -15.1913], [-55.5721, -15.1969], [-55.5737, -15.2058], [-55.5705, -15.2107], [-55.5713, -15.2155], [-55.5696, -15.218], [-55.5729, -15.2204], [-55.5737, -15.2236], [-55.5753, -15.2244], [-55.5761, -15.2268], [-55.5745, -15.2285], [-55.5753, -15.2293], [-55.5729, -15.2317], [-55.568, -15.2341], [-55.5664, -15.2382], [-55.5632, -15.2325], [-55.5591, -15.2317], [-55.5567, -15.2293], [-55.5511, -15.2333], [-55.547, -15.2341], [-55.5478, -15.2382], [-55.543, -15.2414], [-55.543, -15.2438], [-55.5454, -15.2438], [-55.5478, -15.2471], [-55.5478, -15.2495], [-55.5454, -15.2543], [-55.5462, -15.2535], [-55.5502, -15.2568], [-55.5494, -15.2616], [-55.5462, -15.2648], [-55.547, -15.2713], [-55.5462, -15.2729], [-55.547, -15.2745], [-55.5462, -15.2762], [-55.547, -15.2778], [-55.5446, -15.2843], [-55.543, -15.2859], [-55.5365, -15.2875], [-55.5365, -15.2891], [-55.5381, -15.2907], [-55.5373, -15.2948], [-55.5397, -15.2964], [-55.5397, -15.298], [-55.5446, -15.3045], [-55.5454, -15.3134], [-55.5478, -15.3158], [-55.5478, -15.3174], [-55.5494, -15.319], [-55.5486, -15.3198], [-55.5502, -15.3222], [-55.5519, -15.3231], [-55.5567, -15.3303], [-55.5559, -15.3311], [-55.5559, -15.3384], [-55.5575, -15.34], [-55.5575, -15.3417], [-55.5559, -15.3433], [-55.5543, -15.3433], [-55.5502, -15.3408], [-55.5446, -15.3408], [-55.543, -15.3433], [-55.5397, -15.3441], [-55.5316, -15.3433], [-55.53, -15.3417], [-55.5316, -15.3384], [-55.5308, -15.336], [-55.5276, -15.336], [-55.5219, -15.3336], [-55.5195, -15.3352], [-55.5139, -15.3352], [-55.505, -15.3384], [-55.4985, -15.3457], [-55.4961, -15.3457], [-55.4928, -15.3489], [-55.4985, -15.3546], [-55.4985, -15.3602], [-55.5042, -15.3627], [-55.5042, -15.3675], [-55.5017, -15.3724], [-55.5017, -15.3748], [-55.4993, -15.378], [-55.4961, -15.3797], [-55.4993, -15.3821], [-55.4985, -15.3845], [-55.5025, -15.3877], [-55.5017, -15.3918], [-55.5034, -15.3926], [-55.5034, -15.3942], [-55.4993, -15.3999], [-55.4993, -15.4023], [-55.4969, -15.4047], [-55.4953, -15.4096], [-55.5001, -15.4136], [-55.5001, -15.4152], [-55.5017, -15.4168], [-55.5009, -15.4201], [-55.5058, -15.4217], [-55.5098, -15.4249], [-55.5098, -15.4282], [-55.5082, -15.4298], [-55.5066, -15.4298], [-55.5074, -15.433], [-55.5058, -15.4362], [-55.5034, -15.4387], [-55.5017, -15.4387], [-55.5034, -15.4451], [-55.5017, -15.4476], [-55.5025, -15.4484], [-55.5009, -15.45], [-55.5009, -15.4516], [-55.5025, -15.4532], [-55.5017, -15.4565], [-55.5025, -15.4581], [-55.5009, -15.4589], [-55.5017, -15.4597], [-55.5017, -15.4654], [-55.5042, -15.4686], [-55.5001, -15.471], [-55.5034, -15.4742], [-55.5017, -15.4759], [-55.5034, -15.4783], [-55.5017, -15.4848], [-55.5042, -15.4872], [-55.5034, -15.4888], [-55.5066, -15.4896], [-55.509, -15.4928], [-55.5106, -15.4928], [-55.5139, -15.4961], [-55.5147, -15.4993], [-55.5131, -15.505], [-55.5147, -15.5058], [-55.5155, -15.509], [-55.5082, -15.5187], [-55.509, -15.5228], [-55.5082, -15.5236], [-55.5098, -15.5252], [-55.509, -15.5276], [-55.5098, -15.5284], [-55.5139, -15.526], [-55.5211, -15.5252], [-55.5268, -15.5284], [-55.5292, -15.5268], [-55.5284, -15.5252], [-55.53, -15.5211], [-55.5333, -15.5179], [-55.5373, -15.5171], [-55.5365, -15.5163], [-55.5373, -15.5147], [-55.5365, -15.5122], [-55.5405, -15.509], [-55.5462, -15.5074], [-55.5462, -15.505], [-55.5438, -15.5017], [-55.5446, -15.4993], [-55.5422, -15.4969], [-55.5478, -15.4912], [-55.5511, -15.4936], [-55.5519, -15.4928], [-55.5494, -15.4904], [-55.5502, -15.488], [-55.5543, -15.4839], [-55.5551, -15.4799], [-55.5543, -15.4783], [-55.5559, -15.4775], [-55.5543, -15.4751], [-55.5551, -15.4742], [-55.5583, -15.4742], [-55.5599, -15.4767], [-55.564, -15.4767], [-55.5656, -15.4791], [-55.5672, -15.4799], [-55.5688, -15.4791], [-55.5705, -15.4807], [-55.5745, -15.4791], [-55.5737, -15.4783], [-55.5753, -15.4767], [-55.5802, -15.4815], [-55.5834, -15.4823], [-55.5842, -15.4775], [-55.5858, -15.4759], [-55.585, -15.4726], [-55.5891, -15.4686], [-55.5931, -15.4702], [-55.602, -15.4694], [-55.6028, -15.4686], [-55.606, -15.4694], [-55.6133, -15.4751], [-55.6149, -15.4734], [-55.6165, -15.4742], [-55.6206, -15.4718], [-55.623, -15.4742], [-55.6246, -15.4718], [-55.6246, -15.4694], [-55.6271, -15.467], [-55.6327, -15.4678], [-55.6359, -15.4694], [-55.6384, -15.4686], [-55.6424, -15.4645], [-55.6456, -15.4654], [-55.6473, -15.4645], [-55.6505, -15.4686], [-55.6562, -15.4694], [-55.657, -15.4686], [-55.661, -15.4718], [-55.6618, -15.471], [-55.6667, -15.4726], [-55.6683, -15.471], [-55.6715, -15.4726], [-55.6731, -15.4718], [-55.6788, -15.4751], [-55.682, -15.4751], [-55.6845, -15.4767], [-55.6877, -15.4767], [-55.6893, -15.4751], [-55.6933, -15.4751], [-55.695, -15.4775], [-55.7039, -15.4759], [-55.7047, -15.4775], [-55.7079, -15.4783], [-55.7087, -15.4799], [-55.7144, -15.4799], [-55.716, -15.4815], [-55.7184, -15.4791], [-55.7249, -15.4807], [-55.7322, -15.4791], [-55.7338, -15.4775], [-55.7354, -15.4775], [-55.7354, -15.4751], [-55.737, -15.4734], [-55.7386, -15.4742], [-55.7394, -15.4734], [-55.741, -15.4759], [-55.7459, -15.4726], [-55.7483, -15.4726], [-55.7507, -15.4742], [-55.7524, -15.4718], [-55.7532, -15.4726], [-55.7548, -15.4694], [-55.754, -15.4702], [-55.7524, -15.4686], [-55.754, -15.4678], [-55.754, -15.4654], [-55.7507, -15.4645], [-55.7491, -15.4613], [-55.7516, -15.4573], [-55.7516, -15.454], [-55.7588, -15.4443], [-55.7605, -15.4451], [-55.7621, -15.4435], [-55.7645, -15.4443], [-55.7693, -15.4403], [-55.771, -15.4403], [-55.7726, -15.4338], [-55.7702, -15.4274], [-55.7685, -15.4257], [-55.7685, -15.4201], [-55.7734, -15.412], [-55.7758, -15.4112], [-55.779, -15.4071], [-55.7831, -15.4063], [-55.7863, -15.4039], [-55.7879, -15.3999], [-55.7863, -15.3982], [-55.7887, -15.395], [-55.7887, -15.3926], [-55.7904, -15.3918], [-55.7904, -15.3845], [-55.7896, -15.3837], [-55.7912, -15.3797], [-55.7912, -15.3756], [-55.7879, -15.3732], [-55.7904, -15.3724], [-55.796, -15.3675], [-55.796, -15.3635], [-55.792, -15.3578], [-55.792, -15.3562], [-55.7871, -15.3522], [-55.7871, -15.3505], [-55.7847, -15.3473], [-55.7847, -15.3449], [-55.7863, -15.3417], [-55.7847, -15.3376], [-55.7887, -15.3328], [-55.7887, -15.3311], [-55.7928, -15.3295], [-55.7976, -15.3247], [-55.7976, -15.3231], [-55.8001, -15.3198], [-55.8057, -15.319], [-55.8098, -15.3166], [-55.809, -15.3109], [-55.8138, -15.3061], [-55.8187, -15.3053], [-55.8243, -15.3069], [-55.8292, -15.3061], [-55.83, -15.3069], [-55.8348, -15.3012], [-55.8397, -15.2996], [-55.8413, -15.298], [-55.847, -15.298], [-55.8494, -15.2964], [-55.8502, -15.2972], [-55.851, -15.294], [-55.8599, -15.2867], [-55.8639, -15.2859], [-55.8656, -15.2875], [-55.868, -15.2875], [-55.8712, -15.2826], [-55.8769, -15.2778], [-55.8761, -15.2762], [-55.8769, -15.2754], [-55.8841, -15.2762], [-55.8841, -15.2737], [-55.8874, -15.2697], [-55.893, -15.2705], [-55.8947, -15.2697], [-55.8987, -15.2713], [-55.9011, -15.2737], [-55.9149, -15.2729], [-55.9157, -15.2737], [-55.9189, -15.2721], [-55.9213, -15.2729], [-55.923, -15.2713], [-55.927, -15.2713], [-55.9294, -15.2697], [-55.9318, -15.2697], [-55.9343, -15.2665], [-55.9367, -15.2657], [-55.9351, -15.2648], [-55.9343, -15.2616], [-55.9327, -15.2608], [-55.9335, -15.256], [-55.9327, -15.2527], [-55.931, -15.2511], [-55.931, -15.2487], [-55.9278, -15.2463], [-55.9262, -15.2463], [-55.9238, -15.2422], [-55.9221, -15.2414], [-55.9238, -15.2366], [-55.9197, -15.2325], [-55.9173, -15.2268], [-55.9157, -15.226], [-55.9157, -15.2236], [-55.9116, -15.2204], [-55.9108, -15.218], [-55.9116, -15.2171], [-55.9092, -15.2155], [-55.91, -15.2123], [-55.9084, -15.2115], [-55.9084, -15.2091], [-55.9027, -15.2042], [-55.9036, -15.1994], [-55.9019, -15.1977], [-55.9027, -15.1961], [-55.9011, -15.1913], [-55.906, -15.1897], [-55.9076, -15.1856], [-55.9068, -15.1824], [-55.9044, -15.18], [-55.9052, -15.1775], [-55.9044, -15.1767], [-55.9044, -15.1711], [-55.906, -15.1678], [-55.9092, -15.1678], [-55.91, -15.1646], [-55.9084, -15.163], [-55.9092, -15.1565], [-55.9124, -15.1541], [-55.9124, -15.1525], [-55.91, -15.15], [-55.9092, -15.1411], [-55.9052, -15.1379], [-55.9068, -15.1331], [-55.9036, -15.129], [-55.9027, -15.125], [-55.9052, -15.1234], [-55.906, -15.1209], [-55.9116, -15.1185], [-55.9116, -15.1153], [-55.91, -15.1137], [-55.91, -15.112], [-55.9068, -15.1112], [-55.9052, -15.1096], [-55.9084, -15.1056], [-55.9076, -15.1023], [-55.9084, -15.0999], [-55.9108, -15.0975], [-55.9108, -15.0959], [-55.9133, -15.0934], [-55.9173, -15.0934], [-55.9181, -15.0943], [-55.9197, -15.0902], [-55.9173, -15.0821], [-55.9189, -15.0805], [-55.9189, -15.0781], [-55.9141, -15.0692], [-55.9116, -15.0684], [-55.9108, -15.0692], [-55.906, -15.0635], [-55.9084, -15.0611], [-55.9092, -15.0579], [-55.9068, -15.0546], [-55.906, -15.0482], [-55.9011, -15.0401], [-55.9011, -15.0385], [-55.8939, -15.032], [-55.8939, -15.0296], [-55.8922, -15.0272], [-55.8939, -15.0231], [-55.893, -15.0223], [-55.8922, -15.0142], [-55.8939, -15.0126], [-55.8939, -15.0102], [-55.8922, -15.0086], [-55.8914, -15.0037], [-55.8858, -14.9989], [-55.8833, -14.9932], [-55.8817, -14.9924], [-55.8825, -14.9892]]]]}}, {"type": "Feature", "properties": {"cod": "66896", "nivel": 5, "nome": "Bacia do Córrego Galheiro", "rio": "Córrego Galheiro", "area": 895, "area_rm": 569, "lx": -54.7296, "ly": -15.1007}, "geometry": {"type": "MultiPolygon", "coordinates": [[[[-54.7183, -14.9625], [-54.7127, -14.9609], [-54.7127, -14.9641], [-54.7102, -14.9665], [-54.711, -14.9681], [-54.7094, -14.9698], [-54.7062, -14.9689], [-54.7062, -14.9706], [-54.7038, -14.973], [-54.7021, -14.973], [-54.7062, -14.977], [-54.7054, -14.9778], [-54.7062, -14.9811], [-54.7054, -14.9835], [-54.7062, -14.9843], [-54.7054, -14.9867], [-54.7062, -14.9883], [-54.7086, -14.99], [-54.7086, -14.9916], [-54.7102, -14.9908], [-54.7143, -14.9932], [-54.7215, -15.0005], [-54.7175, -15.0029], [-54.7183, -15.0061], [-54.7151, -15.0102], [-54.7135, -15.0102], [-54.711, -15.0126], [-54.7086, -15.0126], [-54.7054, -15.0166], [-54.7054, -15.0183], [-54.7086, -15.0239], [-54.7086, -15.0304], [-54.707, -15.0312], [-54.707, -15.0328], [-54.7054, -15.0344], [-54.707, -15.0377], [-54.7038, -15.0393], [-54.7046, -15.0409], [-54.7021, -15.0441], [-54.6965, -15.0457], [-54.6924, -15.0514], [-54.6836, -15.0498], [-54.6803, -15.0482], [-54.6779, -15.049], [-54.6779, -15.053], [-54.6771, -15.0538], [-54.6714, -15.0538], [-54.6706, -15.0546], [-54.6674, -15.0538], [-54.6658, -15.0563], [-54.6641, -15.0554], [-54.6625, -15.0563], [-54.6569, -15.0627], [-54.6528, -15.0627], [-54.6504, -15.0668], [-54.6464, -15.0684], [-54.6456, -15.074], [-54.6431, -15.0757], [-54.6415, -15.0797], [-54.6423, -15.0854], [-54.6399, -15.087], [-54.6415, -15.0886], [-54.6407, -15.091], [-54.6456, -15.0951], [-54.6456, -15.0967], [-54.6488, -15.0983], [-54.6504, -15.1007], [-54.6496, -15.1023], [-54.6504, -15.1032], [-54.6472, -15.1056], [-54.6456, -15.1112], [-54.6431, -15.112], [-54.6423, -15.1145], [-54.6431, -15.1153], [-54.6399, -15.1193], [-54.6399, -15.1209], [-54.6367, -15.1242], [-54.6375, -15.1274], [-54.6367, -15.1314], [-54.6342, -15.1331], [-54.6326, -15.1371], [-54.6302, -15.1387], [-54.6334, -15.142], [-54.635, -15.1468], [-54.6342, -15.1476], [-54.635, -15.1509], [-54.6318, -15.1517], [-54.6318, -15.1533], [-54.6367, -15.1557], [-54.6391, -15.1581], [-54.6375, -15.1589], [-54.635, -15.1638], [-54.6367, -15.1678], [-54.6358, -15.1719], [-54.6367, -15.1727], [-54.635, -15.1743], [-54.6358, -15.1767], [-54.6326, -15.1775], [-54.6318, -15.1824], [-54.6358, -15.188], [-54.6383, -15.1888], [-54.6375, -15.1913], [-54.6391, -15.1994], [-54.6383, -15.2002], [-54.6302, -15.1986], [-54.6294, -15.2026], [-54.6229, -15.2026], [-54.6221, -15.2042], [-54.6181, -15.205], [-54.614, -15.2074], [-54.6116, -15.2074], [-54.6059, -15.205], [-54.6019, -15.2058], [-54.6011, -15.2083], [-54.5954, -15.2131], [-54.5962, -15.2155], [-54.593, -15.2163], [-54.5914, -15.2188], [-54.5898, -15.2188], [-54.589, -15.2212], [-54.5857, -15.2244], [-54.5849, -15.2317], [-54.5833, -15.2333], [-54.5841, -15.2357], [-54.5817, -15.2374], [-54.5817, -15.239], [-54.5833, -15.2406], [-54.5817, -15.2422], [-54.5784, -15.243], [-54.5768, -15.2454], [-54.5776, -15.2463], [-54.5768, -15.2503], [-54.5752, -15.2519], [-54.5736, -15.2519], [-54.5736, -15.2535], [-54.572, -15.2551], [-54.5704, -15.2551], [-54.5671, -15.2576], [-54.5639, -15.2543], [-54.5631, -15.2551], [-54.5599, -15.2543], [-54.5574, -15.2527], [-54.5558, -15.2543], [-54.5542, -15.2527], [-54.5526, -15.2543], [-54.551, -15.2527], [-54.5477, -15.2519], [-54.5477, -15.2543], [-54.5461, -15.2551], [-54.5469, -15.2608], [-54.5461, -15.2648], [-54.5469, -15.2665], [-54.5453, -15.2705], [-54.5493, -15.2721], [-54.5566, -15.2826], [-54.5615, -15.2859], [-54.5607, -15.2883], [-54.5623, -15.2915], [-54.5663, -15.2923], [-54.5696, -15.2956], [-54.572, -15.2964], [-54.5728, -15.2956], [-54.5744, -15.2972], [-54.5744, -15.2988], [-54.5784, -15.3012], [-54.5784, -15.3028], [-54.5817, -15.3053], [-54.5817, -15.3069], [-54.5801, -15.3085], [-54.5817, -15.3101], [-54.5809, -15.3142], [-54.589, -15.3158], [-54.5906, -15.3174], [-54.5898, -15.319], [-54.5954, -15.3222], [-54.5938, -15.3247], [-54.5938, -15.3279], [-54.5962, -15.3311], [-54.5987, -15.3311], [-54.6011, -15.3336], [-54.6003, -15.336], [-54.6043, -15.3384], [-54.6051, -15.3433], [-54.6084, -15.3441], [-54.6092, -15.3465], [-54.6124, -15.3457], [-54.6132, -15.3465], [-54.6132, -15.3497], [-54.6148, -15.3522], [-54.614, -15.3546], [-54.6181, -15.3667], [-54.6197, -15.3691], [-54.6229, -15.3699], [-54.6245, -15.3716], [-54.6237, -15.3748], [-54.6261, -15.3764], [-54.631, -15.3772], [-54.6318, -15.3756], [-54.6342, -15.3764], [-54.6383, -15.3748], [-54.6415, -15.3764], [-54.6439, -15.3764], [-54.648, -15.3732], [-54.6536, -15.374], [-54.6561, -15.3699], [-54.6601, -15.3708], [-54.6625, -15.3683], [-54.6674, -15.3675], [-54.6666, -15.3659], [-54.6682, -15.3643], [-54.665, -15.3586], [-54.6658, -15.3562], [-54.6641, -15.3538], [-54.665, -15.353], [-54.6666, -15.3538], [-54.669, -15.353], [-54.6706, -15.3489], [-54.6722, -15.3489], [-54.6771, -15.3433], [-54.6803, -15.3425], [-54.6811, -15.3352], [-54.6803, -15.3344], [-54.6819, -15.3328], [-54.6844, -15.3328], [-54.6892, -15.3287], [-54.6924, -15.3287], [-54.6989, -15.3247], [-54.6989, -15.3231], [-54.7005, -15.3214], [-54.7021, -15.3214], [-54.7046, -15.319], [-54.7038, -15.3166], [-54.7086, -15.3109], [-54.7046, -15.3061], [-54.7046, -15.3037], [-54.7021, -15.3012], [-54.7038, -15.3004], [-54.7038, -15.2972], [-54.7013, -15.2956], [-54.7021, -15.2923], [-54.6989, -15.2907], [-54.6997, -15.2891], [-54.6981, -15.2875], [-54.6981, -15.2851], [-54.6965, -15.2843], [-54.6981, -15.281], [-54.6989, -15.2818], [-54.6989, -15.2786], [-54.7021, -15.2745], [-54.7013, -15.2737], [-54.7038, -15.2729], [-54.7038, -15.2697], [-54.7062, -15.2673], [-54.7054, -15.2624], [-54.7094, -15.2584], [-54.7078, -15.2503], [-54.7102, -15.2487], [-54.7038, -15.2422], [-54.6997, -15.2446], [-54.6957, -15.2406], [-54.6933, -15.2406], [-54.6892, -15.2374], [-54.6892, -15.2357], [-54.6868, -15.2325], [-54.6852, -15.2333], [-54.6836, -15.2309], [-54.6787, -15.2333], [-54.6771, -15.2309], [-54.6722, -15.2301], [-54.6706, -15.2285], [-54.6682, -15.2293], [-54.6666, -15.2277], [-54.6625, -15.2277], [-54.6601, -15.2236], [-54.6577, -15.2228], [-54.6577, -15.2163], [-54.6593, -15.2147], [-54.6585, -15.2131], [-54.6593, -15.2123], [-54.6601, -15.2026], [-54.6617, -15.201], [-54.6609, -15.1994], [-54.6633, -15.1961], [-54.665, -15.1961], [-54.6666, -15.1945], [-54.6658, -15.1937], [-54.6682, -15.1897], [-54.6714, -15.1897], [-54.6779, -15.184], [-54.6787, -15.1816], [-54.6811, -15.1824], [-54.6844, -15.1816], [-54.6852, -15.184], [-54.69, -15.1824], [-54.6949, -15.1775], [-54.6949, -15.1759], [-54.6965, -15.1743], [-54.6997, -15.1735], [-54.6981, -15.1711], [-54.6989, -15.1703], [-54.7013, -15.1703], [-54.7046, -15.1735], [-54.7078, -15.1727], [-54.711, -15.1743], [-54.7159, -15.1735], [-54.7167, -15.1743], [-54.7207, -15.1719], [-54.7224, -15.1686], [-54.7248, -15.1694], [-54.728, -15.1654], [-54.7345, -15.1622], [-54.7401, -15.1646], [-54.7418, -15.1638], [-54.745, -15.1646], [-54.7474, -15.163], [-54.7482, -15.1646], [-54.7547, -15.163], [-54.7563, -15.1646], [-54.7579, -15.1646], [-54.7587, -15.1614], [-54.7604, -15.1597], [-54.7612, -15.1606], [-54.7644, -15.1589], [-54.7652, -15.1565], [-54.7676, -15.1565], [-54.766, -15.1549], [-54.7676, -15.1533], [-54.7692, -15.1533], [-54.7709, -15.1509], [-54.7684, -15.1492], [-54.7701, -15.1476], [-54.7725, -15.1476], [-54.7741, -15.1452], [-54.7765, -15.1444], [-54.7781, -15.1411], [-54.7814, -15.1387], [-54.7806, -15.1371], [-54.7846, -15.1331], [-54.7903, -15.1306], [-54.7927, -15.1266], [-54.7943, -15.1266], [-54.7967, -15.1242], [-54.8008, -15.1258], [-54.8032, -15.1242], [-54.8048, -15.1258], [-54.8064, -15.125], [-54.8097, -15.1266], [-54.8145, -15.1258], [-54.8161, -15.1266], [-54.8194, -15.1226], [-54.8258, -15.1185], [-54.8275, -15.1193], [-54.8315, -15.1177], [-54.8299, -15.1161], [-54.8315, -15.1145], [-54.8331, -15.1145], [-54.8339, -15.1112], [-54.838, -15.1072], [-54.8396, -15.108], [-54.8412, -15.1056], [-54.8436, -15.1048], [-54.8469, -15.1064], [-54.8477, -15.1048], [-54.8493, -15.1048], [-54.8509, -15.1072], [-54.8525, -15.1072], [-54.8558, -15.1048], [-54.8566, -15.1056], [-54.8574, -15.1048], [-54.859, -15.1072], [-54.8614, -15.108], [-54.8622, -15.1072], [-54.8647, -15.1104], [-54.8711, -15.1112], [-54.8744, -15.1145], [-54.8768, -15.1145], [-54.8784, -15.1161], [-54.8784, -15.1177], [-54.8808, -15.1201], [-54.8808, -15.1242], [-54.8849, -15.1298], [-54.8873, -15.1306], [-54.8881, -15.1298], [-54.8905, -15.1314], [-54.8913, -15.1306], [-54.8929, -15.1314], [-54.8962, -15.1306], [-54.9002, -15.1339], [-54.9035, -15.1339], [-54.9043, -15.1323], [-54.9075, -15.1314], [-54.9091, -15.1298], [-54.9099, -15.1306], [-54.9164, -15.1242], [-54.9188, -15.125], [-54.918, -15.1217], [-54.9196, -15.1201], [-54.9196, -15.1185], [-54.9221, -15.1177], [-54.9237, -15.1185], [-54.9237, -15.1145], [-54.9245, -15.1137], [-54.9237, -15.1096], [-54.9221, -15.1072], [-54.9156, -15.1064], [-54.9124, -15.1072], [-54.9075, -15.1056], [-54.9059, -15.1023], [-54.9043, -15.1023], [-54.9018, -15.0999], [-54.901, -15.0951], [-54.8994, -15.0951], [-54.8954, -15.091], [-54.8921, -15.091], [-54.8857, -15.0854], [-54.8857, -15.0837], [-54.8784, -15.0821], [-54.8744, -15.0749], [-54.8727, -15.0749], [-54.8695, -15.0708], [-54.8679, -15.07], [-54.8655, -15.0708], [-54.8647, -15.07], [-54.8598, -15.07], [-54.859, -15.0692], [-54.8566, -15.07], [-54.8517, -15.0676], [-54.8452, -15.0692], [-54.8355, -15.0611], [-54.8339, -15.0611], [-54.8323, -15.0595], [-54.8299, -15.0603], [-54.825, -15.0563], [-54.8258, -15.0554], [-54.821, -15.053], [-54.817, -15.049], [-54.8178, -15.0466], [-54.8121, -15.0425], [-54.8121, -15.0409], [-54.8048, -15.0336], [-54.8024, -15.0336], [-54.8008, -15.0312], [-54.7967, -15.0312], [-54.7943, -15.0296], [-54.7935, -15.0239], [-54.7943, -15.0207], [-54.7846, -15.0126], [-54.7846, -15.011], [-54.7806, -15.0102], [-54.7741, -15.0037], [-54.7725, -15.0045], [-54.7644, -14.9989], [-54.7612, -14.9997], [-54.7587, -14.998], [-54.7563, -14.994], [-54.7563, -14.9916], [-54.7547, -14.9883], [-54.7515, -14.9883], [-54.7507, -14.9867], [-54.7482, -14.9867], [-54.7418, -14.9795], [-54.7361, -14.9754], [-54.7353, -14.9714], [-54.7232, -14.9673], [-54.7183, -14.9625]]]]}}, {"type": "Feature", "properties": {"cod": "66898", "nivel": 5, "nome": "Bacia do Córrego Cupim Branco", "rio": "Córrego Cupim Branco", "area": 400, "area_rm": 397, "lx": -55.0676, "ly": -15.2438}, "geometry": {"type": "MultiPolygon", "coordinates": [[[[-54.9043, -15.1331], [-54.9043, -15.1347], [-54.9107, -15.1379], [-54.914, -15.1411], [-54.9156, -15.1411], [-54.9164, -15.1436], [-54.9196, -15.1444], [-54.9196, -15.146], [-54.9212, -15.1468], [-54.9253, -15.1541], [-54.9285, -15.1557], [-54.9358, -15.163], [-54.9366, -15.1622], [-54.9382, -15.163], [-54.9447, -15.1711], [-54.9463, -15.1711], [-54.9471, -15.1727], [-54.9512, -15.1743], [-54.9536, -15.1816], [-54.9528, -15.1848], [-54.9552, -15.1864], [-54.956, -15.1888], [-54.9552, -15.1905], [-54.9592, -15.1937], [-54.9584, -15.1953], [-54.9714, -15.2083], [-54.9714, -15.2107], [-54.973, -15.2107], [-54.9754, -15.2139], [-54.9778, -15.2147], [-54.9778, -15.2188], [-54.9795, -15.2204], [-54.9762, -15.222], [-54.9754, -15.2244], [-54.9762, -15.2285], [-54.9778, -15.2293], [-54.9778, -15.2333], [-54.9803, -15.2366], [-54.9795, -15.2374], [-54.9811, -15.239], [-54.9811, -15.2414], [-54.9859, -15.2454], [-54.9859, -15.2479], [-54.9883, -15.2511], [-54.9883, -15.2527], [-54.9932, -15.2568], [-54.9916, -15.2608], [-54.9956, -15.264], [-54.9948, -15.2673], [-54.9972, -15.2689], [-54.9972, -15.2713], [-54.9989, -15.2721], [-54.9989, -15.2737], [-54.9972, -15.2754], [-54.9981, -15.277], [-54.9948, -15.2794], [-54.9972, -15.2867], [-54.9997, -15.2875], [-55.0037, -15.2931], [-55.011, -15.298], [-55.0207, -15.2996], [-55.0239, -15.3037], [-55.0231, -15.3045], [-55.0231, -15.3117], [-55.0288, -15.3109], [-55.0328, -15.3166], [-55.0296, -15.3206], [-55.0255, -15.3231], [-55.0312, -15.3279], [-55.0312, -15.3295], [-55.0336, -15.332], [-55.0369, -15.3336], [-55.0433, -15.3328], [-55.0449, -15.3352], [-55.049, -15.3376], [-55.049, -15.3408], [-55.0522, -15.3425], [-55.0579, -15.3425], [-55.0603, -15.3441], [-55.0643, -15.3449], [-55.0676, -15.3425], [-55.0716, -15.3449], [-55.0724, -15.3465], [-55.0765, -15.3457], [-55.0773, -15.3465], [-55.0789, -15.3433], [-55.0813, -15.3425], [-55.0829, -15.3384], [-55.0854, -15.3384], [-55.0886, -15.3408], [-55.0894, -15.3433], [-55.0926, -15.3433], [-55.0943, -15.3449], [-55.0967, -15.3441], [-55.0991, -15.3457], [-55.1056, -15.3449], [-55.108, -15.3481], [-55.1112, -15.3473], [-55.1153, -15.3505], [-55.1153, -15.3522], [-55.1217, -15.3522], [-55.1226, -15.3514], [-55.1242, -15.3538], [-55.129, -15.3538], [-55.1323, -15.3522], [-55.1347, -15.3497], [-55.1363, -15.3497], [-55.1387, -15.3465], [-55.1403, -15.3481], [-55.1444, -15.3465], [-55.1452, -15.3489], [-55.1476, -15.3505], [-55.1492, -15.3497], [-55.1509, -15.3514], [-55.1509, -15.3538], [-55.1525, -15.3546], [-55.1525, -15.3562], [-55.1549, -15.3546], [-55.1565, -15.357], [-55.1573, -15.3562], [-55.1581, -15.357], [-55.1581, -15.3602], [-55.163, -15.3651], [-55.1703, -15.3667], [-55.1727, -15.3659], [-55.1743, -15.3675], [-55.1767, -15.3675], [-55.1792, -15.3699], [-55.1824, -15.3699], [-55.1864, -15.3724], [-55.1897, -15.3724], [-55.1921, -15.3756], [-55.1953, -15.3764], [-55.1977, -15.374], [-55.2026, -15.3748], [-55.2034, -15.3756], [-55.2018, -15.3764], [-55.2018, -15.3805], [-55.2034, -15.3805], [-55.2042, -15.3788], [-55.2066, -15.3837], [-55.2058, -15.3877], [-55.2074, -15.3902], [-55.2091, -15.3902], [-55.2099, -15.3869], [-55.2115, -15.3853], [-55.2147, -15.3861], [-55.218, -15.3772], [-55.2228, -15.3732], [-55.2228, -15.3699], [-55.2204, -15.3675], [-55.2204, -15.3659], [-55.222, -15.3643], [-55.2236, -15.3643], [-55.2228, -15.3627], [-55.2236, -15.3602], [-55.222, -15.3586], [-55.2236, -15.353], [-55.2204, -15.3505], [-55.2204, -15.3473], [-55.2188, -15.3457], [-55.2099, -15.3465], [-55.205, -15.3441], [-55.2034, -15.3417], [-55.2042, -15.34], [-55.2018, -15.336], [-55.1986, -15.3368], [-55.1961, -15.3328], [-55.1872, -15.3279], [-55.1864, -15.3263], [-55.1832, -15.3263], [-55.18, -15.3239], [-55.1808, -15.3231], [-55.1783, -15.3206], [-55.1792, -15.3158], [-55.1751, -15.3117], [-55.1735, -15.3117], [-55.1743, -15.3125], [-55.1735, -15.3134], [-55.1703, -15.3134], [-55.1703, -15.315], [-55.1686, -15.3166], [-55.1662, -15.315], [-55.1622, -15.3158], [-55.1581, -15.315], [-55.1565, -15.3117], [-55.1541, -15.3117], [-55.1509, -15.3093], [-55.1492, -15.3061], [-55.1484, -15.302], [-55.1492, -15.2996], [-55.1484, -15.2988], [-55.1492, -15.2964], [-55.1525, -15.294], [-55.1533, -15.2891], [-55.1549, -15.2875], [-55.1541, -15.2843], [-55.1492, -15.2786], [-55.1492, -15.2745], [-55.1541, -15.2697], [-55.1557, -15.2705], [-55.1573, -15.2681], [-55.1525, -15.2665], [-55.1436, -15.2592], [-55.1452, -15.2503], [-55.1428, -15.2479], [-55.1436, -15.2454], [-55.1412, -15.2446], [-55.1412, -15.2422], [-55.1387, -15.2374], [-55.1387, -15.2341], [-55.1428, -15.2293], [-55.1452, -15.2285], [-55.1476, -15.2244], [-55.1517, -15.2268], [-55.1533, -15.226], [-55.1549, -15.2228], [-55.1557, -15.2131], [-55.1565, -15.2123], [-55.1557, -15.2091], [-55.1597, -15.2066], [-55.1597, -15.205], [-55.1573, -15.2026], [-55.1581, -15.1994], [-55.1565, -15.1969], [-55.1565, -15.1945], [-55.1549, -15.1937], [-55.1517, -15.1945], [-55.1492, -15.1905], [-55.1452, -15.188], [-55.146, -15.1848], [-55.1436, -15.1832], [-55.1387, -15.1832], [-55.1371, -15.1816], [-55.1298, -15.18], [-55.1185, -15.1808], [-55.1169, -15.1791], [-55.1145, -15.18], [-55.112, -15.1791], [-55.1112, -15.18], [-55.1064, -15.18], [-55.104, -15.1783], [-55.0935, -15.1751], [-55.091, -15.1727], [-55.091, -15.1711], [-55.0846, -15.1662], [-55.0846, -15.1646], [-55.0821, -15.1646], [-55.0789, -15.1622], [-55.0765, -15.163], [-55.074, -15.1622], [-55.0724, -15.1646], [-55.0692, -15.1638], [-55.0571, -15.1694], [-55.0514, -15.1694], [-55.0474, -15.1719], [-55.0466, -15.1711], [-55.0425, -15.1719], [-55.0393, -15.1711], [-55.0369, -15.1719], [-55.028, -15.1678], [-55.0231, -15.1589], [-55.0166, -15.1573], [-55.0158, -15.1589], [-55.0126, -15.1597], [-55.0094, -15.1573], [-55.0078, -15.1589], [-55.0045, -15.1597], [-55.0013, -15.1573], [-54.9997, -15.1573], [-54.9964, -15.1541], [-54.9924, -15.1533], [-54.99, -15.15], [-54.9851, -15.1509], [-54.9811, -15.1468], [-54.9803, -15.1444], [-54.9738, -15.1436], [-54.9689, -15.1411], [-54.956, -15.1282], [-54.9536, -15.1266], [-54.9512, -15.1274], [-54.9487, -15.1266], [-54.9455, -15.1242], [-54.9398, -15.125], [-54.9358, -15.1226], [-54.9334, -15.125], [-54.9285, -15.1242], [-54.9277, -15.1258], [-54.9221, -15.1266], [-54.9212, -15.125], [-54.9221, -15.1234], [-54.9196, -15.1234], [-54.9188, -15.1258], [-54.9164, -15.125], [-54.9099, -15.1314], [-54.9091, -15.1306], [-54.9059, -15.1331], [-54.9043, -15.1331]]]]}}, {"type": "Feature", "properties": {"cod": "68962", "nivel": 5, "nome": "Bacia Piquiri-Itiquira", "rio": "Rio Piquiri e Rio Itiquira", "area": 33312, "area_rm": 4281, "lx": -55.3142, "ly": -16.999}, "geometry": {"type": "MultiPolygon", "coordinates": [[[[-54.9932, -16.6182], [-54.9924, -16.6215], [-54.99, -16.6239], [-54.99, -16.6263], [-54.9883, -16.6296], [-54.9843, -16.6304], [-54.9819, -16.6328], [-54.9843, -16.636], [-54.9867, -16.6449], [-54.9819, -16.6538], [-54.9819, -16.6554], [-54.9843, -16.6554], [-54.9892, -16.6587], [-54.994, -16.6643], [-54.9932, -16.6651], [-54.994, -16.6684], [-54.9916, -16.6692], [-54.994, -16.6724], [-54.9932, -16.6757], [-54.9948, -16.6813], [-54.9908, -16.6829], [-54.9875, -16.6821], [-54.9867, -16.6829], [-54.9786, -16.6757], [-54.9754, -16.674], [-54.9722, -16.674], [-54.9649, -16.6813], [-54.9568, -16.6854], [-54.952, -16.6837], [-54.9479, -16.6837], [-54.9536, -16.6902], [-54.9528, -16.6942], [-54.9552, -16.6991], [-54.9609, -16.7007], [-54.9601, -16.7039], [-54.9584, -16.7056], [-54.9528, -16.7064], [-54.9439, -16.7023], [-54.9398, -16.6983], [-54.9342, -16.6975], [-54.9326, -16.6983], [-54.9326, -16.7015], [-54.935, -16.7039], [-54.9342, -16.7056], [-54.9415, -16.712], [-54.9439, -16.7177], [-54.9479, -16.7201], [-54.9504, -16.7234], [-54.9504, -16.7258], [-54.9479, -16.7282], [-54.9455, -16.729], [-54.9455, -16.7306], [-54.9487, -16.7339], [-54.9487, -16.7355], [-54.9447, -16.7387], [-54.9479, -16.7395], [-54.9495, -16.7419], [-54.9536, -16.7436], [-54.956, -16.746], [-54.9576, -16.7508], [-54.956, -16.7525], [-54.9544, -16.7525], [-54.9495, -16.7476], [-54.9447, -16.746], [-54.9447, -16.75], [-54.9423, -16.7533], [-54.9366, -16.7541], [-54.9358, -16.7533], [-54.935, -16.7541], [-54.9366, -16.7589], [-54.9326, -16.763], [-54.9358, -16.7662], [-54.939, -16.7719], [-54.9382, -16.7751], [-54.9293, -16.7759], [-54.9261, -16.7743], [-54.9212, -16.7694], [-54.9148, -16.7686], [-54.9124, -16.7702], [-54.9124, -16.7719], [-54.9164, -16.7791], [-54.9156, -16.7816], [-54.9091, -16.7808], [-54.9075, -16.7791], [-54.9083, -16.7767], [-54.9043, -16.7727], [-54.9002, -16.7727], [-54.897, -16.7759], [-54.9002, -16.7808], [-54.9107, -16.788], [-54.9018, -16.7929], [-54.9018, -16.7985], [-54.9026, -16.7993], [-54.901, -16.801], [-54.8986, -16.7993], [-54.8954, -16.7993], [-54.8946, -16.8018], [-54.8962, -16.8058], [-54.8962, -16.8099], [-54.9035, -16.8171], [-54.9018, -16.8196], [-54.8946, -16.8212], [-54.8938, -16.8228], [-54.8946, -16.8244], [-54.901, -16.8293], [-54.901, -16.8317], [-54.8994, -16.8349], [-54.8954, -16.8373], [-54.8857, -16.8365], [-54.8849, -16.8382], [-54.8938, -16.8454], [-54.9035, -16.8576], [-54.9026, -16.864], [-54.8962, -16.8689], [-54.897, -16.8713], [-54.8946, -16.8737], [-54.9002, -16.877], [-54.9132, -16.8762], [-54.9172, -16.8778], [-54.9212, -16.8826], [-54.9277, -16.8988], [-54.9318, -16.9028], [-54.9309, -16.9053], [-54.9229, -16.9053], [-54.9196, -16.9069], [-54.9212, -16.9109], [-54.9253, -16.9142], [-54.9261, -16.9182], [-54.9285, -16.9206], [-54.9309, -16.9255], [-54.9309, -16.9279], [-54.9285, -16.9295], [-54.9261, -16.9295], [-54.9229, -16.9263], [-54.9212, -16.9222], [-54.918, -16.9206], [-54.9156, -16.9222], [-54.9156, -16.9255], [-54.9188, -16.9295], [-54.9172, -16.94], [-54.918, -16.9408], [-54.9221, -16.94], [-54.9269, -16.9433], [-54.9245, -16.9473], [-54.9253, -16.9513], [-54.9318, -16.9554], [-54.9326, -16.957], [-54.9293, -16.9602], [-54.9212, -16.9594], [-54.9188, -16.9602], [-54.9172, -16.9619], [-54.9156, -16.9683], [-54.9083, -16.9643], [-54.9059, -16.9675], [-54.9083, -16.9716], [-54.914, -16.9764], [-54.9253, -16.9804], [-54.9269, -16.9796], [-54.9285, -16.9813], [-54.9269, -16.9926], [-54.9285, -16.9958], [-54.9334, -16.9999], [-54.9334, -17.0039], [-54.9326, -17.0047], [-54.9326, -17.0152], [-54.9309, -17.0168], [-54.9277, -17.016], [-54.9253, -17.0176], [-54.9172, -17.0168], [-54.9148, -17.0176], [-54.9075, -17.0152], [-54.9043, -17.0168], [-54.9043, -17.0201], [-54.9026, -17.0225], [-54.9051, -17.0241], [-54.9091, -17.0241], [-54.914, -17.0282], [-54.9132, -17.0314], [-54.9099, -17.0354], [-54.9115, -17.0387], [-54.9164, -17.0435], [-54.9172, -17.0484], [-54.9221, -17.0573], [-54.9204, -17.0605], [-54.9156, -17.0605], [-54.918, -17.0661], [-54.9172, -17.0686], [-54.9148, -17.0702], [-54.9164, -17.0726], [-54.9107, -17.0775], [-54.9035, -17.0775], [-54.9002, -17.0734], [-54.8962, -17.0734], [-54.8954, -17.075], [-54.9026, -17.0815], [-54.9124, -17.0864], [-54.918, -17.092], [-54.9196, -17.092], [-54.9188, -17.088], [-54.9204, -17.0856], [-54.9269, -17.0856], [-54.9277, -17.0896], [-54.9301, -17.0888], [-54.9334, -17.0856], [-54.935, -17.0864], [-54.9374, -17.0936], [-54.9431, -17.0969], [-54.9423, -17.0985], [-54.9374, -17.1009], [-54.9374, -17.1025], [-54.9398, -17.1033], [-54.9431, -17.1017], [-54.9455, -17.1041], [-54.9463, -17.1066], [-54.9495, -17.109], [-54.9552, -17.109], [-54.9617, -17.1066], [-54.9673, -17.1066], [-54.9689, -17.109], [-54.9665, -17.1114], [-54.9665, -17.113], [-54.9689, -17.1114], [-54.9778, -17.1106], [-54.9859, -17.1138], [-54.99, -17.1171], [-54.9924, -17.1147], [-54.9972, -17.1138], [-54.9989, -17.1114], [-55.0037, -17.1114], [-55.0078, -17.1138], [-55.011, -17.1138], [-55.0118, -17.1106], [-55.011, -17.109], [-55.0142, -17.1058], [-55.0158, -17.1066], [-55.0175, -17.105], [-55.0191, -17.1058], [-55.0223, -17.1033], [-55.0239, -17.1033], [-55.0255, -17.105], [-55.0272, -17.1041], [-55.028, -17.1058], [-55.0272, -17.1066], [-55.0296, -17.1074], [-55.0304, -17.109], [-55.0328, -17.1066], [-55.0344, -17.1066], [-55.0377, -17.109], [-55.0369, -17.1098], [-55.0393, -17.1106], [-55.0393, -17.1122], [-55.0409, -17.1106], [-55.0425, -17.1122], [-55.0417, -17.1138], [-55.0441, -17.1138], [-55.0458, -17.1155], [-55.0449, -17.1187], [-55.0474, -17.1179], [-55.049, -17.1195], [-55.0555, -17.1203], [-55.0571, -17.1219], [-55.0571, -17.1268], [-55.0538, -17.1276], [-55.0538, -17.1284], [-55.0587, -17.1284], [-55.0603, -17.13], [-55.0627, -17.1292], [-55.0635, -17.1308], [-55.0676, -17.1316], [-55.0668, -17.1292], [-55.0684, -17.1284], [-55.0692, -17.1308], [-55.0716, -17.1324], [-55.0773, -17.1316], [-55.0789, -17.1341], [-55.0813, -17.1341], [-55.0837, -17.1381], [-55.0789, -17.1413], [-55.0813, -17.143], [-55.0813, -17.1446], [-55.087, -17.1438], [-55.0886, -17.1454], [-55.0894, -17.1446], [-55.0902, -17.1478], [-55.0951, -17.1494], [-55.0967, -17.1518], [-55.0999, -17.1527], [-55.0991, -17.1543], [-55.0967, -17.1543], [-55.0959, -17.1559], [-55.0983, -17.1575], [-55.0999, -17.1615], [-55.104, -17.1632], [-55.1032, -17.1656], [-55.1056, -17.168], [-55.1056, -17.1704], [-55.108, -17.1704], [-55.1112, -17.1745], [-55.1104, -17.1753], [-55.112, -17.1769], [-55.112, -17.1793], [-55.1137, -17.1801], [-55.1137, -17.1826], [-55.1145, -17.1818], [-55.1153, -17.1826], [-55.1153, -17.185], [-55.1169, -17.1842], [-55.1209, -17.1858], [-55.1226, -17.1826], [-55.125, -17.1882], [-55.1266, -17.1874], [-55.1266, -17.1858], [-55.1298, -17.1818], [-55.1315, -17.1858], [-55.1282, -17.1882], [-55.1282, -17.1907], [-55.1298, -17.1907], [-55.1315, -17.189], [-55.1331, -17.1907], [-55.1323, -17.1931], [-55.1347, -17.1939], [-55.1355, -17.1955], [-55.1403, -17.1939], [-55.146, -17.1898], [-55.15, -17.1923], [-55.1525, -17.1923], [-55.1541, -17.1907], [-55.1557, -17.1931], [-55.1541, -17.1939], [-55.1581, -17.1963], [-55.1573, -17.1971], [-55.1581, -17.1979], [-55.1597, -17.1979], [-55.1614, -17.1995], [-55.1646, -17.1995], [-55.1678, -17.202], [-55.1694, -17.2076], [-55.1735, -17.206], [-55.184, -17.2109], [-55.1824, -17.2133], [-55.1848, -17.2133], [-55.1864, -17.2149], [-55.184, -17.2165], [-55.1832, -17.2214], [-55.1816, -17.2238], [-55.1864, -17.2254], [-55.188, -17.223], [-55.1905, -17.223], [-55.1921, -17.2262], [-55.1913, -17.227], [-55.1929, -17.2295], [-55.1921, -17.2311], [-55.1961, -17.2335], [-55.1969, -17.2375], [-55.1994, -17.2375], [-55.2002, -17.2392], [-55.2018, -17.2392], [-55.2042, -17.2375], [-55.2083, -17.244], [-55.2066, -17.2456], [-55.2091, -17.2472], [-55.2083, -17.2489], [-55.2091, -17.2505], [-55.2066, -17.2521], [-55.205, -17.2561], [-55.2018, -17.257], [-55.2018, -17.2586], [-55.2066, -17.2578], [-55.2074, -17.2586], [-55.2066, -17.2626], [-55.205, -17.2642], [-55.2083, -17.265], [-55.2091, -17.2642], [-55.2099, -17.265], [-55.2099, -17.2667], [-55.2083, -17.2683], [-55.2091, -17.2699], [-55.2123, -17.2691], [-55.2139, -17.2667], [-55.2196, -17.2675], [-55.2277, -17.2731], [-55.2277, -17.2755], [-55.2285, -17.2755], [-55.2285, -17.2731], [-55.2301, -17.2715], [-55.2325, -17.2755], [-55.2357, -17.2764], [-55.2374, -17.278], [-55.2374, -17.2812], [-55.2398, -17.282], [-55.2406, -17.2812], [-55.239, -17.2796], [-55.2406, -17.278], [-55.2454, -17.282], [-55.2479, -17.2812], [-55.2495, -17.2836], [-55.2487, -17.2869], [-55.2471, -17.2877], [-55.2495, -17.2901], [-55.2495, -17.2917], [-55.2511, -17.2917], [-55.2535, -17.2941], [-55.2576, -17.2933], [-55.2592, -17.2949], [-55.2584, -17.2958], [-55.26, -17.2966], [-55.2608, -17.2925], [-55.26, -17.2917], [-55.2616, -17.2909], [-55.2624, -17.2925], [-55.2649, -17.2901], [-55.2697, -17.2941], [-55.2705, -17.2966], [-55.2729, -17.2933], [-55.2746, -17.2933], [-55.2786, -17.2982], [-55.2818, -17.2949], [-55.2851, -17.2949], [-55.2867, -17.2925], [-55.2883, -17.2949], [-55.2907, -17.2917], [-55.294, -17.2917], [-55.2931, -17.2901], [-55.294, -17.2893], [-55.2996, -17.2901], [-55.3012, -17.2941], [-55.2988, -17.2949], [-55.298, -17.2966], [-55.3012, -17.299], [-55.3004, -17.3006], [-55.3037, -17.3014], [-55.302, -17.3038], [-55.3004, -17.3038], [-55.3012, -17.3063], [-55.2988, -17.3071], [-55.3004, -17.3087], [-55.2996, -17.3111], [-55.3037, -17.3127], [-55.3028, -17.3168], [-55.3037, -17.3176], [-55.3093, -17.3192], [-55.3061, -17.3224], [-55.3126, -17.3265], [-55.3126, -17.3289], [-55.315, -17.3281], [-55.3158, -17.3297], [-55.315, -17.3305], [-55.319, -17.3297], [-55.3198, -17.3321], [-55.3223, -17.3313], [-55.3231, -17.3346], [-55.3255, -17.3362], [-55.3295, -17.3346], [-55.3328, -17.3346], [-55.3352, -17.3321], [-55.3368, -17.3321], [-55.3376, -17.3362], [-55.34, -17.3386], [-55.3425, -17.3386], [-55.3465, -17.3362], [-55.3505, -17.3386], [-55.3514, -17.3378], [-55.3497, -17.3354], [-55.3505, -17.3346], [-55.353, -17.3362], [-55.3546, -17.3346], [-55.3554, -17.337], [-55.353, -17.3402], [-55.3522, -17.3459], [-55.3546, -17.3483], [-55.3554, -17.3459], [-55.3546, -17.3451], [-55.3562, -17.3443], [-55.357, -17.3451], [-55.3578, -17.3532], [-55.3603, -17.3556], [-55.3594, -17.358], [-55.3603, -17.3604], [-55.3643, -17.3604], [-55.3675, -17.3637], [-55.3691, -17.3637], [-55.3708, -17.3621], [-55.37, -17.3596], [-55.3708, -17.3588], [-55.3748, -17.3596], [-55.3748, -17.3612], [-55.3724, -17.3629], [-55.3756, -17.3621], [-55.3772, -17.3572], [-55.3813, -17.358], [-55.3829, -17.3556], [-55.3853, -17.3572], [-55.3869, -17.3604], [-55.3894, -17.3612], [-55.3902, -17.3604], [-55.3942, -17.3604], [-55.3958, -17.3637], [-55.4007, -17.3612], [-55.3999, -17.3596], [-55.4055, -17.3572], [-55.408, -17.3588], [-55.4071, -17.3604], [-55.408, -17.3629], [-55.412, -17.3572], [-55.4144, -17.3588], [-55.4185, -17.3588], [-55.4193, -17.3612], [-55.4185, -17.3621], [-55.4217, -17.3629], [-55.4282, -17.3677], [-55.4306, -17.3677], [-55.4338, -17.3718], [-55.4354, -17.3709], [-55.4354, -17.3693], [-55.4338, -17.3677], [-55.4354, -17.3661], [-55.4379, -17.3685], [-55.4419, -17.3669], [-55.4403, -17.3645], [-55.4427, -17.3604], [-55.4443, -17.3629], [-55.45, -17.3645], [-55.4508, -17.3629], [-55.4492, -17.3612], [-55.4492, -17.3588], [-55.45, -17.358], [-55.4524, -17.3604], [-55.4557, -17.3612], [-55.4548, -17.358], [-55.4573, -17.3556], [-55.4621, -17.3564], [-55.4645, -17.3548], [-55.4605, -17.3507], [-55.4613, -17.3483], [-55.4645, -17.3499], [-55.4678, -17.3475], [-55.4799, -17.3483], [-55.4823, -17.3459], [-55.4856, -17.3491], [-55.4856, -17.3507], [-55.4872, -17.3515], [-55.4896, -17.3491], [-55.4904, -17.3451], [-55.4953, -17.3451], [-55.4985, -17.3475], [-55.4993, -17.3524], [-55.5009, -17.3532], [-55.5042, -17.3499], [-55.5042, -17.3451], [-55.5098, -17.3418], [-55.5122, -17.3435], [-55.5122, -17.3459], [-55.5082, -17.3467], [-55.5074, -17.3483], [-55.5098, -17.3483], [-55.5147, -17.3459], [-55.5163, -17.3435], [-55.5155, -17.341], [-55.5171, -17.3394], [-55.5195, -17.3435], [-55.5203, -17.341], [-55.5228, -17.3394], [-55.5236, -17.3427], [-55.5252, -17.3386], [-55.5276, -17.3362], [-55.5268, -17.3354], [-55.526, -17.3362], [-55.5252, -17.3346], [-55.5276, -17.3329], [-55.5316, -17.3338], [-55.5325, -17.3329], [-55.5292, -17.3313], [-55.5292, -17.3297], [-55.5316, -17.3281], [-55.5357, -17.3313], [-55.5414, -17.3305], [-55.543, -17.3313], [-55.547, -17.3378], [-55.5511, -17.3362], [-55.5543, -17.3378], [-55.5559, -17.3362], [-55.5616, -17.337], [-55.5632, -17.3386], [-55.5624, -17.3443], [-55.564, -17.3451], [-55.5672, -17.3451], [-55.5729, -17.3427], [-55.5737, -17.3451], [-55.5705, -17.3459], [-55.5688, -17.3483], [-55.5753, -17.3491], [-55.5761, -17.3507], [-55.5753, -17.3524], [-55.5785, -17.3548], [-55.581, -17.3532], [-55.5842, -17.354], [-55.585, -17.3507], [-55.5882, -17.3524], [-55.5907, -17.3524], [-55.5939, -17.3556], [-55.5939, -17.358], [-55.5915, -17.3621], [-55.5939, -17.3661], [-55.5907, -17.3685], [-55.5907, -17.3701], [-55.5931, -17.3693], [-55.5947, -17.3661], [-55.5939, -17.3612], [-55.5955, -17.3596], [-55.5988, -17.3604], [-55.5971, -17.3653], [-55.6036, -17.3669], [-55.602, -17.3524], [-55.6012, -17.3515], [-55.5971, -17.3087], [-55.5955, -17.3014], [-55.5907, -17.2513], [-55.5891, -17.244], [-55.585, -17.2012], [-55.5834, -17.1939], [-55.5785, -17.1438], [-55.5769, -17.1365], [-55.5729, -17.0936], [-55.5713, -17.0864], [-55.5713, -17.0799], [-55.5705, -17.0791], [-55.5705, -17.0726], [-55.5696, -17.0718], [-55.5696, -17.0653], [-55.5688, -17.0645], [-55.5656, -17.0298], [-55.5648, -17.029], [-55.5648, -17.0225], [-55.564, -17.0217], [-55.564, -17.0152], [-55.5632, -17.0144], [-55.5632, -17.0079], [-55.5624, -17.0071], [-55.5591, -16.9724], [-55.5583, -16.9716], [-55.5583, -16.9651], [-55.5575, -16.9643], [-55.5575, -16.9578], [-55.5567, -16.957], [-55.5567, -16.9505], [-55.5559, -16.9497], [-55.5535, -16.9222], [-55.5527, -16.9214], [-55.5527, -16.915], [-55.5519, -16.9142], [-55.5519, -16.9077], [-55.5511, -16.9069], [-55.5511, -16.9004], [-55.5502, -16.8996], [-55.5502, -16.8931], [-55.5494, -16.8923], [-55.5494, -16.8859], [-55.5486, -16.885], [-55.547, -16.8648], [-55.5462, -16.864], [-55.5462, -16.8576], [-55.5454, -16.8568], [-55.5454, -16.8503], [-55.5446, -16.8495], [-55.5446, -16.843], [-55.5438, -16.8422], [-55.5438, -16.8357], [-55.543, -16.8349], [-55.543, -16.8285], [-55.5422, -16.8276], [-55.5414, -16.8147], [-55.5405, -16.8139], [-55.5381, -16.7872], [-55.5333, -16.7856], [-55.5308, -16.788], [-55.5292, -16.7856], [-55.5276, -16.7872], [-55.5236, -16.7872], [-55.5228, -16.7856], [-55.5236, -16.7832], [-55.5195, -16.7808], [-55.5203, -16.7791], [-55.5179, -16.7759], [-55.5171, -16.7767], [-55.5122, -16.7759], [-55.5114, -16.7767], [-55.5106, -16.7759], [-55.5082, -16.7767], [-55.5042, -16.7719], [-55.505, -16.7711], [-55.5025, -16.7694], [-55.5034, -16.767], [-55.509, -16.7694], [-55.5122, -16.7694], [-55.5139, -16.7678], [-55.5155, -16.7678], [-55.5163, -16.7662], [-55.5203, -16.7646], [-55.5155, -16.7589], [-55.5163, -16.7565], [-55.5131, -16.7549], [-55.5122, -16.7589], [-55.5106, -16.7589], [-55.5082, -16.7565], [-55.5058, -16.7581], [-55.5017, -16.7541], [-55.5001, -16.7549], [-55.4961, -16.7516], [-55.4912, -16.7516], [-55.4904, -16.7508], [-55.4888, -16.7516], [-55.488, -16.7492], [-55.4848, -16.7492], [-55.4839, -16.7508], [-55.4848, -16.7525], [-55.4831, -16.7541], [-55.4807, -16.7516], [-55.4775, -16.7525], [-55.4767, -16.7516], [-55.4726, -16.7549], [-55.471, -16.7581], [-55.4548, -16.7565], [-55.4524, -16.7549], [-55.4484, -16.7549], [-55.4443, -16.7525], [-55.4403, -16.7468], [-55.4379, -16.7468], [-55.4371, -16.7452], [-55.4338, -16.746], [-55.4298, -16.7428], [-55.4306, -16.7419], [-55.429, -16.7403], [-55.4274, -16.7419], [-55.4217, -16.7419], [-55.4209, -16.7411], [-55.4193, -16.7419], [-55.4168, -16.7403], [-55.4136, -16.7403], [-55.4112, -16.7419], [-55.3958, -16.7411], [-55.3942, -16.7395], [-55.3942, -16.7379], [-55.3902, -16.7339], [-55.3869, -16.7331], [-55.3861, -16.7339], [-55.3829, -16.7314], [-55.3748, -16.7331], [-55.3724, -16.7306], [-55.3716, -16.7274], [-55.37, -16.7274], [-55.3675, -16.7314], [-55.3691, -16.7339], [-55.3667, -16.7363], [-55.3675, -16.7379], [-55.3667, -16.7387], [-55.3651, -16.7387], [-55.3635, -16.7403], [-55.3594, -16.7403], [-55.3562, -16.7428], [-55.3594, -16.7468], [-55.353, -16.7492], [-55.3433, -16.7573], [-55.3328, -16.7557], [-55.3303, -16.7525], [-55.3239, -16.7476], [-55.3239, -16.7452], [-55.3198, -16.7452], [-55.3174, -16.7436], [-55.3069, -16.7444], [-55.3028, -16.7436], [-55.3012, -16.7484], [-55.298, -16.7492], [-55.2956, -16.7516], [-55.2891, -16.7468], [-55.2867, -16.7428], [-55.2818, -16.7411], [-55.2786, -16.7419], [-55.2762, -16.7395], [-55.2802, -16.7379], [-55.2794, -16.7363], [-55.2802, -16.7347], [-55.2746, -16.7298], [-55.2754, -16.725], [-55.2746, -16.7242], [-55.2802, -16.7193], [-55.2802, -16.7169], [-55.2721, -16.7161], [-55.2705, -16.7169], [-55.2689, -16.7153], [-55.2705, -16.7136], [-55.2681, -16.7128], [-55.2673, -16.7112], [-55.2649, -16.7128], [-55.2632, -16.7112], [-55.2632, -16.7072], [-55.26, -16.7015], [-55.2608, -16.7007], [-55.2527, -16.6918], [-55.2479, -16.691], [-55.2454, -16.6926], [-55.2446, -16.6942], [-55.2471, -16.6951], [-55.2495, -16.6975], [-55.2438, -16.6991], [-55.243, -16.6999], [-55.2438, -16.7007], [-55.2422, -16.7015], [-55.2366, -16.6991], [-55.2325, -16.6991], [-55.2317, -16.6983], [-55.2309, -16.6991], [-55.2293, -16.6967], [-55.2277, -16.6967], [-55.2236, -16.6934], [-55.222, -16.6934], [-55.2163, -16.6878], [-55.2115, -16.6886], [-55.2091, -16.6918], [-55.2066, -16.691], [-55.205, -16.6918], [-55.2034, -16.6894], [-55.1994, -16.6878], [-55.1986, -16.6854], [-55.1969, -16.6854], [-55.1945, -16.6878], [-55.1913, -16.6862], [-55.1889, -16.6862], [-55.1872, -16.6845], [-55.1889, -16.6821], [-55.1937, -16.6805], [-55.1945, -16.6789], [-55.1961, -16.6797], [-55.1969, -16.6789], [-55.1969, -16.6773], [-55.1937, -16.674], [-55.1945, -16.6716], [-55.1969, -16.6732], [-55.1994, -16.6716], [-55.205, -16.6708], [-55.2034, -16.6684], [-55.2058, -16.6659], [-55.2058, -16.6643], [-55.2074, -16.6627], [-55.2107, -16.6619], [-55.2099, -16.6562], [-55.2107, -16.6546], [-55.2042, -16.653], [-55.2026, -16.649], [-55.1977, -16.6449], [-55.1977, -16.6433], [-55.1961, -16.6441], [-55.1945, -16.6425], [-55.1945, -16.6401], [-55.1905, -16.6409], [-55.188, -16.6352], [-55.1889, -16.632], [-55.1856, -16.6288], [-55.1816, -16.6288], [-55.1775, -16.6336], [-55.1759, -16.6336], [-55.1735, -16.636], [-55.1727, -16.6352], [-55.1686, -16.6352], [-55.1678, -16.636], [-55.1597, -16.636], [-55.1565, -16.6344], [-55.1541, -16.6344], [-55.1468, -16.6312], [-55.1428, -16.628], [-55.1412, -16.6199], [-55.1379, -16.6166], [-55.1379, -16.615], [-55.1339, -16.6158], [-55.1306, -16.615], [-55.129, -16.6134], [-55.1274, -16.615], [-55.125, -16.6142], [-55.125, -16.6158], [-55.1234, -16.6174], [-55.1226, -16.6166], [-55.1209, -16.6174], [-55.1185, -16.6166], [-55.1153, -16.6134], [-55.1137, -16.6134], [-55.1104, -16.611], [-55.1088, -16.6118], [-55.1023, -16.6102], [-55.0999, -16.6077], [-55.0999, -16.6053], [-55.0975, -16.6021], [-55.0951, -16.6021], [-55.0926, -16.5997], [-55.0878, -16.5988], [-55.0813, -16.5948], [-55.0773, -16.5972], [-55.0749, -16.5964], [-55.07, -16.6013], [-55.066, -16.5997], [-55.0635, -16.6021], [-55.0595, -16.6021], [-55.0522, -16.5972], [-55.0498, -16.598], [-55.049, -16.5972], [-55.0474, -16.5997], [-55.0441, -16.5988], [-55.0417, -16.6005], [-55.0417, -16.6021], [-55.0401, -16.6037], [-55.0377, -16.6037], [-55.0296, -16.6126], [-55.0263, -16.6126], [-55.0239, -16.6158], [-55.0207, -16.615], [-55.0183, -16.6158], [-55.0175, -16.615], [-55.015, -16.6158], [-55.0118, -16.6199], [-55.0029, -16.6207], [-55.0013, -16.6182], [-54.9997, -16.6182], [-54.9981, -16.6166], [-54.9932, -16.6182]]]]}}, {"type": "Feature", "properties": {"cod": "68964", "nivel": 5, "nome": "Bacia do Rio São Lourenço", "rio": "Rio São Lourenço", "area": 24325, "area_rm": 1393, "lx": -55.1549, "ly": -16.5317}, "geometry": {"type": "MultiPolygon", "coordinates": [[[[-54.9366, -16.5342], [-54.9382, -16.5366], [-54.9431, -16.5374], [-54.9479, -16.5423], [-54.956, -16.5406], [-54.9609, -16.5447], [-54.9609, -16.5479], [-54.9576, -16.5487], [-54.9584, -16.5544], [-54.9568, -16.556], [-54.952, -16.5584], [-54.9479, -16.5576], [-54.9479, -16.5592], [-54.952, -16.5633], [-54.9552, -16.5649], [-54.9584, -16.5649], [-54.9609, -16.5665], [-54.9673, -16.5657], [-54.973, -16.5681], [-54.973, -16.5697], [-54.9706, -16.5722], [-54.9681, -16.573], [-54.9673, -16.577], [-54.9706, -16.5794], [-54.9714, -16.5835], [-54.973, -16.5851], [-54.9706, -16.5875], [-54.9633, -16.5883], [-54.9617, -16.5908], [-54.9609, -16.59], [-54.9584, -16.5932], [-54.9584, -16.5988], [-54.9568, -16.6021], [-54.9512, -16.6053], [-54.952, -16.6077], [-54.9584, -16.6037], [-54.9617, -16.6037], [-54.9641, -16.6069], [-54.9673, -16.6085], [-54.9625, -16.6134], [-54.9625, -16.6166], [-54.9641, -16.6191], [-54.9568, -16.6263], [-54.9536, -16.6271], [-54.9552, -16.6296], [-54.9576, -16.6271], [-54.9617, -16.628], [-54.9681, -16.6328], [-54.9673, -16.6352], [-54.9706, -16.6393], [-54.9665, -16.6417], [-54.9665, -16.6449], [-54.9681, -16.6482], [-54.9738, -16.6538], [-54.9811, -16.6546], [-54.9859, -16.6449], [-54.9859, -16.6425], [-54.9835, -16.6385], [-54.9827, -16.6344], [-54.9811, -16.6328], [-54.9843, -16.6296], [-54.9875, -16.6296], [-54.9892, -16.6263], [-54.9892, -16.6239], [-54.9916, -16.6215], [-54.9932, -16.6174], [-54.9981, -16.6158], [-54.9997, -16.6174], [-55.0013, -16.6174], [-55.0029, -16.6199], [-55.0118, -16.6191], [-55.015, -16.615], [-55.0223, -16.6142], [-55.0239, -16.615], [-55.0263, -16.6118], [-55.0296, -16.6118], [-55.0377, -16.6029], [-55.0401, -16.6029], [-55.0409, -16.6005], [-55.0441, -16.598], [-55.0474, -16.5988], [-55.049, -16.5964], [-55.0506, -16.5972], [-55.0522, -16.5964], [-55.0595, -16.6013], [-55.0635, -16.6013], [-55.066, -16.5988], [-55.07, -16.6005], [-55.0749, -16.5956], [-55.0773, -16.5964], [-55.0813, -16.594], [-55.0878, -16.598], [-55.0926, -16.5988], [-55.0951, -16.6013], [-55.0975, -16.6013], [-55.1007, -16.6053], [-55.1007, -16.6077], [-55.1023, -16.6094], [-55.1088, -16.611], [-55.1104, -16.6102], [-55.1137, -16.6126], [-55.1153, -16.6126], [-55.1185, -16.6158], [-55.1217, -16.6166], [-55.1226, -16.6158], [-55.1234, -16.6166], [-55.125, -16.6134], [-55.1274, -16.6142], [-55.129, -16.6126], [-55.1306, -16.6142], [-55.1339, -16.615], [-55.1379, -16.6142], [-55.1387, -16.6166], [-55.142, -16.6199], [-55.1436, -16.628], [-55.1541, -16.6336], [-55.1565, -16.6336], [-55.1597, -16.6352], [-55.1727, -16.6344], [-55.1735, -16.6352], [-55.1759, -16.6328], [-55.1775, -16.6328], [-55.1816, -16.628], [-55.1872, -16.6288], [-55.188, -16.6312], [-55.1897, -16.632], [-55.1889, -16.6352], [-55.1905, -16.6401], [-55.1945, -16.6393], [-55.1961, -16.6433], [-55.1977, -16.6425], [-55.1986, -16.6449], [-55.2034, -16.649], [-55.2042, -16.6522], [-55.2099, -16.653], [-55.2115, -16.6546], [-55.2107, -16.6595], [-55.2115, -16.6619], [-55.2066, -16.6643], [-55.2066, -16.6659], [-55.2042, -16.6684], [-55.2058, -16.6708], [-55.2026, -16.6724], [-55.1994, -16.6724], [-55.1969, -16.674], [-55.1945, -16.6724], [-55.1953, -16.6757], [-55.1977, -16.6773], [-55.1977, -16.6789], [-55.1961, -16.6805], [-55.1945, -16.6797], [-55.1937, -16.6813], [-55.1889, -16.6829], [-55.188, -16.6845], [-55.1945, -16.687], [-55.1969, -16.6845], [-55.1986, -16.6845], [-55.2002, -16.6862], [-55.2002, -16.6878], [-55.2034, -16.6886], [-55.205, -16.691], [-55.2074, -16.6902], [-55.2091, -16.691], [-55.2115, -16.6878], [-55.2163, -16.687], [-55.222, -16.6926], [-55.2236, -16.6926], [-55.2277, -16.6959], [-55.2293, -16.6959], [-55.2309, -16.6983], [-55.2317, -16.6975], [-55.2325, -16.6983], [-55.2366, -16.6983], [-55.243, -16.7007], [-55.2422, -16.6999], [-55.2438, -16.6983], [-55.2487, -16.6975], [-55.2438, -16.6942], [-55.2454, -16.6918], [-55.2479, -16.6902], [-55.2527, -16.691], [-55.2616, -16.7007], [-55.2608, -16.7015], [-55.264, -16.7072], [-55.264, -16.7112], [-55.2649, -16.712], [-55.2673, -16.7104], [-55.2681, -16.712], [-55.2713, -16.7136], [-55.2697, -16.7153], [-55.2705, -16.7161], [-55.2746, -16.7153], [-55.2778, -16.7161], [-55.2786, -16.7153], [-55.281, -16.7169], [-55.281, -16.7193], [-55.2754, -16.7242], [-55.2762, -16.7258], [-55.2754, -16.7298], [-55.281, -16.7347], [-55.2802, -16.7371], [-55.281, -16.7379], [-55.2794, -16.7395], [-55.277, -16.7395], [-55.2786, -16.7411], [-55.2818, -16.7403], [-55.2867, -16.7419], [-55.2891, -16.7444], [-55.2899, -16.7468], [-55.2956, -16.7508], [-55.298, -16.7484], [-55.3004, -16.7484], [-55.3012, -16.7444], [-55.3028, -16.7428], [-55.3085, -16.7436], [-55.3093, -16.7428], [-55.3174, -16.7428], [-55.3198, -16.7444], [-55.3239, -16.7444], [-55.3247, -16.7476], [-55.3303, -16.7516], [-55.3328, -16.7549], [-55.3433, -16.7565], [-55.353, -16.7484], [-55.3586, -16.7468], [-55.3554, -16.7428], [-55.3594, -16.7395], [-55.3635, -16.7395], [-55.3651, -16.7379], [-55.3667, -16.7379], [-55.3659, -16.7363], [-55.3683, -16.7339], [-55.3667, -16.7314], [-55.37, -16.7266], [-55.3716, -16.7266], [-55.3748, -16.7322], [-55.3829, -16.7306], [-55.3861, -16.7331], [-55.3869, -16.7322], [-55.3902, -16.7331], [-55.395, -16.7379], [-55.3958, -16.7403], [-55.4112, -16.7411], [-55.4136, -16.7395], [-55.4168, -16.7395], [-55.4193, -16.7411], [-55.4209, -16.7403], [-55.4217, -16.7411], [-55.4274, -16.7411], [-55.429, -16.7395], [-55.4314, -16.7419], [-55.4306, -16.7428], [-55.4338, -16.7452], [-55.4371, -16.7444], [-55.4379, -16.746], [-55.4403, -16.746], [-55.4443, -16.7516], [-55.4484, -16.7541], [-55.4524, -16.7541], [-55.4548, -16.7557], [-55.471, -16.7573], [-55.4718, -16.7549], [-55.4767, -16.7508], [-55.4775, -16.7516], [-55.4807, -16.7508], [-55.4831, -16.7533], [-55.4839, -16.7516], [-55.4831, -16.75], [-55.4848, -16.7484], [-55.4888, -16.7492], [-55.488, -16.7516], [-55.4904, -16.75], [-55.4912, -16.7508], [-55.4961, -16.7508], [-55.5001, -16.7541], [-55.5017, -16.7533], [-55.5058, -16.7573], [-55.5082, -16.7557], [-55.5106, -16.7581], [-55.5122, -16.7581], [-55.5114, -16.7557], [-55.5139, -16.7541], [-55.5171, -16.7565], [-55.5163, -16.7589], [-55.5211, -16.7646], [-55.5122, -16.7702], [-55.509, -16.7702], [-55.5034, -16.7678], [-55.5034, -16.7694], [-55.5058, -16.7711], [-55.505, -16.7719], [-55.5082, -16.7759], [-55.5147, -16.7751], [-55.5171, -16.7759], [-55.5179, -16.7751], [-55.5211, -16.7791], [-55.5203, -16.7808], [-55.5244, -16.7832], [-55.5236, -16.7864], [-55.5276, -16.7864], [-55.5292, -16.7848], [-55.5308, -16.7872], [-55.5341, -16.7848], [-55.5381, -16.7864], [-55.5333, -16.746], [-55.53, -16.7492], [-55.5236, -16.7468], [-55.5219, -16.7444], [-55.5228, -16.7403], [-55.5244, -16.7387], [-55.5236, -16.7363], [-55.5211, -16.7347], [-55.5211, -16.7331], [-55.5228, -16.7314], [-55.5211, -16.7274], [-55.5228, -16.7193], [-55.5211, -16.7161], [-55.5219, -16.7136], [-55.5139, -16.7112], [-55.5122, -16.7088], [-55.5082, -16.7072], [-55.505, -16.7039], [-55.5034, -16.7039], [-55.5001, -16.7007], [-55.4993, -16.6983], [-55.492, -16.6999], [-55.4872, -16.6991], [-55.4839, -16.7039], [-55.4807, -16.7023], [-55.4799, -16.7039], [-55.4775, -16.7031], [-55.4759, -16.7039], [-55.4751, -16.7031], [-55.4734, -16.7039], [-55.4718, -16.712], [-55.467, -16.7161], [-55.4662, -16.7185], [-55.4678, -16.7201], [-55.4678, -16.7217], [-55.4637, -16.7242], [-55.4597, -16.7234], [-55.4589, -16.7258], [-55.4573, -16.725], [-55.4557, -16.729], [-55.45, -16.7282], [-55.4492, -16.725], [-55.4476, -16.7234], [-55.4443, -16.7242], [-55.4451, -16.7258], [-55.4443, -16.7266], [-55.4403, -16.7242], [-55.4338, -16.725], [-55.4314, -16.7242], [-55.429, -16.7201], [-55.4274, -16.7201], [-55.4257, -16.7185], [-55.4257, -16.7169], [-55.4233, -16.7177], [-55.4201, -16.7153], [-55.4177, -16.7153], [-55.4144, -16.7136], [-55.4031, -16.7128], [-55.4007, -16.7104], [-55.3999, -16.7064], [-55.3983, -16.7048], [-55.3983, -16.7023], [-55.4023, -16.7015], [-55.4023, -16.6999], [-55.4055, -16.6975], [-55.4039, -16.6967], [-55.4047, -16.6942], [-55.4039, -16.6902], [-55.4015, -16.6862], [-55.3991, -16.687], [-55.3966, -16.6862], [-55.3942, -16.6902], [-55.3918, -16.6894], [-55.3829, -16.6829], [-55.3805, -16.6797], [-55.3748, -16.6805], [-55.3732, -16.6773], [-55.37, -16.6781], [-55.3683, -16.6716], [-55.3667, -16.67], [-55.3619, -16.6684], [-55.3611, -16.6692], [-55.3538, -16.6692], [-55.3505, -16.6643], [-55.3465, -16.6643], [-55.3449, -16.6627], [-55.3441, -16.6595], [-55.3481, -16.6562], [-55.3489, -16.653], [-55.3522, -16.6522], [-55.3538, -16.6506], [-55.3538, -16.649], [-55.3514, -16.6457], [-55.3465, -16.6441], [-55.3449, -16.6409], [-55.3489, -16.6368], [-55.3522, -16.6352], [-55.3562, -16.6352], [-55.3578, -16.6336], [-55.3578, -16.6304], [-55.3594, -16.6288], [-55.3627, -16.6312], [-55.3667, -16.628], [-55.3691, -16.6288], [-55.37, -16.628], [-55.3691, -16.6223], [-55.3708, -16.6182], [-55.3708, -16.615], [-55.37, -16.6134], [-55.3716, -16.6118], [-55.3716, -16.6102], [-55.3691, -16.6077], [-55.3651, -16.6077], [-55.3603, -16.6029], [-55.3594, -16.6005], [-55.3578, -16.5997], [-55.3538, -16.6005], [-55.3497, -16.5964], [-55.3465, -16.5964], [-55.3449, -16.5988], [-55.34, -16.598], [-55.3392, -16.5988], [-55.3336, -16.5924], [-55.3311, -16.5916], [-55.3198, -16.5908], [-55.3142, -16.5924], [-55.3109, -16.59], [-55.3085, -16.59], [-55.3045, -16.5875], [-55.3004, -16.5908], [-55.2964, -16.5908], [-55.2923, -16.5875], [-55.2915, -16.5883], [-55.2899, -16.5811], [-55.2907, -16.5794], [-55.2899, -16.5786], [-55.2899, -16.5746], [-55.2931, -16.5697], [-55.2931, -16.5681], [-55.2915, -16.5673], [-55.2907, -16.56], [-55.2883, -16.5576], [-55.2867, -16.5536], [-55.2826, -16.552], [-55.2802, -16.5495], [-55.2794, -16.5447], [-55.281, -16.5431], [-55.2802, -16.5398], [-55.281, -16.539], [-55.2786, -16.535], [-55.2826, -16.5309], [-55.2834, -16.5277], [-55.2867, -16.5253], [-55.2875, -16.5228], [-55.2867, -16.5212], [-55.281, -16.5188], [-55.2794, -16.5164], [-55.277, -16.5156], [-55.2746, -16.5131], [-55.2746, -16.5115], [-55.2721, -16.5107], [-55.2697, -16.5083], [-55.2608, -16.5075], [-55.26, -16.5083], [-55.2543, -16.5026], [-55.2503, -16.501], [-55.2487, -16.5018], [-55.2446, -16.4978], [-55.2438, -16.4986], [-55.2422, -16.4978], [-55.2406, -16.4921], [-55.239, -16.4905], [-55.239, -16.4873], [-55.2325, -16.4824], [-55.2317, -16.4792], [-55.2301, -16.4776], [-55.2309, -16.4719], [-55.2252, -16.4671], [-55.2228, -16.4671], [-55.218, -16.4638], [-55.2163, -16.4646], [-55.2131, -16.4638], [-55.2115, -16.4622], [-55.2074, -16.463], [-55.205, -16.459], [-55.2058, -16.4533], [-55.205, -16.4517], [-55.201, -16.4493], [-55.1994, -16.4541], [-55.1945, -16.4525], [-55.1929, -16.4509], [-55.1905, -16.4509], [-55.1864, -16.4477], [-55.1792, -16.4444], [-55.1743, -16.4444], [-55.1703, -16.446], [-55.163, -16.446], [-55.1565, -16.4428], [-55.15, -16.4469], [-55.146, -16.4477], [-55.1428, -16.4469], [-55.1347, -16.4485], [-55.1282, -16.4485], [-55.1274, -16.4477], [-55.1234, -16.4477], [-55.1185, -16.4501], [-55.1161, -16.4501], [-55.1129, -16.4469], [-55.1088, -16.446], [-55.0991, -16.4404], [-55.0959, -16.4404], [-55.0935, -16.442], [-55.0894, -16.4412], [-55.0862, -16.4428], [-55.0781, -16.4436], [-55.074, -16.4469], [-55.0627, -16.446], [-55.0587, -16.4469], [-55.0514, -16.4509], [-55.0474, -16.4517], [-55.0433, -16.4566], [-55.0352, -16.463], [-55.032, -16.4735], [-55.0328, -16.4808], [-55.032, -16.4832], [-55.0272, -16.4881], [-55.0215, -16.4905], [-55.0207, -16.497], [-55.0175, -16.5018], [-55.0166, -16.5051], [-55.0175, -16.5059], [-55.0175, -16.5115], [-55.0166, -16.5131], [-55.0199, -16.5172], [-55.0158, -16.5196], [-55.0094, -16.5188], [-55.0069, -16.5164], [-55.0061, -16.5131], [-55.0069, -16.5107], [-55.0053, -16.5083], [-54.9972, -16.5075], [-54.9956, -16.5059], [-54.9956, -16.5026], [-54.9997, -16.4962], [-54.9997, -16.4929], [-54.9981, -16.4913], [-54.9932, -16.4921], [-54.9867, -16.497], [-54.9843, -16.497], [-54.9811, -16.4937], [-54.9811, -16.4905], [-54.9892, -16.484], [-54.9908, -16.4816], [-54.9908, -16.4792], [-54.9883, -16.4776], [-54.9827, -16.4792], [-54.9786, -16.4784], [-54.9698, -16.4711], [-54.9366, -16.5342]]], [[[-55.26, -16.1744], [-55.2551, -16.1736], [-55.2543, -16.1752], [-55.2535, -16.1833], [-55.2212, -16.3442], [-55.222, -16.3466], [-55.2252, -16.3466], [-55.2269, -16.345], [-55.2317, -16.3442], [-55.2341, -16.3466], [-55.2366, -16.345], [-55.239, -16.345], [-55.2422, -16.3466], [-55.2487, -16.3426], [-55.2503, -16.3401], [-55.2495, -16.3369], [-55.2527, -16.3345], [-55.2519, -16.332], [-55.2527, -16.3312], [-55.2527, -16.3264], [-55.26, -16.3191], [-55.2632, -16.3183], [-55.2649, -16.3159], [-55.2681, -16.3159], [-55.2673, -16.3135], [-55.2697, -16.311], [-55.2705, -16.3118], [-55.2737, -16.311], [-55.2746, -16.3078], [-55.277, -16.3062], [-55.2802, -16.3013], [-55.2794, -16.3005], [-55.2818, -16.2981], [-55.2859, -16.2965], [-55.2851, -16.2892], [-55.2859, -16.2884], [-55.2851, -16.2868], [-55.2875, -16.2819], [-55.2834, -16.2763], [-55.2875, -16.269], [-55.2843, -16.2657], [-55.2834, -16.2609], [-55.2891, -16.2552], [-55.2907, -16.256], [-55.2851, -16.2245], [-55.2851, -16.2205], [-55.281, -16.2132], [-55.2754, -16.2075], [-55.2697, -16.1978], [-55.2697, -16.1946], [-55.2721, -16.1906], [-55.2721, -16.1881], [-55.2657, -16.1833], [-55.2649, -16.1792], [-55.2624, -16.1784], [-55.2608, -16.1792], [-55.2592, -16.1776], [-55.26, -16.1744]]], [[[-55.2867, -15.8615], [-55.2988, -15.8898], [-55.3028, -15.8971], [-55.3093, -15.8874], [-55.3061, -15.8825], [-55.3085, -15.8817], [-55.3093, -15.8793], [-55.3053, -15.8753], [-55.3069, -15.8728], [-55.3061, -15.8712], [-55.3077, -15.8704], [-55.3069, -15.8656], [-55.3085, -15.8639], [-55.3045, -15.8631], [-55.3028, -15.8639], [-55.3028, -15.8656], [-55.3004, -15.868], [-55.2972, -15.8688], [-55.2923, -15.8656], [-55.2899, -15.8656], [-55.2867, -15.8615]]], [[[-54.9059, -15.4759], [-54.9051, -15.4799], [-54.9075, -15.4823], [-54.9067, -15.4839], [-54.9099, -15.4888], [-54.9091, -15.4961], [-54.9132, -15.4945], [-54.9156, -15.4896], [-54.9293, -15.4823], [-54.9318, -15.4839], [-54.9415, -15.4839], [-54.9455, -15.4864], [-54.9504, -15.4856], [-54.9552, -15.4904], [-54.9552, -15.4945], [-54.9528, -15.4985], [-54.9544, -15.5066], [-54.956, -15.5098], [-54.9544, -15.5171], [-54.956, -15.5195], [-54.956, -15.5252], [-54.9552, -15.526], [-54.9568, -15.5292], [-54.956, -15.5316], [-54.9592, -15.5333], [-54.9657, -15.5333], [-54.9681, -15.5357], [-54.9673, -15.5373], [-54.9689, -15.5413], [-54.9722, -15.543], [-54.9706, -15.5478], [-54.9754, -15.5567], [-54.9714, -15.5608], [-54.9722, -15.5664], [-54.9714, -15.5672], [-54.9714, -15.5737], [-54.9698, -15.5793], [-54.9681, -15.5802], [-54.9681, -15.5818], [-54.9714, -15.5858], [-54.9714, -15.5874], [-54.9698, -15.5899], [-54.9657, -15.5915], [-54.9657, -15.5939], [-54.9681, -15.5971], [-54.9681, -15.5996], [-54.9641, -15.6044], [-54.9657, -15.606], [-54.9673, -15.606], [-54.9681, -15.6076], [-54.9657, -15.6117], [-54.9641, -15.6117], [-54.9617, -15.6141], [-54.9625, -15.6173], [-54.9649, -15.6206], [-54.9722, -15.623], [-54.9738, -15.6246], [-54.9746, -15.6279], [-54.9786, -15.6254], [-54.9778, -15.6198], [-54.9786, -15.6182], [-54.9835, -15.6157], [-54.9851, -15.6133], [-54.9883, -15.6125], [-54.9908, -15.6133], [-54.9908, -15.6149], [-54.9956, -15.6133], [-55.0013, -15.6182], [-55.0045, -15.6182], [-55.0061, -15.6157], [-55.011, -15.6157], [-55.0126, -15.619], [-55.015, -15.6182], [-55.0191, -15.619], [-55.0231, -15.6125], [-55.0263, -15.6109], [-55.0255, -15.6093], [-55.0263, -15.606], [-55.028, -15.6044], [-55.0288, -15.6052], [-55.0417, -15.6068], [-55.0441, -15.6101], [-55.0474, -15.6101], [-55.0498, -15.6117], [-55.053, -15.6085], [-55.0603, -15.6076], [-55.0676, -15.602], [-55.0716, -15.6028], [-55.0732, -15.6044], [-55.0732, -15.6093], [-55.0765, -15.6125], [-55.0773, -15.6125], [-55.0765, -15.6101], [-55.0773, -15.6076], [-55.0789, -15.606], [-55.0813, -15.6068], [-55.0821, -15.606], [-55.0837, -15.6085], [-55.0829, -15.6206], [-55.0878, -15.6254], [-55.087, -15.6327], [-55.0886, -15.6367], [-55.087, -15.6384], [-55.0878, -15.6448], [-55.0926, -15.6489], [-55.0918, -15.6513], [-55.0894, -15.6521], [-55.0902, -15.6594], [-55.0918, -15.6602], [-55.0926, -15.6626], [-55.0975, -15.6675], [-55.1015, -15.6699], [-55.1104, -15.6731], [-55.1129, -15.6756], [-55.1129, -15.6772], [-55.1153, -15.6764], [-55.1169, -15.678], [-55.1169, -15.6804], [-55.1185, -15.6828], [-55.1201, -15.6828], [-55.1217, -15.6812], [-55.1226, -15.6836], [-55.1242, -15.6836], [-55.1298, -15.6893], [-55.1298, -15.6909], [-55.1323, -15.6925], [-55.1331, -15.6917], [-55.1403, -15.6925], [-55.1444, -15.6901], [-55.1476, -15.6901], [-55.1525, -15.6917], [-55.1533, -15.6933], [-55.1597, -15.6966], [-55.1694, -15.699], [-55.1792, -15.7047], [-55.1856, -15.7047], [-55.1897, -15.7063], [-55.1929, -15.7063], [-55.1961, -15.7095], [-55.2002, -15.7111], [-55.2083, -15.7192], [-55.2099, -15.7224], [-55.2147, -15.7265], [-55.218, -15.7281], [-55.2269, -15.7297], [-55.2317, -15.7322], [-55.243, -15.7419], [-55.2463, -15.7475], [-55.2479, -15.7556], [-55.2471, -15.7653], [-55.2487, -15.771], [-55.2487, -15.775], [-55.2479, -15.7766], [-55.2519, -15.7839], [-55.256, -15.7944], [-55.2568, -15.7944], [-55.2576, -15.7896], [-55.2616, -15.7863], [-55.2632, -15.7815], [-55.2608, -15.7758], [-55.2616, -15.7701], [-55.264, -15.7693], [-55.264, -15.7677], [-55.2665, -15.7653], [-55.2665, -15.7629], [-55.2721, -15.7556], [-55.2721, -15.754], [-55.2705, -15.7532], [-55.2721, -15.7516], [-55.2713, -15.7483], [-55.2737, -15.7459], [-55.2721, -15.7467], [-55.2713, -15.7459], [-55.2721, -15.7419], [-55.2681, -15.7402], [-55.2681, -15.737], [-55.2665, -15.7354], [-55.2673, -15.7313], [-55.2649, -15.7265], [-55.2624, -15.7257], [-55.2632, -15.7152], [-55.26, -15.7144], [-55.2584, -15.7079], [-55.2543, -15.7071], [-55.2535, -15.7055], [-55.2503, -15.7063], [-55.2495, -15.7055], [-55.2495, -15.7006], [-55.2438, -15.6974], [-55.2422, -15.695], [-55.2406, -15.6885], [-55.2374, -15.6861], [-55.2357, -15.6861], [-55.2341, -15.6828], [-55.2301, -15.682], [-55.2285, -15.6804], [-55.226, -15.6812], [-55.2228, -15.678], [-55.2196, -15.678], [-55.2155, -15.6731], [-55.2147, -15.6739], [-55.2139, -15.6731], [-55.2139, -15.6707], [-55.2123, -15.6699], [-55.2099, -15.6707], [-55.2083, -15.6634], [-55.2066, -15.6626], [-55.205, -15.6634], [-55.2026, -15.661], [-55.2018, -15.6586], [-55.1994, -15.6586], [-55.1969, -15.6562], [-55.1969, -15.6545], [-55.1937, -15.6521], [-55.1929, -15.6489], [-55.1872, -15.6424], [-55.1872, -15.6384], [-55.1897, -15.6367], [-55.1889, -15.6335], [-55.1897, -15.6327], [-55.188, -15.6311], [-55.1897, -15.6295], [-55.1889, -15.619], [-55.1897, -15.6165], [-55.1889, -15.6157], [-55.1897, -15.6149], [-55.188, -15.6125], [-55.1889, -15.6085], [-55.188, -15.6076], [-55.188, -15.6028], [-55.1889, -15.6012], [-55.188, -15.6004], [-55.1889, -15.5996], [-55.188, -15.5988], [-55.188, -15.5899], [-55.1889, -15.5882], [-55.188, -15.5874], [-55.1921, -15.5802], [-55.1913, -15.5761], [-55.1929, -15.5745], [-55.1921, -15.5729], [-55.1929, -15.5705], [-55.1913, -15.5688], [-55.1905, -15.5648], [-55.1864, -15.5664], [-55.1848, -15.564], [-55.1808, -15.5624], [-55.1775, -15.5624], [-55.1719, -15.5567], [-55.1727, -15.5535], [-55.1711, -15.5511], [-55.1694, -15.5511], [-55.167, -15.5486], [-55.167, -15.5462], [-55.1654, -15.5462], [-55.1638, -15.5446], [-55.163, -15.5413], [-55.1573, -15.5413], [-55.1565, -15.5389], [-55.1525, -15.5349], [-55.15, -15.5357], [-55.1484, -15.5325], [-55.1468, -15.5316], [-55.1452, -15.5333], [-55.1403, -15.5333], [-55.1371, -15.5373], [-55.1355, -15.5357], [-55.1323, -15.5349], [-55.1282, -15.53], [-55.1226, -15.5284], [-55.1209, -15.5252], [-55.1193, -15.5252], [-55.1169, -15.5228], [-55.1096, -15.5195], [-55.1088, -15.5163], [-55.1048, -15.5171], [-55.0991, -15.5122], [-55.0983, -15.5098], [-55.0959, -15.509], [-55.0943, -15.5042], [-55.0959, -15.4977], [-55.0943, -15.4969], [-55.0935, -15.4945], [-55.0902, -15.4953], [-55.0862, -15.492], [-55.0846, -15.492], [-55.0829, -15.4945], [-55.0805, -15.4936], [-55.0805, -15.4953], [-55.0781, -15.4969], [-55.0765, -15.4953], [-55.0724, -15.4953], [-55.0708, -15.4912], [-55.0668, -15.4912], [-55.0627, -15.4888], [-55.0579, -15.4888], [-55.0571, -15.4896], [-55.0555, -15.4888], [-55.0506, -15.492], [-55.0498, -15.4953], [-55.0474, -15.4969], [-55.0474, -15.5009], [-55.049, -15.5025], [-55.0482, -15.5082], [-55.0449, -15.509], [-55.0433, -15.5106], [-55.0441, -15.5139], [-55.0425, -15.5155], [-55.0433, -15.5179], [-55.0425, -15.5187], [-55.0425, -15.5228], [-55.0377, -15.526], [-55.0328, -15.5268], [-55.032, -15.526], [-55.028, -15.526], [-55.0272, -15.5244], [-55.0231, -15.5244], [-55.0191, -15.5211], [-55.0175, -15.5211], [-55.0158, -15.5195], [-55.0166, -15.5163], [-55.015, -15.5131], [-55.0061, -15.5066], [-54.9981, -15.5058], [-54.9964, -15.5033], [-54.994, -15.5025], [-54.994, -15.5009], [-54.9924, -15.4993], [-54.9916, -15.5001], [-54.9908, -15.4993], [-54.9908, -15.4969], [-54.9883, -15.4977], [-54.9835, -15.4945], [-54.9795, -15.4936], [-54.977, -15.4904], [-54.977, -15.4888], [-54.9738, -15.4872], [-54.9673, -15.488], [-54.9665, -15.4856], [-54.9625, -15.4839], [-54.9617, -15.4799], [-54.9625, -15.4783], [-54.9609, -15.4783], [-54.9584, -15.4759], [-54.9528, -15.4751], [-54.9495, -15.4734], [-54.9455, -15.4751], [-54.9447, -15.4742], [-54.9398, -15.4742], [-54.9382, -15.4726], [-54.9366, -15.4742], [-54.9309, -15.4734], [-54.9293, -15.4751], [-54.9269, -15.4742], [-54.9261, -15.4751], [-54.9253, -15.4742], [-54.9237, -15.4767], [-54.9221, -15.4742], [-54.9196, -15.4734], [-54.9124, -15.4759], [-54.9083, -15.4751], [-54.9059, -15.4759]]]]}}, {"type": "Feature", "properties": {"cod": "68966", "nivel": 5, "nome": "Bacia do Rio Cuiabá-Mirim", "rio": "Rio Cuiabá-Mirim", "area": 4583, "area_rm": 1126, "lx": -55.5333, "ly": -16.1121}, "geometry": {"type": "MultiPolygon", "coordinates": [[[[-55.4839, -16.4266], [-55.4775, -16.4266], [-55.4759, -16.4283], [-55.471, -16.4283], [-55.4718, -16.4339], [-55.4686, -16.4347], [-55.4694, -16.4388], [-55.4686, -16.4412], [-55.4654, -16.4444], [-55.467, -16.446], [-55.467, -16.4477], [-55.4654, -16.4485], [-55.4637, -16.4517], [-55.4597, -16.4517], [-55.4605, -16.4541], [-55.4532, -16.4614], [-55.4516, -16.4614], [-55.4508, -16.4598], [-55.4508, -16.463], [-55.4484, -16.4679], [-55.446, -16.4695], [-55.4435, -16.4743], [-55.4411, -16.4768], [-55.4395, -16.476], [-55.4379, -16.48], [-55.4346, -16.4824], [-55.4346, -16.4873], [-55.4338, -16.4881], [-55.4403, -16.4937], [-55.4387, -16.4978], [-55.4395, -16.501], [-55.4379, -16.5059], [-55.4419, -16.5099], [-55.4443, -16.5091], [-55.446, -16.5115], [-55.4476, -16.5107], [-55.4524, -16.5148], [-55.4524, -16.5164], [-55.4548, -16.5172], [-55.4573, -16.522], [-55.4597, -16.5245], [-55.4597, -16.5277], [-55.4645, -16.5325], [-55.4597, -16.539], [-55.4613, -16.5439], [-55.4597, -16.5471], [-55.4629, -16.5511], [-55.4605, -16.5536], [-55.4589, -16.5536], [-55.4597, -16.556], [-55.4589, -16.5568], [-55.4613, -16.5584], [-55.4654, -16.5584], [-55.4662, -16.5592], [-55.4637, -16.5633], [-55.4645, -16.5649], [-55.4637, -16.5665], [-55.467, -16.5681], [-55.4662, -16.5705], [-55.4621, -16.5714], [-55.4605, -16.5705], [-55.4581, -16.573], [-55.4565, -16.5722], [-55.4565, -16.5754], [-55.454, -16.577], [-55.4557, -16.5811], [-55.4548, -16.5835], [-55.4524, -16.5843], [-55.4508, -16.5835], [-55.4484, -16.5867], [-55.4476, -16.5908], [-55.4508, -16.594], [-55.446, -16.5988], [-55.4419, -16.5956], [-55.4387, -16.5997], [-55.4338, -16.5988], [-55.4354, -16.6005], [-55.4338, -16.6029], [-55.4362, -16.6061], [-55.4354, -16.6102], [-55.4362, -16.6134], [-55.433, -16.6174], [-55.4306, -16.6182], [-55.4282, -16.6239], [-55.4249, -16.628], [-55.4225, -16.6263], [-55.4193, -16.628], [-55.4185, -16.6304], [-55.4136, -16.6352], [-55.4112, -16.6336], [-55.4104, -16.6271], [-55.4088, -16.6247], [-55.4039, -16.6239], [-55.4015, -16.6223], [-55.3983, -16.6223], [-55.3966, -16.6239], [-55.3918, -16.6231], [-55.3877, -16.6199], [-55.3877, -16.6174], [-55.3853, -16.6158], [-55.3837, -16.6118], [-55.3748, -16.6102], [-55.3724, -16.611], [-55.3708, -16.6134], [-55.3716, -16.6182], [-55.37, -16.6223], [-55.37, -16.6263], [-55.3708, -16.628], [-55.3691, -16.6296], [-55.3667, -16.6288], [-55.3627, -16.632], [-55.3594, -16.6296], [-55.3586, -16.6336], [-55.3562, -16.636], [-55.3522, -16.636], [-55.3457, -16.6409], [-55.3465, -16.6433], [-55.3514, -16.6449], [-55.3546, -16.649], [-55.3546, -16.6506], [-55.3522, -16.653], [-55.3489, -16.6538], [-55.3489, -16.6562], [-55.3449, -16.6595], [-55.3465, -16.6635], [-55.3505, -16.6635], [-55.3538, -16.6684], [-55.3611, -16.6684], [-55.3619, -16.6676], [-55.3667, -16.6692], [-55.3691, -16.6716], [-55.37, -16.6773], [-55.3732, -16.6765], [-55.3748, -16.6797], [-55.3805, -16.6789], [-55.3885, -16.687], [-55.3942, -16.6894], [-55.3966, -16.6854], [-55.4007, -16.6862], [-55.4015, -16.6854], [-55.4031, -16.687], [-55.4055, -16.6942], [-55.4047, -16.6967], [-55.4063, -16.6975], [-55.4031, -16.6999], [-55.4023, -16.7023], [-55.3991, -16.7023], [-55.3991, -16.7048], [-55.4031, -16.712], [-55.4144, -16.7128], [-55.4177, -16.7145], [-55.4201, -16.7145], [-55.4233, -16.7169], [-55.4257, -16.7161], [-55.4274, -16.7193], [-55.429, -16.7193], [-55.4314, -16.7217], [-55.4314, -16.7234], [-55.4338, -16.7242], [-55.4403, -16.7234], [-55.4443, -16.7258], [-55.4435, -16.7242], [-55.4451, -16.7225], [-55.4476, -16.7225], [-55.45, -16.725], [-55.45, -16.7274], [-55.4557, -16.7282], [-55.4565, -16.725], [-55.4581, -16.7242], [-55.4589, -16.725], [-55.4597, -16.7225], [-55.4637, -16.7234], [-55.4654, -16.7217], [-55.467, -16.7217], [-55.467, -16.7201], [-55.4654, -16.7185], [-55.4662, -16.7161], [-55.471, -16.712], [-55.471, -16.7096], [-55.4726, -16.7072], [-55.4718, -16.7048], [-55.4734, -16.7031], [-55.4775, -16.7023], [-55.4799, -16.7031], [-55.4815, -16.7015], [-55.4839, -16.7031], [-55.4872, -16.6983], [-55.492, -16.6991], [-55.4928, -16.6983], [-55.4969, -16.6983], [-55.5009, -16.6926], [-55.5001, -16.6878], [-55.5017, -16.6862], [-55.5009, -16.6821], [-55.5025, -16.6813], [-55.5042, -16.6821], [-55.5074, -16.6781], [-55.5066, -16.6748], [-55.509, -16.6724], [-55.5114, -16.6716], [-55.5147, -16.6724], [-55.5163, -16.6708], [-55.5211, -16.6716], [-55.5244, -16.6708], [-55.5252, -16.6716], [-55.5228, -16.6498], [-55.5219, -16.649], [-55.5219, -16.6425], [-55.5211, -16.6417], [-55.5211, -16.6352], [-55.5203, -16.6344], [-55.5203, -16.628], [-55.5195, -16.6271], [-55.5163, -16.5924], [-55.5155, -16.5916], [-55.5155, -16.5851], [-55.5147, -16.5843], [-55.5147, -16.5778], [-55.5139, -16.577], [-55.5106, -16.5423], [-55.5098, -16.5414], [-55.5098, -16.535], [-55.509, -16.5342], [-55.509, -16.5277], [-55.5082, -16.5269], [-55.5082, -16.5204], [-55.5074, -16.5196], [-55.5074, -16.5131], [-55.5066, -16.5123], [-55.5066, -16.5059], [-55.5058, -16.5051], [-55.5042, -16.4848], [-55.5034, -16.484], [-55.4985, -16.4355], [-55.4969, -16.4404], [-55.4993, -16.4452], [-55.4937, -16.4517], [-55.492, -16.4517], [-55.4888, -16.4493], [-55.4872, -16.4452], [-55.4872, -16.442], [-55.4856, -16.4404], [-55.488, -16.4347], [-55.4872, -16.4315], [-55.4896, -16.4283], [-55.4839, -16.4266]]], [[[-55.3328, -15.8211], [-55.3303, -15.8227], [-55.3303, -15.8267], [-55.3271, -15.8292], [-55.3263, -15.8332], [-55.3223, -15.8356], [-55.3198, -15.8356], [-55.3109, -15.8453], [-55.3093, -15.8453], [-55.3061, -15.851], [-55.3069, -15.855], [-55.3061, -15.8583], [-55.3077, -15.8631], [-55.3093, -15.8639], [-55.3077, -15.8656], [-55.3085, -15.8704], [-55.3069, -15.8712], [-55.3077, -15.8728], [-55.3061, -15.8753], [-55.3101, -15.8793], [-55.3085, -15.8825], [-55.3069, -15.8825], [-55.3085, -15.8841], [-55.3085, -15.8858], [-55.3101, -15.8866], [-55.319, -15.8736], [-55.3287, -15.8825], [-55.3376, -15.8817], [-55.3417, -15.8801], [-55.3497, -15.8809], [-55.3538, -15.8801], [-55.3683, -15.8833], [-55.3756, -15.8833], [-55.3764, -15.8841], [-55.3772, -15.8833], [-55.3829, -15.8833], [-55.3845, -15.885], [-55.3861, -15.893], [-55.3902, -15.8955], [-55.391, -15.8979], [-55.3894, -15.9003], [-55.3894, -15.9027], [-55.3974, -15.9116], [-55.4007, -15.9084], [-55.4031, -15.9084], [-55.4063, -15.9108], [-55.408, -15.9181], [-55.4055, -15.9197], [-55.4055, -15.9221], [-55.4071, -15.9238], [-55.408, -15.927], [-55.4112, -15.9254], [-55.4168, -15.9327], [-55.4193, -15.9318], [-55.4217, -15.9351], [-55.4217, -15.9367], [-55.4193, -15.9391], [-55.4177, -15.9391], [-55.416, -15.9415], [-55.4209, -15.9407], [-55.4257, -15.9432], [-55.4168, -15.9472], [-55.4193, -15.9496], [-55.4144, -15.9512], [-55.416, -15.9521], [-55.4168, -15.9512], [-55.4217, -15.9545], [-55.4241, -15.9521], [-55.4274, -15.9553], [-55.4265, -15.9577], [-55.4314, -15.961], [-55.4306, -15.9626], [-55.433, -15.9658], [-55.433, -15.9674], [-55.4298, -15.9707], [-55.429, -15.9747], [-55.4249, -15.9731], [-55.4209, -15.9682], [-55.4185, -15.9682], [-55.4177, -15.969], [-55.4185, -15.9715], [-55.4177, -15.9739], [-55.4185, -15.9779], [-55.416, -15.9804], [-55.4112, -15.9812], [-55.4104, -15.986], [-55.4063, -15.9876], [-55.4031, -15.9917], [-55.4007, -15.9876], [-55.3974, -15.9901], [-55.3942, -15.9901], [-55.3885, -15.986], [-55.3861, -15.9892], [-55.3821, -15.9884], [-55.3748, -15.9828], [-55.374, -15.9836], [-55.3788, -15.9884], [-55.3788, -15.9909], [-55.3821, -15.9941], [-55.3853, -15.9949], [-55.3869, -15.9965], [-55.3869, -15.999], [-55.3894, -15.999], [-55.391, -15.9973], [-55.3918, -16.0014], [-55.3958, -16.0014], [-55.3974, -16.0038], [-55.3966, -16.0054], [-55.3942, -16.0038], [-55.3918, -16.0038], [-55.3853, -16.0095], [-55.3885, -16.0143], [-55.3877, -16.0184], [-55.3861, -16.0192], [-55.3813, -16.0159], [-55.3756, -16.0151], [-55.3748, -16.0184], [-55.3772, -16.0224], [-55.378, -16.0264], [-55.3772, -16.0297], [-55.3716, -16.0289], [-55.3683, -16.0272], [-55.3603, -16.0289], [-55.3594, -16.0281], [-55.3594, -16.024], [-55.353, -16.0192], [-55.353, -16.0175], [-55.3497, -16.0208], [-55.357, -16.0264], [-55.3546, -16.0281], [-55.3538, -16.0313], [-55.3522, -16.0305], [-55.3497, -16.0321], [-55.3481, -16.0313], [-55.3473, -16.0321], [-55.3489, -16.0337], [-55.353, -16.0329], [-55.3554, -16.0337], [-55.3578, -16.0361], [-55.3594, -16.0361], [-55.3619, -16.0394], [-55.3659, -16.0378], [-55.3716, -16.041], [-55.3716, -16.0467], [-55.37, -16.0483], [-55.3708, -16.0507], [-55.37, -16.0539], [-55.3675, -16.0572], [-55.3675, -16.0644], [-55.37, -16.0669], [-55.37, -16.0685], [-55.3748, -16.0725], [-55.3764, -16.079], [-55.3691, -16.0871], [-55.3667, -16.0879], [-55.3651, -16.0871], [-55.3643, -16.0879], [-55.3643, -16.0895], [-55.3691, -16.0911], [-55.3708, -16.0927], [-55.3708, -16.0968], [-55.374, -16.1008], [-55.374, -16.1049], [-55.3708, -16.1073], [-55.3691, -16.1065], [-55.3643, -16.1073], [-55.3619, -16.1065], [-55.3603, -16.1089], [-55.3643, -16.1105], [-55.3691, -16.1105], [-55.374, -16.1146], [-55.3756, -16.1194], [-55.3813, -16.1178], [-55.3805, -16.1138], [-55.3813, -16.1129], [-55.3797, -16.1113], [-55.3813, -16.1097], [-55.3861, -16.1121], [-55.3885, -16.1121], [-55.3934, -16.1097], [-55.395, -16.1113], [-55.3942, -16.1129], [-55.3958, -16.1154], [-55.3991, -16.1162], [-55.4039, -16.1194], [-55.4031, -16.1226], [-55.4047, -16.1243], [-55.4039, -16.1291], [-55.4071, -16.1372], [-55.412, -16.1429], [-55.4136, -16.1429], [-55.4168, -16.1404], [-55.4177, -16.1421], [-55.4209, -16.1437], [-55.4241, -16.1429], [-55.4282, -16.1461], [-55.429, -16.1453], [-55.4314, -16.1469], [-55.4322, -16.1501], [-55.4379, -16.1582], [-55.4379, -16.1623], [-55.4395, -16.1639], [-55.4435, -16.1655], [-55.4484, -16.1655], [-55.4516, -16.1671], [-55.4573, -16.1679], [-55.4637, -16.1784], [-55.4678, -16.1801], [-55.4694, -16.1825], [-55.4718, -16.1833], [-55.4742, -16.1801], [-55.4831, -16.1906], [-55.4848, -16.1906], [-55.4872, -16.193], [-55.4864, -16.1946], [-55.488, -16.1946], [-55.4888, -16.1962], [-55.4904, -16.1962], [-55.492, -16.1978], [-55.4912, -16.2035], [-55.492, -16.2059], [-55.4969, -16.2075], [-55.4969, -16.2092], [-55.4953, -16.2108], [-55.4993, -16.2148], [-55.4985, -16.2156], [-55.5001, -16.218], [-55.5017, -16.2172], [-55.5034, -16.2189], [-55.5034, -16.2213], [-55.5058, -16.2229], [-55.505, -16.2245], [-55.5058, -16.2278], [-55.5114, -16.2302], [-55.5139, -16.2302], [-55.5219, -16.2383], [-55.5252, -16.2366], [-55.5268, -16.2375], [-55.5292, -16.2366], [-55.5308, -16.2383], [-55.5325, -16.2383], [-55.5365, -16.2358], [-55.5397, -16.2383], [-55.5414, -16.2423], [-55.5438, -16.2431], [-55.543, -16.2447], [-55.5397, -16.2447], [-55.5365, -16.2431], [-55.5325, -16.2439], [-55.5284, -16.2415], [-55.526, -16.2423], [-55.5268, -16.2496], [-55.5292, -16.252], [-55.5284, -16.2544], [-55.5268, -16.2552], [-55.5236, -16.2544], [-55.5236, -16.256], [-55.5179, -16.2609], [-55.5179, -16.2633], [-55.5203, -16.269], [-55.5252, -16.2738], [-55.5349, -16.2755], [-55.5365, -16.2771], [-55.5381, -16.2771], [-55.5438, -16.2746], [-55.547, -16.2706], [-55.5551, -16.2714], [-55.5575, -16.2682], [-55.5624, -16.2682], [-55.5632, -16.2674], [-55.5688, -16.269], [-55.5745, -16.2738], [-55.5785, -16.2738], [-55.5802, -16.2722], [-55.5826, -16.2738], [-55.5842, -16.2722], [-55.5834, -16.2649], [-55.5866, -16.2593], [-55.5858, -16.2569], [-55.5874, -16.2552], [-55.5866, -16.2544], [-55.5866, -16.2472], [-55.5874, -16.2463], [-55.5866, -16.2439], [-55.5891, -16.2415], [-55.5931, -16.2391], [-55.5971, -16.2391], [-55.5988, -16.2375], [-55.602, -16.2366], [-55.6036, -16.2375], [-55.6109, -16.2375], [-55.6101, -16.2342], [-55.6109, -16.2334], [-55.6109, -16.2294], [-55.6125, -16.2278], [-55.6149, -16.2286], [-55.6141, -16.2261], [-55.6149, -16.2253], [-55.6165, -16.2261], [-55.6198, -16.2245], [-55.6238, -16.2245], [-55.6246, -16.2253], [-55.6279, -16.2205], [-55.6368, -16.2197], [-55.6408, -16.2229], [-55.6448, -16.2221], [-55.6497, -16.2269], [-55.6513, -16.2358], [-55.6537, -16.2375], [-55.6545, -16.2399], [-55.6537, -16.2431], [-55.6545, -16.2472], [-55.657, -16.2496], [-55.657, -16.2528], [-55.6594, -16.256], [-55.6602, -16.2641], [-55.6586, -16.2657], [-55.6594, -16.2682], [-55.6578, -16.2706], [-55.6602, -16.273], [-55.661, -16.2755], [-55.6642, -16.2779], [-55.6659, -16.2811], [-55.665, -16.2843], [-55.6659, -16.286], [-55.6675, -16.286], [-55.6691, -16.2876], [-55.6756, -16.2884], [-55.6853, -16.2957], [-55.6885, -16.2932], [-55.6942, -16.2981], [-55.7661, -16.2334], [-55.7669, -16.231], [-55.7645, -16.2253], [-55.7637, -16.2189], [-55.7605, -16.2172], [-55.7564, -16.2172], [-55.754, -16.2197], [-55.7467, -16.2197], [-55.7386, -16.2083], [-55.7354, -16.2083], [-55.733, -16.2059], [-55.7322, -16.2011], [-55.7338, -16.1995], [-55.7338, -16.197], [-55.733, -16.1954], [-55.7281, -16.1962], [-55.7249, -16.1946], [-55.7208, -16.1978], [-55.7184, -16.1978], [-55.7216, -16.2035], [-55.7233, -16.2092], [-55.7216, -16.2108], [-55.7136, -16.2116], [-55.7111, -16.214], [-55.7087, -16.2132], [-55.7055, -16.2156], [-55.7055, -16.2189], [-55.7103, -16.2229], [-55.7128, -16.2237], [-55.7111, -16.2261], [-55.7071, -16.2253], [-55.7071, -16.2269], [-55.7055, -16.2286], [-55.6998, -16.2253], [-55.699, -16.2261], [-55.6974, -16.2253], [-55.6942, -16.2261], [-55.6933, -16.2253], [-55.6925, -16.2294], [-55.6909, -16.231], [-55.6877, -16.231], [-55.6861, -16.2326], [-55.6836, -16.2318], [-55.6828, -16.2334], [-55.6756, -16.235], [-55.6748, -16.2366], [-55.6731, -16.2342], [-55.6707, -16.2342], [-55.6683, -16.2366], [-55.665, -16.2342], [-55.6618, -16.235], [-55.661, -16.2366], [-55.6594, -16.2366], [-55.6553, -16.2407], [-55.6537, -16.2391], [-55.6537, -16.2358], [-55.6505, -16.231], [-55.6513, -16.2302], [-55.6505, -16.2286], [-55.6513, -16.2261], [-55.6505, -16.2253], [-55.6529, -16.2229], [-55.6448, -16.2108], [-55.644, -16.2027], [-55.6408, -16.197], [-55.6416, -16.193], [-55.64, -16.1914], [-55.6384, -16.1922], [-55.6368, -16.1906], [-55.6392, -16.1833], [-55.6368, -16.1809], [-55.6343, -16.1809], [-55.6327, -16.1792], [-55.6335, -16.1784], [-55.6311, -16.1768], [-55.6311, -16.1736], [-55.6262, -16.1679], [-55.6271, -16.1663], [-55.6238, -16.1639], [-55.6222, -16.1574], [-55.623, -16.155], [-55.6222, -16.1542], [-55.6214, -16.155], [-55.6173, -16.1509], [-55.6173, -16.1477], [-55.619, -16.1469], [-55.619, -16.1453], [-55.6206, -16.1437], [-55.6206, -16.1421], [-55.619, -16.1404], [-55.6222, -16.1356], [-55.6222, -16.1315], [-55.6238, -16.1291], [-55.6206, -16.1243], [-55.6206, -16.1226], [-55.6222, -16.1202], [-55.6246, -16.1202], [-55.6246, -16.1178], [-55.6262, -16.1162], [-55.6271, -16.1089], [-55.6319, -16.1041], [-55.6319, -16.1016], [-55.6359, -16.0968], [-55.6359, -16.0952], [-55.6319, -16.0895], [-55.6279, -16.079], [-55.6279, -16.0766], [-55.6254, -16.0733], [-55.6222, -16.0644], [-55.6182, -16.0596], [-55.6133, -16.0491], [-55.606, -16.0434], [-55.6052, -16.0394], [-55.6012, -16.0329], [-55.5923, -16.0256], [-55.5907, -16.0256], [-55.5899, -16.0272], [-55.5842, -16.0305], [-55.5826, -16.0297], [-55.5785, -16.0321], [-55.5769, -16.0305], [-55.5721, -16.0297], [-55.5688, -16.0272], [-55.5664, -16.0272], [-55.5608, -16.0224], [-55.5608, -16.0208], [-55.5591, -16.0224], [-55.5567, -16.0224], [-55.5527, -16.0159], [-55.5511, -16.0175], [-55.5478, -16.0175], [-55.5462, -16.0151], [-55.5446, -16.0151], [-55.543, -16.0167], [-55.5357, -16.0159], [-55.5333, -16.0135], [-55.5381, -16.0087], [-55.5389, -16.0062], [-55.5373, -16.0046], [-55.5373, -16.003], [-55.5333, -16.0022], [-55.5357, -15.9998], [-55.5349, -15.9933], [-55.5357, -15.9901], [-55.5349, -15.9892], [-55.5316, -15.9892], [-55.53, -15.9909], [-55.5228, -15.9933], [-55.5228, -15.9957], [-55.5211, -15.9973], [-55.5179, -15.9949], [-55.5114, -15.9933], [-55.509, -15.9909], [-55.5082, -15.9876], [-55.505, -15.9852], [-55.5025, -15.9771], [-55.5034, -15.9755], [-55.5001, -15.9731], [-55.4985, -15.9731], [-55.492, -15.9642], [-55.4872, -15.9601], [-55.4856, -15.9601], [-55.4783, -15.9529], [-55.4775, -15.9496], [-55.4759, -15.9488], [-55.4759, -15.9464], [-55.4694, -15.9399], [-55.4686, -15.9375], [-55.4645, -15.9327], [-55.4645, -15.927], [-55.4662, -15.9262], [-55.4662, -15.9238], [-55.4573, -15.9076], [-55.4573, -15.906], [-55.454, -15.9035], [-55.45, -15.8971], [-55.4468, -15.8955], [-55.4468, -15.8938], [-55.4451, -15.8922], [-55.4451, -15.8898], [-55.4435, -15.8898], [-55.4379, -15.8833], [-55.4379, -15.8801], [-55.4354, -15.8761], [-55.4346, -15.8769], [-55.4314, -15.8736], [-55.4354, -15.8704], [-55.4427, -15.8672], [-55.4435, -15.8631], [-55.4338, -15.8534], [-55.433, -15.8494], [-55.4265, -15.8445], [-55.4282, -15.8405], [-55.4322, -15.8381], [-55.429, -15.8356], [-55.4298, -15.834], [-55.4274, -15.83], [-55.4274, -15.8276], [-55.4233, -15.8259], [-55.4225, -15.8211], [-55.4193, -15.8203], [-55.4144, -15.8162], [-55.4112, -15.8154], [-55.4096, -15.8187], [-55.408, -15.8187], [-55.4047, -15.8219], [-55.4023, -15.8227], [-55.3999, -15.8267], [-55.3983, -15.8276], [-55.3934, -15.8227], [-55.3918, -15.8195], [-55.3894, -15.8195], [-55.3853, -15.8219], [-55.3829, -15.8195], [-55.3772, -15.8195], [-55.3756, -15.8178], [-55.3756, -15.8162], [-55.374, -15.8154], [-55.37, -15.8162], [-55.3675, -15.8195], [-55.3635, -15.8203], [-55.3611, -15.8235], [-55.3578, -15.8251], [-55.3546, -15.8251], [-55.3522, -15.8276], [-55.3522, -15.83], [-55.3497, -15.8308], [-55.3473, -15.834], [-55.3449, -15.834], [-55.3441, -15.8316], [-55.3425, -15.8316], [-55.3408, -15.83], [-55.3384, -15.8243], [-55.3328, -15.8211]]]]}}, {"type": "Feature", "properties": {"cod": "68992", "nivel": 5, "nome": "Bacia do Rio Paraguaizinho", "rio": "Rio Paraguaizinho", "area": 12491, "area_rm": 632, "lx": -56.9554, "ly": -15.6869}, "geometry": {"type": "MultiPolygon", "coordinates": [[[[-56.7153, -15.7467], [-56.7153, -15.7483], [-56.7177, -15.7507], [-56.7185, -15.754], [-56.7201, -15.7548], [-56.7193, -15.7596], [-56.7225, -15.7621], [-56.7225, -15.7637], [-56.7185, -15.7685], [-56.7161, -15.7677], [-56.7137, -15.7718], [-56.7153, -15.7718], [-56.7169, -15.7734], [-56.7161, -15.779], [-56.7209, -15.7839], [-56.7217, -15.7896], [-56.7258, -15.7936], [-56.7242, -15.7952], [-56.725, -15.7968], [-56.7234, -15.7984], [-56.7258, -15.7993], [-56.7306, -15.8041], [-56.7355, -15.8057], [-56.7411, -15.8057], [-56.742, -15.8041], [-56.7452, -15.8041], [-56.7468, -15.8057], [-56.7492, -15.8057], [-56.7508, -15.8049], [-56.7525, -15.8017], [-56.7492, -15.796], [-56.7517, -15.7936], [-56.7517, -15.792], [-56.7557, -15.7887], [-56.7581, -15.7887], [-56.7638, -15.7912], [-56.7654, -15.7904], [-56.7686, -15.7928], [-56.7702, -15.7928], [-56.7767, -15.7887], [-56.7816, -15.7944], [-56.7856, -15.7904], [-56.7848, -15.7879], [-56.788, -15.7855], [-56.7905, -15.7863], [-56.7921, -15.7887], [-56.7953, -15.7904], [-56.7961, -15.7928], [-56.8002, -15.7968], [-56.8034, -15.7984], [-56.8034, -15.8001], [-56.8074, -15.8033], [-56.8091, -15.8065], [-56.8139, -15.8114], [-56.8139, -15.8154], [-56.8212, -15.8219], [-56.8244, -15.8227], [-56.8285, -15.8267], [-56.8325, -15.8243], [-56.8341, -15.8219], [-56.8374, -15.8243], [-56.8374, -15.8227], [-56.839, -15.8211], [-56.8414, -15.8211], [-56.8422, -15.8195], [-56.8454, -15.8203], [-56.8462, -15.8195], [-56.8487, -15.8211], [-56.8503, -15.8203], [-56.8511, -15.8211], [-56.8535, -15.8178], [-56.8543, -15.8195], [-56.8584, -15.8219], [-56.8632, -15.8195], [-56.864, -15.817], [-56.8632, -15.8162], [-56.8656, -15.8146], [-56.8648, -15.8122], [-56.8673, -15.8081], [-56.8689, -15.8017], [-56.8705, -15.8001], [-56.8729, -15.8001], [-56.877, -15.8049], [-56.8794, -15.8017], [-56.8851, -15.8025], [-56.8794, -15.7928], [-56.8867, -15.7887], [-56.8907, -15.7831], [-56.8931, -15.7815], [-56.8923, -15.7799], [-56.8948, -15.7766], [-56.8939, -15.7742], [-56.8948, -15.7718], [-56.8923, -15.771], [-56.8915, -15.7718], [-56.8907, -15.7693], [-56.8948, -15.7661], [-56.9012, -15.7661], [-56.9093, -15.7637], [-56.9117, -15.7645], [-56.919, -15.7596], [-56.9255, -15.7661], [-56.9295, -15.7677], [-56.9311, -15.7669], [-56.9336, -15.7685], [-56.936, -15.7669], [-56.9416, -15.7677], [-56.9465, -15.7726], [-56.9505, -15.7718], [-56.9522, -15.7701], [-56.9546, -15.7701], [-56.9562, -15.7718], [-56.9594, -15.7685], [-56.9683, -15.7799], [-56.9708, -15.7863], [-56.974, -15.7887], [-56.9756, -15.7879], [-56.9764, -15.7887], [-56.9756, -15.7912], [-56.9772, -15.7952], [-56.9805, -15.7968], [-56.9821, -15.796], [-56.9837, -15.7984], [-56.9877, -15.7984], [-56.9902, -15.7968], [-56.9926, -15.8009], [-56.9958, -15.8009], [-56.9974, -15.8025], [-56.9974, -15.8041], [-56.999, -15.8057], [-57.0031, -15.8065], [-57.0055, -15.8041], [-57.0071, -15.8041], [-57.0063, -15.8009], [-57.0071, -15.8001], [-57.0079, -15.7879], [-57.0071, -15.7863], [-57.0104, -15.7823], [-57.012, -15.7758], [-57.0112, -15.7726], [-57.0136, -15.7685], [-57.012, -15.7604], [-57.0096, -15.7556], [-57.0071, -15.7467], [-57.0071, -15.7443], [-57.0087, -15.7419], [-57.2093, -15.8437], [-57.2109, -15.8429], [-57.2101, -15.8421], [-57.2109, -15.8405], [-57.2093, -15.8324], [-57.2028, -15.8251], [-57.202, -15.8211], [-57.1987, -15.8195], [-57.1963, -15.8203], [-57.1931, -15.8187], [-57.1874, -15.8138], [-57.1874, -15.8114], [-57.1842, -15.8098], [-57.1801, -15.8057], [-57.1745, -15.8081], [-57.1696, -15.8025], [-57.1648, -15.7993], [-57.1599, -15.7912], [-57.1567, -15.7896], [-57.1567, -15.7831], [-57.1559, -15.7823], [-57.1567, -15.7815], [-57.1551, -15.779], [-57.1559, -15.7766], [-57.1535, -15.771], [-57.151, -15.7677], [-57.1486, -15.7677], [-57.147, -15.7653], [-57.143, -15.7637], [-57.1381, -15.758], [-57.1389, -15.7564], [-57.1373, -15.7548], [-57.1373, -15.7532], [-57.1349, -15.7507], [-57.1357, -15.7499], [-57.1333, -15.7467], [-57.1316, -15.7475], [-57.1308, -15.7467], [-57.1316, -15.7443], [-57.1284, -15.7419], [-57.126, -15.737], [-57.1179, -15.7281], [-57.1147, -15.7257], [-57.109, -15.7152], [-57.1066, -15.7127], [-57.1058, -15.7095], [-57.1033, -15.7079], [-57.1033, -15.7047], [-57.1017, -15.703], [-57.0977, -15.6925], [-57.0928, -15.6933], [-57.0912, -15.695], [-57.0904, -15.6982], [-57.0864, -15.6982], [-57.0823, -15.6958], [-57.0823, -15.699], [-57.0847, -15.703], [-57.0839, -15.7071], [-57.0823, -15.7079], [-57.0839, -15.7119], [-57.0831, -15.716], [-57.0856, -15.7176], [-57.0847, -15.7184], [-57.0856, -15.72], [-57.0888, -15.72], [-57.0953, -15.7241], [-57.0936, -15.7273], [-57.0904, -15.7281], [-57.088, -15.733], [-57.0856, -15.733], [-57.0839, -15.7346], [-57.0815, -15.7346], [-57.0767, -15.7297], [-57.0718, -15.7313], [-57.0686, -15.7346], [-57.0613, -15.7224], [-57.0597, -15.7168], [-57.0556, -15.7103], [-57.054, -15.7095], [-57.054, -15.7079], [-57.0484, -15.6998], [-57.0484, -15.6966], [-57.0459, -15.6885], [-57.0411, -15.6804], [-57.0411, -15.678], [-57.037, -15.6739], [-57.0362, -15.6699], [-57.0265, -15.6553], [-57.0225, -15.6473], [-57.0201, -15.6448], [-57.0185, -15.64], [-57.0055, -15.619], [-57.0015, -15.6149], [-57.0015, -15.6133], [-56.9982, -15.6101], [-56.9942, -15.6028], [-56.9853, -15.5939], [-56.978, -15.5826], [-56.9748, -15.5802], [-56.9716, -15.5729], [-56.9667, -15.568], [-56.9643, -15.564], [-56.9562, -15.5559], [-56.9546, -15.5527], [-56.9513, -15.5502], [-56.9481, -15.5454], [-56.9408, -15.5422], [-56.9368, -15.5446], [-56.9311, -15.5405], [-56.9247, -15.5413], [-56.9214, -15.5397], [-56.9166, -15.5397], [-56.9125, -15.543], [-56.9101, -15.5405], [-56.9061, -15.5397], [-56.9036, -15.5422], [-56.9061, -15.5446], [-56.9069, -15.5486], [-56.9158, -15.5575], [-56.9166, -15.5608], [-56.9198, -15.5632], [-56.9222, -15.5664], [-56.9222, -15.568], [-56.919, -15.5705], [-56.9182, -15.5737], [-56.9117, -15.5793], [-56.9109, -15.5826], [-56.9077, -15.5818], [-56.9053, -15.5842], [-56.9069, -15.589], [-56.9093, -15.589], [-56.9109, -15.5923], [-56.9069, -15.5963], [-56.9045, -15.5955], [-56.902, -15.6012], [-56.9045, -15.6036], [-56.9028, -15.606], [-56.9045, -15.6085], [-56.902, -15.6125], [-56.9004, -15.6125], [-56.9004, -15.6173], [-56.9053, -15.6222], [-56.9053, -15.6238], [-56.9004, -15.6287], [-56.898, -15.6295], [-56.898, -15.6343], [-56.8948, -15.6367], [-56.8948, -15.6384], [-56.8915, -15.6416], [-56.8875, -15.64], [-56.8899, -15.6424], [-56.8899, -15.644], [-56.8883, -15.6473], [-56.8859, -15.6489], [-56.8867, -15.6521], [-56.8778, -15.6545], [-56.8762, -15.6562], [-56.8753, -15.6594], [-56.877, -15.6602], [-56.8753, -15.6626], [-56.8762, -15.665], [-56.8737, -15.6675], [-56.8745, -15.6691], [-56.8721, -15.6723], [-56.8689, -15.6723], [-56.8697, -15.6747], [-56.8681, -15.6764], [-56.8624, -15.6756], [-56.8568, -15.6723], [-56.8503, -15.6707], [-56.8471, -15.6683], [-56.843, -15.6691], [-56.8406, -15.6683], [-56.8398, -15.6667], [-56.8365, -15.6675], [-56.8357, -15.6659], [-56.8333, -15.6667], [-56.8293, -15.6642], [-56.8268, -15.6642], [-56.8252, -15.6667], [-56.822, -15.6675], [-56.8212, -15.6667], [-56.8212, -15.6683], [-56.8163, -15.6723], [-56.8091, -15.6731], [-56.8091, -15.678], [-56.8082, -15.6788], [-56.8099, -15.6804], [-56.8099, -15.6828], [-56.8082, -15.6853], [-56.8091, -15.6869], [-56.8074, -15.6885], [-56.8082, -15.6893], [-56.8074, -15.6917], [-56.8034, -15.6966], [-56.8018, -15.7006], [-56.8026, -15.7047], [-56.801, -15.7071], [-56.801, -15.7119], [-56.7977, -15.7152], [-56.7937, -15.7168], [-56.7897, -15.7224], [-56.7864, -15.7233], [-56.7848, -15.7216], [-56.7816, -15.7224], [-56.7808, -15.7313], [-56.7767, -15.7354], [-56.7759, -15.7386], [-56.7694, -15.7338], [-56.7662, -15.737], [-56.7597, -15.7378], [-56.7557, -15.7402], [-56.7517, -15.7378], [-56.7484, -15.7402], [-56.7444, -15.7386], [-56.7444, -15.741], [-56.7428, -15.7419], [-56.7411, -15.7483], [-56.7339, -15.7475], [-56.7322, -15.7459], [-56.7314, -15.7467], [-56.725, -15.7467], [-56.7234, -15.7451], [-56.7177, -15.7443], [-56.7153, -15.7467]]]]}}, {"type": "Feature", "properties": {"cod": "6688", "nivel": 4, "nome": "Bacia do Rio Cumbuco", "rio": "Rio Cumbuco", "area": 3202, "area_rm": 272, "lx": -54.4952, "ly": -15.0789}, "geometry": {"type": "MultiPolygon", "coordinates": [[[[-54.7135, -14.96], [-54.6965, -14.9536], [-54.6965, -14.9641], [-54.6957, -14.9649], [-54.6949, -14.9641], [-54.6908, -14.9641], [-54.6827, -14.9609], [-54.673, -14.96], [-54.669, -14.9584], [-54.6553, -14.9592], [-54.652, -14.9617], [-54.652, -14.9641], [-54.6488, -14.9657], [-54.6439, -14.9714], [-54.6399, -14.9722], [-54.6318, -14.9795], [-54.6278, -14.9778], [-54.6253, -14.9803], [-54.6205, -14.9819], [-54.6156, -14.9811], [-54.6124, -14.9786], [-54.5995, -14.9746], [-54.5881, -14.9754], [-54.5809, -14.9714], [-54.5671, -14.9698], [-54.5663, -14.9689], [-54.5615, -14.9698], [-54.559, -14.9722], [-54.555, -14.9819], [-54.5453, -14.9924], [-54.5404, -14.9948], [-54.5372, -14.998], [-54.5364, -15.0029], [-54.5291, -15.0086], [-54.5275, -15.0077], [-54.5243, -15.0102], [-54.5251, -15.011], [-54.5227, -15.0134], [-54.5202, -15.0142], [-54.5194, -15.0166], [-54.5154, -15.0191], [-54.5154, -15.0215], [-54.5138, -15.0239], [-54.5154, -15.0263], [-54.513, -15.028], [-54.5105, -15.032], [-54.5089, -15.0312], [-54.5057, -15.036], [-54.5033, -15.0369], [-54.5025, -15.0352], [-54.4992, -15.0336], [-54.4968, -15.0336], [-54.4944, -15.0296], [-54.4863, -15.028], [-54.4847, -15.0288], [-54.4798, -15.0377], [-54.475, -15.0369], [-54.4709, -15.0385], [-54.4701, -15.0409], [-54.4677, -15.0409], [-54.4661, -15.0425], [-54.4628, -15.0433], [-54.4596, -15.0425], [-54.4556, -15.0466], [-54.4539, -15.0466], [-54.4507, -15.0514], [-54.4515, -15.053], [-54.4507, -15.0546], [-54.4483, -15.0554], [-54.4483, -15.0571], [-54.4418, -15.0652], [-54.4402, -15.066], [-54.441, -15.0732], [-54.4386, -15.0757], [-54.4394, -15.0781], [-54.4426, -15.0805], [-54.4426, -15.0821], [-54.4442, -15.0837], [-54.4434, -15.0846], [-54.4434, -15.0918], [-54.4418, -15.0967], [-54.4426, -15.0975], [-54.4418, -15.1015], [-54.4426, -15.1032], [-54.4386, -15.1104], [-54.441, -15.112], [-54.445, -15.112], [-54.4475, -15.1137], [-54.4596, -15.1137], [-54.4612, -15.1129], [-54.4677, -15.1177], [-54.4717, -15.1193], [-54.4742, -15.1185], [-54.4798, -15.1201], [-54.483, -15.1242], [-54.4863, -15.125], [-54.4944, -15.1331], [-54.4944, -15.1387], [-54.4911, -15.1468], [-54.4976, -15.1452], [-54.5008, -15.1484], [-54.5049, -15.1484], [-54.5073, -15.1517], [-54.513, -15.1525], [-54.5154, -15.1565], [-54.5186, -15.1565], [-54.5178, -15.1557], [-54.5202, -15.1541], [-54.5202, -15.1525], [-54.5219, -15.1509], [-54.5235, -15.1517], [-54.5227, -15.146], [-54.5235, -15.1436], [-54.521, -15.142], [-54.5219, -15.1411], [-54.5202, -15.1395], [-54.521, -15.1387], [-54.5202, -15.1355], [-54.5178, -15.1331], [-54.517, -15.1306], [-54.517, -15.1266], [-54.5162, -15.1258], [-54.5194, -15.1201], [-54.5186, -15.1185], [-54.5251, -15.112], [-54.5291, -15.112], [-54.5332, -15.108], [-54.5413, -15.1072], [-54.5445, -15.104], [-54.5477, -15.1032], [-54.5469, -15.0999], [-54.5429, -15.0967], [-54.5413, -15.0934], [-54.5437, -15.091], [-54.5429, -15.0862], [-54.5453, -15.0821], [-54.5469, -15.0813], [-54.5469, -15.0789], [-54.5493, -15.0765], [-54.5502, -15.0716], [-54.5493, -15.0684], [-54.5526, -15.0635], [-54.555, -15.0627], [-54.555, -15.0611], [-54.5566, -15.0595], [-54.5615, -15.0587], [-54.5679, -15.0514], [-54.5696, -15.0514], [-54.5712, -15.0498], [-54.572, -15.0457], [-54.5744, -15.0433], [-54.576, -15.0385], [-54.5801, -15.0377], [-54.5809, -15.0385], [-54.5825, -15.0369], [-54.5833, -15.0377], [-54.5914, -15.0385], [-54.5922, -15.0417], [-54.5962, -15.0441], [-54.5979, -15.0466], [-54.6035, -15.0482], [-54.6092, -15.0441], [-54.6108, -15.0441], [-54.614, -15.0409], [-54.6148, -15.0425], [-54.6197, -15.0433], [-54.6229, -15.0409], [-54.6253, -15.0417], [-54.627, -15.0441], [-54.6286, -15.0433], [-54.6318, -15.0449], [-54.6334, -15.0441], [-54.6415, -15.0498], [-54.6447, -15.049], [-54.6472, -15.0514], [-54.6512, -15.0498], [-54.6544, -15.0498], [-54.6561, -15.0522], [-54.6585, -15.0514], [-54.6609, -15.053], [-54.6625, -15.0554], [-54.6641, -15.0546], [-54.6658, -15.0554], [-54.6674, -15.053], [-54.6706, -15.0538], [-54.6714, -15.053], [-54.6771, -15.053], [-54.6771, -15.049], [-54.6803, -15.0474], [-54.6836, -15.049], [-54.6924, -15.0506], [-54.6965, -15.0449], [-54.7021, -15.0433], [-54.7038, -15.0409], [-54.703, -15.0393], [-54.7062, -15.0377], [-54.7046, -15.0344], [-54.7062, -15.0328], [-54.7062, -15.0312], [-54.7078, -15.0304], [-54.7078, -15.0239], [-54.7046, -15.0183], [-54.7046, -15.0166], [-54.7086, -15.0118], [-54.711, -15.0118], [-54.7135, -15.0094], [-54.7151, -15.0094], [-54.7175, -15.0061], [-54.7167, -15.0029], [-54.7207, -15.0005], [-54.7143, -14.994], [-54.7102, -14.9916], [-54.7086, -14.9924], [-54.7078, -14.99], [-54.7054, -14.9883], [-54.7046, -14.9867], [-54.7054, -14.9803], [-54.7046, -14.9778], [-54.7054, -14.977], [-54.7013, -14.973], [-54.7054, -14.9706], [-54.7062, -14.9681], [-54.7094, -14.9689], [-54.7102, -14.9681], [-54.7094, -14.9665], [-54.7118, -14.9641], [-54.7118, -14.9609], [-54.7135, -14.96]]]]}}, {"type": "Feature", "properties": {"cod": "6896", "nivel": 4, "nome": "Bacia do Rio Cuiabá", "rio": "Rio Cuiabá", "area": 106680, "area_rm": 9613, "lx": -56.1615, "ly": -15.2891}, "geometry": {"type": "MultiPolygon", "coordinates": [[[[-55.9682, -16.1744], [-55.969, -16.176], [-55.965, -16.1801], [-55.965, -16.1881], [-55.9666, -16.1914], [-55.9731, -16.1978], [-55.9715, -16.1962], [-55.9715, -16.1946], [-55.9731, -16.193], [-55.9747, -16.1938], [-55.9763, -16.193], [-55.9739, -16.1898], [-55.9739, -16.1881], [-55.9771, -16.1873], [-55.9771, -16.1865], [-55.9715, -16.1809], [-55.9715, -16.1792], [-55.969, -16.1776], [-55.9682, -16.1744]]], [[[-54.8178, -15.0482], [-54.821, -15.0522], [-54.8267, -15.0554], [-54.8258, -15.0563], [-54.8283, -15.0587], [-54.8315, -15.0595], [-54.8323, -15.0587], [-54.8347, -15.0603], [-54.8234, -15.0522], [-54.8186, -15.0474], [-54.8178, -15.0482]]], [[[-54.7951, -15.0223], [-54.7943, -15.0263], [-54.7951, -15.0296], [-54.8008, -15.0304], [-54.8024, -15.0328], [-54.804, -15.0328], [-54.7951, -15.0223]]], [[[-54.7555, -14.9892], [-54.7587, -14.9972], [-54.7612, -14.9989], [-54.7644, -14.998], [-54.7733, -15.0037], [-54.7709, -15.0005], [-54.766, -14.9989], [-54.7555, -14.9892]]], [[[-54.7369, -14.973], [-54.7369, -14.9754], [-54.7418, -14.9786], [-54.7482, -14.9859], [-54.7498, -14.9859], [-54.7482, -14.9835], [-54.7377, -14.9754], [-54.7369, -14.973]]], [[[-54.8444, -15.0676], [-54.8461, -15.0684], [-54.8517, -15.0668], [-54.8566, -15.0692], [-54.859, -15.0684], [-54.8598, -15.0692], [-54.8663, -15.07], [-54.8679, -15.0692], [-54.8695, -15.07], [-54.8727, -15.074], [-54.8752, -15.0749], [-54.8784, -15.0813], [-54.8857, -15.0829], [-54.8865, -15.0854], [-54.8921, -15.0902], [-54.897, -15.091], [-54.8994, -15.0943], [-54.901, -15.0943], [-54.9026, -15.0967], [-54.9026, -15.0999], [-54.9067, -15.1023], [-54.9075, -15.1048], [-54.9124, -15.1064], [-54.9188, -15.1056], [-54.9221, -15.1064], [-54.9245, -15.1096], [-54.9253, -15.1137], [-54.9245, -15.1145], [-54.9245, -15.1185], [-54.9229, -15.1193], [-54.9204, -15.1185], [-54.9204, -15.1201], [-54.9188, -15.1217], [-54.9229, -15.1234], [-54.9221, -15.1258], [-54.9277, -15.125], [-54.9285, -15.1234], [-54.9334, -15.1242], [-54.9358, -15.1217], [-54.9398, -15.1242], [-54.9455, -15.1234], [-54.9512, -15.1266], [-54.9536, -15.1258], [-54.9665, -15.1387], [-54.9738, -15.1428], [-54.9803, -15.1436], [-54.9851, -15.15], [-54.99, -15.1492], [-54.9924, -15.1525], [-54.9964, -15.1533], [-54.9997, -15.1565], [-55.0013, -15.1565], [-55.0045, -15.1589], [-55.0078, -15.1581], [-55.0094, -15.1565], [-55.0126, -15.1589], [-55.0158, -15.1581], [-55.0166, -15.1565], [-55.0215, -15.1573], [-55.0239, -15.1589], [-55.0247, -15.1614], [-55.0272, -15.1638], [-55.028, -15.167], [-55.0369, -15.1711], [-55.0466, -15.1703], [-55.0474, -15.1711], [-55.0514, -15.1686], [-55.0571, -15.1686], [-55.0692, -15.163], [-55.0724, -15.1638], [-55.074, -15.1614], [-55.0765, -15.1622], [-55.0789, -15.1614], [-55.0821, -15.1638], [-55.0846, -15.1638], [-55.0854, -15.1662], [-55.0918, -15.1711], [-55.0918, -15.1727], [-55.0935, -15.1743], [-55.104, -15.1775], [-55.1064, -15.1791], [-55.1137, -15.1783], [-55.1153, -15.1791], [-55.1169, -15.1783], [-55.1185, -15.18], [-55.125, -15.1791], [-55.1258, -15.18], [-55.1298, -15.1791], [-55.1371, -15.1808], [-55.1387, -15.1824], [-55.1436, -15.1824], [-55.1468, -15.1848], [-55.146, -15.188], [-55.15, -15.1905], [-55.1517, -15.1937], [-55.1557, -15.1929], [-55.1573, -15.1945], [-55.1581, -15.1986], [-55.1654, -15.2042], [-55.1646, -15.2058], [-55.167, -15.2083], [-55.1735, -15.2099], [-55.1743, -15.2083], [-55.1792, -15.2058], [-55.1816, -15.2074], [-55.188, -15.2083], [-55.1897, -15.2099], [-55.1961, -15.2058], [-55.1994, -15.2058], [-55.2018, -15.2034], [-55.2042, -15.2026], [-55.2066, -15.1994], [-55.2058, -15.1977], [-55.2066, -15.1953], [-55.2099, -15.1929], [-55.2107, -15.1905], [-55.2155, -15.1905], [-55.218, -15.1921], [-55.2196, -15.1913], [-55.2196, -15.1897], [-55.2212, -15.188], [-55.226, -15.188], [-55.2285, -15.1897], [-55.2285, -15.1872], [-55.2317, -15.1824], [-55.2374, -15.1808], [-55.2398, -15.1759], [-55.2422, -15.1735], [-55.2454, -15.1743], [-55.2487, -15.1711], [-55.2511, -15.1654], [-55.2543, -15.163], [-55.2576, -15.1541], [-55.2616, -15.1533], [-55.2624, -15.1517], [-55.2616, -15.1509], [-55.2632, -15.1492], [-55.2632, -15.1476], [-55.2665, -15.1444], [-55.2721, -15.1468], [-55.2786, -15.1452], [-55.2802, -15.1468], [-55.2826, -15.1468], [-55.2867, -15.1517], [-55.2923, -15.1517], [-55.2956, -15.1484], [-55.2964, -15.1492], [-55.3004, -15.1492], [-55.3037, -15.1517], [-55.3061, -15.1517], [-55.3069, -15.1533], [-55.3109, -15.1533], [-55.3117, -15.1541], [-55.315, -15.1533], [-55.3166, -15.1541], [-55.319, -15.1525], [-55.3198, -15.1557], [-55.3214, -15.1573], [-55.3214, -15.1597], [-55.3263, -15.1589], [-55.3295, -15.1622], [-55.3328, -15.1622], [-55.3384, -15.1589], [-55.34, -15.1597], [-55.3425, -15.1589], [-55.3481, -15.1549], [-55.3514, -15.1557], [-55.3522, -15.1541], [-55.3546, -15.1533], [-55.3627, -15.1468], [-55.3619, -15.1444], [-55.3603, -15.1444], [-55.3586, -15.1428], [-55.357, -15.1387], [-55.3586, -15.1371], [-55.3627, -15.1371], [-55.3651, -15.1347], [-55.3675, -15.1339], [-55.3659, -15.1282], [-55.3675, -15.1266], [-55.3675, -15.1217], [-55.3691, -15.1201], [-55.3708, -15.1201], [-55.3772, -15.1129], [-55.3788, -15.1129], [-55.378, -15.108], [-55.3805, -15.1032], [-55.3845, -15.1032], [-55.3861, -15.1015], [-55.3902, -15.1023], [-55.3934, -15.0983], [-55.3974, -15.1023], [-55.4031, -15.1007], [-55.4071, -15.1023], [-55.412, -15.1023], [-55.4177, -15.0991], [-55.4209, -15.0999], [-55.4241, -15.0967], [-55.4257, -15.0967], [-55.4265, -15.0991], [-55.4298, -15.1015], [-55.4298, -15.1048], [-55.433, -15.1064], [-55.4354, -15.1056], [-55.4411, -15.112], [-55.4451, -15.1137], [-55.4484, -15.1169], [-55.4548, -15.1185], [-55.4613, -15.112], [-55.4662, -15.1104], [-55.4686, -15.1112], [-55.4726, -15.1088], [-55.4718, -15.1072], [-55.4726, -15.1064], [-55.4734, -15.0967], [-55.4726, -15.0951], [-55.4751, -15.0934], [-55.4751, -15.0878], [-55.4783, -15.0846], [-55.4783, -15.0821], [-55.4807, -15.0797], [-55.4888, -15.0805], [-55.4912, -15.0773], [-55.4912, -15.0757], [-55.488, -15.0684], [-55.4945, -15.0668], [-55.5001, -15.0611], [-55.509, -15.0627], [-55.5114, -15.0652], [-55.5106, -15.066], [-55.5163, -15.0692], [-55.5219, -15.0692], [-55.526, -15.0708], [-55.5252, -15.0724], [-55.526, -15.0732], [-55.526, -15.0773], [-55.5276, -15.0781], [-55.5276, -15.0821], [-55.5292, -15.0821], [-55.5316, -15.0854], [-55.5308, -15.0886], [-55.5325, -15.0918], [-55.5397, -15.0975], [-55.5373, -15.1007], [-55.5397, -15.1023], [-55.5389, -15.108], [-55.5494, -15.1129], [-55.5502, -15.1145], [-55.5494, -15.1153], [-55.5494, -15.1201], [-55.5511, -15.1226], [-55.5543, -15.125], [-55.5575, -15.125], [-55.5688, -15.1331], [-55.5696, -15.1355], [-55.5721, -15.1379], [-55.5713, -15.1452], [-55.5802, -15.1525], [-55.581, -15.1484], [-55.5802, -15.1452], [-55.5834, -15.1395], [-55.5818, -15.1371], [-55.5834, -15.1339], [-55.5818, -15.1274], [-55.585, -15.1226], [-55.5882, -15.1226], [-55.5915, -15.1185], [-55.5947, -15.1169], [-55.602, -15.1161], [-55.6036, -15.1145], [-55.6085, -15.1153], [-55.6125, -15.1193], [-55.6133, -15.1185], [-55.6165, -15.1193], [-55.6173, -15.1185], [-55.6214, -15.1185], [-55.6222, -15.1193], [-55.6238, -15.1177], [-55.6254, -15.1177], [-55.6303, -15.112], [-55.6327, -15.112], [-55.6335, -15.1104], [-55.6392, -15.1072], [-55.6384, -15.1015], [-55.6392, -15.1007], [-55.6392, -15.0967], [-55.6416, -15.0943], [-55.6456, -15.0934], [-55.6489, -15.0943], [-55.6562, -15.0878], [-55.6553, -15.0846], [-55.6562, -15.0821], [-55.6545, -15.0797], [-55.6553, -15.0749], [-55.6545, -15.074], [-55.6578, -15.0708], [-55.661, -15.0692], [-55.6626, -15.0708], [-55.6642, -15.0708], [-55.6659, -15.0692], [-55.6788, -15.0684], [-55.682, -15.0668], [-55.6861, -15.0668], [-55.6877, -15.0652], [-55.6885, -15.0595], [-55.6917, -15.0563], [-55.6933, -15.0385], [-55.695, -15.0377], [-55.695, -15.0344], [-55.6974, -15.032], [-55.699, -15.0207], [-55.6974, -15.0166], [-55.703, -15.0118], [-55.7022, -15.0069], [-55.6998, -15.0053], [-55.6998, -15.0005], [-55.6982, -14.9964], [-55.7006, -14.994], [-55.6998, -14.9908], [-55.7047, -14.9843], [-55.7055, -14.9811], [-55.7071, -14.9795], [-55.7063, -14.9786], [-55.7087, -14.9754], [-55.7087, -14.9698], [-55.7111, -14.9665], [-55.7144, -14.9657], [-55.7144, -14.9633], [-55.7119, -14.9609], [-55.7119, -14.9592], [-55.7144, -14.956], [-55.7176, -14.9576], [-55.72, -14.9576], [-55.7225, -14.96], [-55.7265, -14.9609], [-55.733, -14.9641], [-55.7338, -14.9633], [-55.7378, -14.9641], [-55.7394, -14.9633], [-55.7499, -14.9698], [-55.7532, -14.9689], [-55.7548, -14.9673], [-55.7613, -14.9722], [-55.7621, -14.9714], [-55.7653, -14.9746], [-55.7685, -14.9819], [-55.7726, -14.9851], [-55.7718, -14.9859], [-55.7742, -14.9859], [-55.7766, -14.9875], [-55.7815, -14.9964], [-55.7855, -14.9948], [-55.7887, -14.9948], [-55.7912, -14.9924], [-55.7968, -14.9924], [-55.8017, -14.9964], [-55.8057, -14.9972], [-55.809, -14.9964], [-55.8114, -14.9989], [-55.8106, -15.0005], [-55.8122, -15.0021], [-55.813, -15.0013], [-55.8187, -15.0045], [-55.8243, -15.011], [-55.8227, -15.0158], [-55.8235, -15.0183], [-55.8259, -15.0175], [-55.8276, -15.0134], [-55.83, -15.011], [-55.8381, -15.0094], [-55.8413, -15.0061], [-55.8462, -15.0053], [-55.8478, -15.0029], [-55.851, -15.0021], [-55.8534, -14.9997], [-55.8559, -15.0013], [-55.8575, -14.9997], [-55.8591, -14.9997], [-55.8599, -14.9964], [-55.8647, -14.9908], [-55.868, -14.9916], [-55.8688, -14.9908], [-55.8753, -14.9908], [-55.8793, -14.9883], [-55.8833, -14.9892], [-55.8825, -14.9924], [-55.8841, -14.9932], [-55.8866, -14.9989], [-55.8922, -15.0037], [-55.893, -15.0086], [-55.8947, -15.0102], [-55.893, -15.0166], [-55.8947, -15.0231], [-55.893, -15.0272], [-55.8947, -15.0296], [-55.8947, -15.032], [-55.9019, -15.0385], [-55.9052, -15.0466], [-55.9068, -15.0482], [-55.9076, -15.0546], [-55.91, -15.0579], [-55.9092, -15.0611], [-55.9068, -15.0635], [-55.9108, -15.0684], [-55.9133, -15.0676], [-55.9149, -15.0692], [-55.9197, -15.0781], [-55.9197, -15.0805], [-55.9181, -15.0821], [-55.9205, -15.0902], [-55.9197, -15.0934], [-55.9181, -15.0951], [-55.9173, -15.0943], [-55.9133, -15.0943], [-55.9116, -15.0959], [-55.9116, -15.0975], [-55.9092, -15.0999], [-55.9084, -15.1023], [-55.9092, -15.1056], [-55.906, -15.1096], [-55.9092, -15.1104], [-55.9108, -15.112], [-55.9108, -15.1137], [-55.9124, -15.1153], [-55.9124, -15.1185], [-55.9108, -15.1201], [-55.9084, -15.1201], [-55.906, -15.1217], [-55.906, -15.1234], [-55.9036, -15.125], [-55.9052, -15.1306], [-55.9076, -15.1331], [-55.906, -15.1379], [-55.91, -15.1411], [-55.9108, -15.15], [-55.9133, -15.1525], [-55.9133, -15.1541], [-55.91, -15.1565], [-55.9092, -15.163], [-55.9108, -15.1646], [-55.91, -15.1678], [-55.906, -15.1686], [-55.9052, -15.1711], [-55.9052, -15.1767], [-55.906, -15.1775], [-55.9052, -15.18], [-55.9076, -15.1824], [-55.9084, -15.1856], [-55.906, -15.1905], [-55.9019, -15.1913], [-55.9036, -15.1961], [-55.9027, -15.1977], [-55.9044, -15.1994], [-55.9036, -15.2042], [-55.9092, -15.2091], [-55.9092, -15.2115], [-55.9108, -15.2123], [-55.91, -15.2155], [-55.9124, -15.2171], [-55.9116, -15.218], [-55.9124, -15.2204], [-55.9165, -15.2236], [-55.9165, -15.226], [-55.9181, -15.2268], [-55.9205, -15.2325], [-55.9246, -15.2366], [-55.923, -15.2414], [-55.9246, -15.2422], [-55.9262, -15.2454], [-55.9278, -15.2454], [-55.9318, -15.2487], [-55.9318, -15.2511], [-55.9335, -15.2527], [-55.9343, -15.256], [-55.9335, -15.2608], [-55.9351, -15.2616], [-55.9359, -15.2648], [-55.9375, -15.2657], [-55.9343, -15.2673], [-55.9318, -15.2705], [-55.9294, -15.2705], [-55.927, -15.2721], [-55.923, -15.2721], [-55.9213, -15.2737], [-55.9189, -15.2729], [-55.9157, -15.2745], [-55.9149, -15.2737], [-55.9084, -15.2745], [-55.9068, -15.2737], [-55.906, -15.2745], [-55.9011, -15.2745], [-55.8987, -15.2721], [-55.8947, -15.2705], [-55.889, -15.2713], [-55.8874, -15.2705], [-55.885, -15.2737], [-55.8841, -15.277], [-55.8769, -15.2762], [-55.8777, -15.2778], [-55.872, -15.2826], [-55.868, -15.2883], [-55.8656, -15.2883], [-55.8639, -15.2867], [-55.8599, -15.2875], [-55.8518, -15.294], [-55.8502, -15.298], [-55.8494, -15.2972], [-55.847, -15.2988], [-55.8413, -15.2988], [-55.8397, -15.3004], [-55.8348, -15.302], [-55.83, -15.3077], [-55.8259, -15.3069], [-55.8243, -15.3077], [-55.8187, -15.3061], [-55.8138, -15.3069], [-55.8098, -15.3109], [-55.8106, -15.3166], [-55.8057, -15.3198], [-55.8001, -15.3206], [-55.7984, -15.3247], [-55.7928, -15.3303], [-55.7896, -15.3311], [-55.7896, -15.3328], [-55.7855, -15.3376], [-55.7871, -15.3417], [-55.7855, -15.3449], [-55.7855, -15.3473], [-55.7879, -15.3505], [-55.7879, -15.3522], [-55.7928, -15.3562], [-55.7928, -15.3578], [-55.796, -15.3619], [-55.7968, -15.3675], [-55.7904, -15.3732], [-55.7887, -15.3732], [-55.792, -15.3756], [-55.792, -15.3797], [-55.7904, -15.3837], [-55.7912, -15.3845], [-55.7912, -15.3918], [-55.7896, -15.3926], [-55.7896, -15.395], [-55.7871, -15.3982], [-55.7887, -15.3999], [-55.7871, -15.4039], [-55.7847, -15.4063], [-55.779, -15.4079], [-55.7758, -15.412], [-55.7734, -15.4128], [-55.7693, -15.4201], [-55.7693, -15.4257], [-55.771, -15.4274], [-55.7734, -15.4338], [-55.7718, -15.4403], [-55.7693, -15.4411], [-55.7645, -15.4451], [-55.7621, -15.4443], [-55.7596, -15.4459], [-55.7588, -15.4451], [-55.7524, -15.454], [-55.7524, -15.4573], [-55.7499, -15.4613], [-55.7507, -15.4637], [-55.7532, -15.4637], [-55.7548, -15.4654], [-55.7548, -15.4678], [-55.7532, -15.4686], [-55.754, -15.4694], [-55.7548, -15.4686], [-55.758, -15.4718], [-55.7572, -15.4726], [-55.7596, -15.4718], [-55.7613, -15.4726], [-55.7637, -15.471], [-55.7661, -15.4726], [-55.7685, -15.4726], [-55.7726, -15.4767], [-55.775, -15.4767], [-55.7758, -15.4791], [-55.7831, -15.4775], [-55.7855, -15.4783], [-55.7879, -15.4759], [-55.792, -15.4767], [-55.7968, -15.4734], [-55.8025, -15.4742], [-55.8065, -15.4726], [-55.8073, -15.4742], [-55.8098, -15.4742], [-55.8114, -15.4726], [-55.8122, -15.4734], [-55.8138, -15.4726], [-55.8146, -15.4734], [-55.8195, -15.4734], [-55.8219, -15.4718], [-55.8267, -15.4718], [-55.8292, -15.4702], [-55.8284, -15.4637], [-55.8308, -15.4613], [-55.8308, -15.4589], [-55.834, -15.4565], [-55.8364, -15.4573], [-55.8373, -15.4565], [-55.8364, -15.4476], [-55.8397, -15.4459], [-55.8437, -15.4484], [-55.847, -15.4451], [-55.8486, -15.4459], [-55.8518, -15.4443], [-55.8486, -15.4403], [-55.8486, -15.4362], [-55.851, -15.4346], [-55.8502, -15.4265], [-55.8526, -15.4233], [-55.8599, -15.4185], [-55.8623, -15.4201], [-55.8672, -15.4193], [-55.8728, -15.4217], [-55.8769, -15.4193], [-55.8793, -15.4193], [-55.8817, -15.4144], [-55.885, -15.412], [-55.8882, -15.4128], [-55.893, -15.4096], [-55.8963, -15.4096], [-55.8995, -15.4071], [-55.9027, -15.4079], [-55.9052, -15.4063], [-55.9092, -15.4071], [-55.91, -15.4063], [-55.9141, -15.4063], [-55.9189, -15.4096], [-55.923, -15.4096], [-55.9238, -15.4104], [-55.9238, -15.4136], [-55.9197, -15.4209], [-55.9213, -15.4225], [-55.9205, -15.4306], [-55.9221, -15.4314], [-55.9221, -15.4346], [-55.9213, -15.4354], [-55.923, -15.4371], [-55.9213, -15.4403], [-55.9254, -15.4468], [-55.9254, -15.45], [-55.923, -15.454], [-55.9238, -15.4573], [-55.9254, -15.4589], [-55.9246, -15.4662], [-55.927, -15.4678], [-55.927, -15.4694], [-55.931, -15.4686], [-55.9318, -15.4694], [-55.931, -15.4751], [-55.9318, -15.4759], [-55.9359, -15.4767], [-55.9391, -15.4734], [-55.9432, -15.4734], [-55.9456, -15.4775], [-55.9432, -15.4799], [-55.9448, -15.4831], [-55.9448, -15.4864], [-55.9424, -15.4888], [-55.9424, -15.492], [-55.9407, -15.4928], [-55.9375, -15.4985], [-55.9391, -15.5025], [-55.9383, -15.505], [-55.9399, -15.5066], [-55.9399, -15.5082], [-55.9424, -15.5098], [-55.9424, -15.5122], [-55.9399, -15.5139], [-55.9399, -15.5155], [-55.9383, -15.5171], [-55.9391, -15.5228], [-55.9375, -15.5252], [-55.9375, -15.5276], [-55.9343, -15.5316], [-55.9343, -15.5333], [-55.9383, -15.5349], [-55.9383, -15.5373], [-55.9391, -15.5373], [-55.9399, -15.5349], [-55.9432, -15.5373], [-55.9472, -15.5381], [-55.9488, -15.5405], [-55.948, -15.5438], [-55.9488, -15.5446], [-55.948, -15.5454], [-55.9488, -15.5478], [-55.9496, -15.547], [-55.9513, -15.5486], [-55.9513, -15.5535], [-55.9504, -15.5543], [-55.9513, -15.5567], [-55.9504, -15.5583], [-55.9521, -15.5624], [-55.9513, -15.5656], [-55.9529, -15.5672], [-55.9513, -15.5688], [-55.9513, -15.5705], [-55.9545, -15.5729], [-55.9529, -15.5753], [-55.9529, -15.5777], [-55.9488, -15.5802], [-55.948, -15.585], [-55.9472, -15.5858], [-55.9464, -15.585], [-55.9472, -15.5874], [-55.9448, -15.5899], [-55.9456, -15.5923], [-55.944, -15.5963], [-55.948, -15.6028], [-55.9472, -15.6044], [-55.948, -15.606], [-55.9504, -15.6076], [-55.9496, -15.6093], [-55.9521, -15.6149], [-55.9553, -15.619], [-55.9545, -15.6206], [-55.9577, -15.6222], [-55.9561, -15.6238], [-55.9577, -15.6262], [-55.9569, -15.6319], [-55.9585, -15.6359], [-55.9577, -15.6367], [-55.961, -15.6376], [-55.9642, -15.6359], [-55.9674, -15.6384], [-55.9682, -15.6416], [-55.9723, -15.6408], [-55.9763, -15.644], [-55.9755, -15.6456], [-55.9787, -15.6465], [-55.9787, -15.6481], [-55.9836, -15.6473], [-55.9884, -15.6489], [-55.9933, -15.6489], [-55.9965, -15.644], [-55.9981, -15.6448], [-55.9981, -15.6465], [-55.9998, -15.6465], [-56.0038, -15.644], [-56.007, -15.6473], [-56.0095, -15.6473], [-56.0119, -15.6456], [-56.0127, -15.6497], [-56.0135, -15.6505], [-56.0151, -15.6497], [-56.0167, -15.6513], [-56.0159, -15.6594], [-56.0127, -15.6675], [-56.0159, -15.6707], [-56.0167, -15.6764], [-56.02, -15.6772], [-56.02, -15.6796], [-56.0216, -15.6812], [-56.0208, -15.6828], [-56.0224, -15.6845], [-56.0224, -15.6901], [-56.0248, -15.6917], [-56.0232, -15.6958], [-56.024, -15.7087], [-56.0232, -15.7095], [-56.0256, -15.7119], [-56.0281, -15.7176], [-56.0313, -15.7168], [-56.0361, -15.7216], [-56.0402, -15.7241], [-56.0402, -15.7257], [-56.0442, -15.7265], [-56.0483, -15.7305], [-56.0507, -15.7378], [-56.0539, -15.7394], [-56.0539, -15.7419], [-56.0572, -15.7443], [-56.0596, -15.7499], [-56.0612, -15.7507], [-56.0596, -15.7524], [-56.0628, -15.7556], [-56.0636, -15.7596], [-56.0652, -15.7613], [-56.0652, -15.7645], [-56.0685, -15.7661], [-56.0693, -15.7685], [-56.0717, -15.7701], [-56.0709, -15.7742], [-56.0741, -15.7774], [-56.0725, -15.7847], [-56.0774, -15.7904], [-56.0758, -15.7944], [-56.0774, -15.7968], [-56.0766, -15.8033], [-56.0709, -15.8057], [-56.0628, -15.8065], [-56.062, -15.8098], [-56.0604, -15.8114], [-56.0588, -15.8114], [-56.0547, -15.8146], [-56.0555, -15.8203], [-56.0547, -15.8211], [-56.0564, -15.8227], [-56.0539, -15.8251], [-56.0515, -15.8227], [-56.0499, -15.8243], [-56.0475, -15.8292], [-56.0458, -15.8308], [-56.0442, -15.8308], [-56.045, -15.834], [-56.0386, -15.8389], [-56.0394, -15.8413], [-56.0361, -15.8429], [-56.0337, -15.8453], [-56.0345, -15.8478], [-56.0378, -15.851], [-56.0378, -15.8542], [-56.0353, -15.8567], [-56.0313, -15.8567], [-56.0313, -15.8583], [-56.0337, -15.8591], [-56.0345, -15.8607], [-56.037, -15.8607], [-56.0386, -15.8631], [-56.0378, -15.8664], [-56.0353, -15.868], [-56.0353, -15.8712], [-56.037, -15.8728], [-56.0378, -15.8761], [-56.0402, -15.8753], [-56.0434, -15.8817], [-56.045, -15.8809], [-56.0458, -15.8817], [-56.0458, -15.8858], [-56.0491, -15.8874], [-56.0475, -15.8938], [-56.0434, -15.8955], [-56.0434, -15.8971], [-56.0402, -15.8995], [-56.0353, -15.8995], [-56.0361, -15.9003], [-56.0353, -15.9035], [-56.0361, -15.9052], [-56.0329, -15.9084], [-56.0305, -15.906], [-56.0305, -15.9035], [-56.0281, -15.9027], [-56.0256, -15.9068], [-56.024, -15.9076], [-56.0248, -15.9084], [-56.0232, -15.91], [-56.0216, -15.91], [-56.0184, -15.9124], [-56.0143, -15.9124], [-56.0135, -15.9141], [-56.0078, -15.9165], [-56.0062, -15.9189], [-56.0038, -15.9189], [-55.9973, -15.9254], [-55.9909, -15.9205], [-55.9844, -15.9221], [-55.9828, -15.9262], [-55.9852, -15.9278], [-55.9844, -15.9294], [-55.9868, -15.9318], [-55.9852, -15.9335], [-55.9852, -15.9399], [-55.9893, -15.944], [-55.9884, -15.9512], [-55.986, -15.9529], [-55.9868, -15.9553], [-55.9844, -15.9569], [-55.9844, -15.9585], [-55.9828, -15.9601], [-55.9836, -15.9618], [-55.9812, -15.9634], [-55.9787, -15.9601], [-55.9787, -15.9585], [-55.9747, -15.9577], [-55.9723, -15.9585], [-55.9658, -15.965], [-55.9642, -15.9626], [-55.961, -15.9658], [-55.9593, -15.9658], [-55.9561, -15.9618], [-55.9553, -15.9577], [-55.9513, -15.9577], [-55.9504, -15.961], [-55.9456, -15.9666], [-55.9391, -15.9682], [-55.9367, -15.9723], [-55.9343, -15.9731], [-55.9335, -15.9771], [-55.9351, -15.9812], [-55.9351, -15.9844], [-55.9294, -15.986], [-55.9238, -15.9917], [-55.9189, -15.9876], [-55.9197, -15.9868], [-55.9157, -15.986], [-55.9141, -15.9876], [-55.9116, -15.986], [-55.91, -15.9876], [-55.9084, -15.9852], [-55.9084, -15.9836], [-55.9108, -15.9812], [-55.9133, -15.9812], [-55.9149, -15.9787], [-55.9157, -15.9755], [-55.9173, -15.9739], [-55.9165, -15.9723], [-55.9189, -15.9698], [-55.9205, -15.9698], [-55.9189, -15.9618], [-55.9165, -15.9601], [-55.9173, -15.9561], [-55.9149, -15.9553], [-55.91, -15.9504], [-55.9124, -15.9472], [-55.9124, -15.9448], [-55.9108, -15.9432], [-55.9076, -15.9343], [-55.91, -15.9286], [-55.9068, -15.9246], [-55.8995, -15.9205], [-55.9003, -15.9189], [-55.8995, -15.9165], [-55.8979, -15.9149], [-55.8947, -15.9141], [-55.8947, -15.9108], [-55.8922, -15.9108], [-55.8882, -15.9068], [-55.885, -15.9076], [-55.8833, -15.906], [-55.8841, -15.9019], [-55.8833, -15.8995], [-55.8761, -15.9027], [-55.8728, -15.9076], [-55.8736, -15.9108], [-55.8761, -15.9116], [-55.8769, -15.9165], [-55.8744, -15.9173], [-55.872, -15.9197], [-55.8728, -15.9221], [-55.8712, -15.9246], [-55.8688, -15.923], [-55.868, -15.9197], [-55.8664, -15.9197], [-55.8664, -15.9238], [-55.8656, -15.9246], [-55.8672, -15.927], [-55.8639, -15.9302], [-55.8615, -15.9286], [-55.8583, -15.9286], [-55.8567, -15.9302], [-55.8542, -15.9302], [-55.8518, -15.9327], [-55.8494, -15.931], [-55.8462, -15.9335], [-55.8437, -15.9335], [-55.8413, -15.9367], [-55.8389, -15.9343], [-55.8373, -15.9343], [-55.8316, -15.9278], [-55.834, -15.9254], [-55.8324, -15.923], [-55.8332, -15.9205], [-55.83, -15.9189], [-55.8308, -15.9149], [-55.8267, -15.9092], [-55.8219, -15.906], [-55.8219, -15.9044], [-55.8243, -15.9019], [-55.8227, -15.9019], [-55.8203, -15.8995], [-55.8179, -15.8987], [-55.817, -15.8971], [-55.8154, -15.8971], [-55.8114, -15.9003], [-55.809, -15.9003], [-55.8082, -15.8987], [-55.8073, -15.8995], [-55.8065, -15.8987], [-55.8025, -15.8995], [-55.7984, -15.8963], [-55.7993, -15.8938], [-55.7936, -15.8866], [-55.792, -15.8858], [-55.7887, -15.8874], [-55.7839, -15.8833], [-55.7823, -15.8793], [-55.7847, -15.8761], [-55.7823, -15.8736], [-55.7782, -15.8777], [-55.7766, -15.8777], [-55.7742, -15.8809], [-55.771, -15.8785], [-55.7669, -15.8777], [-55.7661, -15.8801], [-55.7645, -15.8809], [-55.7653, -15.8841], [-55.7621, -15.8882], [-55.7588, -15.8866], [-55.7588, -15.8882], [-55.7572, -15.8898], [-55.7556, -15.889], [-55.7532, -15.8914], [-55.7475, -15.8874], [-55.7435, -15.8882], [-55.7419, -15.8858], [-55.737, -15.8833], [-55.7338, -15.8793], [-55.7313, -15.8785], [-55.7289, -15.8825], [-55.7233, -15.8817], [-55.7208, -15.8825], [-55.7192, -15.8801], [-55.7176, -15.8809], [-55.7103, -15.8809], [-55.7079, -15.8833], [-55.7047, -15.8833], [-55.703, -15.885], [-55.7014, -15.8841], [-55.6958, -15.8882], [-55.6909, -15.8882], [-55.6901, -15.889], [-55.6893, -15.8882], [-55.6853, -15.8882], [-55.682, -15.8906], [-55.6812, -15.8938], [-55.6796, -15.8938], [-55.6764, -15.8979], [-55.6739, -15.8987], [-55.6731, -15.8971], [-55.6691, -15.8963], [-55.6634, -15.8963], [-55.6667, -15.9011], [-55.6659, -15.9108], [-55.6691, -15.9141], [-55.6691, -15.9173], [-55.6739, -15.9213], [-55.6748, -15.9254], [-55.6796, -15.9294], [-55.6788, -15.9327], [-55.6812, -15.9351], [-55.682, -15.9375], [-55.6845, -15.9399], [-55.6901, -15.9415], [-55.6942, -15.9448], [-55.6966, -15.9448], [-55.6998, -15.9464], [-55.7006, -15.9456], [-55.7039, -15.9464], [-55.7071, -15.9456], [-55.7095, -15.9496], [-55.716, -15.9561], [-55.7128, -15.9601], [-55.7128, -15.9626], [-55.7111, -15.9634], [-55.7119, -15.9658], [-55.7152, -15.9682], [-55.7192, -15.9747], [-55.7305, -15.9868], [-55.7394, -15.999], [-55.7475, -16.0119], [-55.7516, -16.0208], [-55.7596, -16.0281], [-55.7653, -16.0361], [-55.7726, -16.0434], [-55.7758, -16.0491], [-55.7863, -16.0612], [-55.7936, -16.0725], [-55.7952, -16.079], [-55.7993, -16.0782], [-55.8033, -16.0758], [-55.8073, -16.0782], [-55.8122, -16.0838], [-55.8146, -16.0846], [-55.817, -16.0871], [-55.8219, -16.0879], [-55.8243, -16.0911], [-55.83, -16.0952], [-55.8324, -16.0984], [-55.834, -16.0984], [-55.8389, -16.1041], [-55.8405, -16.1041], [-55.8478, -16.1113], [-55.8478, -16.1129], [-55.8445, -16.1162], [-55.8462, -16.1194], [-55.8502, -16.1218], [-55.8526, -16.1251], [-55.8607, -16.1315], [-55.868, -16.1412], [-55.8866, -16.1243], [-55.8882, -16.1235], [-55.8914, -16.1259], [-55.8947, -16.1267], [-55.8979, -16.1251], [-55.8995, -16.121], [-55.8987, -16.1178], [-55.9003, -16.1154], [-55.9044, -16.1154], [-55.9076, -16.1194], [-55.9068, -16.1226], [-55.9019, -16.1291], [-55.9036, -16.1315], [-55.906, -16.1324], [-55.9157, -16.1251], [-55.9189, -16.1259], [-55.9189, -16.1307], [-55.9238, -16.1348], [-55.9294, -16.1348], [-55.9351, -16.1307], [-55.9375, -16.1307], [-55.9383, -16.134], [-55.9335, -16.1396], [-55.9302, -16.1412], [-55.9246, -16.1404], [-55.9238, -16.1421], [-55.9286, -16.1469], [-55.9351, -16.1501], [-55.9375, -16.1526], [-55.9383, -16.159], [-55.944, -16.1647], [-55.9521, -16.1679], [-55.9537, -16.1695], [-55.9553, -16.1792], [-55.9569, -16.1784], [-55.9569, -16.1744], [-55.9585, -16.1728], [-55.965, -16.172], [-55.9666, -16.1728], [-55.965, -16.1712], [-55.961, -16.172], [-55.9601, -16.1712], [-55.9593, -16.172], [-55.9577, -16.1695], [-55.9545, -16.1695], [-55.9537, -16.1671], [-55.9545, -16.1647], [-55.9496, -16.1655], [-55.9472, -16.1631], [-55.948, -16.1582], [-55.9456, -16.1566], [-55.944, -16.1534], [-55.944, -16.1469], [-55.9424, -16.1469], [-55.9407, -16.1453], [-55.9407, -16.1421], [-55.9432, -16.1364], [-55.9424, -16.1259], [-55.9456, -16.1251], [-55.944, -16.1202], [-55.948, -16.1138], [-55.9537, -16.1081], [-55.9561, -16.1073], [-55.9577, -16.1081], [-55.9593, -16.1065], [-55.9593, -16.1032], [-55.9529, -16.096], [-55.9545, -16.0935], [-55.9513, -16.0903], [-55.9513, -16.0879], [-55.9521, -16.0871], [-55.9585, -16.0871], [-55.9601, -16.0822], [-55.9585, -16.0814], [-55.9585, -16.0798], [-55.961, -16.0774], [-55.9634, -16.0774], [-55.9642, -16.0741], [-55.9674, -16.0749], [-55.969, -16.0685], [-55.9707, -16.0669], [-55.9739, -16.0669], [-55.9739, -16.0628], [-55.9755, -16.0612], [-55.9893, -16.0588], [-55.9868, -16.0555], [-55.9868, -16.0539], [-55.9893, -16.0499], [-55.9957, -16.0491], [-56.0078, -16.0515], [-56.007, -16.0467], [-56.0087, -16.0442], [-56.0143, -16.0402], [-56.0159, -16.041], [-56.0175, -16.0402], [-56.0184, -16.0361], [-56.0232, -16.0313], [-56.0248, -16.0329], [-56.0264, -16.0329], [-56.0297, -16.0313], [-56.0329, -16.0313], [-56.0345, -16.0289], [-56.037, -16.0281], [-56.0361, -16.024], [-56.0378, -16.0224], [-56.0394, -16.0224], [-56.0394, -16.0208], [-56.0434, -16.0175], [-56.0467, -16.02], [-56.0483, -16.02], [-56.0467, -16.0184], [-56.0467, -16.0135], [-56.0491, -16.0127], [-56.0499, -16.0095], [-56.0475, -16.007], [-56.0507, -16.0022], [-56.0499, -15.9998], [-56.0523, -15.9965], [-56.0572, -15.9973], [-56.0604, -15.9933], [-56.0644, -15.9933], [-56.0652, -15.9941], [-56.0709, -15.9892], [-56.0717, -15.9917], [-56.0741, -15.9941], [-56.0741, -15.9957], [-56.0701, -15.9981], [-56.0693, -16.003], [-56.0652, -16.0062], [-56.0661, -16.0095], [-56.0652, -16.0103], [-56.0669, -16.0103], [-56.0693, -16.0143], [-56.0717, -16.0151], [-56.0741, -16.0119], [-56.0766, -16.0127], [-56.0774, -16.0103], [-56.0798, -16.0111], [-56.0822, -16.0087], [-56.0814, -16.0078], [-56.0822, -16.0046], [-56.0814, -16.0022], [-56.083, -16.0006], [-56.0847, -16.0022], [-56.0863, -16.0014], [-56.0863, -15.999], [-56.0838, -15.9949], [-56.0822, -15.9876], [-56.0855, -15.9852], [-56.0879, -15.986], [-56.0911, -15.9844], [-56.0927, -15.9804], [-56.0919, -15.9763], [-56.0952, -15.9723], [-56.096, -15.9682], [-56.0968, -15.9674], [-56.0976, -15.9682], [-56.1057, -15.9682], [-56.1065, -15.9666], [-56.1113, -15.9658], [-56.1146, -15.9626], [-56.1154, -15.9561], [-56.117, -15.9537], [-56.1186, -15.9537], [-56.1218, -15.9569], [-56.1227, -15.9545], [-56.121, -15.9521], [-56.121, -15.9488], [-56.1243, -15.9472], [-56.1251, -15.948], [-56.1299, -15.948], [-56.1332, -15.9448], [-56.1356, -15.944], [-56.1348, -15.9424], [-56.1396, -15.9399], [-56.1412, -15.9367], [-56.1429, -15.9367], [-56.1461, -15.9424], [-56.1509, -15.9456], [-56.1509, -15.948], [-56.1526, -15.9496], [-56.1534, -15.9537], [-56.1566, -15.9561], [-56.159, -15.9561], [-56.1631, -15.9601], [-56.1655, -15.9577], [-56.1679, -15.9585], [-56.172, -15.9618], [-56.176, -15.9593], [-56.1784, -15.9601], [-56.1792, -15.9593], [-56.1833, -15.9642], [-56.1849, -15.9642], [-56.1922, -15.9569], [-56.1922, -15.9553], [-56.1946, -15.9529], [-56.1962, -15.9537], [-56.1978, -15.9521], [-56.2011, -15.9529], [-56.2043, -15.9569], [-56.2092, -15.9585], [-56.2132, -15.9626], [-56.2148, -15.9601], [-56.2181, -15.9601], [-56.2197, -15.9618], [-56.2189, -15.9634], [-56.2197, -15.9642], [-56.2221, -15.9642], [-56.2237, -15.9585], [-56.2269, -15.9553], [-56.2261, -15.9537], [-56.2269, -15.9529], [-56.2342, -15.9521], [-56.2407, -15.9553], [-56.2415, -15.9569], [-56.248, -15.9504], [-56.2528, -15.9512], [-56.2536, -15.9496], [-56.2552, -15.9496], [-56.2552, -15.9464], [-56.2577, -15.944], [-56.2601, -15.9432], [-56.2617, -15.9448], [-56.2633, -15.9448], [-56.2649, -15.9432], [-56.2641, -15.9407], [-56.2658, -15.9383], [-56.2641, -15.9343], [-56.2649, -15.931], [-56.2641, -15.9286], [-56.2714, -15.9221], [-56.2722, -15.9189], [-56.2738, -15.9189], [-56.2722, -15.9173], [-56.273, -15.9141], [-56.2722, -15.9133], [-56.2779, -15.91], [-56.2795, -15.9044], [-56.2827, -15.9035], [-56.2852, -15.9044], [-56.286, -15.9035], [-56.2868, -15.8971], [-56.2884, -15.8955], [-56.2892, -15.8922], [-56.2916, -15.8922], [-56.2932, -15.8938], [-56.2949, -15.8938], [-56.2981, -15.8906], [-56.3005, -15.893], [-56.3038, -15.893], [-56.3054, -15.8947], [-56.3094, -15.8947], [-56.3094, -15.893], [-56.3135, -15.8882], [-56.3167, -15.889], [-56.3183, -15.8874], [-56.3199, -15.8833], [-56.3264, -15.8817], [-56.3288, -15.8825], [-56.3296, -15.8801], [-56.3337, -15.8801], [-56.3329, -15.8769], [-56.3345, -15.8736], [-56.332, -15.8704], [-56.332, -15.8688], [-56.3272, -15.8656], [-56.3288, -15.8599], [-56.3312, -15.8591], [-56.3337, -15.8558], [-56.3361, -15.8558], [-56.3353, -15.855], [-56.3361, -15.8534], [-56.3385, -15.8526], [-56.3393, -15.851], [-56.3377, -15.8429], [-56.3385, -15.8421], [-56.3369, -15.8381], [-56.3369, -15.8332], [-56.3353, -15.8332], [-56.3329, -15.8308], [-56.3377, -15.8259], [-56.3385, -15.8235], [-56.3418, -15.8227], [-56.345, -15.8243], [-56.3434, -15.8162], [-56.3458, -15.8138], [-56.345, -15.8122], [-56.3458, -15.8114], [-56.3458, -15.8065], [-56.3506, -15.8009], [-56.3515, -15.7976], [-56.3539, -15.7976], [-56.3555, -15.7993], [-56.3571, -15.7976], [-56.3587, -15.7984], [-56.3603, -15.7968], [-56.3595, -15.7936], [-56.3612, -15.792], [-56.3628, -15.792], [-56.3644, -15.7887], [-56.3676, -15.7879], [-56.3692, -15.7863], [-56.3733, -15.7863], [-56.3854, -15.7742], [-56.3862, -15.7701], [-56.3886, -15.7701], [-56.3903, -15.7677], [-56.3975, -15.7629], [-56.3983, -15.7613], [-56.3975, -15.7604], [-56.4024, -15.754], [-56.4064, -15.754], [-56.4056, -15.7532], [-56.4072, -15.7491], [-56.4048, -15.7443], [-56.4064, -15.7427], [-56.4064, -15.7402], [-56.4121, -15.7386], [-56.4145, -15.7354], [-56.4177, -15.7338], [-56.4218, -15.7265], [-56.4234, -15.7273], [-56.4242, -15.7249], [-56.4266, -15.7257], [-56.4283, -15.7249], [-56.4266, -15.7224], [-56.4274, -15.72], [-56.4266, -15.7192], [-56.4299, -15.7168], [-56.4307, -15.7144], [-56.4299, -15.7047], [-56.4347, -15.6958], [-56.4412, -15.695], [-56.4428, -15.6966], [-56.4452, -15.6966], [-56.4485, -15.695], [-56.4493, -15.6966], [-56.4598, -15.6982], [-56.4679, -15.7055], [-56.4784, -15.7087], [-56.4873, -15.7127], [-56.5827, -15.7467], [-56.5851, -15.7483], [-56.5916, -15.7499], [-56.594, -15.7516], [-56.6005, -15.7532], [-56.6029, -15.7548], [-56.6094, -15.7564], [-56.6118, -15.758], [-56.6183, -15.7596], [-56.6207, -15.7613], [-56.6271, -15.7629], [-56.6296, -15.7645], [-56.636, -15.7661], [-56.6385, -15.7677], [-56.6449, -15.7693], [-56.6474, -15.771], [-56.6538, -15.7726], [-56.6563, -15.7742], [-56.6627, -15.7758], [-56.6651, -15.7774], [-56.6716, -15.779], [-56.674, -15.7807], [-56.6805, -15.7823], [-56.6829, -15.7839], [-56.6894, -15.7855], [-56.7209, -15.7976], [-56.7242, -15.7968], [-56.7234, -15.7952], [-56.725, -15.7936], [-56.7201, -15.7879], [-56.7201, -15.7839], [-56.7153, -15.779], [-56.7161, -15.7734], [-56.7137, -15.7726], [-56.7104, -15.7693], [-56.704, -15.7685], [-56.7031, -15.7669], [-56.704, -15.7645], [-56.7023, -15.7629], [-56.6967, -15.7629], [-56.6918, -15.7588], [-56.6878, -15.7532], [-56.6886, -15.7507], [-56.6918, -15.7475], [-56.6902, -15.7459], [-56.6902, -15.7443], [-56.6845, -15.7394], [-56.6845, -15.7362], [-56.6813, -15.7322], [-56.6821, -15.7305], [-56.6797, -15.7241], [-56.6765, -15.7208], [-56.6724, -15.7216], [-56.6684, -15.7152], [-56.6627, -15.7095], [-56.6635, -15.7071], [-56.6676, -15.7039], [-56.6676, -15.7006], [-56.6627, -15.6974], [-56.6635, -15.6958], [-56.6611, -15.6925], [-56.6651, -15.6901], [-56.6635, -15.6845], [-56.6668, -15.682], [-56.6635, -15.678], [-56.6643, -15.6739], [-56.6676, -15.6731], [-56.6684, -15.6739], [-56.6724, -15.6739], [-56.6716, -15.6699], [-56.6724, -15.6667], [-56.67, -15.6634], [-56.67, -15.6578], [-56.6724, -15.6562], [-56.6724, -15.6489], [-56.6684, -15.6448], [-56.6684, -15.6432], [-56.6651, -15.6408], [-56.6627, -15.6351], [-56.6603, -15.6351], [-56.6587, -15.6327], [-56.6546, -15.6335], [-56.6498, -15.6254], [-56.6546, -15.6214], [-56.653, -15.6165], [-56.6538, -15.6141], [-56.6514, -15.6117], [-56.6514, -15.6093], [-56.6498, -15.606], [-56.6498, -15.6044], [-56.6514, -15.6028], [-56.6506, -15.5963], [-56.6377, -15.5818], [-56.6377, -15.5802], [-56.6344, -15.5777], [-56.6352, -15.5713], [-56.6377, -15.568], [-56.6368, -15.564], [-56.632, -15.5583], [-56.632, -15.5543], [-56.6296, -15.5551], [-56.6255, -15.5494], [-56.6271, -15.547], [-56.6271, -15.5446], [-56.6231, -15.5438], [-56.6223, -15.5446], [-56.615, -15.5357], [-56.615, -15.5341], [-56.6102, -15.5292], [-56.6094, -15.5228], [-56.6037, -15.5171], [-56.6045, -15.5106], [-56.6029, -15.5082], [-56.5988, -15.5082], [-56.5956, -15.5098], [-56.5891, -15.5074], [-56.5851, -15.5042], [-56.5819, -15.4969], [-56.5786, -15.4953], [-56.5754, -15.4912], [-56.5722, -15.4904], [-56.5706, -15.4872], [-56.5714, -15.4856], [-56.5697, -15.4831], [-56.5665, -15.4815], [-56.5608, -15.4815], [-56.5649, -15.4864], [-56.5649, -15.492], [-56.5625, -15.4945], [-56.56, -15.4945], [-56.5592, -15.4993], [-56.5552, -15.5025], [-56.556, -15.5058], [-56.5592, -15.5106], [-56.5584, -15.5147], [-56.5592, -15.5163], [-56.5576, -15.5187], [-56.5495, -15.5228], [-56.5471, -15.5252], [-56.5447, -15.526], [-56.5358, -15.5163], [-56.5293, -15.5187], [-56.5269, -15.5163], [-56.5204, -15.5171], [-56.5156, -15.5122], [-56.5107, -15.5131], [-56.5091, -15.5114], [-56.5059, -15.5122], [-56.5026, -15.5114], [-56.4986, -15.5058], [-56.4986, -15.5042], [-56.4954, -15.5017], [-56.4946, -15.4969], [-56.4913, -15.4969], [-56.4897, -15.4936], [-56.4832, -15.4888], [-56.4792, -15.4823], [-56.4687, -15.4718], [-56.4663, -15.4678], [-56.4663, -15.4645], [-56.4646, -15.4629], [-56.4646, -15.4573], [-56.4574, -15.4532], [-56.4557, -15.4516], [-56.4566, -15.45], [-56.4533, -15.4492], [-56.4525, -15.4468], [-56.4509, -15.4459], [-56.4485, -15.4476], [-56.442, -15.4451], [-56.4372, -15.4395], [-56.4339, -15.4403], [-56.4331, -15.4387], [-56.4274, -15.4346], [-56.4161, -15.4395], [-56.4129, -15.4371], [-56.4137, -15.4362], [-56.4121, -15.4338], [-56.4048, -15.4354], [-56.4008, -15.4346], [-56.3992, -15.433], [-56.3992, -15.429], [-56.3975, -15.4274], [-56.3975, -15.4233], [-56.3943, -15.4217], [-56.3903, -15.4168], [-56.3838, -15.412], [-56.3797, -15.412], [-56.3781, -15.4104], [-56.3709, -15.4152], [-56.3676, -15.4144], [-56.3668, -15.4152], [-56.3603, -15.4152], [-56.3547, -15.4128], [-56.3652, -15.4071], [-56.3749, -15.4039], [-56.3911, -15.3918], [-56.3927, -15.3877], [-56.3975, -15.3829], [-56.3983, -15.3805], [-56.4097, -15.3643], [-56.421, -15.3352], [-56.4315, -15.3182], [-56.4331, -15.3117], [-56.4323, -15.3069], [-56.4234, -15.3045], [-56.4218, -15.2996], [-56.4202, -15.298], [-56.4161, -15.2988], [-56.4072, -15.2875], [-56.4072, -15.2843], [-56.4097, -15.281], [-56.4089, -15.2794], [-56.4024, -15.2745], [-56.4024, -15.2729], [-56.3983, -15.2729], [-56.3967, -15.2713], [-56.3943, -15.2657], [-56.3903, -15.2632], [-56.3895, -15.26], [-56.3878, -15.26], [-56.3862, -15.2584], [-56.387, -15.2568], [-56.383, -15.2535], [-56.3822, -15.2503], [-56.3862, -15.2446], [-56.3854, -15.2422], [-56.3878, -15.2398], [-56.3878, -15.2374], [-56.3862, -15.2357], [-56.3862, -15.2341], [-56.3822, -15.2301], [-56.383, -15.2285], [-56.3822, -15.2277], [-56.3846, -15.2244], [-56.3846, -15.2204], [-56.3838, -15.2196], [-56.3838, -15.2155], [-56.3814, -15.2139], [-56.3814, -15.2123], [-56.383, -15.2107], [-56.3814, -15.2091], [-56.3822, -15.2074], [-56.3806, -15.205], [-56.3822, -15.2034], [-56.3846, -15.205], [-56.3886, -15.2042], [-56.4016, -15.1977], [-56.4056, -15.1872], [-56.4056, -15.184], [-56.4032, -15.1791], [-56.4032, -15.1743], [-56.4089, -15.1622], [-56.4121, -15.1589], [-56.4169, -15.1573], [-56.4234, -15.1573], [-56.4323, -15.1614], [-56.4347, -15.1614], [-56.442, -15.1565], [-56.4485, -15.15], [-56.4501, -15.1444], [-56.4509, -15.1331], [-56.4533, -15.1298], [-56.463, -15.1242], [-56.4679, -15.1193], [-56.4663, -15.1153], [-56.463, -15.1137], [-56.4541, -15.1129], [-56.4501, -15.1088], [-56.4509, -15.1048], [-56.4533, -15.1023], [-56.4646, -15.0983], [-56.4654, -15.0967], [-56.4654, -15.0886], [-56.4638, -15.0862], [-56.459, -15.0837], [-56.4566, -15.0837], [-56.4469, -15.0878], [-56.4412, -15.0878], [-56.4396, -15.0862], [-56.4396, -15.0829], [-56.4428, -15.0749], [-56.4372, -15.0773], [-56.4355, -15.074], [-56.4323, -15.0716], [-56.4234, -15.0724], [-56.4194, -15.0708], [-56.4161, -15.0708], [-56.4137, -15.0684], [-56.4129, -15.0652], [-56.4097, -15.0635], [-56.4016, -15.0652], [-56.3919, -15.074], [-56.3886, -15.074], [-56.3806, -15.0643], [-56.3781, -15.0595], [-56.3765, -15.053], [-56.3717, -15.0449], [-56.3644, -15.0417], [-56.3612, -15.0441], [-56.3531, -15.0433], [-56.3474, -15.0457], [-56.3401, -15.0457], [-56.3393, -15.0466], [-56.3377, -15.0433], [-56.3337, -15.0409], [-56.3312, -15.0377], [-56.328, -15.0385], [-56.3248, -15.0377], [-56.3207, -15.0393], [-56.3207, -15.0425], [-56.3191, -15.0441], [-56.3175, -15.0441], [-56.3126, -15.0401], [-56.3143, -15.0344], [-56.3135, -15.0336], [-56.3135, -15.0296], [-56.311, -15.0263], [-56.3062, -15.0231], [-56.3046, -15.0231], [-56.3038, -15.0215], [-56.2997, -15.0191], [-56.29, -15.0183], [-56.2835, -15.0134], [-56.2795, -15.0126], [-56.273, -15.0094], [-56.2706, -15.0061], [-56.269, -14.998], [-56.2641, -14.9948], [-56.2601, -14.9948], [-56.2577, -14.9908], [-56.2552, -14.9892], [-56.2472, -14.99], [-56.2431, -14.9867], [-56.2423, -14.9835], [-56.2431, -14.9819], [-56.2415, -14.9795], [-56.2415, -14.977], [-56.2286, -14.9803], [-56.2245, -14.9803], [-56.2035, -14.9851], [-56.1995, -14.9851], [-56.1744, -14.9908], [-56.1704, -14.9908], [-56.1453, -14.9964], [-56.1412, -14.9964], [-56.1162, -15.0021], [-56.1121, -15.0021], [-56.0911, -15.0069], [-56.0871, -15.0069], [-56.062, -15.0126], [-56.058, -15.0126], [-56.0329, -15.0183], [-56.0289, -15.0183], [-56.0038, -15.0239], [-55.9998, -15.0239], [-55.9787, -15.0288], [-55.9747, -15.0288], [-55.9424, -15.0352], [-55.9416, -15.032], [-55.944, -15.0288], [-55.944, -15.0263], [-55.9391, -15.0231], [-55.9391, -15.0215], [-55.9472, -15.0183], [-55.9472, -15.0142], [-55.9464, -15.0134], [-55.948, -15.011], [-55.948, -15.0077], [-55.9496, -15.0061], [-55.9488, -15.0021], [-55.9529, -14.9964], [-55.9553, -14.9956], [-55.9553, -14.9924], [-55.9585, -14.99], [-55.9577, -14.9851], [-55.9601, -14.9835], [-55.961, -14.9811], [-55.9634, -14.9786], [-55.9658, -14.9786], [-55.9682, -14.973], [-55.9707, -14.9714], [-55.9715, -14.9657], [-55.9739, -14.9633], [-55.9787, -14.9609], [-55.9844, -14.9536], [-55.9852, -14.9479], [-55.9925, -14.9406], [-55.9925, -14.9382], [-55.9957, -14.9366], [-55.9949, -14.9342], [-55.9957, -14.9326], [-56.0038, -14.9269], [-56.0022, -14.9253], [-56.0062, -14.922], [-56.0054, -14.9204], [-56.0103, -14.9148], [-56.0095, -14.9107], [-56.0135, -14.9083], [-56.0143, -14.9043], [-56.0127, -14.9018], [-56.0046, -14.9035], [-56.0014, -14.8994], [-56.0006, -14.8938], [-55.9933, -14.8897], [-55.9893, -14.8905], [-55.9876, -14.8897], [-55.9844, -14.8857], [-55.9804, -14.8849], [-55.9707, -14.8743], [-55.9682, -14.8735], [-55.9634, -14.8743], [-55.9545, -14.8792], [-55.9488, -14.88], [-55.9464, -14.8792], [-55.9432, -14.8752], [-55.9391, -14.8727], [-55.9254, -14.8711], [-55.9221, -14.8695], [-55.9173, -14.8695], [-55.9141, -14.8711], [-55.9116, -14.8695], [-55.9108, -14.8655], [-55.9027, -14.859], [-55.8939, -14.8566], [-55.885, -14.8485], [-55.8753, -14.8428], [-55.8728, -14.8428], [-55.8712, -14.8444], [-55.8696, -14.8444], [-55.8615, -14.8388], [-55.8599, -14.8388], [-55.8575, -14.8436], [-55.8494, -14.8493], [-55.8453, -14.8566], [-55.8429, -14.8574], [-55.8381, -14.8549], [-55.8364, -14.8509], [-55.8364, -14.8477], [-55.8348, -14.8469], [-55.834, -14.8477], [-55.834, -14.8574], [-55.83, -14.8606], [-55.8276, -14.859], [-55.8259, -14.8541], [-55.8243, -14.8525], [-55.8211, -14.8525], [-55.8179, -14.8501], [-55.8179, -14.8477], [-55.8162, -14.8444], [-55.813, -14.8436], [-55.8106, -14.8469], [-55.8073, -14.8436], [-55.8049, -14.8436], [-55.8025, -14.8412], [-55.7976, -14.8412], [-55.7952, -14.8388], [-55.7887, -14.8404], [-55.7871, -14.8388], [-55.7847, -14.8388], [-55.7693, -14.8275], [-55.7669, -14.821], [-55.7677, -14.8194], [-55.7653, -14.8178], [-55.7661, -14.8169], [-55.7653, -14.8153], [-55.7637, -14.8153], [-55.7621, -14.8137], [-55.7613, -14.8072], [-55.7637, -14.8024], [-55.7621, -14.8008], [-55.7621, -14.7992], [-55.7661, -14.7951], [-55.7653, -14.7919], [-55.7677, -14.7895], [-55.7677, -14.7878], [-55.754, -14.7822], [-55.7443, -14.7806], [-55.7386, -14.7717], [-55.7346, -14.7709], [-55.7257, -14.7636], [-55.7241, -14.7595], [-55.72, -14.7595], [-55.7168, -14.7531], [-55.7144, -14.7515], [-55.703, -14.7482], [-55.7014, -14.7458], [-55.699, -14.7458], [-55.6974, -14.7442], [-55.6917, -14.7434], [-55.6861, -14.7409], [-55.6828, -14.7409], [-55.6804, -14.7385], [-55.665, -14.7296], [-55.6634, -14.7321], [-55.661, -14.7329], [-55.6594, -14.7312], [-55.6586, -14.728], [-55.6553, -14.728], [-55.6537, -14.7264], [-55.6537, -14.724], [-55.6465, -14.7232], [-55.6424, -14.7215], [-55.6319, -14.7207], [-55.6295, -14.7183], [-55.6311, -14.711], [-55.6303, -14.7094], [-55.6295, -14.7102], [-55.6279, -14.7086], [-55.6262, -14.7086], [-55.6198, -14.7021], [-55.606, -14.6941], [-55.6012, -14.6941], [-55.5971, -14.6908], [-55.5907, -14.69], [-55.5858, -14.686], [-55.5834, -14.6803], [-55.5591, -14.6658], [-55.5543, -14.6641], [-55.5502, -14.6666], [-55.5486, -14.669], [-55.547, -14.669], [-55.5454, -14.6714], [-55.5438, -14.6714], [-55.5397, -14.6682], [-55.5397, -14.6666], [-55.543, -14.6625], [-55.5462, -14.6617], [-55.547, -14.6585], [-55.3974, -14.5687], [-55.395, -14.5696], [-55.395, -14.5768], [-55.4007, -14.5809], [-55.4015, -14.5841], [-55.4047, -14.5873], [-55.4071, -14.5881], [-55.3999, -14.5978], [-55.3918, -14.6027], [-55.391, -14.6059], [-55.3926, -14.61], [-55.3918, -14.6116], [-55.3934, -14.614], [-55.3934, -14.6164], [-55.3983, -14.6229], [-55.4007, -14.6302], [-55.4088, -14.6334], [-55.4104, -14.635], [-55.4144, -14.6334], [-55.4152, -14.6342], [-55.4193, -14.6342], [-55.4209, -14.6358], [-55.4249, -14.6358], [-55.4274, -14.6407], [-55.4338, -14.6455], [-55.433, -14.6464], [-55.433, -14.6504], [-55.4395, -14.6601], [-55.4435, -14.6609], [-55.4508, -14.6666], [-55.4532, -14.6641], [-55.4548, -14.665], [-55.4565, -14.6633], [-55.4581, -14.6641], [-55.4605, -14.6625], [-55.4645, -14.6633], [-55.4662, -14.6666], [-55.467, -14.6658], [-55.4686, -14.669], [-55.4751, -14.6747], [-55.4726, -14.6779], [-55.4751, -14.6771], [-55.4767, -14.6787], [-55.4767, -14.6819], [-55.4742, -14.6844], [-55.4759, -14.6852], [-55.4775, -14.69], [-55.4783, -14.6892], [-55.4791, -14.69], [-55.4783, -14.6957], [-55.4815, -14.7005], [-55.4815, -14.7038], [-55.4831, -14.7054], [-55.4823, -14.7094], [-55.4831, -14.7086], [-55.4856, -14.7094], [-55.4864, -14.7086], [-55.4912, -14.7086], [-55.492, -14.7094], [-55.4912, -14.7127], [-55.4937, -14.7135], [-55.4945, -14.7167], [-55.4937, -14.7199], [-55.4953, -14.7215], [-55.4969, -14.7215], [-55.4985, -14.724], [-55.4961, -14.7264], [-55.4969, -14.7272], [-55.5001, -14.724], [-55.5034, -14.7296], [-55.5042, -14.7361], [-55.5025, -14.7377], [-55.5058, -14.7418], [-55.505, -14.7434], [-55.5058, -14.7442], [-55.509, -14.7434], [-55.5131, -14.745], [-55.5122, -14.7458], [-55.5122, -14.7498], [-55.5155, -14.7507], [-55.5171, -14.7539], [-55.5203, -14.7539], [-55.5228, -14.7571], [-55.5284, -14.7579], [-55.53, -14.7595], [-55.53, -14.7628], [-55.5333, -14.766], [-55.5357, -14.7636], [-55.5405, -14.7636], [-55.5446, -14.766], [-55.5494, -14.766], [-55.5519, -14.7676], [-55.5575, -14.7676], [-55.5648, -14.7717], [-55.5705, -14.7789], [-55.5721, -14.7789], [-55.5745, -14.7765], [-55.5834, -14.7814], [-55.5858, -14.7789], [-55.5874, -14.783], [-55.5899, -14.7838], [-55.5899, -14.7862], [-55.5923, -14.7854], [-55.5931, -14.7838], [-55.5963, -14.783], [-55.6004, -14.7838], [-55.6012, -14.7862], [-55.6004, -14.7878], [-55.6028, -14.7887], [-55.602, -14.7903], [-55.606, -14.7927], [-55.6044, -14.7895], [-55.6076, -14.7878], [-55.6085, -14.7895], [-55.6101, -14.7895], [-55.6109, -14.7887], [-55.6133, -14.7903], [-55.6141, -14.7927], [-55.6173, -14.7935], [-55.6222, -14.7984], [-55.6238, -14.7975], [-55.6254, -14.8008], [-55.6287, -14.7984], [-55.6311, -14.8008], [-55.6335, -14.8016], [-55.6335, -14.8032], [-55.6359, -14.804], [-55.6376, -14.8032], [-55.6384, -14.8064], [-55.6416, -14.8105], [-55.6424, -14.8153], [-55.6416, -14.8178], [-55.6432, -14.8186], [-55.6424, -14.8202], [-55.6465, -14.8202], [-55.6489, -14.8169], [-55.6513, -14.8186], [-55.6505, -14.8234], [-55.6521, -14.8258], [-55.6497, -14.8283], [-55.6448, -14.8307], [-55.6384, -14.8364], [-55.6351, -14.8355], [-55.6343, -14.8364], [-55.6303, -14.8364], [-55.6279, -14.8323], [-55.6262, -14.8323], [-55.6254, -14.8347], [-55.6222, -14.8372], [-55.6141, -14.8388], [-55.6093, -14.8372], [-55.6052, -14.8404], [-55.602, -14.8396], [-55.5955, -14.8428], [-55.5915, -14.8428], [-55.5891, -14.8412], [-55.5794, -14.8412], [-55.5769, -14.8477], [-55.5834, -14.8541], [-55.5874, -14.8606], [-55.5818, -14.8638], [-55.581, -14.8711], [-55.5794, -14.8727], [-55.5761, -14.8727], [-55.5721, -14.8687], [-55.5688, -14.8687], [-55.5672, -14.8711], [-55.5656, -14.8703], [-55.5616, -14.8655], [-55.5567, -14.8622], [-55.5543, -14.8574], [-55.5502, -14.859], [-55.5462, -14.8655], [-55.5422, -14.8582], [-55.5405, -14.8574], [-55.5341, -14.8655], [-55.5341, -14.8687], [-55.5357, -14.8719], [-55.5381, -14.8735], [-55.5349, -14.8768], [-55.5276, -14.8784], [-55.5244, -14.8735], [-55.5211, -14.8743], [-55.5179, -14.8727], [-55.5122, -14.8727], [-55.5009, -14.8776], [-55.4977, -14.876], [-55.4953, -14.876], [-55.492, -14.8792], [-55.4896, -14.876], [-55.4856, -14.8743], [-55.4799, -14.8695], [-55.4759, -14.8687], [-55.4694, -14.8703], [-55.4613, -14.8695], [-55.4581, -14.8703], [-55.4557, -14.8655], [-55.4484, -14.863], [-55.4427, -14.859], [-55.4354, -14.8566], [-55.4322, -14.8533], [-55.4225, -14.8541], [-55.4209, -14.8525], [-55.4209, -14.8501], [-55.4233, -14.8469], [-55.4217, -14.8452], [-55.4217, -14.8436], [-55.4201, -14.8428], [-55.4177, -14.8444], [-55.4039, -14.8428], [-55.4023, -14.8444], [-55.3999, -14.8444], [-55.3966, -14.8396], [-55.3958, -14.8404], [-55.3918, -14.8404], [-55.3877, -14.8339], [-55.3853, -14.8355], [-55.3853, -14.8372], [-55.3837, -14.8388], [-55.3821, -14.8388], [-55.3788, -14.8364], [-55.3756, -14.8364], [-55.37, -14.8404], [-55.3683, -14.8388], [-55.3683, -14.8364], [-55.37, -14.8347], [-55.3691, -14.8323], [-55.3651, -14.8323], [-55.3627, -14.8307], [-55.3659, -14.8283], [-55.3691, -14.8275], [-55.3691, -14.825], [-55.3594, -14.8226], [-55.357, -14.821], [-55.3538, -14.8218], [-55.3546, -14.8291], [-55.353, -14.8307], [-55.3514, -14.8307], [-55.3473, -14.8266], [-55.3457, -14.8283], [-55.3457, -14.8307], [-55.3441, -14.8339], [-55.34, -14.8355], [-55.3368, -14.8388], [-55.3368, -14.8412], [-55.3392, -14.842], [-55.3417, -14.8452], [-55.3392, -14.8461], [-55.336, -14.8444], [-55.3344, -14.8461], [-55.3328, -14.8461], [-55.3263, -14.8412], [-55.3263, -14.8315], [-55.3206, -14.8283], [-55.3158, -14.8283], [-55.3109, -14.8234], [-55.3126, -14.8218], [-55.3182, -14.8218], [-55.319, -14.8194], [-55.3174, -14.8169], [-55.3182, -14.8137], [-55.3174, -14.8129], [-55.3142, -14.8137], [-55.3093, -14.8105], [-55.3069, -14.8153], [-55.3045, -14.8145], [-55.3028, -14.8113], [-55.2996, -14.8113], [-55.2996, -14.8137], [-55.302, -14.8178], [-55.302, -14.8202], [-55.3004, -14.8218], [-55.2988, -14.8218], [-55.2972, -14.8202], [-55.2964, -14.8161], [-55.2948, -14.8153], [-55.2931, -14.8186], [-55.2899, -14.8186], [-55.2875, -14.8153], [-55.2891, -14.8089], [-55.2883, -14.8072], [-55.2851, -14.8072], [-55.2834, -14.8129], [-55.281, -14.8129], [-55.2786, -14.8113], [-55.2754, -14.8145], [-55.2754, -14.8161], [-55.2778, -14.8178], [-55.2778, -14.8194], [-55.2762, -14.821], [-55.2737, -14.821], [-55.2697, -14.8169], [-55.2657, -14.8178], [-55.2608, -14.8153], [-55.2576, -14.8153], [-55.2543, -14.8169], [-55.2527, -14.8113], [-55.2511, -14.8113], [-55.2487, -14.8145], [-55.2446, -14.8161], [-55.2422, -14.8194], [-55.2406, -14.8186], [-55.239, -14.8202], [-55.2333, -14.8194], [-55.2325, -14.8234], [-55.2309, -14.825], [-55.226, -14.8234], [-55.2188, -14.8299], [-55.2163, -14.8275], [-55.2163, -14.825], [-55.2147, -14.8258], [-55.2147, -14.8275], [-55.2131, -14.8291], [-55.2107, -14.8266], [-55.2099, -14.8242], [-55.2083, -14.8242], [-55.2074, -14.8258], [-55.2026, -14.825], [-55.2002, -14.8266], [-55.1977, -14.8266], [-55.1969, -14.8242], [-55.1986, -14.8202], [-55.1977, -14.821], [-55.1921, -14.821], [-55.1913, -14.8202], [-55.1913, -14.8129], [-55.1929, -14.8097], [-55.1929, -14.8064], [-55.1913, -14.8048], [-55.1897, -14.8056], [-55.1905, -14.8097], [-55.1897, -14.8113], [-55.1848, -14.8137], [-55.184, -14.8113], [-55.1848, -14.8105], [-55.1848, -14.8056], [-55.1824, -14.804], [-55.1824, -14.8016], [-55.1783, -14.7984], [-55.1783, -14.7967], [-55.1751, -14.7967], [-55.1711, -14.7992], [-55.1703, -14.7959], [-55.1646, -14.7911], [-55.1622, -14.7919], [-55.1589, -14.7878], [-55.1525, -14.7878], [-55.1509, -14.7887], [-55.1509, -14.7903], [-55.1573, -14.7919], [-55.1589, -14.7935], [-55.1573, -14.7943], [-55.1573, -14.7959], [-55.1589, -14.7967], [-55.1589, -14.7984], [-55.1565, -14.8], [-55.1565, -14.8024], [-55.1549, -14.804], [-55.1468, -14.8024], [-55.1436, -14.8121], [-55.146, -14.8113], [-55.1468, -14.8129], [-55.1452, -14.8153], [-55.1428, -14.8161], [-55.1444, -14.8202], [-55.146, -14.821], [-55.146, -14.8226], [-55.1476, -14.8242], [-55.1476, -14.8258], [-55.1517, -14.825], [-55.1525, -14.8258], [-55.1476, -14.8331], [-55.15, -14.8347], [-55.15, -14.8372], [-55.1517, -14.838], [-55.1509, -14.8404], [-55.1517, -14.842], [-55.1492, -14.8436], [-55.1468, -14.8428], [-55.1484, -14.8444], [-55.1476, -14.8501], [-55.1492, -14.8509], [-55.1476, -14.8533], [-55.15, -14.8549], [-55.15, -14.8574], [-55.1517, -14.859], [-55.1492, -14.8606], [-55.15, -14.8622], [-55.1476, -14.8638], [-55.1468, -14.8663], [-55.1476, -14.8679], [-55.146, -14.8711], [-55.146, -14.876], [-55.1468, -14.8776], [-55.1476, -14.8768], [-55.15, -14.8784], [-55.1468, -14.8832], [-55.1476, -14.8857], [-55.146, -14.8865], [-55.1452, -14.8857], [-55.1452, -14.8921], [-55.142, -14.8962], [-55.1436, -14.8978], [-55.1436, -14.9002], [-55.1387, -14.9059], [-55.1395, -14.9083], [-55.1371, -14.914], [-55.1331, -14.914], [-55.1339, -14.9156], [-55.1323, -14.9172], [-55.1298, -14.9164], [-55.129, -14.9188], [-55.1274, -14.9196], [-55.1266, -14.9188], [-55.125, -14.922], [-55.1242, -14.9212], [-55.1242, -14.9229], [-55.1226, -14.9245], [-55.1234, -14.9261], [-55.1217, -14.9269], [-55.1217, -14.9285], [-55.1185, -14.9293], [-55.1153, -14.9342], [-55.1161, -14.9398], [-55.1137, -14.9431], [-55.1112, -14.9439], [-55.112, -14.9471], [-55.1104, -14.9479], [-55.1096, -14.9512], [-55.1072, -14.9528], [-55.1056, -14.956], [-55.1064, -14.9576], [-55.1056, -14.96], [-55.1064, -14.9609], [-55.1056, -14.9617], [-55.1088, -14.9649], [-55.108, -14.9665], [-55.1112, -14.9681], [-55.1169, -14.9673], [-55.1209, -14.9698], [-55.1217, -14.9689], [-55.1298, -14.9689], [-55.1323, -14.9722], [-55.1323, -14.9738], [-55.1339, -14.9738], [-55.1379, -14.977], [-55.1403, -14.9803], [-55.1412, -14.9843], [-55.1379, -14.9883], [-55.1363, -14.9883], [-55.129, -14.9932], [-55.1274, -14.9932], [-55.125, -14.9956], [-55.1161, -14.9948], [-55.112, -14.9956], [-55.1088, -15.0005], [-55.0951, -14.9997], [-55.0918, -15.0021], [-55.0862, -14.9989], [-55.0797, -14.9989], [-55.0765, -14.9972], [-55.0724, -14.9972], [-55.0676, -14.9989], [-55.0563, -14.998], [-55.0498, -15.0005], [-55.0482, -15.0021], [-55.0344, -14.9997], [-55.0336, -15.0005], [-55.0263, -15.0005], [-55.0223, -15.0037], [-55.0158, -15.0029], [-55.011, -15.0077], [-55.0037, -15.0102], [-55.0005, -15.0142], [-54.9956, -15.0166], [-54.9932, -15.0199], [-54.9948, -15.0288], [-54.9972, -15.0352], [-54.9972, -15.0466], [-54.9924, -15.0506], [-54.9811, -15.053], [-54.9762, -15.0554], [-54.9544, -15.0482], [-54.9382, -15.0498], [-54.9374, -15.0506], [-54.9301, -15.0506], [-54.9261, -15.049], [-54.9172, -15.0498], [-54.9107, -15.0466], [-54.9043, -15.0466], [-54.8994, -15.0449], [-54.8752, -15.0635], [-54.8792, -15.066], [-54.8768, -15.0676], [-54.8541, -15.0676], [-54.8517, -15.066], [-54.8485, -15.066], [-54.8444, -15.0676]]]]}}, {"type": "Feature", "properties": {"cod": "668", "nivel": 3, "nome": "Bacia do Rio das Mortes", "rio": "Rio das Mortes", "area": 61400, "area_rm": 1380, "lx": -54.9301, "ly": -15.2956}, "geometry": {"type": "MultiPolygon", "coordinates": [[[[-54.6237, -15.3756], [-54.6229, -15.374], [-54.6237, -15.3716], [-54.6189, -15.3691], [-54.6148, -15.3611], [-54.6148, -15.3578], [-54.6132, -15.3546], [-54.614, -15.3522], [-54.6124, -15.3497], [-54.6124, -15.3465], [-54.6092, -15.3473], [-54.6076, -15.3457], [-54.6084, -15.3449], [-54.6043, -15.3433], [-54.6035, -15.3384], [-54.5995, -15.336], [-54.6003, -15.3336], [-54.5987, -15.332], [-54.5946, -15.332], [-54.5938, -15.3336], [-54.5898, -15.3336], [-54.589, -15.3352], [-54.5873, -15.3352], [-54.5865, -15.3368], [-54.5873, -15.3376], [-54.5849, -15.3408], [-54.5833, -15.34], [-54.5801, -15.3441], [-54.576, -15.3449], [-54.5752, -15.3465], [-54.572, -15.3481], [-54.5728, -15.3505], [-54.572, -15.3514], [-54.5663, -15.3514], [-54.5631, -15.3538], [-54.5615, -15.3538], [-54.5599, -15.3562], [-54.5558, -15.357], [-54.5574, -15.3611], [-54.5558, -15.3635], [-54.5558, -15.3667], [-54.5566, -15.3667], [-54.5566, -15.3643], [-54.559, -15.3627], [-54.5655, -15.3643], [-54.5704, -15.3611], [-54.572, -15.3611], [-54.5736, -15.3635], [-54.576, -15.3635], [-54.5776, -15.3651], [-54.5784, -15.3675], [-54.5809, -15.3683], [-54.5833, -15.3651], [-54.5833, -15.3635], [-54.5849, -15.3627], [-54.5857, -15.3635], [-54.5849, -15.3708], [-54.5857, -15.3716], [-54.589, -15.3675], [-54.5906, -15.3675], [-54.5922, -15.3724], [-54.5954, -15.3732], [-54.5946, -15.3708], [-54.5979, -15.3683], [-54.5995, -15.3683], [-54.6035, -15.3708], [-54.6051, -15.3748], [-54.6092, -15.3748], [-54.6108, -15.3732], [-54.6076, -15.3716], [-54.6084, -15.3691], [-54.6173, -15.3756], [-54.6205, -15.3764], [-54.6237, -15.3756]]], [[[-54.7086, -15.2503], [-54.7102, -15.2584], [-54.7062, -15.2624], [-54.707, -15.2673], [-54.7046, -15.2697], [-54.7046, -15.2729], [-54.7021, -15.2737], [-54.703, -15.2745], [-54.6997, -15.2786], [-54.6997, -15.2818], [-54.6989, -15.2826], [-54.6981, -15.2818], [-54.6973, -15.2843], [-54.6989, -15.2851], [-54.6989, -15.2875], [-54.7005, -15.2891], [-54.6997, -15.2907], [-54.7013, -15.2907], [-54.703, -15.2923], [-54.7021, -15.2956], [-54.7046, -15.2972], [-54.7046, -15.3004], [-54.703, -15.3012], [-54.7054, -15.3037], [-54.7054, -15.3061], [-54.7094, -15.3109], [-54.707, -15.3125], [-54.707, -15.3142], [-54.7046, -15.3166], [-54.7054, -15.319], [-54.7021, -15.3222], [-54.6997, -15.3231], [-54.6989, -15.3255], [-54.6924, -15.3295], [-54.6892, -15.3295], [-54.6844, -15.3336], [-54.6819, -15.3336], [-54.6811, -15.3344], [-54.6819, -15.3384], [-54.6811, -15.3425], [-54.6795, -15.3441], [-54.6771, -15.3441], [-54.6722, -15.3497], [-54.6706, -15.3497], [-54.6706, -15.3522], [-54.669, -15.3538], [-54.6666, -15.3546], [-54.665, -15.3538], [-54.6666, -15.3562], [-54.6658, -15.3586], [-54.669, -15.3643], [-54.6674, -15.3659], [-54.6682, -15.3675], [-54.6674, -15.3683], [-54.6625, -15.3691], [-54.6601, -15.3716], [-54.6561, -15.3708], [-54.6536, -15.3748], [-54.648, -15.374], [-54.6439, -15.3772], [-54.6375, -15.3756], [-54.6342, -15.3772], [-54.6318, -15.3764], [-54.631, -15.378], [-54.6261, -15.3772], [-54.627, -15.3788], [-54.6286, -15.3772], [-54.6302, -15.3788], [-54.6294, -15.3805], [-54.6302, -15.3821], [-54.6326, -15.3805], [-54.6367, -15.3845], [-54.6342, -15.3853], [-54.6358, -15.3869], [-54.6415, -15.3853], [-54.6447, -15.3894], [-54.6447, -15.3861], [-54.6464, -15.3845], [-54.6488, -15.3845], [-54.6512, -15.3869], [-54.6504, -15.3885], [-54.652, -15.3894], [-54.652, -15.3877], [-54.6536, -15.3869], [-54.6553, -15.3902], [-54.6577, -15.3894], [-54.6601, -15.3902], [-54.6617, -15.3877], [-54.665, -15.3869], [-54.6666, -15.3885], [-54.665, -15.3902], [-54.6682, -15.3934], [-54.6722, -15.3918], [-54.6738, -15.3894], [-54.6771, -15.3918], [-54.6836, -15.3918], [-54.69, -15.3966], [-54.6884, -15.3991], [-54.6892, -15.3999], [-54.6924, -15.3999], [-54.6941, -15.3974], [-54.6965, -15.3966], [-54.6997, -15.3974], [-54.7013, -15.4007], [-54.703, -15.3999], [-54.703, -15.3982], [-54.7013, -15.3974], [-54.7021, -15.3958], [-54.7046, -15.3958], [-54.7054, -15.3966], [-54.7046, -15.3974], [-54.7054, -15.3974], [-54.7062, -15.3934], [-54.7118, -15.3942], [-54.711, -15.3934], [-54.7135, -15.391], [-54.7159, -15.391], [-54.7183, -15.3942], [-54.7175, -15.3966], [-54.724, -15.4007], [-54.7256, -15.4007], [-54.7296, -15.4055], [-54.7329, -15.4071], [-54.7401, -15.3999], [-54.7458, -15.4007], [-54.7498, -15.4047], [-54.7507, -15.4047], [-54.7515, -15.4015], [-54.7539, -15.4023], [-54.7579, -15.4007], [-54.7636, -15.4007], [-54.766, -15.4031], [-54.7668, -15.4015], [-54.7676, -15.4023], [-54.7692, -15.4007], [-54.7709, -15.4007], [-54.7749, -15.4039], [-54.7798, -15.4023], [-54.7814, -15.4039], [-54.7838, -15.4039], [-54.7846, -15.4063], [-54.787, -15.4047], [-54.7887, -15.4063], [-54.7887, -15.4096], [-54.787, -15.4104], [-54.7903, -15.4112], [-54.7919, -15.4079], [-54.7943, -15.4079], [-54.7975, -15.412], [-54.8008, -15.4136], [-54.8032, -15.412], [-54.8048, -15.4136], [-54.804, -15.4168], [-54.8089, -15.4193], [-54.8081, -15.4217], [-54.8121, -15.4257], [-54.8121, -15.4274], [-54.8153, -15.4274], [-54.8234, -15.433], [-54.8258, -15.4314], [-54.8283, -15.4322], [-54.8299, -15.4306], [-54.8331, -15.4314], [-54.8355, -15.4282], [-54.838, -15.429], [-54.8404, -15.4282], [-54.8412, -15.429], [-54.8436, -15.4282], [-54.8444, -15.429], [-54.8477, -15.4249], [-54.8501, -15.4241], [-54.8493, -15.4217], [-54.8517, -15.4201], [-54.8509, -15.4193], [-54.8517, -15.4152], [-54.8533, -15.4136], [-54.8525, -15.4096], [-54.8533, -15.4088], [-54.8517, -15.4088], [-54.8501, -15.4071], [-54.8541, -15.4007], [-54.8533, -15.3974], [-54.8566, -15.3958], [-54.859, -15.3958], [-54.8606, -15.3934], [-54.8606, -15.391], [-54.8655, -15.3885], [-54.8663, -15.3861], [-54.863, -15.3829], [-54.8647, -15.3805], [-54.863, -15.3764], [-54.8671, -15.3724], [-54.8703, -15.374], [-54.8727, -15.3716], [-54.8727, -15.3683], [-54.8744, -15.3659], [-54.8752, -15.3619], [-54.8824, -15.3554], [-54.8792, -15.3522], [-54.8824, -15.3514], [-54.8849, -15.353], [-54.8865, -15.3562], [-54.8889, -15.357], [-54.8905, -15.3611], [-54.8921, -15.3619], [-54.8954, -15.3586], [-54.9002, -15.3594], [-54.9026, -15.357], [-54.9051, -15.3594], [-54.9099, -15.3594], [-54.914, -15.3619], [-54.9164, -15.3619], [-54.918, -15.3602], [-54.9221, -15.3611], [-54.9309, -15.3667], [-54.9301, -15.3699], [-54.9309, -15.3716], [-54.9334, -15.3716], [-54.935, -15.3732], [-54.9358, -15.3764], [-54.9382, -15.3772], [-54.9358, -15.3797], [-54.9382, -15.3845], [-54.9415, -15.3869], [-54.9423, -15.3902], [-54.9439, -15.3902], [-54.9455, -15.3918], [-54.9447, -15.395], [-54.9423, -15.3982], [-54.9439, -15.3991], [-54.9463, -15.3982], [-54.952, -15.4023], [-54.9528, -15.4055], [-54.952, -15.4063], [-54.9544, -15.4096], [-54.9544, -15.412], [-54.9528, -15.4136], [-54.9552, -15.416], [-54.9568, -15.4209], [-54.9584, -15.4225], [-54.9584, -15.4257], [-54.9649, -15.4314], [-54.9673, -15.4346], [-54.9673, -15.4371], [-54.9722, -15.4379], [-54.9738, -15.4395], [-54.9746, -15.4379], [-54.9762, -15.4395], [-54.9786, -15.4379], [-54.99, -15.4427], [-54.9989, -15.4395], [-55.0037, -15.4419], [-55.0061, -15.4411], [-55.0078, -15.4419], [-55.0086, -15.4411], [-55.0102, -15.4427], [-55.0126, -15.4427], [-55.015, -15.4459], [-55.0183, -15.4468], [-55.0215, -15.45], [-55.0223, -15.4524], [-55.0215, -15.454], [-55.0255, -15.4597], [-55.028, -15.4605], [-55.0296, -15.4597], [-55.0312, -15.4613], [-55.0352, -15.4605], [-55.0377, -15.4629], [-55.0433, -15.4654], [-55.0458, -15.4645], [-55.0482, -15.467], [-55.0522, -15.4662], [-55.0538, -15.4678], [-55.0563, -15.4678], [-55.0579, -15.4702], [-55.0579, -15.4726], [-55.0595, -15.4742], [-55.0611, -15.4742], [-55.0627, -15.4702], [-55.0611, -15.4678], [-55.0627, -15.4662], [-55.0684, -15.4637], [-55.0724, -15.4629], [-55.0732, -15.4637], [-55.0757, -15.4597], [-55.0821, -15.4565], [-55.0797, -15.4508], [-55.0821, -15.4484], [-55.0821, -15.4443], [-55.0805, -15.4419], [-55.0813, -15.4371], [-55.0789, -15.4354], [-55.0781, -15.4314], [-55.0797, -15.429], [-55.0813, -15.429], [-55.0821, -15.4249], [-55.0805, -15.4225], [-55.0821, -15.4209], [-55.0781, -15.4185], [-55.0797, -15.4152], [-55.0757, -15.4136], [-55.0724, -15.4144], [-55.0716, -15.4136], [-55.07, -15.4071], [-55.0676, -15.4088], [-55.0643, -15.4063], [-55.0635, -15.4031], [-55.0643, -15.4023], [-55.0611, -15.3999], [-55.0643, -15.3974], [-55.0587, -15.3942], [-55.0587, -15.3918], [-55.0603, -15.3894], [-55.0643, -15.3877], [-55.0643, -15.3861], [-55.0668, -15.3829], [-55.0668, -15.3813], [-55.0643, -15.3805], [-55.0643, -15.3788], [-55.066, -15.3772], [-55.0668, -15.3732], [-55.0692, -15.3724], [-55.0684, -15.3716], [-55.0692, -15.3675], [-55.07, -15.3667], [-55.0724, -15.3675], [-55.0724, -15.3627], [-55.0749, -15.3602], [-55.0765, -15.3619], [-55.0821, -15.3611], [-55.0878, -15.3667], [-55.087, -15.3691], [-55.0878, -15.3708], [-55.0918, -15.3732], [-55.0926, -15.3772], [-55.0967, -15.3821], [-55.0967, -15.3845], [-55.0991, -15.3853], [-55.0999, -15.3877], [-55.1007, -15.3869], [-55.1032, -15.3894], [-55.1064, -15.3902], [-55.108, -15.3918], [-55.1088, -15.3982], [-55.1161, -15.3982], [-55.1193, -15.4007], [-55.1169, -15.4023], [-55.1185, -15.4063], [-55.1185, -15.4096], [-55.1161, -15.4112], [-55.1161, -15.4144], [-55.1193, -15.4168], [-55.1185, -15.4193], [-55.1217, -15.4225], [-55.1209, -15.4241], [-55.1217, -15.4257], [-55.129, -15.4249], [-55.1298, -15.429], [-55.1315, -15.4298], [-55.1355, -15.429], [-55.1403, -15.4306], [-55.1428, -15.4282], [-55.1444, -15.4282], [-55.146, -15.4298], [-55.1452, -15.4306], [-55.1468, -15.433], [-55.146, -15.4362], [-55.1468, -15.4379], [-55.146, -15.4387], [-55.1484, -15.4411], [-55.1468, -15.4427], [-55.1476, -15.4443], [-55.146, -15.4476], [-55.1484, -15.4556], [-55.1484, -15.4589], [-55.1468, -15.4597], [-55.1476, -15.4629], [-55.1452, -15.4645], [-55.146, -15.4686], [-55.1412, -15.4734], [-55.1428, -15.4767], [-55.1412, -15.4791], [-55.1379, -15.4815], [-55.1363, -15.4807], [-55.1306, -15.4856], [-55.1315, -15.4864], [-55.1315, -15.4904], [-55.1371, -15.4953], [-55.1379, -15.4985], [-55.1371, -15.5001], [-55.146, -15.5074], [-55.146, -15.509], [-55.1484, -15.5114], [-55.1492, -15.5147], [-55.1484, -15.5171], [-55.1525, -15.5244], [-55.1525, -15.526], [-55.1509, -15.5276], [-55.1517, -15.5308], [-55.15, -15.5349], [-55.1525, -15.5341], [-55.1573, -15.5389], [-55.1573, -15.5405], [-55.163, -15.5405], [-55.1646, -15.5446], [-55.1678, -15.5462], [-55.1678, -15.5486], [-55.1719, -15.5511], [-55.1735, -15.5535], [-55.1727, -15.5567], [-55.1775, -15.5616], [-55.1808, -15.5616], [-55.1848, -15.5632], [-55.1864, -15.5656], [-55.1905, -15.564], [-55.1921, -15.5656], [-55.1921, -15.5688], [-55.1937, -15.5705], [-55.1929, -15.5729], [-55.1937, -15.5745], [-55.1921, -15.5761], [-55.1929, -15.5802], [-55.1889, -15.5874], [-55.1897, -15.5882], [-55.1889, -15.5899], [-55.1889, -15.5988], [-55.1897, -15.5996], [-55.1889, -15.6004], [-55.1897, -15.602], [-55.1889, -15.6028], [-55.1889, -15.6076], [-55.1897, -15.6109], [-55.1889, -15.6125], [-55.1905, -15.6149], [-55.1897, -15.6157], [-55.1905, -15.6182], [-55.1897, -15.6214], [-55.1905, -15.6222], [-55.1905, -15.6295], [-55.1889, -15.6311], [-55.1905, -15.6327], [-55.1897, -15.6335], [-55.1905, -15.6367], [-55.188, -15.6384], [-55.1889, -15.644], [-55.1937, -15.6489], [-55.1945, -15.6521], [-55.1977, -15.6545], [-55.1977, -15.6562], [-55.1994, -15.6578], [-55.2018, -15.6578], [-55.205, -15.6626], [-55.2074, -15.6618], [-55.2091, -15.6634], [-55.2099, -15.6699], [-55.2123, -15.6691], [-55.2139, -15.6699], [-55.2147, -15.6731], [-55.2155, -15.6723], [-55.2196, -15.6772], [-55.2244, -15.678], [-55.226, -15.6804], [-55.2285, -15.6796], [-55.2301, -15.6812], [-55.2341, -15.682], [-55.2357, -15.6836], [-55.2357, -15.6853], [-55.2374, -15.6853], [-55.2414, -15.6885], [-55.243, -15.695], [-55.2446, -15.6974], [-55.2503, -15.7006], [-55.2503, -15.7055], [-55.2535, -15.7047], [-55.256, -15.7071], [-55.2584, -15.7071], [-55.26, -15.7095], [-55.2608, -15.7144], [-55.264, -15.7152], [-55.2632, -15.7257], [-55.2649, -15.7257], [-55.2673, -15.7289], [-55.2681, -15.733], [-55.2673, -15.7354], [-55.2689, -15.737], [-55.2689, -15.7402], [-55.2729, -15.7419], [-55.2721, -15.7459], [-55.2737, -15.7451], [-55.2746, -15.7459], [-55.2721, -15.7483], [-55.2729, -15.7516], [-55.2713, -15.7532], [-55.2729, -15.754], [-55.2729, -15.7556], [-55.2673, -15.7629], [-55.2673, -15.7653], [-55.2649, -15.7677], [-55.2649, -15.7693], [-55.2632, -15.771], [-55.2624, -15.7701], [-55.2616, -15.7758], [-55.264, -15.7815], [-55.2624, -15.7863], [-55.2584, -15.7896], [-55.2568, -15.796], [-55.2859, -15.8607], [-55.2899, -15.8647], [-55.2923, -15.8647], [-55.2972, -15.868], [-55.3004, -15.8672], [-55.3028, -15.8631], [-55.3045, -15.8623], [-55.3061, -15.8631], [-55.3069, -15.8615], [-55.3053, -15.8583], [-55.3061, -15.855], [-55.3053, -15.851], [-55.3085, -15.8453], [-55.3109, -15.8445], [-55.3198, -15.8348], [-55.3223, -15.8348], [-55.3255, -15.8332], [-55.3263, -15.8292], [-55.3295, -15.8267], [-55.3295, -15.8227], [-55.3328, -15.8203], [-55.34, -15.8251], [-55.3417, -15.83], [-55.3449, -15.8316], [-55.3449, -15.8332], [-55.3473, -15.8332], [-55.3497, -15.83], [-55.3514, -15.83], [-55.3514, -15.8276], [-55.3546, -15.8243], [-55.3578, -15.8243], [-55.3611, -15.8227], [-55.3635, -15.8195], [-55.3675, -15.8187], [-55.37, -15.8154], [-55.3748, -15.8146], [-55.3772, -15.8187], [-55.3829, -15.8187], [-55.3853, -15.8211], [-55.3894, -15.8187], [-55.3918, -15.8187], [-55.3983, -15.8267], [-55.4023, -15.8219], [-55.4047, -15.8211], [-55.408, -15.8178], [-55.4096, -15.8178], [-55.4112, -15.8146], [-55.4063, -15.8114], [-55.4039, -15.8081], [-55.4039, -15.8065], [-55.4007, -15.8033], [-55.4015, -15.8009], [-55.4007, -15.8001], [-55.4007, -15.796], [-55.3983, -15.792], [-55.3902, -15.7863], [-55.3894, -15.7831], [-55.3845, -15.7807], [-55.378, -15.775], [-55.3756, -15.775], [-55.3716, -15.7718], [-55.37, -15.7718], [-55.3643, -15.7645], [-55.3635, -15.7596], [-55.3603, -15.7564], [-55.3611, -15.7556], [-55.3603, -15.7524], [-55.3611, -15.7491], [-55.3643, -15.7475], [-55.3659, -15.7435], [-55.3683, -15.741], [-55.3667, -15.7394], [-55.37, -15.7305], [-55.3651, -15.7257], [-55.3651, -15.7233], [-55.3619, -15.7208], [-55.3627, -15.7184], [-55.3619, -15.716], [-55.3594, -15.7136], [-55.3603, -15.7103], [-55.357, -15.7071], [-55.357, -15.7047], [-55.3546, -15.7039], [-55.3522, -15.7014], [-55.353, -15.699], [-55.3505, -15.6966], [-55.3497, -15.6942], [-55.3473, -15.6933], [-55.3465, -15.6901], [-55.3449, -15.6885], [-55.3457, -15.682], [-55.3433, -15.6804], [-55.3425, -15.6747], [-55.3473, -15.6707], [-55.3481, -15.6683], [-55.3505, -15.6659], [-55.3514, -15.6634], [-55.3505, -15.6578], [-55.3514, -15.657], [-55.3514, -15.6521], [-55.3465, -15.6513], [-55.3441, -15.6521], [-55.3384, -15.6448], [-55.336, -15.644], [-55.336, -15.6416], [-55.3344, -15.6408], [-55.3328, -15.6416], [-55.3303, -15.64], [-55.3295, -15.6376], [-55.3303, -15.6367], [-55.3287, -15.6351], [-55.3271, -15.6359], [-55.3247, -15.6335], [-55.3206, -15.6327], [-55.3182, -15.6335], [-55.3093, -15.6246], [-55.3004, -15.6222], [-55.2988, -15.6182], [-55.2996, -15.6173], [-55.2972, -15.6133], [-55.2948, -15.6117], [-55.2956, -15.6093], [-55.2923, -15.6036], [-55.2923, -15.5996], [-55.294, -15.5971], [-55.2931, -15.5947], [-55.294, -15.5939], [-55.2923, -15.5923], [-55.2915, -15.5858], [-55.2899, -15.585], [-55.2899, -15.5826], [-55.2915, -15.5802], [-55.2899, -15.5777], [-55.2907, -15.5769], [-55.2899, -15.5737], [-55.2915, -15.5721], [-55.2891, -15.568], [-55.2956, -15.5632], [-55.298, -15.5575], [-55.3012, -15.5567], [-55.302, -15.5575], [-55.3069, -15.5527], [-55.3101, -15.5519], [-55.3117, -15.5502], [-55.3101, -15.5438], [-55.3109, -15.543], [-55.3109, -15.5389], [-55.3126, -15.5365], [-55.3101, -15.5333], [-55.3126, -15.5308], [-55.3061, -15.5244], [-55.3053, -15.5219], [-55.2996, -15.5211], [-55.2948, -15.5163], [-55.2907, -15.5147], [-55.2915, -15.5139], [-55.2875, -15.5074], [-55.2859, -15.5082], [-55.281, -15.5033], [-55.2794, -15.4993], [-55.2754, -15.5001], [-55.2705, -15.4945], [-55.2705, -15.4912], [-55.2689, -15.4872], [-55.2624, -15.4799], [-55.26, -15.4783], [-55.2568, -15.4791], [-55.2527, -15.4783], [-55.2503, -15.4759], [-55.2487, -15.4686], [-55.2454, -15.4645], [-55.2454, -15.4621], [-55.243, -15.4605], [-55.2422, -15.4581], [-55.2382, -15.4573], [-55.239, -15.454], [-55.2374, -15.4492], [-55.2382, -15.4459], [-55.2374, -15.4435], [-55.2382, -15.4403], [-55.2341, -15.4379], [-55.2333, -15.4314], [-55.2317, -15.4306], [-55.2293, -15.4314], [-55.2269, -15.4298], [-55.226, -15.4217], [-55.2244, -15.4201], [-55.2244, -15.4185], [-55.2228, -15.4193], [-55.222, -15.4185], [-55.222, -15.4144], [-55.2204, -15.412], [-55.2212, -15.4104], [-55.2147, -15.4055], [-55.2107, -15.4063], [-55.2099, -15.4055], [-55.2115, -15.4023], [-55.2107, -15.4015], [-55.2107, -15.3966], [-55.2083, -15.3942], [-55.2091, -15.391], [-55.2074, -15.391], [-55.205, -15.3877], [-55.2058, -15.3837], [-55.2042, -15.3797], [-55.2034, -15.3813], [-55.201, -15.3805], [-55.201, -15.3764], [-55.2026, -15.3756], [-55.1977, -15.3748], [-55.1953, -15.3772], [-55.1921, -15.3764], [-55.1897, -15.3732], [-55.1864, -15.3732], [-55.1824, -15.3708], [-55.1792, -15.3708], [-55.1767, -15.3683], [-55.1743, -15.3683], [-55.1727, -15.3667], [-55.1703, -15.3675], [-55.163, -15.3659], [-55.1573, -15.3602], [-55.1573, -15.357], [-55.1565, -15.3578], [-55.1549, -15.3554], [-55.1525, -15.357], [-55.1517, -15.3546], [-55.15, -15.3538], [-55.15, -15.3514], [-55.1492, -15.3505], [-55.1476, -15.3514], [-55.1452, -15.3497], [-55.1444, -15.3473], [-55.1403, -15.3489], [-55.1387, -15.3473], [-55.1363, -15.3505], [-55.1347, -15.3505], [-55.129, -15.3546], [-55.1242, -15.3546], [-55.1226, -15.3522], [-55.1217, -15.353], [-55.1153, -15.353], [-55.1129, -15.3489], [-55.1112, -15.3481], [-55.108, -15.3489], [-55.1056, -15.3457], [-55.0991, -15.3465], [-55.0967, -15.3449], [-55.0943, -15.3457], [-55.0926, -15.3441], [-55.0894, -15.3441], [-55.0878, -15.3425], [-55.0878, -15.3408], [-55.0854, -15.3392], [-55.0829, -15.3392], [-55.0821, -15.3425], [-55.0805, -15.3441], [-55.0789, -15.3441], [-55.0789, -15.3457], [-55.0773, -15.3473], [-55.0749, -15.3465], [-55.0724, -15.3473], [-55.0716, -15.3457], [-55.0676, -15.3433], [-55.0635, -15.3457], [-55.0579, -15.3433], [-55.0522, -15.3433], [-55.0482, -15.3408], [-55.0482, -15.3376], [-55.0449, -15.336], [-55.0433, -15.3336], [-55.0369, -15.3344], [-55.0336, -15.3328], [-55.0304, -15.3295], [-55.0304, -15.3279], [-55.0247, -15.3231], [-55.0272, -15.3206], [-55.0296, -15.3198], [-55.032, -15.3166], [-55.0288, -15.3117], [-55.0231, -15.3125], [-55.0223, -15.3117], [-55.0223, -15.3045], [-55.0231, -15.3037], [-55.0215, -15.3012], [-55.0175, -15.2996], [-55.011, -15.2988], [-55.0037, -15.294], [-55.0005, -15.2907], [-55.0013, -15.2899], [-54.9964, -15.2867], [-54.994, -15.2794], [-54.9972, -15.277], [-54.9964, -15.2754], [-54.9981, -15.2737], [-54.9981, -15.2721], [-54.9964, -15.2713], [-54.9964, -15.2689], [-54.994, -15.2673], [-54.9948, -15.264], [-54.9908, -15.2608], [-54.9924, -15.2568], [-54.9875, -15.2527], [-54.9867, -15.2495], [-54.9851, -15.2479], [-54.9851, -15.2454], [-54.9803, -15.2414], [-54.9803, -15.239], [-54.9786, -15.2374], [-54.9795, -15.2366], [-54.977, -15.2333], [-54.977, -15.2293], [-54.9754, -15.2285], [-54.9746, -15.2236], [-54.977, -15.2204], [-54.9786, -15.2204], [-54.977, -15.2188], [-54.977, -15.2147], [-54.9754, -15.2147], [-54.973, -15.2115], [-54.9706, -15.2107], [-54.9706, -15.2083], [-54.9576, -15.1953], [-54.9584, -15.1937], [-54.9544, -15.1905], [-54.9552, -15.1888], [-54.9544, -15.1864], [-54.952, -15.1848], [-54.9528, -15.1816], [-54.9504, -15.1743], [-54.9447, -15.1719], [-54.9382, -15.1638], [-54.9366, -15.163], [-54.9358, -15.1638], [-54.9285, -15.1565], [-54.9253, -15.1549], [-54.9204, -15.1468], [-54.9204, -15.15], [-54.918, -15.1517], [-54.9124, -15.1606], [-54.9148, -15.1662], [-54.914, -15.1727], [-54.9124, -15.1735], [-54.9115, -15.1727], [-54.9124, -15.1743], [-54.9115, -15.1759], [-54.9075, -15.1783], [-54.9075, -15.18], [-54.9035, -15.1848], [-54.9043, -15.1864], [-54.9002, -15.1905], [-54.8962, -15.1897], [-54.8954, -15.1929], [-54.8873, -15.1986], [-54.8889, -15.201], [-54.8921, -15.2026], [-54.8913, -15.2091], [-54.8921, -15.2099], [-54.8921, -15.2139], [-54.8913, -15.2163], [-54.8938, -15.2188], [-54.8938, -15.2204], [-54.8897, -15.2236], [-54.8905, -15.2244], [-54.8865, -15.2285], [-54.8865, -15.2333], [-54.8824, -15.2414], [-54.8808, -15.2422], [-54.8792, -15.2414], [-54.88, -15.2471], [-54.8768, -15.2503], [-54.8752, -15.2503], [-54.8735, -15.2535], [-54.8695, -15.2568], [-54.8719, -15.26], [-54.8655, -15.2665], [-54.8655, -15.2689], [-54.863, -15.2713], [-54.8558, -15.2721], [-54.8541, -15.2705], [-54.8501, -15.2721], [-54.8493, -15.2818], [-54.8477, -15.2834], [-54.8501, -15.2851], [-54.8485, -15.2875], [-54.8509, -15.2923], [-54.8485, -15.2948], [-54.8477, -15.298], [-54.8404, -15.2988], [-54.842, -15.3012], [-54.8396, -15.3028], [-54.838, -15.3085], [-54.8388, -15.3142], [-54.8412, -15.3134], [-54.8436, -15.315], [-54.842, -15.3182], [-54.8404, -15.319], [-54.8404, -15.3214], [-54.838, -15.3239], [-54.8396, -15.3263], [-54.8396, -15.3287], [-54.8372, -15.3311], [-54.8372, -15.3336], [-54.8347, -15.3352], [-54.8347, -15.3376], [-54.8331, -15.3392], [-54.8315, -15.3392], [-54.8291, -15.3425], [-54.8275, -15.3425], [-54.8283, -15.3449], [-54.8234, -15.3473], [-54.8226, -15.3457], [-54.8202, -15.3465], [-54.8113, -15.3433], [-54.8072, -15.3368], [-54.8048, -15.3376], [-54.8024, -15.336], [-54.7992, -15.336], [-54.7943, -15.3376], [-54.7911, -15.3352], [-54.7887, -15.3311], [-54.7903, -15.3231], [-54.7887, -15.3214], [-54.7895, -15.3206], [-54.7878, -15.3182], [-54.7903, -15.315], [-54.7903, -15.3134], [-54.7887, -15.3117], [-54.7895, -15.3085], [-54.787, -15.3093], [-54.783, -15.3053], [-54.7798, -15.3045], [-54.7773, -15.3012], [-54.7757, -15.302], [-54.7741, -15.2996], [-54.7757, -15.298], [-54.7741, -15.2956], [-54.7765, -15.2923], [-54.7798, -15.2915], [-54.7806, -15.2883], [-54.783, -15.2859], [-54.7806, -15.2826], [-54.7798, -15.277], [-54.7854, -15.2729], [-54.7846, -15.2705], [-54.787, -15.2681], [-54.7862, -15.2648], [-54.7838, -15.2616], [-54.7838, -15.2592], [-54.7862, -15.256], [-54.7862, -15.2543], [-54.7846, -15.2535], [-54.7838, -15.2543], [-54.7822, -15.2527], [-54.7798, -15.2535], [-54.7781, -15.2519], [-54.779, -15.2503], [-54.7749, -15.2495], [-54.7725, -15.2471], [-54.7701, -15.2487], [-54.7668, -15.2454], [-54.7668, -15.2414], [-54.7692, -15.2374], [-54.7668, -15.2341], [-54.7692, -15.2317], [-54.7676, -15.2277], [-54.7628, -15.2268], [-54.7595, -15.2301], [-54.7579, -15.2301], [-54.7563, -15.2325], [-54.7547, -15.2317], [-54.7531, -15.2333], [-54.7523, -15.2325], [-54.7498, -15.2333], [-54.7466, -15.2366], [-54.7434, -15.2357], [-54.7434, -15.2382], [-54.7418, -15.2398], [-54.7442, -15.2438], [-54.7369, -15.2487], [-54.7361, -15.2511], [-54.7321, -15.2471], [-54.7256, -15.2454], [-54.7232, -15.2414], [-54.7215, -15.2438], [-54.7183, -15.2438], [-54.7143, -15.2454], [-54.7127, -15.2487], [-54.7086, -15.2503]]]]}}]}